X,Z,trial,finished
0,0,1,1
0.3095136,1.65102,1,1
1.172553,4.445639,1,1
1.231461,4.550184,1,1
1.231461,4.550184,1,1
1.231461,4.550184,1,1
1.231461,4.550184,1,1
1.231461,4.550184,1,1
3.46881,4.989137,1,1
6.550456,5.465144,1,1
9.519423,5.878511,1,1
12.50349,6.151048,1,1
14.88859,7.918006,1,1
17.16855,10.04782,1,1
19.18786,12.26042,1,1
20.04504,15.22844,1,1
20.36,18.19991,1,1
20.09238,21.30782,1,1
19.98688,23.33833,1,1
19.98688,23.33833,1,1
19.98688,23.33833,1,1
19.98688,23.33833,1,1
19.98688,23.33833,1,1
19.98688,23.33833,1,1
21.52765,24.67534,1,1
24.14513,26.33406,1,1
26.90788,27.7656,1,1
28.85403,30.04173,1,1
30.02051,32.92878,1,1
30.36,35.88319,1,1
30.36189,38.8744,1,1
30.36629,40.43439,1,1
30.36629,40.43439,1,1
30.36629,40.43439,1,1
30.36629,40.43439,1,1
30.36629,40.43439,1,1
31.67688,42.86333,1,1
33.10147,45.50348,1,1
34.25999,48.25426,1,1
34.83422,51.19404,1,1
35.18473,54.29428,1,1
35.43745,57.2762,1,1
35.47726,57.63398,1,1
35.47726,57.63398,1,1
35.47726,57.63398,1,1
35.36998,57.41929,1,1
34.77496,54.4535,1,1
34.89242,51.45732,1,1
32.88122,49.44445,1,1
29.88406,49.49162,1,1
26.88516,50.05516,1,1
24.9994,52.29314,1,1
24.89277,55.26033,1,1
24.5768,57.87145,1,1
24.5768,57.87145,1,1
24.5768,57.87145,1,1
24.5768,57.87145,1,1
24.57397,57.63147,1,1
24.74826,54.73445,1,1
24.77181,51.73457,1,1
25.55765,48.78091,1,1
26.95449,46.12598,1,1
27.99472,43.19609,1,1
28.87785,40.3297,1,1
30.00133,37.69315,1,1
30.35744,34.59521,1,1
28.65372,32.28061,1,1
25.5534,32.51075,1,1
22.82448,31.26685,1,1
22.82448,31.26685,1,1
20.82243,30.87663,1,1
17.76116,30.28303,1,1
14.79549,30.30269,1,1
12.08599,31.84494,1,1
10.2001,34.07743,1,1
10.05783,37.07383,1,1
9.980773,40.0695,1,1
10.00756,40.18647,1,1
10.00756,40.18647,1,1
9.147634,41.52309,1,1
10.12917,44.28153,1,1
11.72733,46.803,1,1
13.80055,48.9704,1,1
14.78109,51.76166,1,1
15.08811,54.86647,1,1
15.36082,57.49167,1,1
15.36082,57.49167,1,1
15.36082,57.49167,1,1
15.36082,57.49167,1,1
12.88241,57.92114,1,1
12.12,57.5327,1,1
12.12,57.5327,1,1
13.075,57.43486,1,1
15.53115,56.99876,1,1
15.53115,56.99876,1,1
15.27879,55.56646,1,1
15.07488,52.455,1,1
13.88013,49.69772,1,1
11.69515,47.64462,1,1
10.75102,44.73991,1,1
10.19855,41.66924,1,1
9.888205,38.68896,1,1
9.833273,35.68947,1,1
9.778341,32.68997,1,1
9.725607,29.81046,1,1
9.725607,29.81046,1,1
9.725607,29.81046,1,1
9.725607,29.81046,1,1
9.725607,29.81046,1,1
9.725607,29.81046,1,1
9.725607,29.81046,1,1
11.8329,28.94068,1,1
14.34641,27.14703,1,1
16.49535,25.05371,1,1
18.55754,22.87897,1,1
19.73834,20.45811,1,1
20.11116,17.36461,1,1
20.01849,14.31061,1,1
19.9375,14.08471,1,1
17.63754,12.78868,1,1
14.81553,11.46419,1,1
11.96589,10.53598,1,1
9.091678,9.676336,1,1
6.28231,8.646631,1,1
3.671049,7.172669,1,1
3.158651,6.860501,1,1
1.740799,5.231303,1,1
0.3350566,2.549713,1,1
0.03602881,1.637473,1,1
-0.06124669,0.3210635,1,1
0.0693062,2.23662,1,1
-1.564524,3.980502,1,1
-1.208107,4.042194,1,1
1.722182,4.685022,1,1
4.384931,5.977894,1,1
6.857665,7.674389,1,1
9.886701,8.363473,1,1
12.84405,8.865,1,1
15.76803,9.941098,1,1
18.43355,11.53069,1,1
19.51135,14.15356,1,1
19.84229,17.18251,1,1
20.35998,20.24234,1,1
20.3923,23.17318,1,1
18.72592,25.7121,1,1
18.62597,25.7785,1,1
18.62597,25.7785,1,1
18.62597,25.7785,1,1
18.62597,25.7785,1,1
18.62597,25.7785,1,1
18.62597,25.7785,1,1
18.62597,25.7785,1,1
17.47517,27.16213,1,1
15.03483,29.10506,1,1
12.6191,30.88379,1,1
10.62628,32.99776,1,1
10.36,35.91973,1,1
10.36675,38.9894,1,1
10.38663,42.07815,1,1
10.67865,42.45353,1,1
10.67865,42.45353,1,1
10.67394,42.57343,1,1
12.50867,44.85122,1,1
13.77814,47.53825,1,1
14.66618,50.52369,1,1
14.97785,53.62809,1,1
15.35352,56.72517,1,1
15.35257,57.20351,1,1
13.62851,57.56051,1,1
12.12,57.73334,1,1
12.78277,57.25692,1,1
14.00466,57.54059,1,1
15.1919,56.92011,1,1
14.72,54.44514,1,1
14.72,51.46964,1,1
13.02871,48.96518,1,1
11.19256,46.61154,1,1
10.05829,43.75201,1,1
9.817876,40.64371,1,1
9.72,37.65408,1,1
9.72,34.53838,1,1
9.419883,31.45411,1,1
11.11619,29.01549,1,1
13.3806,27.05024,1,1
15.79583,25.07512,1,1
18.07001,22.95415,1,1
19.70352,20.67295,1,1
19.93365,17.68937,1,1
19.88751,14.64763,1,1
17.64948,12.68707,1,1
14.98412,11.31526,1,1
12.14434,10.02365,1,1
9.333868,9.026797,1,1
6.440904,8.271336,1,1
3.742223,6.980673,1,1
1.355156,5.175886,1,1
0.2933914,2.32248,1,1
-0.2097447,0.09868726,1,1
0.3436137,2.802045,1,1
0.2581538,5.662658,1,1
-0.09903563,6.076501,1,1
2.90626,6.860085,1,1
5.87218,6.741539,1,1
8.664396,7.698368,1,1
11.26245,9.424629,1,1
14.13989,10.63017,1,1
17.02237,11.8242,1,1
19.37175,13.82271,1,1
20.23955,16.67587,1,1
20.36,19.71815,1,1
19.67647,22.54486,1,1
18.14286,25.1195,1,1
16.1574,27.36767,1,1
13.9614,29.57911,1,1
11.80362,31.48638,1,1
10.22262,33.98095,1,1
9.984364,36.97143,1,1
10.79103,39.70147,1,1
13.01196,40.56228,1,1
13.51371,43.51978,1,1
13.99846,46.48037,1,1
14.50353,49.55923,1,1
14.96182,52.64376,1,1
14.96173,55.64338,1,1
15.26998,57.60394,1,1
15.34873,56.43517,1,1
15.36,53.48781,1,1
15.01507,50.65655,1,1
12.41871,49.66748,1,1
9.445893,49.90709,1,1
6.539103,50.28412,1,1
4.936388,52.62623,1,1
4.720002,55.69099,1,1
5.269286,58.36965,1,1
7.936553,57.87143,1,1
7.93,57.87143,1,1
7.93,57.87143,1,1
7.93,57.87143,1,1
5.780478,58.08212,1,1
4.586703,58.20406,1,1
4.586703,58.20406,1,1
4.586703,58.20406,1,1
4.586703,58.20406,1,1
4.586703,58.20406,1,1
4.586703,58.20406,1,1
4.586703,58.20406,1,1
5.330835,55.42247,1,1
4.93319,52.35221,1,1
4.500032,49.33255,1,1
6.025559,46.75945,1,1
7.833652,44.93196,1,1
9.036948,46.26401,1,1
11.78576,47.42152,1,1
13.93572,49.42894,1,1
14.76328,52.22175,1,1
14.87752,55.33964,1,1
15.00051,58.45668,1,1
15.05409,58.69063,1,1
15.05409,58.69063,1,1
14.20451,58.24361,1,1
12.18676,57.22356,1,1
12.18676,57.22356,1,1
14.19745,57.98206,1,1
14.58192,56.88319,1,1
15.30981,54.02185,1,1
15.22096,51.85406,1,1
13.43799,49.30056,1,1
12.01919,46.66912,1,1
11.29187,43.6352,1,1
10.60048,40.716,1,1
10.08711,37.64473,1,1
10.34815,34.5602,1,1
9.315833,32.01023,1,1
9.495394,29.57545,1,1
11.7153,27.56336,1,1
14.29913,26.06064,1,1
16.85207,24.51533,1,1
18.82502,22.10821,1,1
19.86791,19.58947,1,1
20.28072,16.61801,1,1
18.58929,14.43048,1,1
15.75591,13.12418,1,1
12.92102,11.82133,1,1
9.998936,10.72916,1,1
7.226664,9.298183,1,1
4.568094,7.908226,1,1
2.001398,6.374156,1,1
0.5879506,3.650818,1,1
-0.1047975,0.608821,1,1
0.36,0.3479496,1,1
0.5579261,3.29443,1,1
3.39199,4.398804,1,1
6.335852,4.976456,1,1
9.384646,5.638727,1,1
12.14643,6.742764,1,1
14.50561,8.593929,1,1
16.82129,10.50075,1,1
18.80816,12.74061,1,1
19.75076,15.57732,1,1
20.17378,18.66846,1,1
20.50955,21.75064,1,1
19.17258,24.53558,1,1
17.0941,26.69548,1,1
14.85455,28.86609,1,1
12.55823,30.79661,1,1
10.55098,33.13869,1,1
10.35999,36.03513,1,1
9.961098,39.00285,1,1
11.10892,41.86321,1,1
12.69961,44.54206,1,1
14.32629,47.19136,1,1
15.02828,50.09807,1,1
15.35429,53.20098,1,1
15.35057,56.18837,1,1
13.29356,57.8906,1,1
12.44561,57.22,1,1
12.75126,57.22287,1,1
12.75126,57.22287,1,1
13.78548,58.22012,1,1
14.22328,58.40999,1,1
14.89486,55.74952,1,1
15.35999,52.67585,1,1
13.95232,50.08934,1,1
12.00228,47.81181,1,1
10.4801,45.11302,1,1
9.899117,42.17548,1,1
9.661718,39.18578,1,1
9.729681,36.10698,1,1
9.745802,33.10702,1,1
10.79136,30.37632,1,1
13.19257,28.21714,1,1
15.65211,26.4994,1,1
17.68063,24.1794,1,1
19.10788,21.54363,1,1
19.95527,18.84939,1,1
20.20313,15.74198,1,1
18.98302,13.26738,1,1
16.35878,11.82535,1,1
13.55987,10.75321,1,1
10.57644,9.842839,1,1
7.571401,9.003709,1,1
4.678936,8.207755,1,1
2.094812,6.551201,1,1
0.3881066,4.136913,1,1
-0.1957515,1.087281,1,1
-0.2098789,0.8472226,1,1
-0.365596,3.84067,1,1
-1.360248,6.402488,1,1
0.09137899,7.225205,1,1
3.092229,8.066793,1,1
6.029305,8.677722,1,1
9.13434,8.970378,1,1
12.20113,9.52614,1,1
15.06978,10.39562,1,1
17.75447,11.69617,1,1
19.60888,14.07061,1,1
20.21682,17.0083,1,1
20.36,20.09554,1,1
19.93657,23.03474,1,1
18.17789,25.59375,1,1
15.91465,27.74134,1,1
13.65141,29.88893,1,1
11.47826,31.9571,1,1
10.24997,34.61075,1,1
10.26556,37.61073,1,1
11.45592,40.40345,1,1
13.16243,42.86831,1,1
14.29703,45.76268,1,1
14.92269,48.81422,1,1
15.25294,51.79517,1,1
15.36,54.90057,1,1
14.80313,57.72928,1,1
14.20966,57.64098,1,1
12.12,57.28908,1,1
14.21794,57.69187,1,1
16.12829,58.80341,1,1
15.58817,56.98924,1,1
15.25476,53.98171,1,1
14.68823,51.09546,1,1
13.02118,48.45841,1,1
11.69325,45.64557,1,1
10.67568,42.82343,1,1
9.933452,39.92392,1,1
10.09495,36.80927,1,1
10.27872,33.81543,1,1
11.44583,31.14047,1,1
13.36156,28.67809,1,1
15.59375,26.50028,1,1
17.62109,24.12965,1,1
19.1059,21.54871,1,1
20.02755,18.87414,1,1
19.88745,15.81155,1,1
17.90043,13.71519,1,1
15.32429,12.18283,1,1
12.54509,10.77288,1,1
9.683992,9.870865,1,1
6.704369,8.94552,1,1
3.939044,7.825811,1,1
1.501108,5.890742,1,1
0.1513026,3.277602,1,1
0,0,2,1
0,0,2,1
0,0,2,1
0,0,2,1
0,0,2,1
0,0,2,1
0,0,2,1
0,0,2,1
0.08669376,2.758638,2,1
0.08669376,2.758638,2,1
0.08669376,2.758638,2,1
0.08669376,2.758638,2,1
0.08669376,2.758638,2,1
0.3600309,2.301175,2,1
0.36,1.602471,2,1
-0.2844265,2.583228,2,1
-0.2953552,2.63616,2,1
0.7562829,4.09698,2,1
0.7562829,4.09698,2,1
1.4074,4.404067,2,1
4.370331,5.378325,2,1
7.399377,6.067682,2,1
10.38683,6.2965,2,1
13.48301,6.6813,2,1
12.80189,7.64524,2,1
12.51412,8.294174,2,1
15.41038,9.441761,2,1
17.82632,11.40311,2,1
19.83666,13.68948,2,1
20.36,16.72684,2,1
20.36,19.31662,2,1
20.36,20.38566,2,1
20.43789,21.2189,2,1
20.91164,23.4365,2,1
23.42413,25.15882,2,1
24.47371,25.40054,2,1
25.62227,26.26644,2,1
27.9041,28.37554,2,1
29.27242,31.17521,2,1
29.98461,34.07896,2,1
30.35986,37.05118,2,1
30.36,38.12118,2,1
30.36,38.12118,2,1
30.36,38.12118,2,1
30.27857,37.52674,2,1
29.86456,34.55547,2,1
29.8129,34.19919,2,1
29.54476,32.17994,2,1
29.04742,29.1002,2,1
27.80261,26.26048,2,1
27.82805,24.58932,2,1
27.82805,24.58932,2,1
27.82805,24.58932,2,1
27.82805,24.58932,2,1
27.82805,24.58932,2,1
27.82805,24.58932,2,1
28.01041,25.53184,2,1
28.60307,28.59503,2,1
29.09775,31.55365,2,1
29.75194,34.14548,2,1
29.81793,37.26476,2,1
29.84558,38.58445,2,1
29.84558,38.58445,2,1
29.84558,38.58445,2,1
29.14436,39.97797,2,1
29.14436,39.97797,2,1
29.14436,39.97797,2,1
29.14436,39.97797,2,1
29.14436,39.97797,2,1
30.66648,42.34887,2,1
32.65848,44.57076,2,1
33.91139,47.42125,2,1
34.85473,50.26857,2,1
34.99775,53.36798,2,1
34.91863,54.56535,2,1
34.9978,56.72389,2,1
34.9978,56.72389,2,1
34.9978,56.72389,2,1
35.72403,57.1944,2,1
35.86813,57.33909,2,1
36.38242,57.55956,2,1
36.38242,57.55956,2,1
35.35079,59.16544,2,1
32.92226,60.78996,2,1
32.44779,60.79,2,1
32.44779,60.79,2,1
32.44779,60.79,2,1
32.44779,60.79,2,1
32.50869,60.55785,2,1
33.84932,57.92969,2,1
34.53831,56.99053,2,1
34.82401,54.22736,2,1
34.9177,51.23525,2,1
34.88441,50.39591,2,1
34.88441,50.39591,2,1
34.47601,50.14453,2,1
32.09925,48.34976,2,1
29.02252,48.02742,2,1
26.20737,48.90644,2,1
25.7609,49.30717,2,1
25.33635,50.91273,2,1
25.03158,52.44161,2,1
24.72,55.41471,2,1
24.72,56.12829,2,1
24.71402,57.32796,2,1
24.71402,57.32796,2,1
24.71402,57.32796,2,1
24.08614,58.33435,2,1
24.08614,58.33435,2,1
24.08614,58.33435,2,1
24.08614,58.33435,2,1
24.08614,58.33435,2,1
24.08614,58.33435,2,1
24.90613,56.46643,2,1
25.36,53.56409,2,1
25.56919,50.63186,2,1
27.30465,48.07193,2,1
27.54764,47.8063,2,1
28.74493,45.50243,2,1
29.77758,42.56405,2,1
30.54931,39.67416,2,1
30.36,36.95369,2,1
30.36,33.87875,2,1
30.50226,32.57781,2,1
30.65802,31.63059,2,1
30.65802,31.63059,2,1
30.04837,32.8391,2,1
29.72,34.21575,2,1
29.72,34.21575,2,1
29.72,34.21575,2,1
29.56111,32.69419,2,1
28.21032,29.9951,2,1
25.40308,28.71789,2,1
22.44416,28.23782,2,1
19.48518,27.2952,2,1
16.61527,28.40214,2,1
13.80266,29.44304,2,1
11.11345,30.96184,2,1
9.463031,33.06473,2,1
9.72,35.51273,2,1
9.72,38.53712,2,1
9.471439,39.58437,2,1
9.267226,40.64471,2,1
9.267226,40.64471,2,1
9.267226,40.64471,2,1
9.267226,40.64471,2,1
9.267226,40.64471,2,1
9.267226,40.64471,2,1
9.267226,40.64471,2,1
9.977429,41.60671,2,1
11.04136,43.19574,2,1
12.30554,45.91204,2,1
14.06538,48.4877,2,1
14.53905,51.1108,2,1
14.78183,53.89467,2,1
14.74877,57.0111,2,1
14.75786,58.09063,2,1
14.75786,58.09063,2,1
14.75786,58.09063,2,1
14.75786,58.09063,2,1
14.75786,58.09063,2,1
14.75786,58.09063,2,1
14.75786,58.09063,2,1
14.75786,58.09063,2,1
14.75786,58.09063,2,1
14.75786,58.09063,2,1
14.75786,58.09063,2,1
14.75786,58.09063,2,1
14.75786,58.09063,2,1
14.75786,58.09063,2,1
14.69267,57.49425,2,1
14.72,54.34295,2,1
14.71353,51.35534,2,1
14.63669,50.51887,2,1
14.63669,50.51887,2,1
13.61121,50.183,2,1
10.63605,49.31893,2,1
7.662221,49.70055,2,1
5.290113,50.40622,2,1
5.290113,50.40622,2,1
4.7202,53.22013,2,1
4.780876,56.33374,2,1
4.848665,57.77213,2,1
4.848665,57.77213,2,1
4.848665,57.77213,2,1
3.309392,58.02224,2,1
2.470133,58.04293,2,1
2.470133,58.04293,2,1
2.470133,58.04293,2,1
2.12,57.22,2,1
2.690328,57.99222,2,1
3.6056,59.25528,2,1
3.6056,59.25528,2,1
3.6056,59.25528,2,1
4.075356,57.89406,2,1
4.768963,55.06279,2,1
4.72,52.08978,2,1
4.72,51.6144,2,1
4.72,51.6144,2,1
5.027316,50.08582,2,1
5.901687,47.21929,2,1
6.163346,46.67952,2,1
6.163346,46.67952,2,1
6.163346,46.67952,2,1
6.163346,46.67952,2,1
6.163346,46.67952,2,1
7.56931,45.03975,2,1
9.253711,42.45383,2,1
9.70441,39.48841,2,1
10.18235,36.4052,2,1
10.36,33.43899,2,1
10.47511,32.24503,2,1
10.47511,32.24503,2,1
10.47511,32.24503,2,1
10.47511,32.24503,2,1
12.07548,30.62166,2,1
14.31556,28.62638,2,1
16.51743,26.41713,2,1
18.31677,23.87071,2,1
19.72157,21.24695,2,1
20.04617,18.14451,2,1
20.31731,15.27731,2,1
20.31731,15.27731,2,1
20.31731,15.27731,2,1
20.1845,15.07741,2,1
19.32674,13.63304,2,1
19.13019,12.45437,2,1
19.13019,12.45437,2,1
19.13019,12.45437,2,1
20.64475,11.08779,2,1
20.64475,11.08779,2,1
20.64475,11.08779,2,1
20.64475,11.08779,2,1
18.80637,10.53694,2,1
15.76144,9.85749,2,1
12.70965,9.209016,2,1
9.728185,8.883868,2,1
6.630339,8.525972,2,1
3.757863,7.673646,2,1
1.693511,7.059002,2,1
1.693511,7.059002,2,1
0.8247266,6.656065,2,1
-0.02318494,5.988369,2,1
-0.02318494,5.988369,2,1
-0.764263,3.332703,2,1
-0.2717326,0.8561612,2,1
-0.2688645,-0.2238349,2,1
-0.2585475,1.096125,2,1
-0.2341619,4.216029,2,1
-0.2135279,6.855953,2,1
-0.3560455,9.126088,2,1
-0.3560455,9.126088,2,1
0.1086282,9.005826,2,1
3.145181,8.289207,2,1
6.069415,7.623113,2,1
9.168227,7.788866,2,1
12.21797,8.437895,2,1
15.09184,9.244503,2,1
17.67556,10.76536,2,1
19.55729,13.30082,2,1
20.36,16.25788,2,1
20.36,19.11934,2,1
20.63306,22.18462,2,1
19.16038,24.8092,2,1
17.1665,27.05021,2,1
14.99927,29.10978,2,1
12.3777,31.01194,2,1
10.36839,33.2173,2,1
10.31973,36.1872,2,1
10.07685,39.25928,2,1
8.497624,41.94291,2,1
7.184749,44.64038,2,1
5.829006,47.45033,2,1
4.858653,50.39587,2,1
5.038675,53.3891,2,1
5.219388,56.38362,2,1
5.275855,57.22168,2,1
5.275855,57.22168,2,1
5.275855,57.22168,2,1
4.035991,58.35276,2,1
3.632317,58.61226,2,1
3.396461,58.56789,2,1
2.12,57.48199,2,1
2.12,57.35955,2,1
2.12,57.35955,2,1
2.725718,57.22,2,1
2.749051,57.22036,2,1
2.749012,57.22032,2,1
4.718162,58.67819,2,1
5.075195,59.43632,2,1
5.075195,59.43632,2,1
4.38194,57.13865,2,1
4.72,55.01443,2,1
4.72,51.93201,2,1
4.71294,48.85177,2,1
6.050131,46.04844,2,1
7.324532,43.34128,2,1
8.282813,40.37713,2,1
9.602261,38.84607,2,1
9.772861,38.67726,2,1
9.72,36.76479,2,1
9.72,33.67071,2,1
10.32469,30.79747,2,1
12.27972,28.3879,2,1
14.73032,26.4586,2,1
16.96983,24.46723,2,1
18.6437,22.07144,2,1
20.23483,19.83253,2,1
20.36,16.7781,2,1
20.01874,13.83507,2,1
17.58713,11.92805,2,1
14.66692,10.85429,2,1
11.75372,10.13793,2,1
8.723828,9.393538,2,1
5.824958,8.625085,2,1
2.987314,7.340217,2,1
0.6857819,5.28335,2,1
0.07864233,2.368917,2,1
-0.279998,-0.719851,2,1
-0.03900833,0.58109,2,1
0.5114696,3.652143,2,1
0.9758693,6.61543,2,1
1.158199,8.164676,2,1
1.158199,8.164676,2,1
3.109278,7.569163,2,1
6.109959,6.714572,2,1
9.03178,6.935947,2,1
12.06576,7.390934,2,1
15.02772,8.029575,2,1
17.50546,9.714685,2,1
19.26298,12.27303,2,1
20.46432,15.15083,2,1
20.36,18.01378,2,1
20.4535,20.91795,2,1
20.85116,22.17662,2,1
22.04132,23.49484,2,1
24.52424,25.17749,2,1
27.00749,27.06575,2,1
28.59044,29.66094,2,1
29.59381,32.48542,2,1
30.36008,35.3667,2,1
30.36,38.3252,2,1
30.20833,41.40145,2,1
28.75459,44.16151,2,1
27.11917,46.67258,2,1
25.74771,49.45915,2,1
25.23593,52.39559,2,1
25.36,55.50411,2,1
25.24991,58.4951,2,1
24.80967,58.48936,2,1
24.80967,58.48936,2,1
24.80967,58.48936,2,1
24.80967,58.48936,2,1
24.80967,58.48936,2,1
24.80967,58.48936,2,1
24.75978,58.2546,2,1
24.72,55.42903,2,1
24.72,52.44384,2,1
24.51467,49.33903,2,1
24.50276,49.21962,2,1
24.50276,49.21962,2,1
25.95808,46.87514,2,1
26.27828,46.36773,2,1
26.27828,46.36773,2,1
26.27828,46.36773,2,1
26.63566,46.411,2,1
29.8642,46.67284,2,1
32.66113,47.92561,2,1
35.02174,49.76149,2,1
35.36,52.46829,2,1
35.36,55.35098,2,1
35.73682,58.37649,2,1
35.20405,57.85652,2,1
34.32809,57.12338,2,1
32.11977,58.5117,2,1
32.12,59.80817,2,1
32.12,59.80817,2,1
32.12,59.80817,2,1
32.12,59.80817,2,1
32.12,59.80817,2,1
32.12,59.80817,2,1
32.12,59.80817,2,1
32.12,59.80817,2,1
32.12,59.80817,2,1
32.12,59.80817,2,1
32.12,59.80817,2,1
32.12,59.80817,2,1
32.12,59.80817,2,1
32.12,59.80817,2,1
34.26477,58.09006,2,1
35.36,55.42885,2,1
35.36,52.31946,2,1
35.37104,50.75967,2,1
35.37104,50.75967,2,1
33.98306,50.05346,2,1
30.9544,49.35422,2,1
27.9027,48.71941,2,1
25.53466,50.31154,2,1
24.72,53.12772,2,1
24.72,56.11844,2,1
24.61284,58.39437,2,1
24.61284,58.39437,2,1
24.61284,58.39437,2,1
24.61284,58.39437,2,1
24.61284,58.39437,2,1
24.61284,58.39437,2,1
24.72001,55.87628,2,1
24.72,52.76459,2,1
24.56742,49.77848,2,1
24.71252,48.71041,2,1
26.04365,47.70986,2,1
27.82094,45.2933,2,1
29.14164,42.52566,2,1
29.81771,39.48765,2,1
30.2529,36.53119,2,1
30.17549,33.41227,2,1
30.15731,32.81255,2,1
30.15731,32.81255,2,1
29.42958,32.01455,2,1
26.7511,30.49037,2,1
23.83212,29.39421,2,1
20.74742,29.08874,2,1
17.74759,29.11997,2,1
14.63435,29.24827,2,1
11.89403,30.42763,2,1
9.633486,32.46879,2,1
9.380697,33.02632,2,1
9.72,34.70754,2,1
9.72,37.62149,2,1
9.025578,40.58296,2,1
6.669598,42.60989,2,1
4.731528,45.02073,2,1
3.636778,47.92641,2,1
3.607614,50.50565,2,1
5.103927,52.3532,2,1
4.80241,55.44341,2,1
3.901078,58.3192,2,1
2.12,58.99483,2,1
2.12,58.95036,2,1
2.12,58.95036,2,1
2.12,57.22,2,1
2.12,57.22,2,1
2.187429,57.57364,2,1
2.241138,58.64596,2,1
3.013009,58.07517,2,1
5.323087,56.06458,2,1
5.36,53.12829,2,1
5.556615,50.04376,2,1
7.118013,47.54132,2,1
8.947421,45.18575,2,1
9.840042,42.2152,2,1
10.24586,39.24295,2,1
10.36,36.15855,2,1
10.38729,33.18486,2,1
10.69203,30.09451,2,1
12.71729,27.95384,2,1
15.27304,26.16562,2,1
17.70796,24.22338,2,1
19.39656,21.61724,2,1
19.79777,18.59283,2,1
20.32178,15.64508,2,1
20.81429,12.57927,2,1
19.6815,10.87869,2,1
16.95609,9.362183,2,1
14.08867,8.520983,2,1
11.05086,7.815953,2,1
8.081602,6.859819,2,1
5.082693,5.999073,2,1
2.280651,4.942719,2,1
0.3130606,2.637583,2,1
0.2855261,-0.3382737,2,1
0.3599966,-1.407775,2,1
-0.28,1.191214,2,1
-0.2799999,1.321881,2,1
-0.2799999,1.321881,2,1
0.60353,3.158632,2,1
2.701221,4.926714,2,1
5.648159,4.458194,2,1
8.538044,5.151948,2,1
11.41093,6.355065,2,1
14.03354,7.801117,2,1
16.80935,9.214975,2,1
19.15328,11.26717,2,1
19.95813,14.03491,2,1
19.99576,17.14724,2,1
20.35092,20.12613,2,1
21.16431,22.91183,2,1
23.67679,24.54708,2,1
25.98248,26.45974,2,1
28.19193,28.82619,2,1
29.19836,31.74821,2,1
29.95291,34.5517,2,1
30.10235,37.54635,2,1
29.69025,40.56804,2,1
27.83619,43.07725,2,1
26.48558,45.73682,2,1
25.60975,48.7313,2,1
24.82943,51.62655,2,1
24.72946,54.62176,2,1
24.8107,57.6174,2,1
27.00269,59.59946,2,1
27.93,59.25687,2,1
27.93,59.25687,2,1
27.93,59.25687,2,1
27.93,59.25687,2,1
27.28504,57.97746,2,1
25.34692,56.62012,2,1
25.28268,53.70901,2,1
25.44651,50.64586,2,1
26.40517,47.87349,2,1
27.83621,45.95336,2,1
27.83621,45.95336,2,1
28.35275,45.45594,2,1
28.35275,45.45594,2,1
28.35275,45.45594,2,1
28.35275,45.45594,2,1
29.51494,42.95275,2,1
30.26253,40.05894,2,1
30.36,37.10526,2,1
30.36,34.03112,2,1
29.33977,31.12014,2,1
26.481,30.29321,2,1
23.48905,29.4096,2,1
20.59041,28.67068,2,1
17.4892,28.9797,2,1
14.37376,29.1125,2,1
11.78937,30.52084,2,1
9.671281,32.75628,2,1
9.72,35.46319,2,1
9.72,38.39321,2,1
7.543411,40.55517,2,1
5.254717,42.44668,2,1
3.828019,45.04459,2,1
3.520103,48.14246,2,1
3.250003,50.53175,2,1
4.388195,51.02189,2,1
4.720005,53.85675,2,1
4.693954,56.82692,2,1
3.48656,58.49173,2,1
3.48656,58.49173,2,1
2.12,57.21926,2,1
2.12,57.22,2,1
3.10292,58.10053,2,1
4.419719,60.09901,2,1
4.419719,60.09901,2,1
4.370518,59.38091,2,1
4.731987,56.55981,2,1
4.802311,53.56125,2,1
4.664229,50.45262,2,1
5.488379,47.59747,2,1
7.26374,45.03761,2,1
8.547832,42.35558,2,1
9.615141,39.42803,2,1
10.09387,36.50486,2,1
9.83286,33.39722,2,1
10.97307,30.57821,2,1
13.24677,28.44348,2,1
15.56715,26.54543,2,1
18.01702,24.61609,2,1
19.46109,22.08877,2,1
20.0321,19.07666,2,1
20.36,16.14063,2,1
19.54295,13.32076,2,1
16.88493,11.94283,2,1
14.069,10.59939,2,1
11.25069,9.261071,2,1
8.272489,8.342312,2,1
5.495104,7.261678,2,1
2.90484,5.755682,2,1
0.8909733,3.506375,2,1
-0.1085002,0.6648306,2,1
0.3430513,-1.29353,2,1
0.3430513,-1.29353,2,1
0.3566103,-1.178292,2,1
0.36,1.813634,2,1
1.585747,4.325266,2,1
4.608466,4.922632,2,1
7.597686,5.082915,2,1
10.65821,5.683354,2,1
13.5678,6.390848,2,1
16.21969,8.013939,2,1
18.12441,10.3753,2,1
19.19142,13.17505,2,1
20.30093,15.95658,2,1
20.36,19.04156,2,1
19.73947,21.99215,2,1
17.57226,24.06613,2,1
15.42863,26.16492,2,1
13.20526,28.35368,2,1
11.51213,30.81652,2,1
10.34551,33.48862,2,1
10.36,36.44579,2,1
10.09607,39.52838,2,1
8.393715,42.14044,2,1
6.84741,44.84303,2,1
5.933635,47.69905,2,1
5.1039,50.58197,2,1
4.72,53.65057,2,1
4.72,56.51501,2,1
4.72,56.51501,2,1
4.950132,57.56957,2,1
4.950132,57.56957,2,1
2.885649,58.192,2,1
2.12,58.09393,2,1
2.12,57.7646,2,1
2.957588,57.70096,2,1
5.35274,57.55241,2,1
5.35274,57.55241,2,1
5.35274,57.55241,2,1
4.72,54.70874,2,1
4.72,51.60511,2,1
4.365436,48.3898,2,1
5.502387,45.51534,2,1
7.012556,42.93178,2,1
8.98246,40.72001,2,1
9.770627,38.00829,2,1
9.720001,34.89406,2,1
10.21942,32.02086,2,1
12.27268,29.83489,2,1
14.49916,27.6511,2,1
16.84859,25.42077,2,1
18.85918,23.20022,2,1
19.70284,20.66958,2,1
19.89548,17.56587,2,1
19.82236,14.47403,2,1
17.31705,13.08241,2,1
14.32104,12.2162,2,1
11.35029,11.26281,2,1
8.525233,10.25971,2,1
5.751214,9.117432,2,1
3.450501,7.113417,2,1
1.420402,4.755272,2,1
0.253745,2.055527,2,1
0.002199099,0.719993,3,1
-0.7800821,3.765778,3,1
-3.276791,4.852888,3,1
-6.307775,5.471954,3,1
-8.996566,7.044985,3,1
-11.81186,8.389545,3,1
-14.51221,9.695279,3,1
-17.06362,11.45685,3,1
-19.05674,13.69905,3,1
-19.64,16.63474,3,1
-20.1415,19.56695,3,1
-20.48732,22.51626,3,1
-23.44661,22.68568,3,1
-22.44922,23.36442,3,1
-20.07485,23.6059,3,1
-22.36841,25.42953,3,1
-24.43795,27.60032,3,1
-26.84319,29.58397,3,1
-28.83894,31.95199,3,1
-29.64,34.71703,3,1
-29.73189,37.71209,3,1
-29.89241,39.1431,3,1
-29.89241,39.1431,3,1
-30.56688,40.50543,3,1
-29.77125,43.37309,3,1
-29.44237,46.17004,3,1
-31.74187,48.09555,3,1
-33.88472,50.35386,3,1
-34.87831,53.12378,3,1
-34.86892,56.24364,3,1
-35.23652,57.85582,3,1
-35.23652,57.85582,3,1
-35.23652,57.85582,3,1
-35.28,55.45221,3,1
-35.2313,52.45274,3,1
-33.68925,50.18524,3,1
-30.67333,50.75,3,1
-27.78588,50.19639,3,1
-25.19214,51.36904,3,1
-24.82747,53.5244,3,1
-24.64,56.46294,3,1
-23.13926,58.56372,3,1
-23.13926,58.56372,3,1
-24.24747,57.2333,3,1
-24.64,54.47694,3,1
-24.66071,51.25922,3,1
-25.45703,48.24366,3,1
-26.64109,45.38049,3,1
-28.17818,42.67102,3,1
-28.86226,39.63743,3,1
-29.91346,37.02377,3,1
-29.90277,34.02444,3,1
-28.58691,31.84964,3,1
-25.55421,32.18888,3,1
-22.61407,31.60375,3,1
-19.63727,31.34995,3,1
-16.39798,31.33145,3,1
-13.42814,31.63293,3,1
-10.64245,32.85519,3,1
-10.00585,35.64686,3,1
-10.05377,38.62948,3,1
-8.08647,40.64427,3,1
-10.99432,40.99475,3,1
-10.32346,43.83085,3,1
-11.74952,46.47761,3,1
-13.59657,48.98442,3,1
-14.67045,51.59784,3,1
-14.82497,54.59359,3,1
-15.07063,56.72862,3,1
-15.07063,56.72862,3,1
-15.07063,56.72862,3,1
-13.10606,58.87896,3,1
-12.07,58.50226,3,1
-12.07,57.22,3,1
-12.96956,57.5532,3,1
-15.36167,56.66537,3,1
-14.98084,53.60956,3,1
-14.30841,50.63334,3,1
-12.77385,47.91706,3,1
-11.6347,45.03804,3,1
-11.06408,41.97144,3,1
-10.06879,39.166,3,1
-9.995562,36.16687,3,1
-9.997546,33.05582,3,1
-12.1418,31.00109,3,1
-14.57197,29.04446,3,1
-16.67324,27.08751,3,1
-17.90655,24.224,3,1
-19.22402,21.54195,3,1
-19.86,18.55431,3,1
-19.99687,15.5577,3,1
-19.38543,14.06478,3,1
-18.11632,13.31595,3,1
-16.28322,10.79134,3,1
-14.70627,9.012063,3,1
-15.37239,8.312745,3,1
-12.62127,7.462766,3,1
-9.636809,6.553204,3,1
-6.61044,5.826249,3,1
-3.643565,5.388195,3,1
-1.166931,3.707635,3,1
-0.03697471,1.048005,3,1
0.0187241,0.692344,3,1
-0.05466941,1.408588,3,1
-0.693289,4.217695,3,1
-3.527422,5.50482,3,1
-6.3386,6.551587,3,1
-9.268588,7.623771,3,1
-12.09621,8.926599,3,1
-14.80636,10.4724,3,1
-17.43096,12.14748,3,1
-19.45854,14.48543,3,1
-19.64,17.43073,3,1
-19.83969,20.5243,3,1
-20.22256,23.61747,3,1
-21.51506,25.98597,3,1
-24.43056,27.08227,3,1
-26.89285,28.9899,3,1
-28.75929,31.47133,3,1
-29.71852,34.25063,3,1
-29.64504,37.34382,3,1
-29.30728,40.39949,3,1
-27.998,43.23065,3,1
-27.03667,46.19862,3,1
-26.15861,49.19184,3,1
-25.15267,51.9114,3,1
-24.90479,54.89589,3,1
-24.78788,57.03471,3,1
-25.19936,56.03807,3,1
-24.85068,52.98229,3,1
-25.54154,50.07624,3,1
-26.98843,47.31397,3,1
-27.98602,44.35836,3,1
-28.95786,41.39361,3,1
-29.65684,38.5,3,1
-29.7937,35.38321,3,1
-29.18733,32.56907,3,1
-26.13215,32.73271,3,1
-23.10102,32.02424,3,1
-20.12693,31.8189,3,1
-17.14172,31.57412,3,1
-14.02883,31.52788,3,1
-11.26432,32.52233,3,1
-9.838725,34.9106,3,1
-9.873913,37.9066,3,1
-7.852853,39.66692,3,1
-6.803179,41.94814,3,1
-6.982021,45.05359,3,1
-6.75749,47.55567,3,1
-9.493315,48.44283,3,1
-12.2033,49.97995,3,1
-14.7002,51.07368,3,1
-15.08916,53.90387,3,1
-14.57968,56.76477,3,1
-12.42839,57.59946,3,1
-12.52693,57.53097,3,1
-15.08612,56.9362,3,1
-14.64,53.9688,3,1
-14.66479,50.97008,3,1
-13.0925,48.31557,3,1
-12.09771,45.35876,3,1
-11.39359,42.45669,3,1
-10.952,39.38881,3,1
-10.04401,36.82653,3,1
-10.28,33.83976,3,1
-11.65715,31.445,3,1
-14.37905,29.92098,3,1
-16.08091,27.51004,3,1
-17.68441,24.84222,3,1
-18.85957,22.10514,3,1
-19.86377,19.47183,3,1
-20.2129,16.37186,3,1
-19.25249,13.55629,3,1
-17.93143,10.72977,3,1
-15.3049,9.523148,3,1
-12.45789,8.592875,3,1
-9.562827,7.430122,3,1
-6.675604,6.615556,3,1
-3.664863,5.799129,3,1
-1.242197,3.852895,3,1
-0.2359942,1.222111,3,1
-0.07625049,0.03294718,3,1
0.1140149,0.9670167,3,1
-0.7320312,3.816565,3,1
-3.58926,4.60875,3,1
-6.419981,5.691132,3,1
-9.094233,7.296323,3,1
-11.7,8.782569,3,1
-14.32816,10.46119,3,1
-16.85645,12.28909,3,1
-19.22621,14.12639,3,1
-19.95575,17.00015,3,1
-19.75173,20.11348,3,1
-19.54333,23.22643,3,1
-16.91469,24.77545,3,1
-14.68945,26.77452,3,1
-12.97835,29.38182,3,1
-11.12424,31.89112,3,1
-10.21028,34.41875,3,1
-10.03764,37.41376,3,1
-9.537633,40.48132,3,1
-8.254148,43.19274,3,1
-7.002085,46.04478,3,1
-5.955871,48.98152,3,1
-5.065277,51.95468,3,1
-4.85503,55.06721,3,1
-4.60714,56.72071,3,1
-4.60714,56.72071,3,1
-4.644081,54.97996,3,1
-4.86039,51.98996,3,1
-7.073111,50.23726,3,1
-9.853393,49.94443,3,1
-12.43968,50.48225,3,1
-14.65596,51.49261,3,1
-14.6466,54.61219,3,1
-14.72198,57.24991,3,1
-13.93885,57.50029,3,1
-12.07,57.84085,3,1
-12.07,57.22,3,1
-14.48302,57.75081,3,1
-14.86555,56.78729,3,1
-15.11327,54.26976,3,1
-14.79674,51.23899,3,1
-13.65643,48.48391,3,1
-12.00983,45.84043,3,1
-11.06543,42.8842,3,1
-10.59717,39.79954,3,1
-10.05579,36.92606,3,1
-10.13268,33.80767,3,1
-11.73225,31.47716,3,1
-13.96291,29.51349,3,1
-15.8403,27.02991,3,1
-17.54987,24.42154,3,1
-18.89437,21.73976,3,1
-19.76883,18.97686,3,1
-19.70434,15.99766,3,1
-18.87952,13.35716,3,1
-16.11824,11.97001,3,1
-13.21658,10.82595,3,1
-10.34327,9.61001,3,1
-7.620626,8.351451,3,1
-4.808057,7.000937,3,1
-2.205215,5.303332,3,1
-0.5720915,2.953184,3,1
-0.03584074,0.2121668,3,1
-0.09545796,-0.26248,3,1
0.1615999,2.229129,3,1
-1.370176,4.624329,3,1
-4.027677,6.014633,3,1
-6.718314,7.341444,3,1
-9.512259,8.729356,3,1
-12.13106,10.19194,3,1
-14.82422,11.76671,3,1
-17.48038,13.40354,3,1
-19.65129,15.42747,3,1
-19.64,18.5333,3,1
-19.41391,21.62346,3,1
-17.72773,24.10058,3,1
-15.57643,26.3571,3,1
-13.56206,28.73944,3,1
-11.84639,31.19656,3,1
-10.23936,33.5504,3,1
-10.28,36.51165,3,1
-10.59622,39.42981,3,1
-12.29514,42.04351,3,1
-13.56522,44.88616,3,1
-14.40979,47.87285,3,1
-14.54452,50.86859,3,1
-14.99254,53.95131,3,1
-14.78709,56.85164,3,1
-12.03501,57.46656,3,1
-12.93247,57.38828,3,1
-14.61601,56.21085,3,1
-14.79153,53.35471,3,1
-14.44686,50.47311,3,1
-12.63308,47.96558,3,1
-11.68766,45.00108,3,1
-10.93854,41.97258,3,1
-10.27826,39.04633,3,1
-9.988757,36.06117,3,1
-9.514551,33.12888,3,1
-9.314039,31.13483,3,1
-11.69057,29.63131,3,1
-13.58902,27.17153,3,1
-15.63112,24.97384,3,1
-17.67323,22.77614,3,1
-19.7624,20.52837,3,1
-19.77144,17.42019,3,1
-19.52616,14.50628,3,1
-17.05062,12.62724,3,1
-14.27235,11.20962,3,1
-11.55203,9.944896,3,1
-8.653179,8.791848,3,1
-5.864038,7.395811,3,1
-3.229538,5.967333,3,1
-0.927917,4.044195,3,1
-0.211501,1.169793,3,1
0.3596082,-1.20572,3,1
0.3599999,1.852298,3,1
-0.6988665,4.56937,3,1
-3.315434,5.959711,3,1
-6.264298,6.960248,3,1
-9.201179,8.011498,3,1
-12.04692,9.280778,3,1
-14.7507,10.83626,3,1
-17.31845,12.60855,3,1
-19.44232,14.68773,3,1
-20.04541,17.70583,3,1
-19.99563,20.82362,3,1
-17.94924,23.09107,3,1
-15.81834,25.3637,3,1
-14.03051,27.77068,3,1
-12.31399,30.37485,3,1
-10.65434,32.95073,3,1
-10.28,35.6673,3,1
-10.31893,38.77538,3,1
-11.75213,41.40728,3,1
-13.18702,44.17546,3,1
-14.2176,47.11048,3,1
-14.84463,50.04153,3,1
-15.10511,53.02982,3,1
-15.11825,56.13645,3,1
-12.72168,57.5206,3,1
-12.47665,57.22,3,1
-14.63897,56.76832,3,1
-14.65129,53.73364,3,1
-14.39856,50.67499,3,1
-13.06435,47.86192,3,1
-11.43415,45.20187,3,1
-10.39648,42.42826,3,1
-10.05972,39.44762,3,1
-9.877516,36.33295,3,1
-9.70598,33.21764,3,1
-11.46839,31.09616,3,1
-13.37385,28.8499,3,1
-15.34844,26.43427,3,1
-17.06936,23.97943,3,1
-18.86804,21.58002,3,1
-19.93074,18.88531,3,1
-19.77759,15.91031,3,1
-18.17368,13.32162,3,1
-15.46266,11.82681,3,1
-12.47025,10.94382,3,1
-9.662494,9.894674,3,1
-6.996144,8.522439,3,1
-4.36652,7.080513,3,1
-1.902114,5.167455,3,1
-0.5729452,2.953475,3,1
0,0,4,1
0,1.44,4,1
0,3.359999,4,1
0,3.359999,4,1
-1.266679,4.044886,4,1
-3.940179,5.405325,4,1
-6.731164,6.799888,4,1
-9.424296,8.120979,4,1
-12.29218,9.343167,4,1
-14.91981,10.78415,4,1
-15.79058,11.18834,4,1
-15.95045,11.3673,4,1
-18.30726,13.35131,4,1
-18.30726,13.35131,4,1
-18.42407,13.22821,4,1
-19.53936,12.06423,4,1
-19.53936,12.06423,4,1
-19.53936,12.06423,4,1
-19.7296,14.81725,4,1
-19.96501,17.80801,4,1
-20.21926,21.03804,4,1
-20.28518,21.87546,4,1
-20.28518,21.87546,4,1
-20.28518,21.87546,4,1
-20.28518,21.87546,4,1
-20.28518,21.87546,4,1
-20.28518,21.87546,4,1
-20.66836,22.33715,4,1
-22.74999,24.65884,4,1
-24.93688,26.88387,4,1
-27.2054,29.02269,4,1
-29.06669,31.2203,4,1
-29.06669,31.2203,4,1
-29.25637,32.03861,4,1
-29.99745,34.91765,4,1
-30.28,37.96137,4,1
-30.34532,39.63437,4,1
-30.34532,39.63437,4,1
-30.34532,39.63437,4,1
-30.34532,39.63437,4,1
-30.34532,39.63437,4,1
-30.34532,39.63437,4,1
-30.34532,39.63437,4,1
-30.34532,39.63437,4,1
-30.4271,39.61177,4,1
-32.37645,39.34441,4,1
-34.17363,40.16417,4,1
-34.49764,43.26725,4,1
-34.86223,46.36586,4,1
-35.18956,49.3474,4,1
-35.22103,52.34692,4,1
-35.18777,53.66648,4,1
-35.28,53.71707,4,1
-35.20846,56.35385,4,1
-35.18964,56.95356,4,1
-35.18964,56.95356,4,1
-35.22231,57.03187,4,1
-35.71246,58.20649,4,1
-35.71246,58.20649,4,1
-35.71246,58.20649,4,1
-35.71246,58.20649,4,1
-35.71246,58.20649,4,1
-35.71246,58.20649,4,1
-35.87624,57.75529,4,1
-35.37963,56.80503,4,1
-35.28,53.99671,4,1
-35.33009,51.06219,4,1
-35.4379,50.10848,4,1
-35.51475,49.27201,4,1
-35.51475,49.27201,4,1
-35.51475,49.27201,4,1
-35.51475,49.27201,4,1
-35.51475,49.27201,4,1
-35.51475,49.27201,4,1
-32.65286,50.17127,4,1
-30.14206,50.18212,4,1
-30.14206,50.18212,4,1
-28.606,49.90992,4,1
-28.606,49.90992,4,1
-26.0223,50.45206,4,1
-26.0223,50.45206,4,1
-26.0223,50.45206,4,1
-25.61147,51.02481,4,1
-24.72327,53.78192,4,1
-24.96519,56.75024,4,1
-25.00694,57.22843,4,1
-25.02702,57.46759,4,1
-25.02702,57.46759,4,1
-25.02702,57.46759,4,1
-25.02702,57.46759,4,1
-25.02702,57.46759,4,1
-25.02702,57.46759,4,1
-25.02702,57.46759,4,1
-25.02702,57.46759,4,1
-25.28,54.72343,4,1
-25.28,51.92831,4,1
-26.28808,49.05835,4,1
-27.33932,50.04336,4,1
-27.399,50.10367,4,1
-27.84891,48.86317,4,1
-28.75765,46.00416,4,1
-29.59374,43.00005,4,1
-30.2902,39.95872,4,1
-30.28,37.47094,4,1
-30.28,34.5466,4,1
-30.28,34.5466,4,1
-30.28,34.5466,4,1
-30.28,34.5466,4,1
-30.21985,31.56019,4,1
-30.27625,31.08352,4,1
-30.27625,31.08352,4,1
-30.27625,31.08352,4,1
-30.27625,31.08352,4,1
-30.27625,31.08352,4,1
-30.27625,31.08352,4,1
-30.27625,31.08352,4,1
-28.96581,30.92496,4,1
-25.86266,30.61151,4,1
-22.74879,30.41567,4,1
-19.6334,30.26787,4,1
-16.63369,30.30722,4,1
-13.51499,30.3167,4,1
-12.55795,30.39205,4,1
-12.55795,30.39205,4,1
-12.55795,30.39205,4,1
-12.2397,30.11149,4,1
-11.3486,29.32592,4,1
-11.3486,29.32592,4,1
-11.3486,29.32592,4,1
-11.13828,30.75048,4,1
-10.32071,33.27238,4,1
-9.858414,36.22825,4,1
-9.64,38.48381,4,1
-9.64,38.48381,4,1
-9.64,38.48381,4,1
-9.64,38.48381,4,1
-9.64,38.48381,4,1
-10.28924,39.01679,4,1
-11.60086,40.06591,4,1
-11.60086,40.06591,4,1
-11.60086,40.06591,4,1
-11.60086,40.06591,4,1
-11.60086,40.06591,4,1
-11.60086,40.06591,4,1
-11.60086,40.06591,4,1
-12.17036,42.27356,4,1
-13.19373,45.21958,4,1
-13.79964,48.15733,4,1
-14.48002,51.12357,4,1
-14.94124,52.92486,4,1
-15.28,55.87019,4,1
-15.39399,57.16613,4,1
-15.39399,57.16613,4,1
-15.39399,57.16613,4,1
-14.57235,57.34079,4,1
-12.11465,57.8831,4,1
-12.3494,57.8332,4,1
-15.40142,57.18593,4,1
-16.33626,57.55346,4,1
-17.88,57.22,4,1
-17.88,57.22,4,1
-17.88,57.22,4,1
-17.88,57.22,4,1
-17.88,57.22,4,1
-16.31061,58.87391,4,1
-15.48461,59.74438,4,1
-15.48461,59.74438,4,1
-15.48461,59.74438,4,1
-15.48461,59.74438,4,1
-15.40745,59.02853,4,1
-15.08597,56.04582,4,1
-14.75163,52.9438,4,1
-14.51141,50.1997,4,1
-14.51141,50.1997,4,1
-14.25593,49.65681,4,1
-12.92741,46.83379,4,1
-11.80613,43.92527,4,1
-10.87161,40.94992,4,1
-10.1763,37.97536,4,1
-9.738265,35.0075,4,1
-9.458031,32.15674,4,1
-9.458031,32.15674,4,1
-9.458031,32.15674,4,1
-9.458031,32.15674,4,1
-10.69341,30.68698,4,1
-12.87261,28.47627,4,1
-15.15109,26.52928,4,1
-16.07953,25.591,4,1
-16.07953,25.591,4,1
-16.76716,24.92109,4,1
-17.9705,23.74875,4,1
-18.56009,24.08477,4,1
-19.51029,24.41925,4,1
-19.51029,24.41925,4,1
-19.51029,24.41925,4,1
-19.60569,22.50162,4,1
-19.76071,19.38546,4,1
-19.91574,16.26931,4,1
-20.02902,13.99212,4,1
-20.02902,13.99212,4,1
-20.02902,13.99212,4,1
-20.02902,13.99212,4,1
-20.02902,13.99212,4,1
-20.02902,13.99212,4,1
-20.02902,13.99212,4,1
-18.6335,13.29488,4,1
-16.70125,12.32947,4,1
-15.84247,11.9004,4,1
-13.15878,10.55956,4,1
-10.30584,9.302184,4,1
-7.548649,8.120779,4,1
-4.691745,6.866795,4,1
-4.033481,6.575117,4,1
-2.007052,5.289202,4,1
-2.431448,3.950589,4,1
-1.746644,4.815367,4,1
-1.799174,4.748729,4,1
-1.936167,3.461195,4,1
-0.833043,4.860593,4,1
0.3936479,4.866028,4,1
0.541346,4.101765,4,1
0.0559737,3.766018,4,1
0.04189361,1.966074,4,1
0.02969087,0.4061217,4,1
0.03344556,0.886107,4,1
0.05691237,3.886015,4,1
0.06629912,5.08598,4,1
0.06629912,5.08598,4,1
0.06629912,5.08598,4,1
-0.5726488,5.417861,4,1
-3.349748,6.83981,4,1
-6.147673,8.219147,4,1
-9.136434,9.107597,4,1
-11.97817,10.38661,4,1
-14.70773,11.63136,4,1
-17.43873,12.87298,4,1
-17.65721,12.97231,4,1
-18.21934,12.45537,4,1
-19.03129,11.70869,4,1
-19.03129,11.70869,4,1
-19.31151,13.36515,4,1
-19.8119,16.32312,4,1
-20.28,19.3763,4,1
-20.4266,21.63387,4,1
-20.4266,21.63387,4,1
-20.4266,21.63387,4,1
-20.4266,21.63387,4,1
-20.4266,21.63387,4,1
-22.38692,23.9048,4,1
-24.42566,26.26658,4,1
-26.38599,28.53752,4,1
-28.42473,30.89929,4,1
-29.0631,31.76768,4,1
-29.0631,31.76768,4,1
-29.9481,34.45204,4,1
-30.28,37.47224,4,1
-29.98874,40.57482,4,1
-28.2892,43.16263,4,1
-26.95861,45.83898,4,1
-26.1068,48.83558,4,1
-25.25063,51.49817,4,1
-24.71447,54.56142,4,1
-25.39845,57.35723,4,1
-25.39845,57.35723,4,1
-25.39845,57.35723,4,1
-25.39845,57.35723,4,1
-25.39845,57.35723,4,1
-25.02415,54.98726,4,1
-24.64176,51.8924,4,1
-25.46071,49.08308,4,1
-27.1371,46.5983,4,1
-28.4906,43.78878,4,1
-29.20439,40.87934,4,1
-29.67115,37.93798,4,1
-29.71122,34.94353,4,1
-29.86369,32.78891,4,1
-29.86369,32.78891,4,1
-29.86369,32.78891,4,1
-29.75458,32.73896,4,1
-26.86901,31.55305,4,1
-23.96051,30.43025,4,1
-21.93045,30.26681,4,1
-21.69074,30.2552,4,1
-18.69664,30.0748,4,1
-15.57754,30.00329,4,1
-13.53798,29.98168,4,1
-13.53798,29.98168,4,1
-12.03205,29.56954,4,1
-10.62353,29.76258,4,1
-10.40198,31.06335,4,1
-10.36875,33.10306,4,1
-10.20469,36.04933,4,1
-9.965762,39.03878,4,1
-9.749366,39.84677,4,1
-9.749366,39.84677,4,1
-10.83343,41.98796,4,1
-12.19196,44.79648,4,1
-13.5267,47.6164,4,1
-14.08083,50.53952,4,1
-14.77479,53.20733,4,1
-14.97831,56.08017,4,1
-14.97831,56.08017,4,1
-14.97831,56.08017,4,1
-14.63122,57.22887,4,1
-14.24974,58.49255,4,1
-14.24974,58.49255,4,1
-13.48967,58.13491,4,1
-12.07,57.22,4,1
-13.8073,58.03745,4,1
-16.63042,59.36579,4,1
-16.94428,59.14717,4,1
-17.88,57.96659,4,1
-17.88,57.96659,4,1
-17.49077,58.99751,4,1
-17.06453,60.28651,4,1
-17.06453,60.28651,4,1
-17.06453,60.28651,4,1
-16.54842,58.9422,4,1
-15.19201,56.36207,4,1
-14.78996,53.3924,4,1
-14.39475,50.31553,4,1
-12.8894,47.59335,4,1
-12.05282,44.58811,4,1
-11.23729,41.57655,4,1
-10.30685,38.70255,4,1
-9.797594,35.75346,4,1
-9.579355,32.76651,4,1
-9.579355,32.76651,4,1
-9.579355,32.76651,4,1
-9.897711,32.40727,4,1
-11.96702,30.07222,4,1
-14.35868,28.65281,4,1
-16.95369,28.41124,4,1
-16.95369,28.41124,4,1
-17.23045,27.3673,4,1
-17.9992,24.46746,4,1
-18.76796,21.56762,4,1
-20.01585,19.20724,4,1
-19.88981,16.13861,4,1
-19.32388,13.19269,4,1
-19.32388,13.19269,4,1
-19.32388,13.19269,4,1
-18.5638,12.83506,4,1
-15.74068,11.50674,4,1
-13.02615,10.22951,4,1
-10.20303,8.901187,4,1
-7.381363,7.906139,4,1
-4.445522,6.878391,4,1
-1.669274,5.454796,4,1
-1.561647,5.401726,4,1
-1.226982,4.501949,4,1
-0.01010794,1.909035,4,1
0.36,0.8967853,4,1
-0.3435996,2.81005,4,1
-1.431263,5.734323,4,1
-2.142426,7.646348,4,1
-2.142426,7.646348,4,1
-2.142426,7.646348,4,1
-2.142426,7.646348,4,1
-2.935714,7.922566,4,1
-5.882206,8.948506,4,1
-8.759256,9.788487,4,1
-11.74273,10.69209,4,1
-14.49024,11.5484,4,1
-14.90615,9.81571,4,1
-15.38146,7.835493,4,1
-14.58386,9.760694,4,1
-14.78852,9.608665,4,1
-16.43563,8.271894,4,1
-16.90863,7.912835,4,1
-16.95252,8.024522,4,1
-18.09361,10.92838,4,1
-18.8784,13.81441,4,1
-19.81638,16.41961,4,1
-20.27998,19.4959,4,1
-20.51758,21.98091,4,1
-20.51758,21.98091,4,1
-20.51758,21.98091,4,1
-20.51758,21.98091,4,1
-20.51758,21.98091,4,1
-20.51758,21.98091,4,1
-20.51758,21.98091,4,1
-18.46938,24.33378,4,1
-16.3503,26.62361,4,1
-14.33717,28.84786,4,1
-12.24351,31.16109,4,1
-10.14435,33.46315,4,1
-9.64,36.46616,4,1
-9.69453,39.45613,4,1
-11.2375,42.14619,4,1
-12.48707,44.87146,4,1
-13.423,47.96775,4,1
-14.18782,50.76688,4,1
-15.05081,53.46802,4,1
-15.28,56.07443,4,1
-15.28,56.07443,4,1
-15.28,56.07443,4,1
-14.4671,57.68042,4,1
-13.04637,58.26722,4,1
-12.52792,57.22,4,1
-12.52126,57.22,4,1
-12.52126,57.22,4,1
-12.52126,57.22,4,1
-13.99232,59.11629,4,1
-13.75386,57.80978,4,1
-13.75386,57.80978,4,1
-13.75386,57.80978,4,1
-14.57419,56.75724,4,1
-15.19614,53.85392,4,1
-15.0854,50.7465,4,1
-13.77448,48.60453,4,1
-12.83549,49.18341,4,1
-11.89649,49.76229,4,1
-11.89649,49.76229,4,1
-11.81193,49.16828,4,1
-11.37218,46.07945,4,1
-10.94934,43.10942,4,1
-10.50959,40.0206,4,1
-10.05792,37.06407,4,1
-9.64048,33.97524,4,1
-9.955812,31.07509,4,1
-11.67439,28.61955,4,1
-13.35784,29.72783,4,1
-14.91508,31.28902,4,1
-15.0191,31.4386,4,1
-16.89571,32.42141,4,1
-18.13674,32.47571,4,1
-18.67433,29.52429,4,1
-18.8746,26.41315,4,1
-19.27405,23.32029,4,1
-19.76197,20.2387,4,1
-20.17521,17.14683,4,1
-20.39903,14.2823,4,1
-20.39903,14.2823,4,1
-20.39903,14.2823,4,1
-20.39903,14.2823,4,1
-19.97191,14.06328,4,1
-17.1956,12.6397,4,1
-14.40844,11.23877,4,1
-11.59558,10.19584,4,1
-8.666153,9.12231,4,1
-5.786959,8.279769,4,1
-2.908063,7.436327,4,1
-3.532814,6.527218,4,1
-3.496023,6.604679,4,1
-2.299391,8.45813,4,1
-1.880019,9.096224,4,1
-1.880019,9.096224,4,1
-1.54762,7.572044,4,1
-0.8828204,4.523694,4,1
-0.57599,3.116763,4,1
-0.04037698,1.529369,4,1
0.2153149,0.3569269,4,1
0.2576962,-0.2292944,4,1
-0.3055632,2.701812,4,1
-0.9447932,5.632918,4,1
-1.686907,5.813102,4,1
-3.418505,6.233532,4,1
-3.418505,6.233532,4,1
-3.639513,6.327105,4,1
-6.512608,7.543549,4,1
-9.324481,8.892594,4,1
-12.00111,10.24743,4,1
-12.68298,9.166028,4,1
-13.67932,7.197654,4,1
-15.08973,7.969571,4,1
-15.97278,8.950668,4,1
-16.34603,9.566294,4,1
-18.13918,12.11622,4,1
-19.28024,14.86402,4,1
-19.94195,17.65038,4,1
-19.57234,20.84787,4,1
-18.2397,23.51996,4,1
-16.29607,25.79723,4,1
-16.8314,27.31542,4,1
-16.74871,27.04885,4,1
-16.14586,26.22826,4,1
-15.53506,26.80491,4,1
-13.36772,29.048,4,1
-11.37659,31.28668,4,1
-10.23589,33.82191,4,1
-9.983124,36.93167,4,1
-9.74008,39.92182,4,1
-11.0543,42.49684,4,1
-12.36951,45.31387,4,1
-13.5421,48.20333,4,1
-14.35497,50.96881,4,1
-15.121,53.85623,4,1
-15.2381,56.82288,4,1
-13.031,58.87912,4,1
-12.07249,58.96162,4,1
-12.44704,57.66415,4,1
-12.07,57.22,4,1
-12.82532,57.58754,4,1
-15.52291,58.90018,4,1
-15.73872,59.00519,4,1
-15.73872,59.00519,4,1
-15.73872,59.00519,4,1
-15.66328,57.56717,4,1
-15.1746,54.76928,4,1
-15.01115,51.65358,4,1
-14.45276,48.7346,4,1
-12.99895,45.97509,4,1
-11.70619,43.13924,4,1
-10.76315,40.16634,4,1
-10.15753,37.50564,4,1
-9.916093,34.51582,4,1
-8.913145,31.61483,4,1
-7.549057,30.64871,4,1
-7.549057,30.64871,4,1
-7.549057,30.64871,4,1
-8.020511,31.35422,4,1
-9.312721,32.90985,4,1
-11.55434,31.61186,4,1
-13.48186,29.31318,4,1
-15.6035,27.0284,4,1
-17.58144,24.78238,4,1
-19.06508,22.17654,4,1
-19.74182,19.25158,4,1
-19.92626,16.13705,4,1
-19.04936,13.20844,4,1
-16.43515,11.87858,4,1
-13.46308,10.93618,4,1
-10.58635,9.728804,4,1
-7.862286,8.477011,4,1
-5.149651,6.942516,4,1
-2.429504,5.484489,4,1
-1.564024,4.653307,4,1
-1.005229,3.591353,4,1
0.9874449,3.422327,4,1
0.8881069,3.355736,4,1
0.3409575,2.500679,4,1
-0.1227332,-0.5846729,4,1
-0.01572767,0.1273313,4,1
0.4276839,3.094018,4,1
0.7461168,4.86447,4,1
0.7461168,4.86447,4,1
0.7461168,4.86447,4,1
-1.938641,6.198744,4,1
-4.79051,7.461098,4,1
-7.624379,8.44245,4,1
-10.51623,9.613592,4,1
-13.28752,10.76028,4,1
-15.82284,12.57456,4,1
-18.46658,14.2313,4,1
-19.84987,15.37085,4,1
-19.8606,16.3305,4,1
-19.83468,19.33007,4,1
-19.36132,22.18413,4,1
-17.23176,24.46406,4,1
-15.17622,26.64911,4,1
-13.28628,29.12894,4,1
-11.47906,31.67222,4,1
-10.02239,34.35864,4,1
-10.16837,37.3465,4,1
-11.00582,40.20071,4,1
-12.23555,42.93677,4,1
-13.09267,45.93485,4,1
-13.88457,48.95266,4,1
-14.77205,51.88359,4,1
-15.28,54.78557,4,1
-14.50712,57.69283,4,1
-12.05966,58.77383,4,1
-12.07,58.74612,4,1
-12.07,57.217,4,1
-12.47879,58.0886,4,1
-14.34316,60.06799,4,1
-14.34316,60.06799,4,1
-14.34316,60.06799,4,1
-14.34316,60.06799,4,1
-14.56265,59.25718,4,1
-15.01288,56.29691,4,1
-15.1603,53.18044,4,1
-14.4525,50.16995,4,1
-13.77077,47.13349,4,1
-12.84511,44.28116,4,1
-11.73645,41.36718,4,1
-10.36376,38.79793,4,1
-9.64,35.86553,4,1
-9.458323,32.92779,4,1
-8.833055,30.05705,4,1
-10.5179,28.19368,4,1
-11.49539,29.13588,4,1
-13.13527,30.61046,4,1
-14.99494,31.74657,4,1
-17.06932,32.1903,4,1
-18.06598,32.39866,4,1
-18.0828,29.63871,4,1
-19.21707,27.63971,4,1
-21.33117,26.03781,4,1
-23.0961,23.47819,4,1
-23.15573,23.37459,4,1
-22.83604,23.65351,4,1
-21.68908,24.66213,4,1
-21.53844,23.95816,4,1
-20.6499,21.09286,4,1
-19.63961,18.29974,4,1
-19.65007,15.32888,4,1
-17.68006,13.00942,4,1
-14.93995,11.52552,4,1
-12.19136,10.33183,4,1
-10.52322,10.39292,4,1
-9.841462,12.40169,4,1
-7.554867,12.70091,4,1
-4.604483,11.68631,4,1
-3.126896,9.69628,4,1
-3.126896,9.69628,4,1
-1.511352,10.63146,4,1
-0.841431,10.20852,4,1
-0.5988342,7.100814,4,1
-0.2907003,4.116687,4,1
0.02748445,1.012955,4,1
0,0,5,1
0.03481225,2.87715,5,1
1.020804,3.437835,5,1
3.372061,4.593487,5,1
6.200988,5.133657,5,1
8.802111,6.623851,5,1
11.43539,8.052208,5,1
14.16641,9.524184,5,1
16.87742,11.06582,5,1
17.04328,13.86446,5,1
18.91482,14.44421,5,1
20.30728,15.84138,5,1
20.36,18.80432,5,1
20.36,19.25083,5,1
20.8205,21.39359,5,1
22.24475,21.31,5,1
21.91028,21.47509,5,1
20.40926,21.07701,5,1
20.11423,18.23415,5,1
20.32266,15.15512,5,1
19.22659,14.81273,5,1
17.93587,14.20341,5,1
15.76127,13.55085,5,1
14.81143,11.28885,5,1
12.07531,11.51241,5,1
10.46045,9.881829,5,1
10.61491,7.685212,5,1
9.205819,5.828974,5,1
6.281833,6.917053,5,1
3.495273,7.103874,5,1
2.012146,5.288442,5,1
-0.7611668,5.457464,5,1
-3.655379,6.617526,5,1
-6.624772,7.203855,5,1
-7.724144,5.213759,5,1
-10.48105,5.945236,5,1
-13.15268,7.309641,5,1
-15.82022,8.89702,5,1
-17.03681,11.59392,5,1
-18.07346,12.07113,5,1
-17.9534,12.73333,5,1
-19.83076,12.82355,5,1
-20.04891,15.81542,5,1
-19.65927,18.88338,5,1
-20.68991,21.6501,5,1
-22.24726,21.30987,5,1
-23.87387,21.31,5,1
-25.43126,23.58893,5,1
-24.64859,25.11496,5,1
-24.39636,24.58413,5,1
-25.56215,24.95975,5,1
-26.7873,27.46818,5,1
-28.22324,28.81245,5,1
-29.68818,30.31513,5,1
-29.75119,33.30931,5,1
-29.99826,36.41634,5,1
-30.66899,39.13865,5,1
-32.08732,40.04948,5,1
-32.91097,43.05437,5,1
-33.46935,46.00136,5,1
-34.15552,49.04495,5,1
-34.70519,52.10455,5,1
-34.81174,55.10249,5,1
-35.40413,57.46751,5,1
-35.04735,58.6741,5,1
-33.94275,59.06399,5,1
-33.67939,58.26369,5,1
-33.67939,58.26369,5,1
-33.67939,58.26369,5,1
-33.67939,58.26369,5,1
-34.48466,57.00514,5,1
-35.19379,55.76837,5,1
-35.28,52.6906,5,1
-33.85466,50.56116,5,1
-33.00294,50.32065,5,1
-29.99387,49.78453,5,1
-27.30402,50.51072,5,1
-25.65696,50.96159,5,1
-25.74482,50.83247,5,1
-24.77011,53.46688,5,1
-24.64,56.56995,5,1
-24.48174,56.86565,5,1
-24.40173,57.33871,5,1
-24.56567,59.83582,5,1
-25.69493,58.46097,5,1
-25.40626,58.15033,5,1
-24.84661,57.77459,5,1
-24.84661,57.77459,5,1
-24.84661,57.77459,5,1
-25.50663,56.9472,5,1
-25.17158,54.12316,5,1
-25.2886,51.01699,5,1
-26.90507,49.71224,5,1
-27.68832,46.69786,5,1
-28.38908,43.92467,5,1
-29.94864,41.51156,5,1
-29.93855,38.51325,5,1
-30.07543,35.51652,5,1
-29.81117,33.10027,5,1
-29.64,34.01809,5,1
-30.31648,32.35751,5,1
-27.92552,31.08916,5,1
-24.96492,30.71984,5,1
-21.85311,30.52161,5,1
-18.92341,29.90368,5,1
-15.93298,30.59617,5,1
-12.89676,31.16798,5,1
-10.77844,31.84019,5,1
-11.56725,32.51011,5,1
-9.916406,33.38222,5,1
-9.64,36.44703,5,1
-9.959384,39.53383,5,1
-10.82942,39.38168,5,1
-12.54409,40.60028,5,1
-12.18944,42.11956,5,1
-11.47888,41.85018,5,1
-11.47888,41.85018,5,1
-11.47888,41.85018,5,1
-11.54973,42.20312,5,1
-12.47022,45.18328,5,1
-13.6558,47.92384,5,1
-14.95091,50.3334,5,1
-15.1666,53.44581,5,1
-15.19433,56.44136,5,1
-14.71093,59.38024,5,1
-13.53611,58.6997,5,1
-13.53611,58.6997,5,1
-13.53611,58.6997,5,1
-13.53611,58.6997,5,1
-14.01291,59.16599,5,1
-14.01291,59.16599,5,1
-13.95003,57.45759,5,1
-15.27937,55.35866,5,1
-15.22876,52.23971,5,1
-15.16928,50.44673,5,1
-14.00217,50.62535,5,1
-10.9636,50.48227,5,1
-8.018032,50.23362,5,1
-7.173282,50.43502,5,1
-5.934978,50.00053,5,1
-4.640004,52.06814,5,1
-4.854974,55.01685,5,1
-4.557872,58.11971,5,1
-4.352957,59.64648,5,1
-4.352957,59.64648,5,1
-4.352957,59.64648,5,1
-4.352957,59.64648,5,1
-4.352957,59.64648,5,1
-4.352957,59.64648,5,1
-4.657379,57.1285,5,1
-5.149581,54.19482,5,1
-5.209365,51.20336,5,1
-5.209365,51.20336,5,1
-6.455714,50.49888,5,1
-9.110468,49.83318,5,1
-10.56564,47.0947,5,1
-10.56261,44.00332,5,1
-10.78774,40.90872,5,1
-10.24888,38.22966,5,1
-9.835765,35.27069,5,1
-9.623082,32.18725,5,1
-8.789763,31.0139,5,1
-8.789763,31.0139,5,1
-9.584039,31.4545,5,1
-12.26609,29.95212,5,1
-14.76626,28.35703,5,1
-16.10463,26.6675,5,1
-17.33788,23.96115,5,1
-19.06897,21.54274,5,1
-19.8299,18.7543,5,1
-20.27946,15.67299,5,1
-18.93958,13.12829,5,1
-18.8206,13.11263,5,1
-15.83221,12.36056,5,1
-12.8334,12.38165,5,1
-9.843889,12.14076,5,1
-6.730203,11.94241,5,1
-3.733791,11.80054,5,1
-0.7390867,11.62791,5,1
2.379808,11.54661,5,1
5.372777,11.7249,5,1
8.49226,11.7768,5,1
11.60941,11.90719,5,1
14.71657,11.88091,5,1
16.40714,12.49362,5,1
17.65929,14.7502,5,1
18.7419,13.89548,5,1
19.80429,15.52853,5,1
20.02528,18.58229,5,1
20.1219,20.37828,5,1
19.67492,20.73483,5,1
17.72469,22.1847,5,1
15.70328,22.13798,5,1
13.96031,24.43407,5,1
13.24585,27.16654,5,1
12.64896,28.47699,5,1
11.16194,28.41632,5,1
10.26874,31.28716,5,1
10.01051,34.27506,5,1
10.01923,37.3948,5,1
9.278759,39.188,5,1
8.255607,41.74071,5,1
7.356528,44.72812,5,1
5.341314,46.66149,5,1
4.978785,49.55919,5,1
5.278689,52.66277,5,1
5.359365,55.78065,5,1
4.190814,58.25342,5,1
4.916442,59.66565,5,1
4.916442,59.66565,5,1
4.916442,59.66565,5,1
4.916442,59.66565,5,1
4.916442,59.66565,5,1
4.253207,57.94574,5,1
4.775276,55.28654,5,1
4.720331,52.16759,5,1
6.151868,49.92095,5,1
9.248778,49.96469,5,1
12.13025,49.88072,5,1
14.16481,50.71165,5,1
15.36,53.04262,5,1
15.36,56.00306,5,1
15.32117,58.86148,5,1
15.32117,58.86148,5,1
15.32117,58.86148,5,1
15.32117,58.86148,5,1
15.32117,58.86148,5,1
15.32117,58.86148,5,1
15.22476,58.15073,5,1
15.10001,55.16814,5,1
14.72018,52.07517,5,1
13.79088,49.15624,5,1
12.60922,46.40867,5,1
11.59421,43.5863,5,1
10.7835,40.58259,5,1
10.19616,37.57369,5,1
9.862788,34.59318,5,1
11.5311,32.46797,5,1
14.45366,31.39439,5,1
17.43564,31.21232,5,1
20.52869,30.81089,5,1
23.63878,30.59768,5,1
26.4969,31.23491,5,1
29.34372,32.50972,5,1
30.36,34.89146,5,1
30.36,37.96716,5,1
30.29622,41.04058,5,1
29.15181,43.80473,5,1
27.76797,46.58894,5,1
26.54668,49.45757,5,1
25.21284,51.91959,5,1
24.90411,54.88277,5,1
25.05938,57.9945,5,1
27.33144,59.48507,5,1
27.33144,59.48507,5,1
27.33144,59.48507,5,1
27.33144,59.48507,5,1
24.4289,58.75875,5,1
22.11987,57.40149,5,1
22.31599,57.35852,5,1
22.54043,59.08112,5,1
24.65554,59.59925,5,1
24.9928,58.09153,5,1
24.9362,55.11731,5,1
25.0003,52.12111,5,1
25.59868,49.10972,5,1
26.94341,46.30465,5,1
27.93466,43.47466,5,1
29.0303,40.68201,5,1
29.911,37.70483,5,1
30.09472,34.59128,5,1
29.03565,31.82837,5,1
27.05949,29.4148,5,1
25.35003,26.81477,5,1
23.55323,24.29865,5,1
22.51234,23.30388,5,1
20.59647,21.02888,5,1
20.01989,18.13118,5,1
19.66092,15.04344,5,1
17.57884,13.01389,5,1
14.97327,11.30404,5,1
12.1921,9.890377,5,1
9.544641,8.47998,5,1
6.731516,7.130764,5,1
4.06388,5.764419,5,1
1.315486,4.321289,5,1
-0.2108933,1.781914,5,1
0.0992264,-0.8210909,5,1
0.0992264,-0.8210909,5,1
-0.280011,-0.7295218,5,1
0.3599988,1.68861,5,1
0.9353497,4.380567,5,1
3.71018,4.878188,5,1
6.429452,6.400473,5,1
9.02702,7.901024,5,1
11.72942,9.459931,5,1
14.38349,10.85784,5,1
17.10143,12.3862,5,1
18.27059,14.52741,5,1
19.73254,15.33135,5,1
20.36,18.27387,5,1
20.47846,21.37909,5,1
22.58039,23.65061,5,1
24.64386,25.98894,5,1
26.66109,28.36594,5,1
28.43576,30.92325,5,1
29.77669,33.59171,5,1
29.96287,36.58356,5,1
29.83044,39.54007,5,1
28.50768,42.35812,5,1
27.29032,45.22952,5,1
26.01451,48.20753,5,1
25.38642,51.13583,5,1
24.91393,54.09613,5,1
25.2379,57.16758,5,1
27.55935,58.79675,5,1
27.93,58.06732,5,1
27.69868,58.00338,5,1
25.20798,58.19605,5,1
22.16512,57.59129,5,1
22.12,57.22,5,1
23.44126,58.96109,5,1
24.65742,57.49496,5,1
24.90232,54.38458,5,1
25.37617,51.32323,5,1
26.34424,48.36714,5,1
27.40732,45.56203,5,1
28.47312,42.62974,5,1
29.41695,39.78214,5,1
29.87815,36.83917,5,1
29.72,33.84557,5,1
28.46817,31.21357,5,1
26.46651,28.82043,5,1
24.3833,26.33902,5,1
22.3662,24.11977,5,1
20.82985,21.54795,5,1
20.0172,18.46383,5,1
19.72,15.50817,5,1
17.92297,13.21729,5,1
15.25739,11.61041,5,1
12.63614,10.15457,5,1
9.977769,8.765406,5,1
7.068441,7.641467,5,1
4.412468,6.246828,5,1
1.67791,4.746243,5,1
0.1660075,2.152801,5,1
-0.2798938,-0.5518917,5,1
0.3600002,2.182359,5,1
1.960809,3.457461,5,1
2.495237,3.515512,5,1
5.017506,4.355998,5,1
7.834635,5.69147,5,1
10.55764,7.20967,5,1
13.05879,8.865519,5,1
15.56419,10.51476,5,1
17.80715,12.65865,5,1
19.45421,15.0458,5,1
20.14674,17.944,5,1
20.28938,20.93843,5,1
21.2013,23.86507,5,1
23.82692,25.49164,5,1
25.88783,27.67085,5,1
27.97791,29.98664,5,1
29.33636,32.76462,5,1
29.94747,35.62266,5,1
29.80611,38.57534,5,1
28.53796,41.42421,5,1
27.42946,44.21177,5,1
26.48801,47.05918,5,1
25.62891,50.05632,5,1
25.1994,52.9767,5,1
25.16875,56.08396,5,1
23.9595,58.73058,5,1
22.12,58.08334,5,1
22.20464,58.07735,5,1
24.27324,58.64021,5,1
25.15148,56.26296,5,1
25.33271,53.15598,5,1
25.35626,50.05503,5,1
26.53444,47.19907,5,1
27.15931,44.29244,5,1
28.63532,41.6866,5,1
29.60748,38.83151,5,1
29.72252,35.76719,5,1
29.62518,32.65799,5,1
27.57439,30.79817,5,1
25.42304,28.77385,5,1
23.68693,26.3435,5,1
22.1161,23.65272,5,1
20.57006,20.95028,5,1
20.09183,17.94373,5,1
19.65613,14.98411,5,1
17.58751,12.87843,5,1
15.13561,11.15164,5,1
12.32523,9.818147,5,1
9.442218,8.625547,5,1
6.680462,7.453938,5,1
3.859336,6.130182,5,1
1.297331,4.389749,5,1
-0.03017972,1.58174,5,1
-0.2799504,-0.6776599,5,1
-0.2799504,-0.6776599,5,1
0.3584253,-0.01378097,5,1
0.02895667,2.974787,5,1
0.3940738,5.940814,5,1
3.096952,7.219556,5,1
5.899882,8.278496,5,1
8.840354,9.306502,5,1
11.58031,10.52824,5,1
14.49024,11.64036,5,1
17.31163,12.94848,5,1
19.45034,15.08986,5,1
20.14045,17.85413,5,1
20.11902,20.97071,5,1
20.6601,23.90855,5,1
23.6199,24.5141,5,1
25.71623,26.65898,5,1
27.53468,29.1896,5,1
28.69713,31.95057,5,1
30.1437,34.4422,5,1
29.93551,37.55113,5,1
29.17634,40.55779,5,1
28.13537,43.49631,5,1
26.8765,46.21852,5,1
25.76233,49.13034,5,1
25.23575,52.08315,5,1
24.96265,55.18333,5,1
24.50474,57.96434,5,1
22.11997,57.52612,5,1
22.12,57.35009,5,1
23.98299,57.55163,5,1
25.21382,55.03059,5,1
24.72,51.98545,5,1
25.22042,48.97252,5,1
26.25512,46.05064,5,1
27.37395,43.27491,5,1
28.77324,40.62973,5,1
29.72043,37.92321,5,1
30.22925,34.90956,5,1
30.29887,32.24901,5,1
28.46838,29.74533,5,1
27.32146,26.96052,5,1
24.83557,25.28201,5,1
22.28856,23.48105,5,1
20.79375,21.27294,5,1
19.76391,18.4894,5,1
19.72,15.52628,5,1
17.95167,13.17282,5,1
15.30979,11.51395,5,1
12.73684,9.971377,5,1
9.893308,8.69081,5,1
7.235298,7.302884,5,1
4.392045,5.749331,5,1
1.79993,4.239949,5,1
0.0601929,1.893724,5,1
-0.1242582,0.3475623,5,1
0.628225,3.222252,5,1
2.043552,5.200344,5,1
4.085595,5.3734,5,1
6.335433,7.440276,5,1
9.134446,8.457614,5,1
11.74292,9.939437,5,1
14.62991,11.1089,5,1
17.37466,12.30657,5,1
19.07874,14.65955,5,1
20.25232,17.33312,5,1
20.17251,20.32794,5,1
21.39049,22.80012,5,1
23.45548,25.13734,5,1
25.57868,27.4228,5,1
27.506,29.71914,5,1
28.97558,32.47013,5,1
30.10186,35.12296,5,1
29.90845,38.23534,5,1
29.21794,41.12414,5,1
27.9139,43.82433,5,1
26.64735,46.67495,5,1
25.5815,49.47844,5,1
25.2263,52.56544,5,1
25.22406,55.68209,5,1
23.25995,57.82052,5,1
22.12,57.22,5,1
22.40369,59.2766,5,1
23.9346,57.48053,5,1
24.72001,54.91441,5,1
24.73068,51.92705,5,1
25.72673,48.98684,5,1
26.95891,46.12159,5,1
27.85568,43.14135,5,1
29.28066,40.5205,5,1
29.72,37.47608,5,1
29.75213,34.36102,5,1
28.96319,31.49119,5,1
27.01416,29.22111,5,1
24.8823,26.94707,5,1
22.85206,24.578,5,1
21.12087,21.99839,5,1
20.26701,19.24173,5,1
19.76688,16.16593,5,1
18.50453,13.54849,5,1
15.78477,12.02232,5,1
13.05255,10.51655,5,1
10.33413,8.986106,5,1
7.555292,7.862157,5,1
4.876183,6.513172,5,1
2.36352,4.689254,5,1
0.222644,2.628523,5,1
0,0,6,1
0,0,6,1
0,0,6,1
0.01256632,2.399967,6,1
0.01570789,2.999959,6,1
0.01570789,2.999959,6,1
0.02261936,4.319942,6,1
0.02261936,4.319942,6,1
0.02261936,4.319942,6,1
0.02261936,4.319942,6,1
0.02261936,4.319942,6,1
0.02261936,4.319942,6,1
0.02261936,4.319942,6,1
0.02261936,4.319942,6,1
0.02261936,4.319942,6,1
0.02261936,4.319942,6,1
-1.63306,5.02615,6,1
-4.061392,6.061922,6,1
-6.82086,7.238935,6,1
-9.690701,8.463023,6,1
-12.56054,9.687104,6,1
-15.11984,11.21136,6,1
-17.61632,13.2766,6,1
-19.81175,15.31671,6,1
-20.28,17.88806,6,1
-20.30196,20.7897,6,1
-20.46646,22.21962,6,1
-20.46646,22.21962,6,1
-20.47903,22.69946,6,1
-20.52615,24.49884,6,1
-20.52615,24.49884,6,1
-20.52615,24.49884,6,1
-20.52615,24.49884,6,1
-20.52615,24.49884,6,1
-20.52615,24.49884,6,1
-20.52615,24.49884,6,1
-20.52615,24.49884,6,1
-20.52615,24.49884,6,1
-20.52615,24.49884,6,1
-20.52615,24.49884,6,1
-20.52615,24.49884,6,1
-20.52615,24.49884,6,1
-20.52615,24.49884,6,1
-20.52615,24.49884,6,1
-20.52615,24.49884,6,1
-20.52615,24.49884,6,1
-20.62173,24.57139,6,1
-23.00726,26.39031,6,1
-25.20958,28.59967,6,1
-27.30299,30.74854,6,1
-29.48014,32.98338,6,1
-30.28,34.01486,6,1
-30.28,34.49391,6,1
-30.28,37.48797,6,1
-30.31015,39.04488,6,1
-30.31015,39.04488,6,1
-30.40814,40.60179,6,1
-30.40814,40.60179,6,1
-30.40814,40.60179,6,1
-30.40814,40.60179,6,1
-30.40814,40.60179,6,1
-30.40814,40.60179,6,1
-30.40814,40.60179,6,1
-30.40814,40.60179,6,1
-30.40814,40.60179,6,1
-30.40814,40.60179,6,1
-30.40814,40.60179,6,1
-30.40814,40.60179,6,1
-31.0843,42.77921,6,1
-32.04516,45.87344,6,1
-33.21141,48.76513,6,1
-34.44556,51.15043,6,1
-34.88209,54.00769,6,1
-34.90479,57.00758,6,1
-34.90479,57.00758,6,1
-34.74407,57.7094,6,1
-34.74407,57.7094,6,1
-34.74407,57.7094,6,1
-34.74407,57.7094,6,1
-34.74407,57.7094,6,1
-34.74407,57.7094,6,1
-34.74407,57.7094,6,1
-34.74407,57.7094,6,1
-34.74407,57.7094,6,1
-35.32024,57.87679,6,1
-37.04876,58.37896,6,1
-37.04876,58.37896,6,1
-36.35788,58.17628,6,1
-33.44598,57.56632,6,1
-32.98304,57.45959,6,1
-32.40731,57.29069,6,1
-32.40731,57.29069,6,1
-34.13389,57.79881,6,1
-34.13389,57.79881,6,1
-34.13389,57.79881,6,1
-34.13389,57.79881,6,1
-34.13389,57.79881,6,1
-34.13389,57.79881,6,1
-34.73957,56.20877,6,1
-35.28,53.29539,6,1
-35.28,52.82925,6,1
-35.50707,50.50037,6,1
-35.56156,50.26664,6,1
-35.56156,50.26664,6,1
-35.56156,50.26664,6,1
-35.56156,50.26664,6,1
-33.12584,48.96854,6,1
-32.17267,48.4607,6,1
-32.17267,48.4607,6,1
-32.17267,48.4607,6,1
-32.17267,48.4607,6,1
-29.79072,49.28326,6,1
-26.84474,50.30989,6,1
-24.63858,52.0401,6,1
-24.64,54.88486,6,1
-24.55914,57.27291,6,1
-24.55914,57.27291,6,1
-24.55914,57.27291,6,1
-23.65039,59.87892,6,1
-23.65039,59.87892,6,1
-23.65039,59.87892,6,1
-23.65039,59.87892,6,1
-23.65039,59.87892,6,1
-22.45621,58.69727,6,1
-22.07,57.22,6,1
-22.07,57.22,6,1
-22.07,57.22,6,1
-22.75239,57.89523,6,1
-24.71425,59.83652,6,1
-24.71425,59.83652,6,1
-24.71425,59.83652,6,1
-24.71425,59.83652,6,1
-24.72364,58.03654,6,1
-24.73928,55.03657,6,1
-24.75554,51.9166,6,1
-24.94607,50.25295,6,1
-24.94607,50.25295,6,1
-24.94607,50.25295,6,1
-24.94607,50.25295,6,1
-24.94607,50.25295,6,1
-24.94607,50.25295,6,1
-25.10331,49.92911,6,1
-26.25226,47.55223,6,1
-27.61011,44.74319,6,1
-27.66234,44.63515,6,1
-27.66234,44.63515,6,1
-28.07845,43.63868,6,1
-29.09588,40.69202,6,1
-29.88743,37.79829,6,1
-30.27748,34.75248,6,1
-30.21145,31.63385,6,1
-29.88524,30.10835,6,1
-29.88524,30.10835,6,1
-29.88524,30.10835,6,1
-29.88524,30.10835,6,1
-29.88524,30.10835,6,1
-27.87326,28.39913,6,1
-25.4971,26.37723,6,1
-23.24944,24.39031,6,1
-21.23855,22.01349,6,1
-19.9639,19.39902,6,1
-19.83268,16.28501,6,1
-19.72286,15.09004,6,1
-19.02676,13.17249,6,1
-17.85299,11.68697,6,1
-15.41168,9.748891,6,1
-13.4917,8.527692,6,1
-11.61734,7.722465,6,1
-8.860937,6.538299,6,1
-5.994276,5.306767,6,1
-3.127739,4.074946,6,1
-0.7355521,3.233795,6,1
0.36,0.7320659,6,1
0.36,-1.267677,6,1
0.36,-1.267677,6,1
0.36,-1.267677,6,1
0.36,-1.267677,6,1
-0.2714896,1.665107,6,1
-0.4820766,3.54209,6,1
-0.4820766,3.54209,6,1
-0.4820766,3.54209,6,1
-0.4820766,3.54209,6,1
-0.4820766,3.54209,6,1
-1.233845,3.527599,6,1
-3.34072,3.459913,6,1
-4.18784,3.411047,6,1
-5.627945,3.327974,6,1
-5.627945,3.327974,6,1
-5.903771,6.315261,6,1
-5.903771,6.315261,6,1
-5.903771,6.315261,6,1
-5.903771,6.315261,6,1
-5.903771,6.315261,6,1
-5.903771,6.315261,6,1
-8.417591,7.454695,6,1
-11.25758,8.746549,6,1
-14.09666,10.0404,6,1
-16.83366,11.51471,6,1
-19.22634,13.49642,6,1
-20.42626,15.14638,6,1
-20.42626,15.14638,6,1
-20.28,17.14056,6,1
-20.28,19.78071,6,1
-20.96538,21.89029,6,1
-20.96538,21.89029,6,1
-22.03317,22.43783,6,1
-24.70265,23.80669,6,1
-27.06557,25.98536,6,1
-29.10205,28.18825,6,1
-30.58242,30.8677,6,1
-31.14685,32.56443,6,1
-30.59121,33.0396,6,1
-30.28,34.64219,6,1
-30.28,36.51529,6,1
-30.49549,39.55772,6,1
-30.65625,40.25954,6,1
-30.64119,40.73931,6,1
-30.4918,43.73235,6,1
-30.12759,44.74683,6,1
-29.75671,46.87109,6,1
-29.4269,47.89945,6,1
-28.60642,49.50157,6,1
-28.06261,50.67328,6,1
-29.40343,47.98964,6,1
-29.51069,47.77495,6,1
-29.51069,47.77495,6,1
-29.51069,47.77495,6,1
-29.20881,48.55883,6,1
-28.99088,49.11785,6,1
-28.99088,49.11785,6,1
-28.36934,49.84948,6,1
-27.25322,50.33268,6,1
-25.96275,49.23054,6,1
-25.3393,49.96055,6,1
-24.62093,51.3206,6,1
-25.28,54.16755,6,1
-25.37999,57.10905,6,1
-25.40372,57.22668,6,1
-25.40372,57.22668,6,1
-25.40372,57.22668,6,1
-25.40372,57.22668,6,1
-25.40372,57.22668,6,1
-25.40372,57.22668,6,1
-25.40372,57.22668,6,1
-24.01779,57.61761,6,1
-23.32483,57.81308,6,1
-22.06988,58.27217,6,1
-22.07,58.30475,6,1
-22.07,58.30475,6,1
-25.07061,57.4499,6,1
-26.51744,57.56745,6,1
-27.88,57.22,6,1
-27.88,57.22,6,1
-27.88,57.22,6,1
-26.85306,57.55437,6,1
-23.92379,57.99203,6,1
-22.07001,57.32055,6,1
-22.07001,57.32055,6,1
-22.07001,57.32055,6,1
-22.07001,57.32055,6,1
-22.07001,57.32055,6,1
-22.83956,57.31108,6,1
-22.89869,57.35937,6,1
-24.62903,59.35322,6,1
-26.1234,60.79011,6,1
-26.35936,60.79,6,1
-26.35936,60.79,6,1
-25.05981,58.35524,6,1
-24.64009,56.10881,6,1
-24.64,54.50275,6,1
-24.64,54.50275,6,1
-24.64,53.38714,6,1
-24.51027,50.54131,6,1
-24.31478,47.79049,6,1
-24.31478,47.79049,6,1
-24.23524,45.75204,6,1
-24.1755,43.83298,6,1
-24.1755,43.83298,6,1
-25.16624,44.06804,6,1
-27.23027,44.55775,6,1
-27.8082,44.69487,6,1
-27.8082,44.69487,6,1
-27.67336,43.50247,6,1
-27.40366,41.11768,6,1
-27.40366,41.11768,6,1
-28.92965,41.18134,6,1
-28.97673,39.98227,6,1
-29.6971,37.4555,6,1
-29.73122,34.4562,6,1
-29.69283,32.53662,6,1
-29.69283,32.53662,6,1
-29.40663,32.15128,6,1
-29.11867,31.76726,6,1
-27.51385,29.98273,6,1
-25.44437,27.64788,6,1
-23.37489,25.31303,6,1
-21.34138,22.94825,6,1
-19.75814,20.27077,6,1
-19.64,17.69079,6,1
-19.46531,14.84034,6,1
-17.69257,12.36243,6,1
-16.46475,11.40095,6,1
-13.77735,9.818327,6,1
-11.03931,8.322512,6,1
-8.406569,6.884228,6,1
-5.668512,5.388412,6,1
-2.930453,3.892598,6,1
-0.5052663,3.164374,6,1
0.36,1.079846,6,1
0.36,0.2022797,6,1
0.36,0.2022797,6,1
0.36,0.2022797,6,1
0.1142322,1.130287,6,1
-0.6547411,4.030059,6,1
-1.392956,6.813846,6,1
-1.392956,6.813846,6,1
-2.377171,6.552846,6,1
-2.541207,6.509346,6,1
-2.541207,6.509346,6,1
-0.5727767,7.031345,6,1
0.9855645,7.444595,6,1
0.9855645,7.444595,6,1
0.9855645,7.444595,6,1
0.9855645,7.444595,6,1
0.9855645,7.444595,6,1
1.063922,7.774837,6,1
1.507167,9.762227,6,1
1.973297,11.91712,6,1
1.99375,11.99947,6,1
1.635092,12.03052,6,1
-1.47325,12.29991,6,1
-4.463049,12.54707,6,1
-7.453187,12.79016,6,1
-10.56331,13.03827,6,1
-13.55341,13.28167,6,1
-16.5412,14.00481,6,1
-19.4267,14.66607,6,1
-20.62047,15.02416,6,1
-20.61933,15.02627,6,1
-20.61933,15.02628,6,1
-20.61936,15.02621,6,1
-20.61936,15.02621,6,1
-20.61936,15.02621,6,1
-20.61235,15.02894,6,1
-20.27872,15.70543,6,1
-20.28,18.64799,6,1
-20.74261,21.52776,6,1
-23.12426,23.31777,6,1
-25.2784,25.57477,6,1
-27.244,27.83285,6,1
-28.73726,30.56788,6,1
-29.91399,33.43926,6,1
-30.28,36.2602,6,1
-30.28,36.37595,6,1
-30.25241,39.32787,6,1
-30.09652,42.44317,6,1
-29.70459,45.41336,6,1
-28.96498,48.30885,6,1
-28.83657,48.64517,6,1
-28.75622,48.6179,6,1
-26.6671,47.90885,6,1
-26.58675,47.88158,6,1
-26.58675,47.88158,6,1
-26.58675,47.88158,6,1
-26.58675,47.88158,6,1
-26.58675,47.88158,6,1
-26.58675,47.88158,6,1
-26.55415,49.44122,6,1
-26.52181,50.50007,6,1
-26.52181,50.50007,6,1
-26.52181,50.50007,6,1
-25.14714,49.65779,6,1
-24.43293,50.62268,6,1
-24.64,52.82605,6,1
-24.64,55.94562,6,1
-24.18225,58.83818,6,1
-22.06991,60.32495,6,1
-22.07,60.42808,6,1
-22.07,60.42808,6,1
-22.07,60.42808,6,1
-22.07,60.42808,6,1
-22.14621,57.9093,6,1
-22.21172,57.22,6,1
-22.21172,57.22,6,1
-22.14273,59.85914,6,1
-22.1396,59.9791,6,1
-22.1396,59.9791,6,1
-23.15877,58.64353,6,1
-25.01187,56.2866,6,1
-25.28,53.38899,6,1
-25.3978,50.3033,6,1
-25.3978,50.3033,6,1
-25.3978,50.3033,6,1
-25.3978,50.3033,6,1
-25.9647,48.09493,6,1
-26.72998,45.19459,6,1
-27.7731,42.38213,6,1
-28.87581,39.4635,6,1
-29.82692,36.98637,6,1
-29.64024,33.87255,6,1
-28.97049,30.9807,6,1
-27.18712,28.49459,6,1
-24.92879,26.36173,6,1
-23.07143,24.00591,6,1
-21.14615,21.55075,6,1
-19.77717,19.08272,6,1
-19.90859,15.96639,6,1
-19.96278,12.96771,6,1
-18.14648,10.52126,6,1
-15.5713,8.805436,6,1
-12.98359,7.28837,6,1
-10.15878,5.979901,6,1
-7.216488,4.970171,6,1
-4.34632,3.759515,6,1
-1.436501,3.565549,6,1
0.3501678,1.266761,6,1
0.36,-1.721437,6,1
0.36,-1.75,6,1
0.36,-1.75,6,1
0.1940749,1.125216,6,1
0.02123638,4.120232,6,1
-0.006417783,4.599434,6,1
-0.006417783,4.599434,6,1
-0.006417783,4.599434,6,1
-0.006417783,4.599434,6,1
-0.006417783,4.599434,6,1
-0.006417783,4.599434,6,1
-0.006417783,4.599434,6,1
-0.006417783,4.599434,6,1
-0.006417783,4.599434,6,1
-0.006417783,4.599434,6,1
-0.006417783,4.599434,6,1
-0.006417783,4.599434,6,1
-0.006417783,4.599434,6,1
-0.2609901,4.853979,6,1
-2.461501,7.065803,6,1
-5.008115,8.844852,6,1
-7.557914,10.41774,6,1
-10.4518,11.57173,6,1
-13.21769,13.01396,6,1
-15.90491,14.3477,6,1
-17.79305,14.6577,6,1
-17.79305,14.6577,6,1
-18.11428,14.15809,6,1
-18.76641,13.16516,6,1
-18.76641,13.16516,6,1
-18.76641,13.16516,6,1
-19.32993,14.87468,6,1
-20.01387,17.79671,6,1
-20.06401,20.91632,6,1
-21.25086,23.58442,6,1
-23.28748,25.77963,6,1
-25.31893,28.14767,6,1
-27.35367,30.51086,6,1
-29.37986,32.72238,6,1
-30.28,35.46008,6,1
-30.28,38.43301,6,1
-30.14015,41.53033,6,1
-29.00953,44.43577,6,1
-27.83085,47.32455,6,1
-26.49489,50.13697,6,1
-24.75995,52.24631,6,1
-24.66679,55.17794,6,1
-24.12775,57.98138,6,1
-22.07,58.28153,6,1
-22.07,57.43367,6,1
-22.07,57.33186,6,1
-22.07,57.33186,6,1
-22.07,57.33186,6,1
-22.07,57.33186,6,1
-24.52296,57.51421,6,1
-24.52296,57.51421,6,1
-24.52296,57.51421,6,1
-24.52296,57.51421,6,1
-25.09426,55.05983,6,1
-25.28,52.10776,6,1
-25.63399,49.02191,6,1
-26.75357,46.11364,6,1
-27.52982,43.21581,6,1
-28.687,40.48296,6,1
-29.82087,37.77258,6,1
-30.06764,34.66246,6,1
-28.68323,32.08802,6,1
-26.88499,29.74358,6,1
-25.02069,27.25349,6,1
-23.24457,24.68954,6,1
-21.55814,22.20841,6,1
-20.25305,19.76563,6,1
-20.27716,16.64815,6,1
-18.91161,13.98188,6,1
-16.07013,12.70291,6,1
-13.48214,11.18826,6,1
-10.8133,9.572188,6,1
-8.148533,7.949415,6,1
-5.590051,6.38291,6,1
-3.151977,4.448673,6,1
-1.035107,3.454362,6,1
0.36,1.344376,6,1
0.3488578,-1.535533,6,1
0.3488578,-1.535533,6,1
0.3488578,-1.535533,6,1
0.36,1.341279,6,1
0.4550236,4.457478,6,1
0.5042595,5.295984,6,1
0.5042595,5.295984,6,1
0.5042595,5.295984,6,1
0.5042595,5.295984,6,1
0.5042595,5.295984,6,1
0.5042595,5.295984,6,1
0.5042595,5.295984,6,1
0.5042595,5.295984,6,1
0.5042595,5.295984,6,1
0.5042595,5.295984,6,1
0.06472833,5.48889,6,1
-2.68511,6.688212,6,1
-5.543448,7.93893,6,1
-8.4004,9.192815,6,1
-11.25734,10.4467,6,1
-14.0044,11.65236,6,1
-16.85982,12.90969,6,1
-19.10995,14.69853,6,1
-20.28,17.35946,6,1
-20.28,20.47592,6,1
-22.21314,22.60271,6,1
-24.28554,24.91648,6,1
-26.12697,27.43509,6,1
-27.78098,29.93552,6,1
-29.36474,32.62357,6,1
-29.86739,35.67986,6,1
-30.0628,38.66882,6,1
-29.37869,41.71161,6,1
-28.1527,44.57395,6,1
-27.2868,47.559,6,1
-26.51192,50.56874,6,1
-24.84745,52.21343,6,1
-24.81499,55.3237,6,1
-24.59732,58.27139,6,1
-22.24812,60.17937,6,1
-22.07,60.29666,6,1
-22.41798,60.3889,6,1
-24.73753,60.79,6,1
-25.31602,60.79,6,1
-24.59858,60.15213,6,1
-22.51006,58.16958,6,1
-22.07,57.22,6,1
-22.84234,57.97491,6,1
-24.99206,60.06746,6,1
-25.76264,60.79,6,1
-25.76264,60.79,6,1
-25.76264,60.79,6,1
-25.55899,59.85185,6,1
-25.26624,56.87269,6,1
-25.22359,53.63292,6,1
-25.18474,50.63314,6,1
-25.88387,47.73323,6,1
-26.82446,44.75837,6,1
-27.72888,41.89791,6,1
-28.87767,39.49032,6,1
-30.04391,36.86028,6,1
-30.28,33.8823,6,1
-28.73996,31.24714,6,1
-26.51461,29.23524,6,1
-24.82118,26.65916,6,1
-22.78738,24.46381,6,1
-20.94174,22.10588,6,1
-20.15645,19.3781,6,1
-19.7311,16.40877,6,1
-18.42581,13.73356,6,1
-15.77465,12.26531,6,1
-12.97547,10.92746,6,1
-10.38122,9.420846,6,1
-7.683192,7.853967,6,1
-5.095851,6.336491,6,1
-2.746887,4.283889,6,1
-0.5209442,3.024116,6,1
0,0,7,1
-0.02607327,2.039812,7,1
-0.5209649,5.069902,7,1
-3.234432,6.186646,7,1
-6.237659,7.016949,7,1
-9.041216,8.084695,7,1
-11.95445,9.201604,7,1
-14.6046,10.56106,7,1
-16.86207,12.53196,7,1
-18.21427,14.05858,7,1
-19.24401,12.50366,7,1
-19.98442,13.5756,7,1
-20.11155,16.57069,7,1
-20.28,19.68277,7,1
-21.63643,22.10977,7,1
-24.6915,22.36854,7,1
-23.98878,24.56031,7,1
-21.07236,24.00915,7,1
-18.63906,25.681,7,1
-16.29441,27.73935,7,1
-14.03789,29.71623,7,1
-11.75016,31.65657,7,1
-10.27991,34.17691,7,1
-10.15985,37.17062,7,1
-10.3384,40.12306,7,1
-11.8457,40.95764,7,1
-11.28473,42.50745,7,1
-8.62486,43.02851,7,1
-9.044551,46.0835,7,1
-7.366785,48.68103,7,1
-5.621284,51.00494,7,1
-5.270054,53.71418,7,1
-4.718826,56.78124,7,1
-4.205829,58.75135,7,1
-4.205829,58.75135,7,1
-4.452727,58.49472,7,1
-4.839071,55.76831,7,1
-5.279998,52.81728,7,1
-5.879584,50.00202,7,1
-8.766669,49.55534,7,1
-11.8682,49.87907,7,1
-14.5258,50.94944,7,1
-14.80951,53.7867,7,1
-14.63435,56.89335,7,1
-16.75443,57.69257,7,1
-16.76544,57.53183,7,1
-13.6948,57.86639,7,1
-14.37635,57.05912,7,1
-14.6655,54.17058,7,1
-14.62775,51.17399,7,1
-12.95151,48.61006,7,1
-11.82978,45.71535,7,1
-11.28649,42.64302,7,1
-10.73392,39.57235,7,1
-9.970083,36.87057,7,1
-10.15633,33.89769,7,1
-12.02608,31.68223,7,1
-15.00166,31.98862,7,1
-18.09021,31.91053,7,1
-21.14467,31.28178,7,1
-24.10251,30.78494,7,1
-27.10327,31.48128,7,1
-29.43441,33.12074,7,1
-29.84661,36.06756,7,1
-29.71862,39.04533,7,1
-31.99186,40.66755,7,1
-33.83907,41.65733,7,1
-30.9384,42.05676,7,1
-28.95008,43.90756,7,1
-27.5658,46.56114,7,1
-26.17444,49.32459,7,1
-25.08887,51.91398,7,1
-24.7773,54.84204,7,1
-25.53679,57.841,7,1
-25.70485,58.01216,7,1
-25.70485,58.01216,7,1
-25.7855,57.2989,7,1
-24.9841,54.87909,7,1
-24.94851,51.88094,7,1
-26.98499,49.79088,7,1
-29.94183,49.29357,7,1
-32.86464,49.817,7,1
-34.81312,51.88442,7,1
-35.04339,54.87358,7,1
-35.92956,57.91631,7,1
-37.14037,58.25599,7,1
-37.14037,58.25599,7,1
-36.90271,58.2225,7,1
-34.64184,57.1133,7,1
-34.64,54.99361,7,1
-34.64,52.04061,7,1
-34.09161,48.99932,7,1
-32.10743,46.76166,7,1
-31.19399,43.79067,7,1
-30.75495,40.70208,7,1
-30.19368,37.95161,7,1
-29.97476,34.96416,7,1
-31.23965,32.44442,7,1
-33.46847,30.86108,7,1
-31.31789,29.44024,7,1
-28.22019,29.8127,7,1
-26.05783,28.38874,7,1
-24.50214,25.7576,7,1
-22.36485,23.49733,7,1
-20.66672,21.12655,7,1
-19.69792,18.32465,7,1
-19.75045,15.22375,7,1
-18.46305,12.71935,7,1
-15.40932,12.50216,7,1
-12.43587,12.16027,7,1
-9.44784,11.9161,7,1
-6.502435,12.3866,7,1
-3.349804,13.13004,7,1
-0.3687096,13.35911,7,1
1.888987,11.30024,7,1
4.329194,9.357494,7,1
7.034009,8.558938,7,1
9.944818,7.474209,7,1
12.81074,7.211918,7,1
16.04078,7.336044,7,1
17.85057,9.366308,7,1
18.62918,12.16586,7,1
19.79325,14.66683,7,1
19.75796,17.66638,7,1
20.02048,20.76162,7,1
22.43035,22.50164,7,1
25.33375,23.41572,7,1
26.93247,25.88269,7,1
28.71711,27.98378,7,1
29.45171,30.64359,7,1
29.72803,33.4108,7,1
30.00689,36.39493,7,1
30.67513,39.23732,7,1
32.6406,41.43248,7,1
33.67793,42.53564,7,1
33.67793,42.53564,7,1
33.67793,42.53564,7,1
33.74722,44.59864,7,1
35.71381,46.84243,7,1
35.14664,49.75999,7,1
34.77061,52.84925,7,1
34.90924,55.83806,7,1
35.36241,58.92498,7,1
35.61934,59.58177,7,1
35.61934,59.58177,7,1
35.61934,59.58177,7,1
35.61934,59.58177,7,1
34.13214,57.32643,7,1
35.03017,55.61254,7,1
35.05328,52.6184,7,1
34.60202,49.78034,7,1
31.66975,49.01779,7,1
28.79062,48.81808,7,1
26.56211,50.24451,7,1
25.23214,51.99652,7,1
25.35999,55.10553,7,1
26.16129,57.82032,7,1
25.16209,59.87191,7,1
24.41986,57.58872,7,1
25.71391,57.17812,7,1
25.97057,57.97726,7,1
26.82638,60.8276,7,1
27.92994,60.79,7,1
27.92994,60.79,7,1
27.92994,60.79,7,1
26.3696,58.57647,7,1
25.12135,55.81739,7,1
25.32942,52.79316,7,1
26.00727,50.16962,7,1
27.38747,47.37189,7,1
28.25236,44.5142,7,1
28.90919,41.46415,7,1
29.65309,38.77059,7,1
30.03911,35.69799,7,1
30.588,32.76841,7,1
31.40201,29.94988,7,1
28.85573,29.05025,7,1
26.06792,30.15759,7,1
23.10615,30.39555,7,1
19.98746,30.3059,7,1
16.8792,30.49505,7,1
14.04988,29.76113,7,1
12.12251,31.90485,7,1
11.44756,32.49999,7,1
10.06978,34.45396,7,1
9.774802,37.43936,7,1
11.25634,39.90017,7,1
10.03813,40.79418,7,1
8.047551,41.35803,7,1
10.61519,41.37138,7,1
11.11125,43.38392,7,1
9.114857,45.76773,7,1
6.967265,47.43633,7,1
6.357998,50.37177,7,1
5.17787,52.3615,7,1
5.245095,55.18067,7,1
5.191796,58.05795,7,1
3.714942,57.98119,7,1
3.714942,57.98119,7,1
5.320068,58.43753,7,1
7.929292,57.77151,7,1
7.005359,57.42614,7,1
5.02163,55.93601,7,1
4.72,52.96597,7,1
5.703568,50.06361,7,1
7.196347,47.32441,7,1
8.068937,44.33134,7,1
8.896976,41.44793,7,1
9.751007,38.47852,7,1
9.991157,35.61227,7,1
9.825526,32.86294,7,1
10.48203,30.02268,7,1
12.65672,27.95614,7,1
14.6279,25.63245,7,1
12.08031,24.08685,7,1
10.29517,25.22395,7,1
12.88862,26.38629,7,1
15.77252,25.87632,7,1
17.82126,23.52326,7,1
19.33597,21.11921,7,1
19.976,18.44252,7,1
19.71687,15.54296,7,1
19.31372,12.75499,7,1
22.2654,12.14575,7,1
20.07476,10.93848,7,1
17.1153,9.978069,7,1
14.2679,9.034892,7,1
11.45535,7.992769,7,1
8.517107,6.943434,7,1
5.698501,7.800742,7,1
3.468143,5.721842,7,1
0.935401,4.602645,7,1
0.02043376,1.642026,7,1
-0.2799999,0.496684,7,1
-0.03100467,3.558756,7,1
1.39109,6.058632,7,1
4.196306,7.424342,7,1
6.949407,7.937613,7,1
9.58598,9.368637,7,1
12.1969,10.84614,7,1
14.80659,12.32584,7,1
17.62,13.05932,7,1
19.57794,15.13715,7,1
19.88235,18.16811,7,1
19.66795,21.15874,7,1
17.99207,23.6854,7,1
15.80897,25.91442,7,1
13.73851,28.08504,7,1
11.86713,30.57727,7,1
10.31403,33.13068,7,1
10.23587,36.24173,7,1
9.711898,39.13894,7,1
8.140327,41.83163,7,1
6.948896,44.71487,7,1
5.960172,47.54587,7,1
5.314805,50.59171,7,1
4.91328,53.6858,7,1
4.708956,56.66,7,1
4.472897,59.29827,7,1
2.219018,58.29558,7,1
2.552088,57.95104,7,1
5.097351,59.10297,7,1
7.440934,57.5254,7,1
6.948027,57.45701,7,1
5.224431,55.83216,7,1
5.039184,52.85082,7,1
5.946419,50.01192,7,1
7.173941,47.14888,7,1
8.178764,44.32229,7,1
9.044315,41.45193,7,1
9.72204,38.61689,7,1
10.1875,35.65327,7,1
10.53893,32.70778,7,1
12.08536,30.0052,7,1
14.12987,27.80995,7,1
16.18938,25.62856,7,1
18.07118,23.29708,7,1
19.589,20.84833,7,1
19.75838,17.92691,7,1
19.63196,14.81944,7,1
17.51335,12.632,7,1
14.95706,11.06416,7,1
12.20793,9.588793,7,1
9.463705,9.176241,7,1
6.922224,8.386425,7,1
4.594388,6.628607,7,1
1.794282,5.940379,7,1
0.9654731,3.411366,7,1
0.1189454,0.744652,7,1
-0.003569081,2.133634,7,1
0.4559591,5.037164,7,1
2.815813,6.888988,7,1
5.642977,8.173527,7,1
8.522822,9.013682,7,1
11.26691,10.2199,7,1
14.08827,11.55192,7,1
16.90425,12.89529,7,1
19.37921,14.5433,7,1
20.29965,17.33756,7,1
19.71997,20.38272,7,1
18.53685,23.06964,7,1
16.46504,25.23933,7,1
14.38371,27.39989,7,1
12.38543,29.63721,7,1
10.77122,32.1517,7,1
10.15062,35.04891,7,1
9.722378,38.13485,7,1
8.920604,40.98723,7,1
7.564215,43.79689,7,1
6.440735,46.57159,7,1
5.536351,49.55758,7,1
5.319959,52.65105,7,1
5.153359,55.64581,7,1
5.690732,57.82848,7,1
5.308628,55.85377,7,1
4.980047,56.83725,7,1
6.811866,58.12851,7,1
7.672713,57.22,7,1
7.003569,57.42464,7,1
5.13388,56.32052,7,1
5.152977,53.32284,7,1
5.684036,50.27469,7,1
7.055875,47.47276,7,1
8.30422,44.61543,7,1
9.177041,41.62671,7,1
9.704455,38.67358,7,1
9.989306,35.57045,7,1
10.21832,32.57924,7,1
11.88581,30.04176,7,1
14.08946,27.83312,7,1
16.26086,25.59274,7,1
18.26698,23.36758,7,1
19.64098,20.78911,7,1
19.99039,17.71343,7,1
19.56251,14.76004,7,1
17.3587,12.63165,7,1
14.67324,11.29482,7,1
11.96102,10.01829,7,1
9.05493,8.882977,7,1
6.150669,7.742989,7,1
3.377521,6.599173,7,1
0.9551427,4.695845,7,1
0.1155309,1.732742,7,1
-0.2799999,-0.213398,7,1
-0.2799999,1.929588,7,1
0.1383119,4.984558,7,1
1.950023,6.951339,7,1
4.975767,7.691844,7,1
7.82584,8.628378,7,1
10.78291,9.623471,7,1
13.62614,10.58058,7,1
16.46195,11.55871,7,1
18.81679,13.54725,7,1
19.91407,16.40275,7,1
20.22103,19.36758,7,1
19.08799,22.1217,7,1
16.95506,24.39774,7,1
14.83957,26.69099,7,1
12.83983,28.92659,7,1
11.10863,31.51992,7,1
10.36,34.15359,7,1
10.36,37.26258,7,1
9.665968,40.15759,7,1
8.177301,42.89043,7,1
6.90289,45.73668,7,1
5.904782,48.56577,7,1
5.173036,51.4632,7,1
4.957418,54.57573,7,1
5.420237,57.37006,7,1
7.929992,57.22071,7,1
6.948341,57.45785,7,1
5.359999,55.78895,7,1
5.270988,52.81228,7,1
5.778069,49.88211,7,1
6.885014,47.09385,7,1
7.959421,44.29301,7,1
9.042471,41.36713,7,1
9.751292,38.47303,7,1
10.34544,35.41013,7,1
10.56705,32.47414,7,1
12.15357,29.8446,7,1
14.39445,27.67385,7,1
16.38888,25.30003,7,1
17.29692,22.72604,7,1
14.42402,21.58008,7,1
13.65668,21.31,7,1
16.50039,21.31,7,1
19.07307,21.38955,7,1
20.02079,18.66887,7,1
19.72006,15.46065,7,1
17.6328,13.52467,7,1
14.84929,12.4061,7,1
11.94943,11.26245,7,1
9.214419,9.761072,7,1
6.568865,8.346507,7,1
3.956341,6.87268,7,1
1.66578,4.954497,7,1
0.3226742,2.379898,7,1
-0.3687941,-0.3738964,7,1
-0.1052437,1.856505,7,1
1.044593,4.600477,7,1
3.315411,6.549443,7,1
5.880416,8.313987,7,1
8.726328,9.592716,7,1
11.60573,9.752985,7,1
14.53335,9.169541,7,1
17.43871,9.563193,7,1
18.39174,12.39538,7,1
19.41301,15.07306,7,1
20.06158,17.65202,7,1
19.68205,20.73157,7,1
17.81282,23.21705,7,1
15.87288,25.50542,7,1
13.91059,27.9307,7,1
12.01728,30.41056,7,1
10.67442,32.92357,7,1
9.759499,35.80373,7,1
9.660293,38.83095,7,1
8.748962,41.68089,7,1
7.457338,44.52097,7,1
6.175474,47.36539,7,1
5.416126,50.37236,7,1
5.033523,53.46881,7,1
4.720004,56.56617,7,1
6.184358,58.53804,7,1
7.929999,57.22,7,1
5.995079,57.54727,7,1
4.809987,55.06006,7,1
5.359557,52.02713,7,1
6.282778,49.11959,7,1
7.679611,46.46671,7,1
8.788845,43.55257,7,1
9.50068,40.63848,7,1
9.959226,37.6748,7,1
10.23936,34.56754,7,1
11.18065,31.66111,7,1
13.21064,29.29346,7,1
15.27979,26.9583,7,1
17.25137,24.69722,7,1
18.99945,22.11731,7,1
19.89422,19.46388,7,1
20.27509,16.49305,7,1
18.48439,14.10837,7,1
15.97997,12.46402,7,1
13.19702,11.05558,7,1
10.46397,9.55095,7,1
7.848371,8.081845,7,1
5.242789,6.59532,7,1
2.467179,4.923913,7,1
0.3963671,2.810458,7,1
0,0,8,1
0,0,8,1
0,0,8,1
0,0,8,1
0,0,8,1
0,0,8,1
0,0,8,1
0,0,8,1
0,0,8,1
0,0,8,1
0,0,8,1
0,0,8,1
0,0,8,1
0,0,8,1
0,0,8,1
0,0,8,1
0,0,8,1
0,0,8,1
0,0,8,1
-0.2799996,2.367583,8,1
-1.138388,5.304083,8,1
-1.224125,5.388042,8,1
-4.037462,6.712272,8,1
-7.02076,6.957995,8,1
-10.14073,6.961441,8,1
-13.09718,7.235853,8,1
-15.39693,9.319369,8,1
-17.575,11.38234,8,1
-19.60008,13.7165,8,1
-20.03233,16.67484,8,1
-20.25274,19.90734,8,1
-18.90079,22.14112,8,1
-18.90079,22.14112,8,1
-18.90079,22.14112,8,1
-19.48833,22.26279,8,1
-22.54125,22.90592,8,1
-25.45122,23.63229,8,1
-27.13233,26.04967,8,1
-28.24287,28.94411,8,1
-29.94947,31.11188,8,1
-30.03598,31.82666,8,1
-30.28,34.80497,8,1
-30.06122,36.57092,8,1
-30.13053,36.92418,8,1
-30.39477,39.1616,8,1
-30.39477,39.1616,8,1
-30.39477,39.1616,8,1
-30.39477,39.1616,8,1
-28.74685,39.86368,8,1
-28.53901,39.98368,8,1
-29.26272,41.36389,8,1
-31.07835,43.74695,8,1
-33.11704,46.10878,8,1
-34.82751,48.70811,8,1
-35.05658,50.81938,8,1
-34.89965,53.8148,8,1
-34.90691,55.73475,8,1
-34.91413,55.85453,8,1
-35.00801,57.41169,8,1
-35.00801,57.41169,8,1
-34.11591,57.35195,8,1
-34.11591,57.35195,8,1
-34.11591,57.35195,8,1
-34.11591,57.35195,8,1
-34.11591,57.35195,8,1
-34.11591,57.35195,8,1
-34.82947,54.74059,8,1
-34.81443,51.65213,8,1
-34.51632,51.1385,8,1
-32.57626,50.49916,8,1
-29.76411,50.5141,8,1
-26.78376,50.52913,8,1
-26.19683,50.50546,8,1
-26.19683,50.50546,8,1
-25.13416,52.01394,8,1
-25.27965,53.07943,8,1
-25.28,56.15884,8,1
-25.31994,56.8708,8,1
-25.62718,56.992,8,1
-26.85413,57.66356,8,1
-26.85413,57.66356,8,1
-26.85413,57.66356,8,1
-26.18131,57.91983,8,1
-25.09818,58.43579,8,1
-25.09818,58.43579,8,1
-24.93273,57.12621,8,1
-24.64,54.03567,8,1
-24.80716,51.05436,8,1
-25.58875,48.20134,8,1
-28.0455,46.29004,8,1
-29.95606,44.14406,8,1
-29.28992,41.10913,8,1
-29.65315,38.39866,8,1
-29.64,35.39921,8,1
-29.29614,32.48515,8,1
-26.48243,32.22453,8,1
-23.52764,32.58459,8,1
-20.54337,32.28003,8,1
-17.44046,31.95392,8,1
-14.33755,31.62786,8,1
-11.82642,31.46358,8,1
-11.82642,31.46358,8,1
-11.82642,31.46358,8,1
-10.21263,33.46981,8,1
-10.20386,35.1498,8,1
-10.18254,38.26971,8,1
-10.25836,38.48114,8,1
-11.45395,40.05386,8,1
-11.45395,40.05386,8,1
-11.45395,40.05386,8,1
-11.45395,40.05386,8,1
-11.71921,40.85088,8,1
-12.85553,43.7557,8,1
-14.15837,46.59061,8,1
-15.06366,49.55926,8,1
-15.2799,52.67038,8,1
-15.28,55.66587,8,1
-15.3339,57.58304,8,1
-15.3339,57.58304,8,1
-15.3339,57.58304,8,1
-15.3339,57.58304,8,1
-15.3339,57.58304,8,1
-15.2341,55.31288,8,1
-14.64097,52.42836,8,1
-13.57847,49.86514,8,1
-10.53159,49.92888,8,1
-7.535168,50.49309,8,1
-4.931205,51.34113,8,1
-4.64,54.11935,8,1
-5.284174,56.95214,8,1
-6.049082,57.51188,8,1
-6.049082,57.51188,8,1
-6.049082,57.51188,8,1
-5.17922,56.25312,8,1
-4.64,53.3565,8,1
-4.877341,50.26748,8,1
-5.61647,47.36069,8,1
-6.593398,44.53531,8,1
-8.262981,41.8996,8,1
-9.763778,39.18197,8,1
-9.675812,36.20523,8,1
-9.617552,33.22318,8,1
-7.705846,31.37443,8,1
-7.23401,31.4587,8,1
-7.23401,31.4587,8,1
-8.166362,31.22999,8,1
-11.07927,30.51247,8,1
-13.98886,29.78153,8,1
-16.89846,29.05058,8,1
-19.92591,28.2962,8,1
-21.08335,26.46497,8,1
-19.42644,24.03166,8,1
-19.56606,20.92242,8,1
-19.89147,17.95376,8,1
-20.17371,14.96705,8,1
-20.24145,14.25024,8,1
-18.09281,14.17083,8,1
-15.16501,13.51936,8,1
-12.24605,12.82673,8,1
-9.093573,12.07869,8,1
-7.3422,11.66311,8,1
-7.3422,11.66311,8,1
-9.621818,11.70482,8,1
-12.74129,11.7619,8,1
-14.42001,10.05803,8,1
-12.30834,7.892109,8,1
-9.455974,6.64104,8,1
-6.527756,5.990792,8,1
-3.47592,5.342203,8,1
-0.410764,5.133592,8,1
2.430879,6.095309,8,1
5.396863,7.06341,8,1
8.250877,7.987857,8,1
11.22066,8.94432,8,1
14.19045,9.900783,8,1
16.94684,11.30209,8,1
19.14177,13.51716,8,1
19.72,16.44486,8,1
19.72,19.48614,8,1
19.3846,22.05922,8,1
19.3846,22.05922,8,1
19.3846,22.05922,8,1
20.14743,22.41092,8,1
22.87184,23.667,8,1
25.70522,24.97333,8,1
27.61537,27.14034,8,1
28.80227,30.02575,8,1
29.97256,32.91788,8,1
29.71986,35.89433,8,1
29.8601,38.87362,8,1
31.88445,39.99703,8,1
31.88445,39.99703,8,1
31.88445,39.99703,8,1
32.52884,41.14903,8,1
33.67044,44.05066,8,1
34.44269,47.0564,8,1
34.54435,50.05461,8,1
34.78133,53.06584,8,1
34.86763,56.06458,8,1
34.87454,56.30447,8,1
35.29333,56.53903,8,1
36.70338,57.82892,8,1
36.70338,57.82892,8,1
36.70338,57.82892,8,1
36.70338,57.82892,8,1
36.70338,57.82892,8,1
35.69206,57.22747,8,1
34.78906,56.44427,8,1
34.75712,53.44476,8,1
34.1774,50.65786,8,1
31.84291,50.73473,8,1
30.76386,50.68945,8,1
27.91713,49.92706,8,1
26.45441,50.39952,8,1
25.42529,51.1598,8,1
25.08141,53.64964,8,1
24.84685,55.67614,8,1
25.94618,57.4487,8,1
26.18868,57.71476,8,1
26.18868,57.71476,8,1
26.18868,57.71476,8,1
25.45957,56.8112,8,1
24.81828,53.90611,8,1
24.76543,50.93506,8,1
25.65058,47.94609,8,1
26.96595,45.2612,8,1
28.75336,42.70399,8,1
29.60886,39.762,8,1
29.73142,36.8318,8,1
29.72016,33.71223,8,1
28.23322,31.20049,8,1
25.17046,30.62581,8,1
22.19678,30.23294,8,1
19.09476,29.89855,8,1
15.87343,29.55129,8,1
12.88965,29.26457,8,1
10.96146,30.59638,8,1
10.66957,32.37255,8,1
10.04786,35.32724,8,1
9.72,38.29543,8,1
10.61197,39.42547,8,1
12.05233,40.65659,8,1
13.49758,41.036,8,1
14.63918,43.93427,8,1
15.28434,46.86162,8,1
15.82851,49.93285,8,1
15.16789,52.522,8,1
14.72001,55.59818,8,1
14.60056,57.4947,8,1
15.17602,57.32492,8,1
17.02565,57.85464,8,1
17.02565,57.85464,8,1
16.78566,57.85338,8,1
14.02994,57.965,8,1
14.02994,57.965,8,1
13.95861,57.49044,8,1
15.06428,55.17313,8,1
14.83814,52.06212,8,1
13.29827,49.83926,8,1
10.18539,49.9989,8,1
7.192902,50.21093,8,1
4.755219,51.88559,8,1
4.758792,54.58829,8,1
5.763749,57.32184,8,1
5.231825,59.55974,8,1
2.731117,58.55782,8,1
4.118781,57.3567,8,1
5.36,56.00827,8,1
5.36,56.00827,8,1
5.834938,57.93489,8,1
6.25393,58.51205,8,1
7.739327,58.03709,8,1
7.93,57.51138,8,1
7.93,57.51138,8,1
7.546749,57.22,8,1
7.660088,58.05231,8,1
7.929978,60.309,8,1
7.929978,60.309,8,1
7.93,58.15073,8,1
7.93,57.22,8,1
7.93,58.89144,8,1
7.93,60.61013,8,1
7.815875,60.57305,8,1
5.113603,59.33257,8,1
4.580702,58.15001,8,1
4.918332,55.41076,8,1
5.307724,52.19427,8,1
5.626997,49.21595,8,1
7.773628,47.1166,8,1
10.0297,45.06688,8,1
10.82499,42.07614,8,1
10.28045,39.13314,8,1
10.15388,36.15195,8,1
10.38889,33.04563,8,1
12.20335,30.81361,8,1
15.02456,29.48135,8,1
17.74608,28.21927,8,1
19.22957,25.5156,8,1
20.00513,22.63364,8,1
20.12272,19.63628,8,1
20.2014,16.63731,8,1
20.22973,15.55768,8,1
20.35644,12.44033,8,1
20.36713,12.20057,8,1
20.36713,12.20057,8,1
20.36713,12.20057,8,1
20.36713,12.20057,8,1
20.36713,12.20057,8,1
19.79412,12.02262,8,1
17.16559,10.37094,8,1
14.76117,8.576855,8,1
11.86602,7.454159,8,1
8.916801,7.648173,8,1
5.903069,8.455522,8,1
3.435653,7.352961,8,1
1.512411,4.896325,8,1
0.2753139,2.213249,8,1
0.2323825,1.135085,8,1
0.2683153,-1.144631,8,1
0.2683153,-1.144631,8,1
0.2683153,-1.144631,8,1
0.3424392,-0.1904013,8,1
0.4229577,2.819671,8,1
2.344454,5.10492,8,1
5.203584,6.011271,8,1
8.168058,6.977241,8,1
10.96817,8.353031,8,1
13.64212,9.713177,8,1
16.37341,11.221,8,1
18.71922,13.06372,8,1
19.89311,15.84477,8,1
19.72,18.93362,8,1
20.16466,21.86229,8,1
22.03715,24.33691,8,1
24.25535,26.34997,8,1
26.72672,28.25365,8,1
28.78858,30.3909,8,1
29.64631,33.24326,8,1
29.91291,36.32577,8,1
30.03117,39.32343,8,1
30.0547,39.92296,8,1
30.0547,39.92296,8,1
30.40053,40.94585,8,1
31.53547,43.85208,8,1
32.63474,46.64342,8,1
33.739,49.43283,8,1
35.02291,52.14164,8,1
34.96327,55.23497,8,1
34.63319,57.49094,8,1
34.63319,57.49094,8,1
34.63319,57.49094,8,1
34.63319,57.49094,8,1
34.63319,57.49094,8,1
34.63319,57.49094,8,1
34.72,54.67976,8,1
34.72,51.61685,8,1
34.33557,49.62333,8,1
34.33557,49.62333,8,1
34.21559,49.62553,8,1
31.0957,49.6395,8,1
28.09577,49.61607,8,1
26.17582,49.60087,8,1
24.97663,49.64478,8,1
24.9829,49.76461,8,1
25.14319,52.88046,8,1
25.28244,55.99727,8,1
25.3232,57.19658,8,1
25.3232,57.19658,8,1
27.2949,57.57566,8,1
27.2949,57.57566,8,1
27.2949,57.57566,8,1
27.2949,57.57566,8,1
27.2949,57.57566,8,1
27.2949,57.57566,8,1
27.2949,57.57566,8,1
27.2949,57.57566,8,1
25.78244,57.44545,8,1
25.34477,57.25605,8,1
24.90193,56.16842,8,1
24.78291,54.98061,8,1
24.85597,51.86143,8,1
25.69554,49.07805,8,1
28.46523,47.92689,8,1
29.59692,45.39998,8,1
29.70094,42.29066,8,1
30.45846,39.39178,8,1
30.36,36.37636,8,1
30.36127,33.25679,8,1
30.67152,31.05794,8,1
30.67152,31.05794,8,1
30.67152,31.05794,8,1
30.67152,31.05794,8,1
30.67152,31.05794,8,1
30.67152,31.05794,8,1
30.67152,31.05794,8,1
30.67152,31.05794,8,1
30.67152,31.05794,8,1
30.67152,31.05794,8,1
28.30894,30.71174,8,1
25.30931,30.66381,8,1
22.30967,30.61651,8,1
19.19005,30.56731,8,1
16.19041,30.52001,8,1
13.07076,30.48841,8,1
11.27097,30.51656,8,1
11.27097,30.51656,8,1
11.09324,30.67784,8,1
10.24156,31.52275,8,1
10.14421,32.7188,8,1
9.903023,35.70911,8,1
9.700531,38.81896,8,1
9.651855,39.41699,8,1
10.52624,40.04613,8,1
12.12277,42.70092,8,1
13.15153,45.64521,8,1
14.0214,48.64113,8,1
14.74932,51.53242,8,1
14.72,54.61198,8,1
14.58319,57.31979,8,1
14.58319,57.31979,8,1
14.58319,57.31979,8,1
14.58319,57.31979,8,1
15.18352,58.88576,8,1
15.18352,58.88576,8,1
15.25367,58.4109,8,1
15.36,55.43541,8,1
15.36,52.466,8,1
14.4994,49.63915,8,1
11.74789,48.5843,8,1
8.631581,48.46258,8,1
5.933484,49.85454,8,1
4.72,52.3311,8,1
4.72,55.45045,8,1
4.812776,57.35501,8,1
4.812776,57.35501,8,1
4.812776,57.35501,8,1
6.295897,57.83866,8,1
7.104117,58.06666,8,1
7.104117,58.06666,8,1
7.93,57.22,8,1
6.901901,57.8389,8,1
4.893651,60.003,8,1
4.841699,60.11117,8,1
5.196576,57.49643,8,1
5.36,54.5356,8,1
5.36,51.4319,8,1
6.508938,48.57707,8,1
8.521628,46.35287,8,1
10.20372,43.77212,8,1
10.70841,40.69332,8,1
10.30111,37.93652,8,1
10.07279,34.82488,8,1
9.915405,31.71096,8,1
11.14379,28.90149,8,1
12.03538,27.92831,8,1
12.03538,27.92831,8,1
12.03538,27.92831,8,1
13.52693,27.47547,8,1
16.34634,26.18352,8,1
18.62927,24.64537,8,1
18.65698,24.52861,8,1
19.40012,21.37499,8,1
20.19922,18.57533,8,1
20.29354,15.85828,8,1
20.10292,14.91739,8,1
20.0717,12.46247,8,1
20.0717,12.46247,8,1
20.0717,12.46247,8,1
20.0717,12.46247,8,1
18.52424,11.13319,8,1
16.2615,9.370309,8,1
13.18396,9.260456,8,1
10.19479,9.506228,8,1
7.263224,8.939414,8,1
4.376583,7.802562,8,1
1.921296,5.89429,8,1
0.3512121,3.378972,8,1
0.1069551,0.3944525,8,1
0.1144772,0.6343362,8,1
-0.3904421,3.575429,8,1
-2.466986,3.385689,8,1
0.3951773,4.284498,8,1
3.314321,5.365117,8,1
5.86193,6.948643,8,1
8.497843,8.376494,8,1
11.32119,9.70425,8,1
14.04223,10.96754,8,1
16.87211,12.28135,8,1
19.34662,14.28835,8,1
20.07436,17.15767,8,1
19.94507,20.24969,8,1
18.01249,22.80822,8,1
15.72157,24.92607,8,1
13.41377,27.02571,8,1
11.19751,29.21581,8,1
10.11845,31.97312,8,1
10.22058,35.0881,8,1
10.3242,38.2014,8,1
9.104394,41.04745,8,1
7.537257,43.60562,8,1
5.969584,46.16347,8,1
4.839271,49.05081,8,1
4.742354,52.13131,8,1
4.781407,55.1311,8,1
4.809865,56.93087,8,1
4.809865,56.93087,8,1
7.464097,57.68452,8,1
7.93,57.59874,8,1
7.93,57.59874,8,1
5.139299,58.07267,8,1
4.704201,57.8787,8,1
4.594043,56.81629,8,1
4.74299,53.84428,8,1
4.98899,50.85723,8,1
6.054056,48.06841,8,1
7.456132,45.2812,8,1
8.8582,42.49398,8,1
10.00663,39.61058,8,1
10.03466,36.61555,8,1
9.912395,33.49796,8,1
10.66959,30.58553,8,1
12.85469,28.54595,8,1
15.28186,26.78275,8,1
17.79952,24.94024,8,1
19.37785,22.32091,8,1
19.80433,19.37105,8,1
19.93677,16.25388,8,1
19.73979,13.33411,8,1
17.41199,11.44839,8,1
14.50559,10.33422,8,1
11.4839,9.557183,8,1
8.461969,8.781058,8,1
5.44005,8.004933,8,1
2.631869,7.000723,8,1
0.9210335,4.647042,8,1
0.3078613,1.850712,8,1
0.1905764,-0.185914,8,1
0.1905764,-0.185914,8,1
0.2150239,0.5336707,8,1
0.3219125,3.531764,8,1
1.74833,6.120906,8,1
4.1157,7.952188,8,1
6.950823,9.254594,8,1
9.681698,10.49649,8,1
12.5218,11.78807,8,1
15.25267,13.02997,8,1
18.0928,14.32154,8,1
20.1273,16.34308,8,1
20.24848,19.33826,8,1
18.76944,21.93455,8,1
16.43373,23.81721,8,1
14.00376,25.77418,8,1
11.62493,27.7832,8,1
10.48728,30.67992,8,1
10.35782,33.65446,8,1
10.36,36.7661,8,1
9.654506,39.62442,8,1
8.14546,42.35517,8,1
6.693133,44.98016,8,1
5.302717,47.76621,8,1
5.150246,50.73394,8,1
5.359922,53.72533,8,1
5.369093,56.71672,8,1
5.496399,58.3919,8,1
5.496399,58.3919,8,1
7.875445,57.56097,8,1
7.93,57.22,8,1
7.93,57.22,8,1
6.931889,57.46741,8,1
5.12797,56.95275,8,1
5.32875,54.20003,8,1
5.39428,51.21459,8,1
6.46996,48.42547,8,1
8.108891,45.63062,8,1
9.587506,43.02175,8,1
10.22255,39.87019,8,1
10.36,36.75488,8,1
10.36,33.75938,8,1
11.07215,30.92166,8,1
13.48129,28.97113,8,1
14.89272,28.05995,8,1
14.89272,28.05995,8,1
14.89272,28.05995,8,1
16.47606,25.65928,8,1
18.2905,23.12115,8,1
19.74647,20.53327,8,1
20.07147,17.43611,8,1
19.31595,14.57956,8,1
16.74459,13.03973,8,1
14.03054,11.5008,8,1
11.42088,10.02105,8,1
8.706833,8.482119,8,1
5.992779,6.943184,8,1
3.278723,5.404249,8,1
0.7823716,3.76517,8,1
0.458688,2.807068,8,1
-0.1089836,-0.1088583,8,1
-0.1089836,-0.1088583,8,1
-0.1089836,-0.1088583,8,1
-0.2799815,1.556425,8,1
0.08991969,4.591168,8,1
2.011298,6.88248,8,1
4.498551,8.693597,8,1
7.408668,9.818338,8,1
10.21214,10.88631,8,1
13.12774,11.997,8,1
15.93121,13.06497,8,1
18.70299,14.19879,8,1
20.35954,16.692,8,1
20.34648,19.6709,8,1
18.94226,22.41604,8,1
16.95847,24.82399,8,1
14.96651,27.06504,8,1
12.86665,29.36667,8,1
11.07813,31.92307,8,1
10.09284,34.7132,8,1
9.728379,37.81185,8,1
8.950807,40.78047,8,1
7.533213,43.4244,8,1
6.058635,46.17392,8,1
4.893281,49.05307,8,1
4.798594,52.16954,8,1
4.782631,55.16951,8,1
5.122251,57.71984,8,1
7.931003,57.37332,8,1
7.93,57.72482,8,1
6.652502,60.36878,8,1
5.577359,60.78984,8,1
5.577359,60.78984,8,1
5.514049,60.55834,8,1
4.800187,57.52189,8,1
4.72,54.56776,8,1
5.069532,51.48299,8,1
5.937139,48.61131,8,1
7.157793,45.75306,8,1
8.775285,43.22647,8,1
10.20026,40.59847,8,1
10.36,37.57753,8,1
10.36,34.58204,8,1
10.58762,31.50268,8,1
12.42442,29.13932,8,1
14.82931,27.15982,8,1
17.1951,25.31508,8,1
19.23604,22.99066,8,1
19.88375,20.08922,8,1
20.00869,16.97172,8,1
19.32624,14.03466,8,1
16.74685,12.52534,8,1
13.9128,11.22095,8,1
11.17228,10.00051,8,1
8.43175,8.780066,8,1
5.581603,7.510807,8,1
2.731453,6.241549,8,1
0.4645329,4.200631,8,1
-0.2800002,1.355836,8,1
0,0,9,1
0,0,9,1
0,0,9,1
0.0106779,0.2397623,9,1
0.09390903,2.997728,9,1
0.09390903,2.997728,9,1
-0.1234305,5.434477,9,1
2.231905,6.471545,9,1
5.180961,5.931027,9,1
8.271888,5.506356,9,1
11.3596,5.05866,9,1
14.33557,4.992356,9,1
17.1993,5.882908,9,1
20.27191,5.533782,9,1
23.20887,4.922038,9,1
26.26722,4.305688,9,1
29.34692,3.910146,9,1
32.39227,4.581226,9,1
34.33139,6.380975,9,1
35.19106,9.379332,9,1
33.16825,11.25555,9,1
30.06891,11.6132,9,1
27.13465,12.22889,9,1
25.03173,12.72213,9,1
22.51397,13.51017,9,1
21.54414,14.50197,9,1
20.03335,14.64191,9,1
19.72628,17.61501,9,1
19.94382,19.52261,9,1
20.9223,21.39209,9,1
22.98706,21.35307,9,1
23.55969,21.31002,9,1
24.31664,21.37313,9,1
27.40133,21.81736,9,1
30.39468,21.62592,9,1
33.32959,21.78373,9,1
35.40956,23.97585,9,1
36.21178,26.86445,9,1
35.50879,29.78686,9,1
34.58084,30.03289,9,1
31.7748,31.02349,9,1
30.94771,31.5079,9,1
30.40678,33.09365,9,1
29.72251,35.92278,9,1
29.98827,37.82355,9,1
30.64924,39.09075,9,1
31.50802,39.70105,9,1
31.50802,39.70105,9,1
31.50802,39.70105,9,1
31.50802,39.70105,9,1
33.62288,41.28113,9,1
34.74845,43.99324,9,1
35.34489,46.65721,9,1
35.12167,47.95645,9,1
35.12167,47.95645,9,1
34.53188,48.31961,9,1
34.59153,51.18855,9,1
34.86152,54.22194,9,1
34.83702,55.78173,9,1
34.9387,57.55334,9,1
35.00371,58.39157,9,1
35.00371,58.39157,9,1
35.00371,58.39157,9,1
35.00371,58.39157,9,1
35.00371,58.39157,9,1
35.14979,57.44328,9,1
35.29588,54.44698,9,1
35.2047,51.46714,9,1
32.52268,50.10804,9,1
30.9777,49.93045,9,1
28.45134,50.61508,9,1
25.72219,50.67637,9,1
25.349,51.68708,9,1
25.36,54.68699,9,1
25.12472,56.21968,9,1
25.69828,57.84982,9,1
25.18664,59.28534,9,1
25.18664,59.28534,9,1
26.23261,58.48118,9,1
27.49325,57.79,9,1
27.49325,57.79,9,1
27.49325,57.79,9,1
25.93937,57.92677,9,1
25.64002,57.08094,9,1
25.10308,54.24617,9,1
25.3597,51.15426,9,1
26.49352,48.2606,9,1
28.23372,45.81796,9,1
29.09422,42.82859,9,1
29.67181,39.8847,9,1
30.1247,36.79868,9,1
30.18907,33.83909,9,1
29.09654,31.04704,9,1
26.51488,29.47127,9,1
24.15466,27.53123,9,1
22.22771,25.23192,9,1
21.17135,22.32324,9,1
20.14713,19.73748,9,1
20.20168,16.63389,9,1
20.32177,13.65546,9,1
19.30059,13.07146,9,1
16.5466,11.60542,9,1
13.67655,10.40401,9,1
10.8115,9.514329,9,1
7.946448,8.624646,9,1
5.136063,7.59119,9,1
2.527732,5.958511,9,1
1.537437,4.923419,9,1
0.3194038,2.17184,9,1
0.2858191,1.572821,9,1
0.02152523,-0.07992898,9,1
-0.1896542,0.35112,9,1
-0.1569746,3.323351,9,1
1.625072,5.347652,9,1
4.536576,6.070943,9,1
7.564544,6.823165,9,1
10.47762,7.540047,9,1
13.36479,8.347177,9,1
16.16041,9.435523,9,1
18.02201,11.88969,9,1
19.32003,14.58302,9,1
20.36,17.29412,9,1
19.95989,20.2621,9,1
21.27064,23.00558,9,1
23.38455,25.13379,9,1
25.59646,27.33425,9,1
27.72286,29.45051,9,1
29.04401,32.26965,9,1
30.10093,34.96643,9,1
29.95169,38.08282,9,1
28.56714,40.69987,9,1
26.994,43.37212,9,1
26.32182,46.29174,9,1
25.72107,49.35339,9,1
25.14343,52.29729,9,1
24.98537,55.40512,9,1
26.41347,57.56797,9,1
27.0476,57.47134,9,1
26.92793,57.4677,9,1
24.41485,56.9576,9,1
24.80787,55.63273,9,1
25.12439,52.52885,9,1
25.80694,49.63556,9,1
27.17651,46.96647,9,1
28.55252,44.30067,9,1
27.91084,41.56077,9,1
27.60105,39.69011,9,1
28.82743,39.70858,9,1
30.26378,38.74104,9,1
30.317,35.7454,9,1
29.42503,32.7941,9,1
27.49188,30.51806,9,1
25.37884,28.38848,9,1
23.25955,26.10319,9,1
21.40907,23.74312,9,1
20.15646,21.05522,9,1
20.36,17.96424,9,1
19.9073,14.90386,9,1
17.8979,12.71273,9,1
15.30027,11.00395,9,1
12.59681,9.703938,9,1
9.687538,8.576992,9,1
6.88683,7.50182,9,1
3.862058,6.340633,9,1
1.569014,5.311536,9,1
1.204099,4.042977,9,1
0.01502889,1.414939,9,1
-0.2835387,0.3770286,9,1
-0.2799999,-0.3149114,9,1
-0.2799999,1.591156,9,1
1.177208,4.015471,9,1
3.832669,5.163918,9,1
6.951205,5.259487,9,1
9.850413,5.834711,9,1
12.69343,7.119847,9,1
15.34272,8.746796,9,1
17.68261,10.80812,9,1
19.11653,13.503,9,1
19.96137,16.31382,9,1
20.01005,19.3083,9,1
21.12576,22.15173,9,1
23.42509,24.07762,9,1
25.67247,26.22292,9,1
27.3782,28.83526,9,1
29.36873,31.06963,9,1
29.97337,34.10677,9,1
30.26358,37.21123,9,1
30.69324,40.14998,9,1
30.21024,42.98436,9,1
28.53348,45.47107,9,1
26.82774,47.93899,9,1
25.54617,50.74766,9,1
25.36,53.67065,9,1
25.36,56.58397,9,1
26.98815,57.54156,9,1
27.08605,57.37454,9,1
24.39075,57.23976,9,1
24.7658,55.96011,9,1
24.84157,52.84227,9,1
25.13912,49.88361,9,1
26.812,47.25384,9,1
28.00576,44.52145,9,1
28.82075,41.63427,9,1
29.63258,38.7921,9,1
29.78907,35.83721,9,1
29.48643,32.78362,9,1
27.84164,30.33904,9,1
25.22644,28.64026,9,1
22.88796,26.62933,9,1
20.91191,24.21489,9,1
20.02947,21.46006,9,1
20.35994,18.36061,9,1
19.97478,15.42793,9,1
18.05338,13.17374,9,1
15.38992,11.55451,9,1
12.49442,10.77075,9,1
9.478583,9.971328,9,1
6.86749,8.566582,9,1
4.343417,6.732605,9,1
1.819349,4.898628,9,1
0.1805165,2.392378,9,1
-0.2792876,0.6662251,9,1
-0.2792876,0.6662251,9,1
-0.2023633,3.03988,9,1
2.223234,4.73029,9,1
5.19816,5.66695,9,1
8.187311,6.561015,9,1
11.06149,7.420693,9,1
13.91563,8.33588,9,1
16.28123,10.12151,9,1
18.36882,12.44019,9,1
19.77574,15.19191,9,1
19.72,18.09065,9,1
20.15819,21.15432,9,1
21.98058,23.5061,9,1
24.00533,25.71977,9,1
26.11106,28.02198,9,1
28.2168,30.3242,9,1
29.64714,32.90366,9,1
29.72005,36.01121,9,1
29.69123,39.00628,9,1
28.9441,41.85984,9,1
27.57137,44.66164,9,1
26.39439,47.41833,9,1
25.44033,50.38776,9,1
25.0569,53.35971,9,1
24.90392,55.99458,9,1
24.90392,55.99458,9,1
24.66726,57.41741,9,1
24.98171,58.24127,9,1
27.57577,57.84057,9,1
27.57577,57.84057,9,1
25.93843,57.41525,9,1
24.72,54.81324,9,1
24.84061,51.94426,9,1
25.90144,49.14657,9,1
27.16314,46.293,9,1
28.37631,43.54919,9,1
29.359,40.72616,9,1
29.86192,37.77338,9,1
30.27904,34.68755,9,1
29.27698,31.64614,9,1
27.59799,29.33045,9,1
25.03852,27.34417,9,1
22.67603,25.49558,9,1
21.06849,23.13188,9,1
20.12588,20.31716,9,1
20.36,17.21885,9,1
19.2277,14.5396,9,1
16.67595,12.88967,9,1
13.818,11.97745,9,1
10.84574,11.02875,9,1
7.958674,9.8477,9,1
5.279193,8.502025,9,1
2.707033,6.780136,9,1
0.7246637,4.52853,9,1
0.2011074,3.098624,9,1
0.3599999,1.047358,9,1
-0.2800267,0.2244458,9,1
-0.2799999,8.23E-05,9,1
-0.1072348,2.032081,9,1
1.480614,4.287596,9,1
4.46849,5.176392,9,1
7.378078,5.907372,9,1
10.26964,6.701139,9,1
13.11133,7.986789,9,1
15.83426,9.491187,9,1
18.05782,11.50448,9,1
19.41747,14.09626,9,1
19.88815,17.1297,9,1
20.00477,20.23815,9,1
18.52402,22.71582,9,1
16.07467,24.83105,9,1
17.38302,26.74953,9,1
20.21229,27.74557,9,1
23.01669,28.81043,9,1
25.8797,30.04952,9,1
28.36068,31.72949,9,1
29.94926,34.04512,9,1
29.91165,37.03414,9,1
29.17287,39.89619,9,1
27.88349,42.60495,9,1
26.54017,45.42093,9,1
25.64581,48.39193,9,1
25.14601,51.34988,9,1
24.79495,54.44827,9,1
24.72031,55.88334,9,1
25.1621,56.9407,9,1
25.91267,58.11368,9,1
27.9261,57.68185,9,1
27.9261,57.68185,9,1
25.63669,57.35495,9,1
24.85019,55.47294,9,1
24.96655,52.35516,9,1
26.15735,49.97232,9,1
27.07737,47.11685,9,1
27.9935,44.26012,9,1
28.93444,41.28535,9,1
29.74779,38.39225,9,1
30.02749,35.28479,9,1
29.78377,32.30451,9,1
27.84671,30.03309,9,1
25.45615,27.84616,9,1
23.15413,25.74022,9,1
20.86897,23.61694,9,1
20.3063,20.79077,9,1
20.33836,17.87656,9,1
19.9772,14.79302,9,1
17.93584,12.63365,9,1
15.27111,11.29908,9,1
12.32741,10.26516,9,1
9.496928,9.271001,9,1
6.666441,8.276843,9,1
3.724002,7.239371,9,1
1.286682,5.588632,9,1
0.3806671,2.662604,9,1
0,0,10,1
0,0,10,1
0,0,10,1
0,0,10,1
0,0,10,1
0,0,10,1
0.3002146,1.160298,10,1
0.2515446,4.113452,10,1
-2.415822,5.564165,10,1
-5.3031,6.377475,10,1
-8.282765,7.302671,10,1
-10.89457,8.944918,10,1
-13.64433,10.14441,10,1
-16.46068,11.48701,10,1
-18.4955,12.86757,10,1
-19.79133,15.66677,10,1
-19.96259,18.65605,10,1
-19.54641,21.7372,10,1
-20.50176,24.29301,10,1
-23.53752,24.43638,10,1
-26.13569,25.82868,10,1
-27.91337,28.3562,10,1
-29.34479,31.12445,10,1
-29.93397,33.93095,10,1
-29.64001,36.75365,10,1
-30.72677,39.22943,10,1
-32.74778,41.35034,10,1
-33.60882,44.20524,10,1
-34.28546,47.25092,10,1
-34.87669,50.18917,10,1
-34.89474,53.2986,10,1
-34.77642,56.29482,10,1
-34.834,58.76542,10,1
-35.82254,60.79064,10,1
-33.85892,60.2502,10,1
-34.974,57.44434,10,1
-34.75084,54.54317,10,1
-34.80866,51.91973,10,1
-32.6588,50.45837,10,1
-29.85846,50.41181,10,1
-27.04534,49.97798,10,1
-25.23644,51.53711,10,1
-25.05991,54.49994,10,1
-25.37207,57.59354,10,1
-24.61404,58.99915,10,1
-24.81544,60.79,10,1
-24.93563,59.72642,10,1
-24.44264,56.91631,10,1
-24.64029,54.0706,10,1
-24.999,51.02603,10,1
-26.72502,48.43187,10,1
-28.05575,45.74889,10,1
-28.8806,42.86568,10,1
-29.47651,39.80519,10,1
-29.93408,36.71917,10,1
-30.27997,33.74485,10,1
-30.84495,31.4813,10,1
-27.90844,31.499,10,1
-25.02392,30.72659,10,1
-21.91243,30.50757,10,1
-18.91251,30.52646,10,1
-16.4027,29.01616,10,1
-13.63211,29.6939,10,1
-10.73257,30.62954,10,1
-9.796148,33.18839,10,1
-9.909883,36.30628,10,1
-10.31156,39.39762,10,1
-11.38045,42.14556,10,1
-12.99191,44.67419,10,1
-14.27075,47.5194,10,1
-15.19546,50.35342,10,1
-15.28,53.34446,10,1
-15.13679,56.30899,10,1
-15.39326,58.88977,10,1
-15.17621,60.79,10,1
-15.46418,59.37124,10,1
-15.31637,56.71124,10,1
-14.95063,53.66781,10,1
-14.36657,50.93977,10,1
-11.42389,50.40333,10,1
-8.373074,49.82248,10,1
-5.864287,50.71976,10,1
-5.024317,53.40795,10,1
-5.056104,56.52782,10,1
-5.656183,57.77005,10,1
-6.354373,60.63202,10,1
-7.337753,60.79,10,1
-6.639817,59.15492,10,1
-5.204063,56.52349,10,1
-4.91995,53.42519,10,1
-5.650847,50.4371,10,1
-7.150228,47.5771,10,1
-8.105039,44.60681,10,1
-8.925331,41.84625,10,1
-9.436652,38.91784,10,1
-9.842755,35.97164,10,1
-10.279,32.88967,10,1
-11.77348,30.47868,10,1
-14.06813,29.45118,10,1
-16.64631,27.81336,10,1
-18.25769,25.29926,10,1
-19.42264,22.41705,10,1
-19.9797,19.351,10,1
-20.15874,16.36588,10,1
-20.0358,13.58918,10,1
-17.16489,13.23573,10,1
-14.2123,12.70453,10,1
-11.13217,12.20783,10,1
-8.034993,12.31883,10,1
-5.056725,12.66259,10,1
-1.944832,12.43854,10,1
1.166794,12.2101,10,1
4.2783,11.98009,10,1
7.275037,11.88252,10,1
10.27503,11.87472,10,1
13.24675,12.17541,10,1
16.17428,12.83081,10,1
18.76814,14.22596,10,1
19.731,16.79341,10,1
19.72,19.78885,10,1
18.89229,22.66179,10,1
16.35639,24.256,10,1
14.10789,26.40022,10,1
12.20676,28.87411,10,1
10.64766,31.54865,10,1
10.26884,34.40443,10,1
10.014,37.39352,10,1
9.405889,40.32649,10,1
9.811315,43.06792,10,1
7.973454,45.28715,10,1
6.714753,48.07016,10,1
5.313297,50.55583,10,1
4.977961,53.64304,10,1
4.828422,56.63926,10,1
4.624125,59.01109,10,1
2.583133,60.79,10,1
2.275188,60.18401,10,1
3.535184,57.68225,10,1
5.099992,55.43367,10,1
4.9624,52.32474,10,1
5.42885,49.61026,10,1
7.973218,48.35942,10,1
10.91416,48.33142,10,1
13.82305,48.15926,10,1
12.99156,49.86852,10,1
14.27342,50.86057,10,1
14.81115,53.34982,10,1
15.3566,56.21278,10,1
15.20013,58.73978,10,1
13.37852,60.50497,10,1
14.97047,60.69008,10,1
14.95148,58.42587,10,1
15.04113,56.42653,10,1
14.78216,53.58216,10,1
14.45785,50.59152,10,1
12.91755,48.38049,10,1
11.70828,45.2476,10,1
11.40416,42.32956,10,1
10.7741,39.49299,10,1
10.134,36.40189,10,1
10.28285,33.58747,10,1
12.25371,31.33095,10,1
15.21165,31.31729,10,1
17.99379,30.60318,10,1
20.73753,30.09669,10,1
23.4725,29.76595,10,1
26.23799,29.79103,10,1
28.5682,31.06401,10,1
30.05592,33.44633,10,1
30.36,36.3996,10,1
29.93306,39.37671,10,1
29.0204,42.232,10,1
27.57544,44.64295,10,1
26.00905,47.09619,10,1
25.29661,50.00833,10,1
24.96202,53.10734,10,1
24.71986,56.08737,10,1
25.91826,58.52283,10,1
25.45095,60.79002,10,1
23.94143,60.13457,10,1
25.47067,58.43149,10,1
27.74103,57.22017,10,1
26.75238,57.52796,10,1
24.94754,56.5491,10,1
24.72,53.59953,10,1
25.2606,50.54412,10,1
26.2244,47.70514,10,1
27.39944,44.94483,10,1
28.82479,42.03842,10,1
29.77289,39.20002,10,1
30.07974,35.97456,10,1
30.03992,32.97586,10,1
28.81477,30.32039,10,1
26.52834,28.41916,10,1
23.95827,26.87428,10,1
21.66839,24.86458,10,1
20.30865,22.21038,10,1
20.10069,19.10758,10,1
20.36,16.04331,10,1
21.62761,13.36534,10,1
20.11066,10.89461,10,1
17.29795,9.856894,10,1
14.39247,8.728007,10,1
11.3969,7.855669,10,1
8.400806,6.985136,10,1
5.39189,6.160271,10,1
2.484952,5.065289,10,1
0.4990369,2.906185,10,1
-0.2788627,0.061419,10,1
-0.2799999,1.473305,10,1
-0.004745103,4.408043,10,1
2.535718,5.985428,10,1
5.277583,7.474239,10,1
7.915938,8.9022,10,1
10.76139,10.1465,10,1
13.62412,11.03609,10,1
16.43655,12.3867,10,1
18.78159,14.15125,10,1
20.00307,16.64578,10,1
20.31651,19.62877,10,1
21.09359,22.60371,10,1
22.88323,24.9959,10,1
25.0428,27.07828,10,1
27.222,29.30865,10,1
28.95299,31.7369,10,1
30.1348,34.58385,10,1
30.36,37.66729,10,1
30.95943,40.54979,10,1
32.53022,43.24554,10,1
33.62066,46.03253,10,1
34.39632,48.92747,10,1
34.89653,51.88549,10,1
35.35912,54.84792,10,1
34.08835,57.37605,10,1
33.57148,59.12657,10,1
34.66184,60.79,10,1
36.55367,60.79,10,1
36.34997,58.74055,10,1
34.97584,56.09438,10,1
34.95643,53.15628,10,1
34.3649,50.883,10,1
31.82969,50.10878,10,1
28.93966,49.5133,10,1
26.19339,50.54201,10,1
25.09035,53.00855,10,1
24.98003,56.09588,10,1
23.8832,58.44207,10,1
23.8561,60.79,10,1
25.94439,60.79,10,1
26.92248,58.41852,10,1
27.97473,57.22,10,1
26.23503,57.78041,10,1
24.98533,55.26005,10,1
24.82882,52.31295,10,1
25.80877,49.47831,10,1
26.76308,46.50801,10,1
27.66838,43.64784,10,1
29.09552,40.88814,10,1
29.85227,37.99678,10,1
30.23931,34.92046,10,1
30.87594,32.02226,10,1
28.90866,29.77564,10,1
26.16411,28.61621,10,1
23.72919,26.88555,10,1
21.65361,24.57646,10,1
20.28693,21.92981,10,1
19.81772,18.96865,10,1
19.72007,15.85777,10,1
18.11384,13.51322,10,1
15.58302,11.68868,10,1
12.85531,10.20836,10,1
9.953168,9.065608,10,1
7.255292,7.753587,10,1
4.453496,6.380869,10,1
1.895588,4.833081,10,1
0.2911007,2.256571,10,1
0.06426212,0.3500652,10,1
0.1303447,1.309754,10,1
0.831918,3.823488,10,1
3.619537,4.321762,10,1
6.043509,6.285225,10,1
8.544789,7.922927,10,1
11.31614,9.355593,10,1
14.01909,10.91338,10,1
16.59322,12.45412,10,1
18.97306,14.40339,10,1
19.72749,17.11669,10,1
19.72,20.22771,10,1
20.17337,23.10627,10,1
22.41162,25.0875,10,1
24.72589,26.99646,10,1
26.95341,29.17133,10,1
28.90181,31.606,10,1
29.90179,34.51346,10,1
30.26837,37.61181,10,1
31.298,40.34883,10,1
32.73624,42.97744,10,1
33.90097,45.87093,10,1
34.58626,48.79044,10,1
35.33468,51.69299,10,1
35.00496,54.65389,10,1
34.82181,56.78088,10,1
35.74306,58.98387,10,1
36.31434,60.77498,10,1
36.83497,60.79,10,1
35.54519,59.04174,10,1
34.99304,56.12596,10,1
34.72,53.09313,10,1
33.9884,50.6179,10,1
31.06351,49.6316,10,1
27.95471,49.89442,10,1
25.42522,51.22581,10,1
25.09542,54.14285,10,1
24.67929,56.7165,10,1
24.015,59.10938,10,1
24.68449,60.79,10,1
26.32599,58.67717,10,1
27.63181,57.21991,10,1
26.63619,57.60066,10,1
24.99751,55.57597,10,1
24.72,52.5747,10,1
24.55715,49.62661,10,1
26.09672,46.99581,10,1
27.49194,44.34214,10,1
28.82028,41.65239,10,1
29.69187,38.68401,10,1
29.86746,35.69791,10,1
29.52555,32.75289,10,1
27.44255,30.48823,10,1
25.35109,28.34523,10,1
23.64565,25.87744,10,1
21.89232,23.2967,10,1
20.35873,20.60543,10,1
20.12579,17.61552,10,1
19.49247,14.7373,10,1
16.89436,13.02172,10,1
14.01252,12.19812,10,1
11.20245,10.84544,10,1
8.421911,9.430305,10,1
5.637379,8.023703,10,1
3.760649,5.84161,10,1
1.651543,3.736743,10,1
0.0539608,1.583394,10,1
-0.2800002,-0.4381441,10,1
-0.2350675,2.478143,10,1
1.624737,4.801866,10,1
4.365203,6.119603,10,1
7.313357,7.122366,10,1
10.10119,8.230014,10,1
12.8269,9.739193,10,1
15.49359,11.03423,10,1
17.88647,12.82271,10,1
19.57807,15.14017,10,1
20.11191,18.03089,10,1
20.05146,21.0301,10,1
21.70587,23.34597,10,1
24.11177,25.1356,10,1
26.03184,27.43954,10,1
28.0274,29.67953,10,1
29.4538,32.26849,10,1
30.1887,35.14627,10,1
29.72,38.0301,10,1
28.8065,40.79631,10,1
27.58978,43.66932,10,1
26.37306,46.54233,10,1
25.28515,49.33569,10,1
24.80107,52.40066,10,1
25.15095,55.37893,10,1
24.6985,57.8483,10,1
24.94964,59.82491,10,1
26.88956,60.5458,10,1
27.75199,58.13709,10,1
25.73494,57.22274,10,1
25.09107,54.26126,10,1
24.93605,51.15216,10,1
25.65643,48.12631,10,1
26.83024,45.253,10,1
28.41818,42.56762,10,1
29.55133,39.8054,10,1
29.72,36.7078,10,1
29.72,33.71626,10,1
28.47839,31.05214,10,1
26.06661,29.29446,10,1
23.78873,27.18313,10,1
21.8975,24.85788,10,1
20.5413,22.06716,10,1
19.97512,19.01753,10,1
19.80255,16.02252,10,1
18.16091,13.49416,10,1
15.41844,12.27814,10,1
12.67341,11.06785,10,1
9.880742,9.679285,10,1
7.2171,8.302176,10,1
4.373235,7.020379,10,1
1.813583,5.243461,10,1
0.350771,2.584936,10,1
-0.279999,0.2445426,10,1
-0.1765245,2.402084,10,1
1.956258,4.532863,10,1
4.526334,6.080355,10,1
7.096415,7.627846,10,1
9.666495,9.175329,10,1
12.52238,10.3978,10,1
15.35754,11.37727,10,1
17.82545,13.27129,10,1
19.43507,15.04635,10,1
19.82042,17.84349,10,1
19.93019,20.84146,10,1
20.60084,23.65861,10,1
23.29845,25.21228,10,1
25.82635,26.99881,10,1
27.80507,29.24575,10,1
29.23004,31.86133,10,1
29.96888,34.73817,10,1
29.89755,37.8532,10,1
28.84207,40.77908,10,1
27.63956,43.52753,10,1
26.5176,46.30884,10,1
25.44913,49.23995,10,1
25.0904,52.3252,10,1
25.36,55.34513,10,1
25.15791,58.03514,10,1
22.83351,57.31725,10,1
23.52814,57.71967,10,1
25.55075,58.5849,10,1
27.5613,58.24801,10,1
26.67241,57.56824,10,1
24.7208,55.66225,10,1
25.16061,52.93729,10,1
25.76347,49.82254,10,1
26.72729,47.10877,10,1
27.67687,44.26301,10,1
28.66442,41.30341,10,1
30.26441,39.10814,10,1
30.08444,36.09237,10,1
29.87221,33.27693,10,1
27.68433,31.25068,10,1
25.40148,29.1322,10,1
23.46259,26.69478,10,1
21.91562,23.99643,10,1
20.78006,21.34976,10,1
19.85803,18.43914,10,1
19.72,15.46191,10,1
17.6224,13.24468,10,1
15.15344,11.54522,10,1
12.23559,10.44046,10,1
9.429307,9.379876,10,1
6.583061,8.434443,10,1
3.753512,7.188634,10,1
1.365915,5.185182,10,1
-0.1567341,2.658732,10,1
0,0,11,1
0,0,11,1
0,0,11,1
0,1.44,11,1
0,2.879999,11,1
0,2.879999,11,1
0,2.879999,11,1
-0.6934192,3.946534,11,1
0.2591051,5.106834,11,1
1.385217,3.542737,11,1
3.625454,4.471243,11,1
6.201349,6.231688,11,1
8.678169,7.924425,11,1
11.20255,9.756949,11,1
13.78629,11.15119,11,1
16.54436,11.25421,11,1
16.54436,11.25421,11,1
17.18672,11.96763,11,1
18.95323,13.92953,11,1
19.4577,13.4753,11,1
18.3857,14.44053,11,1
18.18277,14.54738,11,1
18.65132,13.36396,11,1
19.74774,13.43302,11,1
19.74774,13.43302,11,1
20.08002,14.33368,11,1
20.36,17.20389,11,1
20.36,20.02118,11,1
20.46778,20.92542,11,1
20.46778,20.92542,11,1
20.5686,20.92399,11,1
21.70653,22.5521,11,1
23.68985,21.80032,11,1
25.7194,21.31,11,1
26.66332,21.31,11,1
27.93787,21.54441,11,1
30.76307,22.55288,11,1
33.28347,23.93287,11,1
32.58141,25.94007,11,1
32.44575,26.25137,11,1
33.4087,24.26662,11,1
35.18349,23.20375,11,1
35.8841,24.46625,11,1
36.74992,27.30453,11,1
34.85085,28.2715,11,1
32.68695,28.6958,11,1
30.50821,29.03639,11,1
30.2972,30.99137,11,1
30.35095,33.43205,11,1
30.25863,36.53624,11,1
30.03267,39.40733,11,1
31.70584,39.77751,11,1
32.76449,41.52225,11,1
34.30988,42.40522,11,1
35.47361,40.75571,11,1
35.32837,39.31,11,1
36.75,40.33055,11,1
36.75,42.8668,11,1
36.75,45.74532,11,1
35.05353,45.78972,11,1
33.81923,47.2771,11,1
33.89772,50.27612,11,1
35.64325,50.97691,11,1
35.36,53.80159,11,1
35.36628,56.80061,11,1
35.96323,57.40378,11,1
35.35409,56.54742,11,1
35.36,55.14756,11,1
35.37233,56.65747,11,1
35.95503,57.83995,11,1
35.95503,57.83995,11,1
35.95503,57.83995,11,1
35.95503,57.83995,11,1
35.95503,57.83995,11,1
35.2018,58.21175,11,1
33.58744,59.00785,11,1
32.74462,57.21825,11,1
32.74831,57.22,11,1
32.74831,57.22,11,1
32.74831,57.22,11,1
32.74831,57.22,11,1
33.05582,58.19017,11,1
33.34248,59.16722,11,1
33.34248,59.16722,11,1
34.11351,59.83215,11,1
34.69521,59.53817,11,1
35.41598,57.63354,11,1
35.08348,56.22622,11,1
35.36,53.92876,11,1
35.36,51.52994,11,1
34.89304,49.86205,11,1
32.91296,49.43554,11,1
31.7883,50.74997,11,1
31.6923,50.75,11,1
31.93915,49.24274,11,1
29.57934,48.80535,11,1
27.1208,48.85717,11,1
27.8769,50.35882,11,1
27.86144,50.27539,11,1
27.55393,48.60643,11,1
27.66889,49.27544,11,1
27.45663,48.02048,11,1
25.09023,48.42072,11,1
25.27219,49.42209,11,1
25.27219,49.42209,11,1
25.17684,50.37735,11,1
24.72074,53.33529,11,1
24.72,56.27919,11,1
25.59438,56.98428,11,1
25.49279,56.84026,11,1
25.30422,56.20761,11,1
23.87519,57.7751,11,1
23.24264,59.30547,11,1
25.32537,60.79,11,1
26.09756,59.77823,11,1
26.85198,58.75388,11,1
26.85198,58.75388,11,1
26.85198,58.75388,11,1
26.85198,58.75388,11,1
26.85198,58.75388,11,1
26.85198,58.75388,11,1
26.85198,58.75388,11,1
26.85198,58.75388,11,1
26.85198,58.75388,11,1
26.07811,59.54,11,1
24.51617,59.07404,11,1
24.88844,58.01166,11,1
25.67155,57.12031,11,1
25.81115,57.28582,11,1
26.9095,57.4548,11,1
25.58492,57.68756,11,1
24.69943,56.67443,11,1
24.72,53.59792,11,1
24.72,51.57402,11,1
24.72,51.63783,11,1
24.71998,51.38222,11,1
24.1113,48.32215,11,1
25.40084,47.858,11,1
25.40084,47.858,11,1
24.68323,47.26114,11,1
23.24999,45.85655,11,1
24.08072,44.01474,11,1
25.9687,41.6833,11,1
26.27078,41.31026,11,1
26.27078,41.31026,11,1
26.27078,41.31026,11,1
26.27078,41.31026,11,1
26.27078,41.31026,11,1
26.27078,41.31026,11,1
26.27078,41.31026,11,1
26.27078,41.31026,11,1
26.72983,39.96398,11,1
28.24994,40.03845,11,1
29.48567,41.65694,11,1
28.97976,40.97571,11,1
29.15791,40.20925,11,1
30.64905,39.08525,11,1
29.73842,37.85904,11,1
29.93021,36.43915,11,1
30.36,34.65053,11,1
29.95528,32.88929,11,1
29.19642,31.86745,11,1
29.19642,31.86745,11,1
29.19642,31.86745,11,1
29.19642,31.86745,11,1
29.19642,31.86745,11,1
29.19642,31.86745,11,1
28.25793,31.66539,11,1
25.20783,31.00871,11,1
24.03471,30.75614,11,1
23.72758,32.25224,11,1
21.60801,31.83635,11,1
18.66416,31.25876,11,1
15.72031,30.68116,11,1
14.48081,31.38915,11,1
13.82668,31.60669,11,1
12.88464,31.42186,11,1
12.98267,30.92227,11,1
12.98267,30.92227,11,1
12.42365,30.07122,11,1
11.73382,29.00161,11,1
12.38951,29.88862,11,1
11.67875,28.93677,11,1
11.4249,28.59682,11,1
11.07528,29.22624,11,1
9.518794,31.93022,11,1
9.613877,33.09845,11,1
9.719716,35.09154,11,1
9.72,37.76023,11,1
9.619422,39.48739,11,1
11.49136,40.65486,11,1
11.56336,40.69976,11,1
11.56336,40.69976,11,1
11.56336,40.69976,11,1
11.56336,40.69976,11,1
11.56336,40.69976,11,1
11.56336,40.69976,11,1
11.56336,40.69976,11,1
13.1182,40.77717,11,1
13.92857,41.76329,11,1
12.82813,43.66262,11,1
11.68152,45.13572,11,1
12.72518,43.79752,11,1
14.02976,42.12478,11,1
16.0606,41.7717,11,1
16.54127,43.75351,11,1
15.23669,45.42625,11,1
14.45394,46.4299,11,1
14.61049,46.22917,11,1
15.02169,46.87269,11,1
13.71711,48.54544,11,1
12.62126,49.95054,11,1
13.76929,48.47853,11,1
15.66178,49.95451,11,1
15.24432,50.48979,11,1
15.24432,50.48979,11,1
15.35992,52.40532,11,1
15.36,55.75749,11,1
15.42529,57.5533,11,1
16.58899,57.56049,11,1
17.93,57.44506,11,1
17.93,57.44506,11,1
17.93,57.44506,11,1
17.93,57.44506,11,1
17.93,57.44506,11,1
17.93,57.44506,11,1
17.93,57.44506,11,1
17.93,57.44506,11,1
17.93,57.44506,11,1
17.93,57.44506,11,1
17.8751,59.05635,11,1
17.8342,60.41336,11,1
17.93,60.37067,11,1
17.93,60.34963,11,1
17.93,60.34963,11,1
15.33513,60.79,11,1
13.43084,60.79,11,1
13.43084,60.79,11,1
13.43084,60.79,11,1
13.43084,60.79,11,1
13.43084,60.79,11,1
13.43084,60.79,11,1
12.9997,58.42901,11,1
14.75278,58.10977,11,1
15.02377,56.72118,11,1
14.72,53.64764,11,1
14.70434,50.89784,11,1
14.70434,50.89784,11,1
13.63925,50.50544,11,1
12.36765,50.47224,11,1
11.77381,50.4598,11,1
10.07713,50.42425,11,1
8.719786,50.39581,11,1
8.719786,50.39581,11,1
8.719786,50.39581,11,1
7.448421,50.04081,11,1
6.061477,49.65354,11,1
6.061477,49.65354,11,1
6.061477,49.65354,11,1
6.061477,49.65354,11,1
5.312251,50.25376,11,1
4.375719,51.00404,11,1
5.36,51.87751,11,1
4.72,53.85235,11,1
4.72,56.29739,11,1
4.698614,56.682,11,1
5.164095,57.05095,11,1
5.164095,57.05095,11,1
5.478256,56.82066,11,1
6.613464,58.36917,11,1
6.214083,58.82489,11,1
7.765533,57.64096,11,1
7.93,57.38077,11,1
7.93,57.61089,11,1
7.93,60.41739,11,1
6.437752,60.27775,11,1
6.189767,58.09485,11,1
6.189767,58.09485,11,1
6.104691,58.17948,11,1
4.444256,59.23275,11,1
3.209316,57.74267,11,1
3.209316,57.74267,11,1
3.209316,57.74267,11,1
3.209316,57.74267,11,1
3.209316,57.74267,11,1
3.209316,57.74267,11,1
3.209316,57.74267,11,1
3.209316,57.74267,11,1
4.203591,58.53699,11,1
3.737148,58.16926,11,1
5.308043,58.64367,11,1
6.375319,57.55518,11,1
5.360409,55.98413,11,1
5.36,53.61314,11,1
5.36,52.37803,11,1
5.36,52.37803,11,1
4.766506,51.75321,11,1
5.045538,51.08947,11,1
5.045538,51.08947,11,1
4.820593,51.00581,11,1
4.613186,49.8423,11,1
4.613186,49.8423,11,1
4.613186,49.8423,11,1
4.613186,49.8423,11,1
4.613186,49.8423,11,1
4.613186,49.8423,11,1
4.613186,49.8423,11,1
4.613186,49.8423,11,1
4.613186,49.8423,11,1
4.613186,49.8423,11,1
4.613186,49.8423,11,1
4.613186,49.8423,11,1
4.613186,49.8423,11,1
4.613186,49.8423,11,1
4.731505,49.52419,11,1
4.731505,49.52419,11,1
4.629108,48.59646,11,1
3.23956,48.7676,11,1
3.408612,49.78235,11,1
3.408612,49.78235,11,1
3.408612,49.78235,11,1
3.408612,49.78235,11,1
3.408612,49.78235,11,1
3.408612,49.78235,11,1
3.384589,49.66478,11,1
3.25,46.60159,11,1
3.25,44.5871,11,1
3.25,44.5871,11,1
3.25,41.60054,11,1
3.25,41.60054,11,1
4.264439,41.51269,11,1
6.295658,41.37138,11,1
6.295658,41.37138,11,1
6.295658,41.37138,11,1
6.295658,41.37138,11,1
6.699969,41.8065,11,1
7.79511,42.98969,11,1
7.967899,43.17662,11,1
8.313476,43.5505,11,1
8.313476,43.5505,11,1
8.313476,43.5505,11,1
8.478285,43.7445,11,1
9.411888,44.28743,11,1
11.64334,42.28051,11,1
10.21499,40.59918,11,1
8.71487,41.42817,11,1
7.599307,42.70984,11,1
8.975564,44.32403,11,1
10.8297,45.3201,11,1
12.2801,46.49356,11,1
12.2801,46.49356,11,1
13.40926,45.09177,11,1
15.36647,42.66201,11,1
15.64591,41.50201,11,1
13.98201,40.18655,11,1
11.86698,39.82025,11,1
10.87705,40.05858,11,1
10.30224,40.20821,11,1
9.720613,37.64227,11,1
9.971396,34.67815,11,1
10.15916,33.49292,11,1
9.601348,32.67558,11,1
7.511557,32.32865,11,1
5.404319,32.74837,11,1
4.136452,32.75,11,1
4.136452,32.75,11,1
3.813576,32.10658,11,1
3.254361,29.18006,11,1
3.25,26.18237,11,1
3.843513,25.55954,11,1
5.793623,25.48299,11,1
5.751261,24.40382,11,1
6.834847,23.88647,11,1
8.916318,24.54046,11,1
10.8176,25.47988,11,1
12.70644,26.61713,11,1
12.29819,26.31336,11,1
10.46882,25.08024,11,1
10.12907,23.30388,11,1
11.41127,21.85227,11,1
13.13222,23.08839,11,1
14.74357,24.59526,11,1
14.74357,24.59526,11,1
15.1701,25.00863,11,1
16.50991,23.63338,11,1
17.68089,23.76899,11,1
17.68089,23.76899,11,1
17.68089,23.76899,11,1
19.02138,23.98383,11,1
19.43951,24.05569,11,1
20.19214,24.18504,11,1
19.52313,24.07006,11,1
19.84836,22.17782,11,1
20.35931,19.10293,11,1
20.36,16.02771,11,1
20.65864,13.66114,11,1
19.35639,13.87562,11,1
17.91607,14.68594,11,1
17.83026,14.75,11,1
17.96362,13.31369,11,1
17.99914,12.89092,11,1
17.99914,12.89092,11,1
17.94942,13.4828,11,1
14.84036,13.22161,11,1
11.8509,12.97046,11,1
8.746197,12.66803,11,1
6.007898,12.37707,11,1
6.057817,13.13911,11,1
6.007898,12.37707,11,1
5.797609,10.6973,11,1
6.034311,11.51215,11,1
3.153229,12.34842,11,1
0.2662631,13.16415,11,1
-2.505635,13.94581,11,1
-2.156024,13.85995,11,1
-1.100366,13.63367,11,1
-1.100366,13.63367,11,1
-1.100366,13.63367,11,1
-1.100366,13.63367,11,1
-1.100366,13.63367,11,1
-1.100366,13.63367,11,1
-1.100366,13.63367,11,1
-1.100366,13.63367,11,1
-1.100366,13.63367,11,1
-1.100366,13.63367,11,1
-3.206845,14.50611,11,1
-4.080322,14.51424,11,1
-4.729698,12.94634,11,1
-6.503578,13.68102,11,1
-9.354266,14.50143,11,1
-12.35164,14.62694,11,1
-12.85252,14.13834,11,1
-12.88091,13.46011,11,1
-12.88091,13.46011,11,1
-13.30136,11.72852,11,1
-15.40052,12.23756,11,1
-16.82803,13.60117,11,1
-16.79276,13.76716,11,1
-17.05734,12.52218,11,1
-16.93236,13.10284,11,1
-18.10549,13.35536,11,1
-18.10549,13.35536,11,1
-18.56413,12.97793,11,1
-19.21932,12.43874,11,1
-18.56413,12.97793,11,1
-19.21932,12.43874,11,1
-20.74436,14.2919,11,1
-19.85406,15.5544,11,1
-19.63999,17.43598,11,1
-19.64,18.78395,11,1
-19.64,19.16139,11,1
-19.64,20.1425,11,1
-19.64,20.41805,11,1
-19.64,20.41805,11,1
-19.64,20.41805,11,1
-19.64,20.41805,11,1
-20.65364,21.09668,11,1
-20.65364,21.09668,11,1
-20.65364,21.09668,11,1
-19.58227,21.31432,11,1
-19.02443,22.27349,11,1
-16.03078,22.45441,11,1
-12.93575,22.40774,11,1
-10.07856,21.51365,11,1
-7.215414,21.90811,11,1
-5.724449,22.30974,11,1
-5.677399,22.0596,11,1
-5.677399,22.0596,11,1
-5.677399,22.0596,11,1
-5.677399,22.0596,11,1
-5.677399,22.0596,11,1
-5.935736,22.59445,11,1
-6.872012,24.49785,11,1
-7.104547,24.95075,11,1
-6.592108,25.83863,11,1
-4.997099,26.10235,11,1
-5.703619,27.64535,11,1
-6.622095,29.65126,11,1
-6.728073,29.88271,11,1
-7.121613,30.53718,11,1
-8.187312,32.27142,11,1
-8.187312,32.27142,11,1
-8.187312,32.27142,11,1
-8.573531,32.09629,11,1
-8.573531,32.09629,11,1
-8.573531,32.09629,11,1
-8.744346,31.80306,11,1
-8.93694,31.42504,11,1
-8.93694,31.42504,11,1
-8.93694,31.42504,11,1
-8.93694,31.42504,11,1
-9.192823,30.27957,11,1
-9.632347,28.23011,11,1
-9.632347,28.23011,11,1
-10.63186,27.4421,11,1
-12.11778,29.32679,11,1
-13.91067,28.73024,11,1
-15.44591,27.14585,11,1
-15.20203,28.20924,11,1
-16.72613,29.5679,11,1
-18.26137,27.98351,11,1
-19.73756,26.46006,11,1
-21.21375,24.93662,11,1
-19.67851,26.521,11,1
-21.40111,28.78091,11,1
-23.29706,30.61803,11,1
-24.35992,29.52115,11,1
-25.96722,27.88858,11,1
-27.29621,26.45961,11,1
-29.15125,28.16524,11,1
-28.23496,29.16703,11,1
-28.41332,29.32762,11,1
-29.12678,29.96995,11,1
-29.12678,29.96995,11,1
-30.3624,29.07213,11,1
-32.07853,27.82515,11,1
-33.54658,28.83509,11,1
-35.27481,29.1923,11,1
-35.88668,28.73534,11,1
-35.88668,28.73534,11,1
-35.88668,28.73534,11,1
-35.88668,28.73534,11,1
-35.88668,28.73534,11,1
-35.88668,28.73534,11,1
-35.88668,28.73534,11,1
-35.88668,28.73534,11,1
-35.88668,28.73534,11,1
-35.88668,28.73534,11,1
-35.88668,28.73534,11,1
-35.88668,28.73534,11,1
-35.88668,28.73534,11,1
-35.88668,28.73534,11,1
-35.88668,28.73534,11,1
-36.55359,27.06344,11,1
-36.75,24.49987,11,1
-36.46505,23.61104,11,1
-36.64289,23.1652,11,1
-36.74986,22.62841,11,1
-36.74986,22.62841,11,1
-36.74986,22.62841,11,1
-36.74986,22.62841,11,1
-36.74986,22.62841,11,1
-34.36782,21.80601,11,1
-31.53207,21.31,11,1
-30.05705,22.83108,11,1
-28.21981,23.00468,11,1
-25.2689,21.99154,11,1
-22.88258,21.31,11,1
-22.63714,22.03316,11,1
-22.36443,22.83667,11,1
-21.92809,24.12228,11,1
-21.92809,24.12228,11,1
-21.8946,24.20024,11,1
-21.28197,25.32232,11,1
-19.00004,24.24973,11,1
-19.89563,22.23412,11,1
-20.29282,21.68511,11,1
-20.29282,21.68511,11,1
-20.29282,21.68511,11,1
-20.29282,21.68511,11,1
-19.36083,21.45818,11,1
-16.33423,21.55772,11,1
-13.2409,21.96037,11,1
-13.02827,22.16333,11,1
-13.44039,24.24153,11,1
-14.1196,26.24837,11,1
-14.98184,27.99912,11,1
-12.20196,29.41569,11,1
-10.61695,30.98526,11,1
-11.56244,32.50097,11,1
-12.75179,32.75,11,1
-11.57958,31.08499,11,1
-9.86148,31.06437,11,1
-9.84964,31.27214,11,1
-10.92843,32.67911,11,1
-10.92843,32.67911,11,1
-9.639999,34.6674,11,1
-9.685219,36.36897,11,1
-9.722933,37.08797,11,1
-9.722933,37.08797,11,1
-9.785789,38.28632,11,1
-9.398192,39.01875,11,1
-9.075944,39.37887,11,1
-8.85722,39.49408,11,1
-8.85722,39.49408,11,1
-7.590647,39.8625,11,1
-5.885141,40.4299,11,1
-5.885141,40.4299,11,1
-5.139201,43.33566,11,1
-4.363423,46.35764,11,1
-3.886022,48.21732,11,1
-5.529784,48.6393,11,1
-7.666676,49.18787,11,1
-9.84613,49.28864,11,1
-11.96697,48.69175,11,1
-14.09675,47.84794,11,1
-14.95906,47.49072,11,1
-15.5755,47.20649,11,1
-15.5755,47.20649,11,1
-15.5755,47.20649,11,1
-15.5755,47.20649,11,1
-15.5755,47.20649,11,1
-15.5755,47.20649,11,1
-15.5755,47.20649,11,1
-15.5755,47.20649,11,1
-15.5755,47.20649,11,1
-15.23855,47.16574,11,1
-13.04833,46.90082,11,1
-10.94236,46.6461,11,1
-8.752145,46.38118,11,1
-6.646178,46.12645,11,1
-5.866938,48.32885,11,1
-5.650774,50.11584,11,1
-4.820572,50.6198,11,1
-4.64,53.59813,11,1
-4.625589,56.69559,11,1
-3.953637,57.45427,11,1
-2.068535,57.22012,11,1
-2.07,57.22,11,1
-2.07,57.22,11,1
-2.07,57.35567,11,1
-2.07,58.5952,11,1
-3.705495,60.29117,11,1
-3.726051,60.79,11,1
-3.726051,60.79,11,1
-4.306801,60.63924,11,1
-6.049049,60.18697,11,1
-5.814515,59.28354,11,1
-5.601302,58.46223,11,1
-6.329066,57.92265,11,1
-6.329066,57.92265,11,1
-5.864467,58.04326,11,1
-5.516017,58.13371,11,1
-6.677516,57.8322,11,1
-7.142116,57.71159,11,1
-7.542751,57.3446,11,1
-7.478787,57.22,11,1
-6.277763,57.65977,11,1
-3.248534,58.403,11,1
-2.182738,58.57758,11,1
-2.07,58.59896,11,1
-2.07,58.58936,11,1
-2.07,58.58535,11,1
-2.07,58.71976,11,1
-2.07,58.71976,11,1
-2.330966,58.93679,11,1
-2.591931,59.15382,11,1
-3.179103,59.64212,11,1
-3.698754,60.07889,11,1
-4.150119,60.46494,11,1
-4.451449,59.9461,11,1
-5.596503,57.97452,11,1
-4.422492,57.2927,11,1
-5.28,54.69851,11,1
-4.635923,53.33847,11,1
-5.280036,51.48366,11,1
-6.22376,49.71182,11,1
-8.138004,50.72421,11,1
-8.54673,50.75,11,1
-8.54673,50.75,11,1
-8.54673,50.75,11,1
-8.615578,50.27496,11,1
-9.070549,47.18832,11,1
-9.508619,44.22049,11,1
-9.94669,41.25266,11,1
-10.27962,38.19128,11,1
-10.28,35.22344,11,1
-10.36633,32.84903,11,1
-11.57474,32.49878,11,1
-12.85196,32.75,11,1
-13.63786,32.75,11,1
-15.68054,32.75,11,1
-15.99479,32.75,11,1
-15.99479,32.75,11,1
-15.99479,32.75,11,1
-15.99479,32.75,11,1
-17.82094,30.36982,11,1
-19.02607,27.82328,11,1
-20.57039,25.25283,11,1
-20.88835,22.46864,11,1
-20.16962,19.80722,11,1
-19.76218,16.71393,11,1
-19.90978,15.96396,11,1
-18.98385,14.60529,11,1
-19.34908,14.12925,11,1
-19.34908,14.12925,11,1
-19.34908,14.12925,11,1
-19.39321,13.19692,11,1
-19.49125,10.99292,11,1
-19.49503,10.90815,11,1
-19.49503,10.90815,11,1
-19.49503,10.90815,11,1
-19.49503,10.90815,11,1
-19.49503,10.90815,11,1
-19.49503,10.90815,11,1
-19.49503,10.90815,11,1
-20.69189,9.156699,11,1
-21.93662,7.335195,11,1
-20.49062,5.418875,11,1
-17.52438,5.866285,11,1
-16.17585,7.612277,11,1
-14.8714,9.285117,11,1
-13.0381,10.22277,11,1
-10.57771,8.304193,11,1
-8.117326,6.385624,11,1
-5.671823,4.448389,11,1
-4.714812,4.646932,11,1
-4.252821,5.144155,11,1
-2.891248,6.542338,11,1
-2.299191,7.150177,11,1
-1.707133,7.758016,11,1
-0.3317502,6.41834,11,1
-0.6983731,5.354014,11,1
-1.231225,4.80696,11,1
0.2301194,3.383556,11,1
-0.2793391,2.417582,11,1
-0.2799988,2.174447,11,1
-0.2799999,1.141121,11,1
-0.2799999,2.480793,11,1
-0.2799999,1.629819,11,1
-0.2799999,1.629819,11,1
-0.2799999,1.629819,11,1
-0.2799999,1.629819,11,1
-0.2799999,1.577312,11,1
-0.2799999,2.164518,11,1
-0.2599023,1.925361,11,1
-0.179512,0.9687329,11,1
-0.2096583,1.327468,11,1
-0.4266827,4.31712,11,1
0.0546659,6.695483,11,1
2.013786,7.347266,11,1
2.599823,8.923197,11,1
2.599823,8.923197,11,1
2.599823,8.923197,11,1
2.599823,8.923197,11,1
2.599823,8.923197,11,1
2.599823,8.923197,11,1
2.599823,8.923197,11,1
2.599823,8.923197,11,1
2.599823,8.923197,11,1
2.599823,8.923197,11,1
2.599823,8.923197,11,1
2.599823,8.923197,11,1
2.599823,8.923197,11,1
2.599823,8.923197,11,1
2.599823,8.923197,11,1
2.599823,8.923197,11,1
2.300599,8.511295,11,1
1.003962,6.72638,11,1
-0.6874907,5.647786,11,1
-3.114659,7.410975,11,1
-5.222228,9.666156,11,1
-6.803575,12.3557,11,1
-8.790594,14.64083,11,1
-8.878122,13.47716,11,1
-11.87208,13.28703,11,1
-14.98538,13.08276,11,1
-17.40247,13.26432,11,1
-17.46914,14.28037,11,1
-17.27681,14.75002,11,1
-17.82174,13.4144,11,1
-17.88585,13.25727,11,1
-18.77471,13.61994,11,1
-18.42211,14.48415,11,1
-18.67516,14.50747,11,1
-19.34831,12.85762,11,1
-19.3818,12.77965,11,1
-19.62791,13.70757,11,1
-20.28,16.7233,11,1
-20.28,19.73903,11,1
-19.50977,21.67551,11,1
-17.34459,22.00441,11,1
-15.15281,21.75276,11,1
-12.96124,21.49935,11,1
-11.96257,23.4875,11,1
-11.60418,26.58685,11,1
-11.24578,29.68619,11,1
-10.45396,32.23677,11,1
-9.509789,33.10286,11,1
-9.64,35.96841,11,1
-9.602395,38.95198,11,1
-9.477044,40.1454,11,1
-7.958047,39.98583,11,1
-5.838651,39.98621,11,1
-4.338941,41.3174,11,1
-4.4045,44.43668,11,1
-4.467538,47.43598,11,1
-4.544399,50.55499,11,1
-4.710882,53.63454,11,1
-4.78962,56.63346,11,1
-5.590266,56.97652,11,1
-5.851852,57.32159,11,1
-6.031364,57.47599,11,1
-6.6331,58.06209,11,1
-6.98833,57.69739,11,1
-7.113254,57.38181,11,1
-7.327648,57.22,11,1
-7.327648,57.22,11,1
-6.441131,57.56544,11,1
-4.449962,56.89233,11,1
-5.099524,55.10991,11,1
-4.954786,53.00129,11,1
-4.821002,52.33577,11,1
-4.821002,52.33577,11,1
-4.453384,50.17199,11,1
-4.211326,49.27057,11,1
-6.37552,48.53336,11,1
-9.27925,47.77948,11,1
-11.09153,48.18582,11,1
-10.3876,49.66917,11,1
-11.37029,48.49995,11,1
-12.73514,46.87603,11,1
-12.95352,46.61621,11,1
-15.00339,48.46516,11,1
-13.89371,50.07505,11,1
-13.29131,50.51951,11,1
-13.48955,50.35982,11,1
-14.01818,49.93398,11,1
-14.21695,49.77557,11,1
-14.21695,49.77557,11,1
-14.42022,50.2104,11,1
-15.28,52.92809,11,1
-14.63991,54.88939,11,1
-15.56243,57.24809,11,1
-14.07458,58.47348,11,1
-12.11465,59.28022,11,1
-12.07,59.35699,11,1
-12.07,59.35699,11,1
-12.07,59.35699,11,1
-12.07,59.35699,11,1
-12.07,59.35699,11,1
-12.07,59.35699,11,1
-12.07,59.35699,11,1
-12.07,59.35699,11,1
-12.07,59.35699,11,1
-12.07,59.35699,11,1
-12.44615,59.05881,11,1
-14.51496,57.41878,11,1
-15.05125,56.93835,11,1
-15.27979,56.33367,11,1
-14.6889,56.27319,11,1
-14.85998,54.08984,11,1
-15.16552,51.10541,11,1
-15.29995,49.79226,11,1
-15.29995,49.79226,11,1
-15.29995,49.79226,11,1
-15.29995,49.79226,11,1
-15.29995,49.79226,11,1
-15.29995,49.79226,11,1
-15.29995,49.79226,11,1
-14.8999,49.19364,11,1
-13.16632,46.59963,11,1
-11.43274,44.00562,11,1
-10.23962,41.30406,11,1
-9.079354,39.37967,11,1
-9.639999,36.81669,11,1
-9.967618,34.0715,11,1
-8.837651,31.92256,11,1
-8.837651,31.92256,11,1
-8.837651,31.92256,11,1
-9.278475,32.32061,11,1
-9.278475,32.32061,11,1
-9.278475,32.32061,11,1
-9.278475,32.32061,11,1
-10.95151,29.83043,11,1
-12.70355,27.24911,11,1
-14.8413,24.98149,11,1
-15.94994,25.07809,11,1
-17.37871,26.52924,11,1
-18.31932,25.60315,11,1
-18.32257,24.40917,11,1
-18.72474,22.93621,11,1
-20.44035,21.9346,11,1
-20.5058,20.98898,11,1
-19.64,20.32409,11,1
-20.28,17.47707,11,1
-20.20896,14.66362,11,1
-20.71689,14.62895,11,1
-21.04559,12.2671,11,1
-20.95571,10.95017,11,1
-20.95571,10.95017,11,1
-20.95571,10.95017,11,1
-20.95571,10.95017,11,1
-20.95571,10.95017,11,1
-20.02704,10.19019,11,1
-17.55943,8.287041,11,1
-14.7858,7.146974,11,1
-11.99928,6.035538,11,1
-9.110981,5.614332,11,1
-6.330513,4.962076,11,1
-3.44947,5.091887,11,1
-1.958244,3.757453,11,1
-0.9584086,3.423889,11,1
-0.7487296,3.22097,11,1
-0.5812522,2.958802,11,1
-0.5812522,2.958802,11,1
0.1896182,1.573333,11,1
0.3599999,1.13383,11,1
0.3599999,1.13383,11,1
0.2196535,0.8023143,11,1
0.1260892,0.5813036,11,1
0.3599837,1.475719,11,1
0.4301581,4.576907,11,1
0.4348404,4.936877,11,1
0.4348404,4.936877,11,1
0.4348404,4.936877,11,1
0.4348404,4.936877,11,1
0.4348404,4.936877,11,1
0.4348404,4.936877,11,1
-2.127351,5.5731,11,1
-5.155394,6.324999,11,1
-8.066974,7.04798,11,1
-10.97857,7.77096,11,1
-14.00662,8.52286,11,1
-14.11711,10.35988,11,1
-15.58907,11.16785,11,1
-18.15419,12.71105,11,1
-19.62805,14.32608,11,1
-19.18235,14.76879,11,1
-18.6777,14.51396,11,1
-19.99751,15.82699,11,1
-20.28,17.30228,11,1
-20.28,19.88237,11,1
-21.09057,21.88718,11,1
-19.00895,21.85146,11,1
-18.92676,21.83037,11,1
-17.49514,21.31354,11,1
-16.57513,23.78806,11,1
-15.53202,26.60088,11,1
-14.25792,28.75821,11,1
-12.8091,28.27478,11,1
-12.11229,27.79058,11,1
-10.31744,28.58914,11,1
-9.36555,30.75716,11,1
-10.12274,30.85476,11,1
-10.05384,33.25377,11,1
-9.96428,36.37245,11,1
-9.878163,39.37118,11,1
-9.301372,41.72041,11,1
-7.160469,41.57864,11,1
-6.286104,44.44844,11,1
-5.376765,47.43303,11,1
-5.332628,49.90701,11,1
-4.639997,52.77681,11,1
-5.279969,55.62802,11,1
-5.277364,57.48939,11,1
-5.277364,57.48939,11,1
-5.516471,57.51007,11,1
-7.309775,57.6652,11,1
-7.309775,57.6652,11,1
-5.995311,57.54454,11,1
-5.158604,57.47027,11,1
-3.366926,57.56001,11,1
-2.07,57.43307,11,1
-2.07,57.43307,11,1
-2.07,57.43307,11,1
-2.07,57.43307,11,1
-2.07,57.43307,11,1
-2.07,57.43307,11,1
-2.07,57.43307,11,1
-2.07,57.43307,11,1
-2.07,57.43307,11,1
-2.07,57.65077,11,1
-2.07,60.48083,11,1
-2.07,60.79,11,1
-2.310914,59.12737,11,1
-3.20436,58.28682,11,1
-4.477287,57.25989,11,1
-4.041477,57.40449,11,1
-4.910897,54.84923,11,1
-5.279999,51.76506,11,1
-5.697227,48.68089,11,1
-6.899499,46.99355,11,1
-8.443289,45.87958,11,1
-8.936182,42.92048,11,1
-9.459439,39.96647,11,1
-10.01073,36.89559,11,1
-10.28,33.94744,11,1
-11.01655,32.27826,11,1
-13.16516,32.74961,11,1
-15.16223,32.11441,11,1
-15.99138,29.23127,11,1
-17.32338,26.74873,11,1
-19.19138,24.55147,11,1
-20.05372,21.553,11,1
-20.06153,18.76279,11,1
-20.28,15.87964,11,1
-20.14553,14.62625,11,1
-17.99959,14.40987,11,1
-16.5977,14.44015,11,1
-15.07034,11.85808,11,1
-12.85667,11.84564,11,1
-10.74038,12.59131,11,1
-8.916692,13.36084,11,1
-6.897453,11.14214,11,1
-4.797445,8.834689,11,1
-2.778203,6.615982,11,1
-1.189531,4.492178,11,1
-1.566059,4.149502,11,1
-1.001268,4.663516,11,1
-0.1133988,4.822536,11,1
0.5373609,3.05233,11,1
-0.2799999,2.458083,11,1
-0.28,2.242276,11,1
-0.0678627,1.68103,11,1
-0.0678627,1.68103,11,1
-0.0678627,1.68103,11,1
-0.06594425,1.321035,11,1
-0.06594425,1.321035,11,1
-0.06466529,1.081038,11,1
-0.0640258,0.9610395,11,1
-0.07106012,2.281021,11,1
-0.09709943,5.280868,11,1
0.4840436,8.118424,11,1
3.307404,8.565435,11,1
2.768838,8.829916,11,1
-0.0264246,9.917067,11,1
-2.859951,10.90184,11,1
-5.814465,11.90444,11,1
-8.741348,12.54548,11,1
-11.85569,12.56795,11,1
-14.37374,12.46877,11,1
-17.37143,12.35071,11,1
-18.03442,13.93806,11,1
-18.00366,14.53025,11,1
-18.17608,14.05122,11,1
-18.88672,12.05248,11,1
-18.99999,11.73253,11,1
-19.83733,12.90405,11,1
-20.80782,14.77169,11,1
-20.28,16.67861,11,1
-20.28,19.11925,11,1
-20.98376,21.67216,11,1
-21.38525,24.42387,11,1
-19.30659,26.57726,11,1
-16.58622,27.8352,11,1
-13.53291,28.46681,11,1
-12.04166,31.19226,11,1
-10.71811,32.86512,11,1
-9.64,35.11642,11,1
-10.28001,37.98986,11,1
-8.450886,39.94411,11,1
-6.238654,41.94751,11,1
-5.327263,44.92685,11,1
-5.212728,48.04274,11,1
-5.16589,51.04234,11,1
-5.119053,54.04193,11,1
-5.087204,56.08165,11,1
-5.28,56.01871,11,1
-5.363601,57.48957,11,1
-6.533326,59.14558,11,1
-7.610157,57.8544,11,1
-7.610157,57.8544,11,1
-6.200107,58.14655,11,1
-4.423196,56.94903,11,1
-4.68106,54.93968,11,1
-4.73119,53.74072,11,1
-4.64,51.58616,11,1
-3.249857,49.01321,11,1
-3.25,49.01321,11,1
-3.25,49.01321,11,1
-4.951319,47.3204,11,1
-6.569381,44.99224,11,1
-8.526801,42.68551,11,1
-9.890334,40.35727,11,1
-10.58421,38.96166,11,1
-10.00953,37.47709,11,1
-9.64,35.84268,11,1
-9.64,34.14289,11,1
-8.91895,32.39907,11,1
-9.726883,30.57337,11,1
-12.55599,30.46778,11,1
-15.16045,28.99215,11,1
-16.81674,26.62585,11,1
-18.30328,24.28347,11,1
-18.93004,21.46249,11,1
-19.91879,19.03733,11,1
-19.64052,16.08502,11,1
-18.66057,13.37367,11,1
-16.05612,12.02832,11,1
-12.96732,11.59506,11,1
-9.974241,11.39133,11,1
-6.86144,11.17945,11,1
-5.384056,8.840919,11,1
-3.006851,7.136476,11,1
-1.027405,5.024871,11,1
-0.6873289,4.642426,11,1
0.3538143,3.374032,11,1
-0.2799402,1.814507,11,1
-0.2799402,1.814507,11,1
-0.1388127,1.230948,11,1
-0.2800002,1.106155,11,1
-0.2799999,1.564921,11,1
-0.2799999,1.564921,11,1
-0.2799999,2.042286,11,1
-0.1459884,1.576647,11,1
-0.01197687,0.9918042,11,1
-0.01197687,0.9918042,11,1
-0.3866264,3.099051,11,1
-0.5804268,6.052835,11,1
1.915476,7.406796,11,1
0.8458711,7.257309,11,1
-2.128821,6.868846,11,1
-5.101893,6.469193,11,1
-8.178453,6.314594,11,1
-11.00266,7.325364,11,1
-13.96781,8.296053,11,1
-16.20907,9.453617,11,1
-15.53182,11.5531,11,1
-18.03733,12.79238,11,1
-18.94095,12.03044,11,1
-20.69276,12.80588,11,1
-22.18067,14.75001,11,1
-21.82387,14.49883,11,1
-20.78707,13.76056,11,1
-20.62328,14.58444,11,1
-19.86629,17.46739,11,1
-19.64,20.42461,11,1
-19.25994,23.51925,11,1
-18.3923,25.05563,11,1
-18.3923,25.05563,11,1
-18.3923,25.05563,11,1
-18.3923,25.05563,11,1
-18.3923,25.05563,11,1
-18.3923,25.05563,11,1
-17.75758,25.92944,11,1
-15.92395,28.45377,11,1
-13.58216,30.18508,11,1
-11.32522,32.16019,11,1
-9.712221,34.76265,11,1
-9.965084,37.75514,11,1
-10.83977,40.09798,11,1
-10.83977,40.09798,11,1
-10.83977,40.09798,11,1
-10.83977,40.09798,11,1
-9.712237,42.89274,11,1
-8.288642,45.45707,11,1
-6.659253,48.09588,11,1
-5.582673,50.89443,11,1
-5.030334,53.71112,11,1
-5.279995,56.20905,11,1
-5.28,55.78246,11,1
-5.28,55.45868,11,1
-4.639999,53.53478,11,1
-4.64,53.19683,11,1
-5.291699,51.3449,11,1
-6.820774,48.49116,11,1
-8.245049,45.85082,11,1
-9.636607,42.93047,11,1
-9.757138,40.01502,11,1
-10.28,37.12624,11,1
-10.24285,34.04413,11,1
-9.946001,31.421,11,1
-9.946001,31.421,11,1
-9.946001,31.421,11,1
-10.71156,31.08521,11,1
-11.63809,30.32261,11,1
-14.04387,28.33599,11,1
-16.29477,26.35319,11,1
-18.29629,23.97662,11,1
-19.81818,21.26358,11,1
-20.28,18.48988,11,1
-20.18114,15.39019,11,1
-19.0939,12.64374,11,1
-17.07923,10.2617,11,1
-14.69611,8.701059,11,1
-11.92473,7.680473,11,1
-9.33027,6.17425,11,1
-6.614862,4.637753,11,1
-3.712466,3.545204,11,1
-3.079321,4.432737,11,1
-2.489941,5.141192,11,1
0.2193414,4.167131,11,1
0.2193414,4.167131,11,1
0.2193414,4.167131,11,1
0.36,1.554852,11,1
0.36,1.315433,11,1
0.36,0.7160786,11,1
0.3556297,0.4761184,11,1
0.359993,0.9556457,11,1
0.36,1.434776,11,1
0.1972027,0.8572842,11,1
0.001845844,0.1642937,11,1
0.001845844,0.1642937,11,1
0.36,2.243856,11,1
0.5447481,3.286964,11,1
-1.241328,3.825988,11,1
-3.107545,4.945982,11,1
-4.169598,6.767658,11,1
-5.341358,7.165167,11,1
-8.318639,6.315087,11,1
-10.94941,7.696129,11,1
-13.56182,9.401938,11,1
-16.17423,11.10775,11,1
-18.4852,12.61673,11,1
-18.96428,13.63893,11,1
-17.65385,14.75022,11,1
-18.1139,13.86954,11,1
-19.03401,12.65043,11,1
-21.1412,14.24082,11,1
-20.30697,15.28443,11,1
-20.28,17.10333,11,1
-20.28,18.89244,11,1
-19.64,20.36418,11,1
-19.64,19.93663,11,1
-19.35137,22.22805,11,1
-18.58268,25.15405,11,1
-16.47832,24.87319,11,1
-14.31829,24.43824,11,1
-12.33033,23.69802,11,1
-10.74614,24.92508,11,1
-11.097,28.02527,11,1
-10.74452,30.92208,11,1
-10.5227,33.06925,11,1
-10.07507,35.81678,11,1
-10.31106,38.79058,11,1
-9.679465,41.49727,11,1
-7.845862,44.02166,11,1
-5.838281,46.40612,11,1
-5.279742,49.29107,11,1
-5.274283,52.27877,11,1
-5.28,55.39864,11,1
-5.291437,57.67855,11,1
-7.236292,57.57178,11,1
-7.88,59.44624,11,1
-7.644073,60.12866,11,1
-6.800059,60.52422,11,1
-6.800059,60.52422,11,1
-6.068674,59.95009,11,1
-4.006855,59.92476,11,1
-4.012027,60.18553,11,1
-5.755249,58.51295,11,1
-5.128965,56.41413,11,1
-5.28,53.41494,11,1
-5.531999,50.38749,11,1
-6.734155,47.68993,11,1
-7.493865,44.66389,11,1
-9.111075,42.41167,11,1
-9.86862,39.50905,11,1
-10.28,36.53477,11,1
-10.28,33.46672,11,1
-11.26378,30.81706,11,1
-13.8261,29.1953,11,1
-15.66553,26.75704,11,1
-17.21223,24.1873,11,1
-18.37123,21.69874,11,1
-20.2485,19.53265,11,1
-20.08841,16.82634,11,1
-20.9523,14.16989,11,1
-22.53613,11.48182,11,1
-22.21092,8.618915,11,1
-21.45917,5.690438,11,1
-19.10924,3.892804,11,1
-16.33858,3.31,11,1
-13.48486,3.310001,11,1
-10.58933,3.310001,11,1
-7.528399,3.310001,11,1
-6.448441,3.310002,11,1
-3.448802,3.310002,11,1
-0.6079884,3.554368,11,1
-0.4880029,3.552497,11,1
0.374773,3.133432,11,1
0.3836124,2.773541,11,1
0.3597812,1.94723,11,1
0.3599997,1.46739,11,1
0.301866,1.112114,11,1
0,0,12,1
0,0,12,1
0,0,12,1
0,0,12,1
0,0,12,1
-0.03549173,1.079353,12,1
-0.7413225,3.551179,12,1
-2.339563,6.006871,12,1
-5.263151,7.056358,12,1
-8.379956,7.93376,12,1
-11.25073,7.39787,12,1
-14.35278,7.139942,12,1
-15.86478,9.861891,12,1
-18.39937,11.22948,12,1
-19.58587,13.82689,12,1
-19.91945,16.80826,12,1
-20.02868,19.92325,12,1
-18.19578,22.01521,12,1
-15.21041,21.31,12,1
-12.25924,21.31,12,1
-9.249953,21.31,12,1
-6.273158,21.4948,12,1
-4.05646,23.33794,12,1
-3.630525,26.32517,12,1
-4.993751,28.98747,12,1
-7.331413,30.6779,12,1
-9.427271,32.87311,12,1
-10.2051,35.88609,12,1
-10.22668,38.95778,12,1
-8.615184,41.26538,12,1
-5.768454,40.37718,12,1
-6.158136,42.55967,12,1
-9.24511,42.72908,12,1
-8.639055,45.18166,12,1
-6.248295,46.93721,12,1
-5.911581,50.03579,12,1
-5.218218,52.46692,12,1
-5.119976,55.51034,12,1
-4.130111,57.33878,12,1
-2.05757,57.22,12,1
-2.300613,59.75407,12,1
-4.75567,60.79,12,1
-7.151397,59.02137,12,1
-7.251873,57.22,12,1
-5.478561,56.91312,12,1
-5.030711,54.10257,12,1
-5.294095,51.10217,12,1
-7.971046,50.5993,12,1
-10.82289,50.57114,12,1
-13.60607,50.03817,12,1
-15.27957,52.54076,12,1
-15.06485,55.58368,12,1
-13.44761,57.56567,12,1
-12.07157,58.07981,12,1
-14.10026,59.87579,12,1
-16.18792,57.91948,12,1
-15.0062,55.36417,12,1
-15.00397,52.36421,12,1
-14.57815,49.45306,12,1
-11.50754,49.30083,12,1
-8.806453,48.07126,12,1
-6.062129,48.95578,12,1
-5.263518,51.575,12,1
-5.226791,54.57443,12,1
-4.608588,57.45427,12,1
-2.452229,57.2042,12,1
-4.472136,57.97745,12,1
-4.033069,57.53097,12,1
-4.600289,57.14721,12,1
-5.243923,55.01036,12,1
-5.28,51.93908,12,1
-5.756465,48.9813,12,1
-7.738746,46.6302,12,1
-8.476242,43.87482,12,1
-9.257397,41.00611,12,1
-9.696502,38.0363,12,1
-9.946257,35.04671,12,1
-9.072061,32.13503,12,1
-6.238997,32.00481,12,1
-6.13941,30.67842,12,1
-8.566281,29.31232,12,1
-11.25833,27.98927,12,1
-13.22502,25.65806,12,1
-16.19168,25.60942,12,1
-19.25391,25.48557,12,1
-22.00088,26.27129,12,1
-24.63982,27.63652,12,1
-26.95907,29.61288,12,1
-28.54191,31.91313,12,1
-29.69044,34.5006,12,1
-29.79982,37.61862,12,1
-28.29064,39.64725,12,1
-25.64696,40.68002,12,1
-27.08198,43.10417,12,1
-28.44332,45.56713,12,1
-26.07164,47.77412,12,1
-25.27764,50.47721,12,1
-25.25605,53.40157,12,1
-24.78793,56.37662,12,1
-22.58208,57.8135,12,1
-22.66542,59.96436,12,1
-25.43043,60.11642,12,1
-26.57468,57.55663,12,1
-25.10468,56.50692,12,1
-25.27891,53.55549,12,1
-25.70447,50.88139,12,1
-28.404,50.61858,12,1
-30.94899,49.20002,12,1
-33.84196,49.82613,12,1
-34.84548,52.70099,12,1
-35.04296,55.64001,12,1
-33.8511,58.28121,12,1
-34.03953,60.07543,12,1
-35.65604,57.63562,12,1
-34.70178,54.80774,12,1
-35.00695,51.90413,12,1
-34.32906,49.00304,12,1
-31.87042,47.30796,12,1
-31.97606,44.27215,12,1
-32.27094,41.31628,12,1
-30.63736,39.0746,12,1
-30.18072,36.33948,12,1
-29.64,33.61578,12,1
-31.45169,31.42115,12,1
-31.80943,29.18077,12,1
-29.22215,29.83117,12,1
-26.59665,29.67704,12,1
-24.32455,27.93957,12,1
-22.42735,25.52919,12,1
-20.81766,23.16048,12,1
-20.1601,20.11101,12,1
-19.64261,17.03598,12,1
-19.38849,14.14659,12,1
-17.33705,11.92899,12,1
-14.48674,10.67172,12,1
-11.54328,10.17486,12,1
-8.429065,10.34161,12,1
-5.336325,10.73144,12,1
-2.344634,11.60592,12,1
0.231385,12.02815,12,1
3.152395,13.06984,12,1
5.436392,11.8961,12,1
8.266022,10.5988,12,1
11.05328,9.489243,12,1
13.67538,10.38427,12,1
16.44637,11.39246,12,1
18.85061,13.04562,12,1
19.73171,15.81596,12,1
19.72,18.92871,12,1
19.29846,21.84395,12,1
16.95046,23.59042,12,1
13.90458,23.66773,12,1
11.98112,25.67185,12,1
11.57701,28.76491,12,1
10.73644,31.47265,12,1
10.03894,34.10758,12,1
10.22078,37.18183,12,1
11.06606,39.85941,12,1
13.45797,41.50461,12,1
12.60585,44.32676,12,1
13.38704,46.33672,12,1
14.40643,48.92638,12,1
14.83942,52.01617,12,1
14.80626,54.92577,12,1
16.02629,57.75443,12,1
17.93,58.03694,12,1
17.93,57.22,12,1
17.87385,59.02645,12,1
15.23695,60.57596,12,1
13.02484,59.10231,12,1
14.89954,57.40879,12,1
15.22326,55.59866,12,1
15.06156,52.4956,12,1
14.66183,49.50478,12,1
11.76349,50.05854,12,1
9.004402,49.21615,12,1
6.130436,50.07518,12,1
5.241446,52.6202,12,1
5.171367,55.63115,12,1
5.140952,57.63267,12,1
6.644413,58.63586,12,1
7.438019,60.24456,12,1
4.918127,60.54437,12,1
2.105356,59.86455,12,1
3.919137,57.91131,12,1
5.336826,55.62003,12,1
4.719865,52.76553,12,1
5.657228,49.97794,12,1
8.486618,48.70294,12,1
11.45223,48.41245,12,1
14.43301,49.2374,12,1
15.07394,52.16106,12,1
14.85513,55.02646,12,1
15.52053,57.40164,12,1
16.1516,59.8875,12,1
17.81013,60.05368,12,1
16.59976,59.5807,12,1
17.88732,57.22003,12,1
17.69029,57.22,12,1
14.79358,57.90151,12,1
15.38099,56.65158,12,1
15.0445,53.89033,12,1
14.74778,50.84424,12,1
12.80329,48.66238,12,1
11.51379,46.24057,12,1
11.60215,43.26719,12,1
10.439,40.39397,12,1
10.0177,37.42602,12,1
10.36,34.63098,12,1
9.329649,31.93295,12,1
6.589492,31.6472,12,1
6.59867,32.5746,12,1
9.3711,31.22125,12,1
12.38356,30.4252,12,1
15.3286,29.3951,12,1
18.18016,28.46768,12,1
21.14135,28.0036,12,1
24.04056,28.33731,12,1
26.46953,29.76474,12,1
28.42579,31.65884,12,1
30.09542,33.85993,12,1
29.72,36.79448,12,1
30.71515,39.4795,12,1
33.38054,40.65298,12,1
31.53592,42.55944,12,1
29.52264,40.47746,12,1
26.95082,41.5873,12,1
26.9664,44.58699,12,1
26.23781,47.28043,12,1
25.51393,50.09379,12,1
25.36,52.94252,12,1
24.97823,55.84639,12,1
25.79737,57.99878,12,1
27.81098,57.22068,12,1
25.98462,57.83978,12,1
24.72481,56.45027,12,1
24.7595,53.33068,12,1
25.52222,50.44246,12,1
27.76474,48.45169,12,1
28.28063,45.49635,12,1
28.97224,42.52122,12,1
29.75166,39.79542,12,1
29.72073,36.68338,12,1
29.72031,33.79316,12,1
28.19527,31.57015,12,1
25.75997,30.07457,12,1
24.34896,27.61386,12,1
21.86964,25.92496,12,1
20.45297,23.59301,12,1
19.87051,20.81817,12,1
19.89604,17.70097,12,1
20.61545,14.82067,12,1
21.3071,11.96101,12,1
19.08014,9.981266,12,1
15.99855,10.46922,12,1
13.23496,10.08508,12,1
10.40315,9.516352,12,1
7.785506,8.384652,12,1
4.819601,8.343536,12,1
1.923768,7.584887,12,1
0.5177723,5.231064,12,1
0.05247216,2.388901,12,1
-0.08324034,1.559937,12,1
-0.2800176,0.2271971,12,1
-0.003437385,2.928991,12,1
2.362057,3.999897,12,1
5.316312,4.504641,12,1
7.779689,6.21688,12,1
10.43629,7.851245,12,1
13.25709,9.673527,12,1
15.62383,10.90784,12,1
18.56897,11.40598,12,1
19.51141,14.24363,12,1
20.24759,17.27553,12,1
20.36,20.19082,12,1
21.41272,23.06392,12,1
23.29539,25.27812,12,1
25.41631,27.05246,12,1
27.7457,28.7528,12,1
29.17435,31.52374,12,1
29.7968,34.43591,12,1
29.74612,37.43546,12,1
29.67566,40.55439,12,1
28.12127,42.98071,12,1
26.12145,44.99048,12,1
25.02688,47.51401,12,1
25.0142,50.63392,12,1
24.72,53.34285,12,1
25.05768,56.29423,12,1
27.52501,57.50343,12,1
26.85205,57.4539,12,1
25.11953,55.83861,12,1
24.72851,52.7512,12,1
25.88501,50.10305,12,1
27.80041,47.90033,12,1
28.56747,45.12418,12,1
29.177,42.13197,12,1
29.56898,39.15769,12,1
29.87299,36.15361,12,1
29.72,33.40273,12,1
28.05296,30.78399,12,1
25.7206,29.08771,12,1
23.51773,27.10464,12,1
21.74227,24.7289,12,1
20.95444,21.97671,12,1
20.01188,19.37056,12,1
20.1532,16.38537,12,1
20.71931,13.34595,12,1
17.9189,12.73458,12,1
14.92188,12.60097,12,1
11.9256,12.4545,12,1
8.815201,12.20989,12,1
6.925036,9.882018,12,1
4.012657,9.171393,12,1
1.335313,7.755404,12,1
-0.1611101,5.418897,12,1
-0.2905768,2.652759,12,1
0.36,0.6094576,12,1
0.3600534,-0.7476932,12,1
0.36,1.468499,12,1
1.361693,4.201614,12,1
4.005258,5.064549,12,1
6.96046,5.758976,12,1
9.960414,5.774807,12,1
12.83092,6.638523,12,1
14.49147,9.136937,12,1
17.24937,10.23697,12,1
19.13812,12.45698,12,1
20.11018,15.09364,12,1
20.35999,18.20214,12,1
19.78974,21.13345,12,1
17.38146,22.56651,12,1
16.02639,25.24305,12,1
14.19631,27.36588,12,1
12.7058,29.76741,12,1
11.1173,32.07143,12,1
10.25179,34.51405,12,1
9.91253,37.49422,12,1
9.513036,40.46749,12,1
8.541641,43.23674,12,1
7.173164,45.77533,12,1
5.820669,48.19498,12,1
5.206322,51.03261,12,1
4.719999,54.03931,12,1
5.42227,56.7713,12,1
6.881166,57.48438,12,1
4.736723,56.26171,12,1
4.720004,53.49529,12,1
5.248233,50.77309,12,1
7.591237,48.8708,12,1
10.59773,48.12939,12,1
13.66903,48.52876,12,1
15.79834,50.39929,12,1
15.27999,53.16888,12,1
15.26028,56.02187,12,1
14.58912,57.41176,12,1
15.31803,56.39581,12,1
14.72,54.40016,12,1
15.29297,56.16305,12,1
16.91492,57.45574,12,1
14.50825,56.83447,12,1
14.72,54.10699,12,1
14.64794,51.04176,12,1
13.06289,48.77649,12,1
11.86837,46.22588,12,1
10.82442,43.56753,12,1
10.07584,40.57438,12,1
10.17805,37.85972,12,1
10.22684,34.96931,12,1
10.50076,32.04107,12,1
12.68101,30.15162,12,1
14.85199,28.13461,12,1
17.71445,27.32405,12,1
19.35645,25.25891,12,1
20.17986,22.24953,12,1
20.20522,19.31603,12,1
20.27943,16.25349,12,1
20.54309,13.44156,12,1
20.91179,10.91253,12,1
20.49606,12.14931,12,1
20.64011,14.97527,12,1
20.16917,17.78248,12,1
20.18735,20.89104,12,1
22.06359,22.51308,12,1
25.15437,22.69333,12,1
27.74884,24.18684,12,1
28.93254,26.7309,12,1
29.84755,29.34757,12,1
30.14561,32.18793,12,1
30.00665,35.30483,12,1
29.78178,38.41316,12,1
27.70905,40.3963,12,1
26.16206,42.82385,12,1
25.5601,45.69621,12,1
24.88359,48.41587,12,1
24.89441,51.53584,12,1
24.72,54.37695,12,1
25.74336,57.22754,12,1
26.52711,57.56466,12,1
27.31109,57.22,12,1
27.25158,57.22,12,1
25.54399,57.9276,12,1
24.76404,55.55582,12,1
24.88419,52.43821,12,1
25.98049,49.88536,12,1
27.46738,47.54227,12,1
28.73307,44.94466,12,1
29.0874,41.96574,12,1
29.81906,39.12671,12,1
29.72,36.13636,12,1
29.6412,33.16703,12,1
27.89077,30.59079,12,1
25.42262,29.10297,12,1
22.80904,27.95465,12,1
21.58006,25.39845,12,1
20.76833,22.66556,12,1
20.10805,19.86768,12,1
20.35755,16.88739,12,1
19.08443,14.6804,12,1
16.31963,13.9672,12,1
13.39537,13.29729,12,1
10.35415,12.60058,12,1
8.086106,10.82357,12,1
5.082677,9.97929,12,1
2.176052,8.859338,12,1
-0.2977752,7.38919,12,1
-0.7603892,4.310099,12,1
-0.107633,1.578755,12,1
0.06375836,1.684685,12,1
0.6336567,4.685657,12,1
3.298929,5.447505,12,1
6.403349,5.196059,12,1
9.523187,5.220726,12,1
11.70021,7.145247,12,1
14.10183,8.838875,12,1
16.13811,11.04196,12,1
18.11419,13.2949,12,1
19.74344,15.58228,12,1
19.85099,18.58007,12,1
19.51194,21.65108,12,1
17.99454,24.18431,12,1
15.11044,25.09775,12,1
13.61144,27.52846,12,1
11.78117,29.73734,12,1
10.64267,32.27891,12,1
10.21999,35.08897,12,1
9.975039,38.19932,12,1
8.788106,40.6523,12,1
7.152013,43.05378,12,1
6.098165,45.62751,12,1
5.044316,48.20125,12,1
4.747168,51.18615,12,1
4.72,54.01847,12,1
5.134062,57.05429,12,1
6.6564,57.55009,12,1
4.966376,55.94551,12,1
4.759916,53.01168,12,1
5.797975,50.37289,12,1
8.475815,48.80666,12,1
11.41398,48.31038,12,1
14.25767,49.17688,12,1
15.28913,51.91008,12,1
15.08921,54.84439,12,1
16.12587,57.49315,12,1
15.05357,55.95237,12,1
14.72,53.04742,12,1
14.67923,50.23006,12,1
12.7379,48.06802,12,1
11.0545,45.73162,12,1
9.855371,43.17307,12,1
9.842674,40.29804,12,1
10.19226,37.3189,12,1
9.72,34.36974,12,1
11.19713,31.76621,12,1
13.97071,30.34306,12,1
16.77209,29.27425,12,1
19.86318,28.8659,12,1
22.97074,28.60509,12,1
25.93963,28.98786,12,1
28.78821,30.5036,12,1
29.73776,33.10278,12,1
30.26624,36.29028,12,1
30.20813,39.35182,12,1
28.75408,41.89855,12,1
26.72875,44.01735,12,1
25.65589,46.84207,12,1
25.33431,49.82478,12,1
24.72,52.28372,12,1
24.72972,55.27489,12,1
26.25969,57.74701,12,1
27.15317,57.31889,12,1
25.34576,56.44946,12,1
25.36,53.34158,12,1
25.59789,50.51125,12,1
27.13615,48.05861,12,1
28.53788,45.5139,12,1
29.21031,42.59133,12,1
29.85387,39.69999,12,1
29.85118,36.74442,12,1
30.28832,33.87975,12,1
28.87313,31.39104,12,1
26.70366,29.32863,12,1
24.56101,27.45681,12,1
22.70622,25.32581,12,1
20.92527,23.19919,12,1
20.08408,20.32012,12,1
20.36,17.5146,12,1
19.76085,14.84933,12,1
17.38468,12.82794,12,1
15.00761,11.00055,12,1
12.46333,9.411017,12,1
9.827374,8.366923,12,1
7.163371,7.479549,12,1
4.400453,6.686288,12,1
1.850677,5.601664,12,1
0.3784726,3.032112,12,1
0.2757642,0.1100143,12,1
0.2520973,2.765086,12,1
2.815045,3.868682,12,1
5.67735,4.765844,12,1
8.564127,5.947493,12,1
11.31503,7.418429,12,1
13.86513,8.995696,12,1
16.28834,10.95702,12,1
18.37422,13.11017,12,1
19.81057,15.72901,12,1
20.35017,18.67934,12,1
20.59617,21.75879,12,1
21.86085,24.46948,12,1
24.04559,26.36019,12,1
25.91315,28.42317,12,1
28.25686,30.14101,12,1
29.74285,32.43559,12,1
30.28937,35.38519,12,1
30.36,38.45075,12,1
31.59583,40.9605,12,1
33.09693,43.58304,12,1
34.24445,46.1983,12,1
35.03438,49.0924,12,1
34.89401,51.87306,12,1
34.83467,54.89846,12,1
35.96188,57.41314,12,1
35.40958,56.85709,12,1
34.83499,53.88094,12,1
35.18234,51.06039,12,1
32.9539,49.92121,12,1
29.80484,49.34389,12,1
26.87087,49.92932,12,1
25.3033,52.06356,12,1
25.25347,55.00779,12,1
24.90557,57.29321,12,1
26.18158,58.39198,12,1
27.24058,57.22,12,1
26.09265,57.80927,12,1
24.73302,56.55587,12,1
25.00642,53.56837,12,1
25.56118,50.69202,12,1
27.94444,48.78173,12,1
28.83394,46.06786,12,1
29.33442,43.10995,12,1
29.78835,40.14466,12,1
30.0141,36.91975,12,1
29.72,33.99903,12,1
28.45407,31.44505,12,1
26.11219,29.98636,12,1
23.57424,28.5867,12,1
21.37679,26.84638,12,1
20.84367,23.77561,12,1
20.42892,20.80443,12,1
19.91675,17.7373,12,1
19.53404,15.03021,12,1
17.37683,12.81454,12,1
14.55922,12.1792,12,1
11.44908,12.07612,12,1
8.475006,11.68884,12,1
6.192935,10.13245,12,1
3.077142,9.261715,12,1
1.518531,7.209293,12,1
0.04112852,4.73591,12,1
-0.2799973,1.761554,12,1
0,0,13,1
0,0,13,1
0,0,13,1
0,0,13,1
0,0,13,1
0,0,13,1
0,0,13,1
0,0,13,1
0.36,2.221641,13,1
0.3593847,4.14028,13,1
0.1510703,4.259461,13,1
-2.416614,5.81082,13,1
-5.219391,6.699604,13,1
-5.698666,6.725978,13,1
-5.698666,6.725978,13,1
-5.698666,6.725978,13,1
-2.938748,6.704318,13,1
0.0611601,6.680774,13,1
3.181064,6.656289,13,1
6.180976,6.632745,13,1
9.180885,6.609201,13,1
12.30078,6.584715,13,1
15.01068,7.357572,13,1
16.54365,10.07498,13,1
18.40794,12.68001,13,1
19.90125,14.99559,13,1
20.07391,17.9906,13,1
20.25348,21.10542,13,1
20.29492,21.82422,13,1
21.82229,22.13538,13,1
24.35971,23.72616,13,1
24.61034,23.98435,13,1
24.61034,23.98435,13,1
21.94438,24.69867,13,1
19.04659,25.4751,13,1
16.1488,26.25154,13,1
13.13478,27.05781,13,1
11.39489,27.51912,13,1
11.39489,27.51912,13,1
11.39489,27.51912,13,1
13.15938,27.87492,13,1
16.1002,28.46792,13,1
19.03993,29.06613,13,1
22.09673,29.69083,13,1
25.13444,30.39784,13,1
27.84885,31.6308,13,1
30.27116,33.4898,13,1
30.36,36.47163,13,1
30.36,38.5026,13,1
31.50561,39.94732,13,1
32.15707,40.65163,13,1
33.15778,42.70807,13,1
32.63145,45.66959,13,1
29.96439,46.67649,13,1
27.73437,44.62651,13,1
28.97098,42.20174,13,1
31.72394,42.66115,13,1
33.58537,45.15245,13,1
35.01155,47.83406,13,1
35.297,50.94094,13,1
35.36,54.04782,13,1
35.40392,57.03521,13,1
35.45881,57.63269,13,1
35.45881,57.63269,13,1
35.45881,57.63269,13,1
35.45881,57.63269,13,1
35.45881,57.63269,13,1
34.10082,59.43865,13,1
34.10082,59.43865,13,1
34.10082,59.43865,13,1
34.10082,59.43865,13,1
34.10082,59.43865,13,1
34.10082,59.43865,13,1
34.10082,59.43865,13,1
34.14982,57.75994,13,1
34.81664,55.26022,13,1
34.72,52.16155,13,1
33.9854,49.19441,13,1
33.13242,48.0364,13,1
33.13242,48.0364,13,1
33.13242,48.0364,13,1
33.13242,48.0364,13,1
31.65897,47.53279,13,1
28.54749,47.38514,13,1
25.62406,47.95966,13,1
25.16433,48.09747,13,1
24.96063,50.24013,13,1
24.72,53.32043,13,1
24.72,56.26134,13,1
24.24768,58.21922,13,1
24.24768,58.21922,13,1
24.24768,58.21922,13,1
24.24768,58.21922,13,1
25.80068,58.07465,13,1
27.93,57.26849,13,1
27.93,57.26849,13,1
26.97888,58.34967,13,1
25.37317,60.1334,13,1
24.5495,59.9571,13,1
24.45883,58.88098,13,1
24.83131,55.80898,13,1
25.24669,52.71678,13,1
25.66026,49.76024,13,1
27.97272,47.94908,13,1
29.41567,45.38422,13,1
30.12182,42.46863,13,1
30.48247,39.49352,13,1
30.09768,36.55888,13,1
30.09243,33.56403,13,1
29.23642,30.74042,13,1
26.7882,29.00706,13,1
27.25643,26.82584,13,1
29.81623,27.56123,13,1
31.1669,28.85965,13,1
29.58413,26.50647,13,1
26.77846,25.44458,13,1
23.86573,24.32645,13,1
21.0746,23.22673,13,1
20.61811,22.85423,13,1
20.61811,22.85423,13,1
20.29688,20.59697,13,1
19.89446,17.62413,13,1
19.60598,14.53043,13,1
18.20843,12.17888,13,1
15.25866,11.65457,13,1
12.52346,10.42434,13,1
9.690071,9.118087,13,1
6.856686,7.811831,13,1
4.132277,6.555807,13,1
1.298891,5.249541,13,1
0.7941881,4.931139,13,1
-0.2676412,3.478706,13,1
-0.2660399,2.460358,13,1
-0.2799999,0.7981957,13,1
-0.06022143,2.342636,13,1
-0.710503,5.032577,13,1
-1.743723,5.644538,13,1
1.217208,5.475283,13,1
4.304691,5.891456,13,1
7.141613,6.866791,13,1
10.11111,7.824101,13,1
12.96667,8.74373,13,1
15.81083,9.948727,13,1
17.62151,12.48282,13,1
19.54195,14.75619,13,1
20.35954,17.71916,13,1
20.37256,20.66265,13,1
22.36873,22.90356,13,1
25.10818,24.12641,13,1
27.14139,26.31052,13,1
28.90187,28.87192,13,1
29.9121,31.55945,13,1
30.34486,34.64747,13,1
30.36,37.62932,13,1
30.597,40.73045,13,1
30.50804,43.63219,13,1
28.27935,45.80973,13,1
26.77558,48.39722,13,1
25.62879,50.99466,13,1
25.32055,53.87559,13,1
25.3761,56.6739,13,1
26.09477,58.30563,13,1
27.3098,57.78979,13,1
27.70875,57.313,13,1
24.98411,58.54879,13,1
25.17519,57.81391,13,1
25.36,54.77431,13,1
25.36,51.77538,13,1
26.92136,49.33252,13,1
28.9177,46.93866,13,1
30.05388,44.06018,13,1
30.18285,41.07009,13,1
29.91432,37.96182,13,1
29.72006,34.96928,13,1
29.74744,31.97817,13,1
27.3799,29.98328,13,1
24.83892,28.17282,13,1
22.49137,26.50446,13,1
20.59082,23.956,13,1
19.95434,20.91226,13,1
19.72,17.93498,13,1
19.66112,14.95297,13,1
17.66542,12.80887,13,1
15.05108,11.10617,13,1
12.15851,9.950905,13,1
9.33323,8.942037,13,1
6.394942,7.892814,13,1
3.456659,6.843591,13,1
1.1877,4.858948,13,1
0.2289472,2.219415,13,1
0.2146461,2.224197,13,1
0.3686816,2.678984,13,1
-0.2209099,0.7260423,13,1
0.3523694,2.683637,13,1
-0.57717,5.307697,13,1
-2.652629,6.514241,13,1
0.2807107,6.16185,13,1
3.395409,6.327028,13,1
6.510037,6.43658,13,1
9.435153,7.034939,13,1
12.18962,8.223537,13,1
15.05299,9.462694,13,1
17.44213,11.33081,13,1
19.12832,13.81208,13,1
20.32946,16.62195,13,1
20.36,19.7312,13,1
21.8863,22.18708,13,1
24.45538,23.73457,13,1
26.70435,25.89438,13,1
28.26672,28.44246,13,1
29.61464,31.12262,13,1
29.72,34.17959,13,1
29.73287,37.16779,13,1
29.53722,40.17414,13,1
27.74078,42.575,13,1
26.95511,45.57982,13,1
26.1155,48.5785,13,1
25.36252,51.36616,13,1
24.81733,54.31616,13,1
25.0282,57.39217,13,1
27.15863,59.54924,13,1
27.93,59.24235,13,1
27.93,58.44623,13,1
27.79397,57.55331,13,1
26.8871,59.77537,13,1
24.81843,59.07361,13,1
24.98432,56.68242,13,1
25.35985,53.70982,13,1
25.66345,50.68132,13,1
27.83766,48.616,13,1
29.03113,45.79669,13,1
29.64258,42.85985,13,1
29.46842,39.6257,13,1
29.72,37.05248,13,1
29.72,34.05338,13,1
28.03707,32.02662,13,1
25.3049,30.64355,13,1
23.62125,28.01681,13,1
21.87817,25.58628,13,1
20.15164,23.2129,13,1
19.72155,20.12424,13,1
19.72,17.14767,13,1
19.07932,14.67518,13,1
16.05065,13.546,13,1
13.11513,12.48909,13,1
10.29252,11.47283,13,1
7.470334,10.45539,13,1
4.737617,9.230429,13,1
2.117802,7.545256,13,1
0.2247306,5.122868,13,1
-0.2799112,2.053119,13,1
-0.2799964,1.816911,13,1
-0.271525,0.3773105,13,1
-0.419,3.346324,13,1
-2.676504,4.588884,13,1
0.2660713,4.196746,13,1
3.25348,4.471309,13,1
6.362255,4.734938,13,1
9.322109,5.210505,13,1
12.24752,5.85011,13,1
14.85456,7.559768,13,1
17.37066,9.39623,13,1
19.15014,11.79461,13,1
19.79465,14.84421,13,1
20.35633,17.78983,13,1
20.29248,20.9051,13,1
22.01257,23.20201,13,1
24.34893,25.0839,13,1
26.77874,27.04106,13,1
28.76224,29.25163,13,1
29.9264,32.134,13,1
29.88059,35.24497,13,1
29.72007,38.23998,13,1
28.60928,40.91987,13,1
26.42097,42.96089,13,1
26.01648,45.88888,13,1
25.45178,48.93379,13,1
25.22857,52.04036,13,1
25.08719,55.03699,13,1
24.96277,57.67403,13,1
24.96277,57.67403,13,1
27.59853,57.53439,13,1
27.11833,57.51616,13,1
24.85214,57.54966,13,1
24.71967,55.40641,13,1
24.72,54.67794,13,1
25.17703,53.06466,13,1
25.86642,50.19614,13,1
28.17903,48.43196,13,1
30.25351,46.22031,13,1
30.44877,43.25251,13,1
30.14002,40.26946,13,1
30.25593,37.15431,13,1
30.36,34.0388,13,1
28.60896,31.84163,13,1
25.86163,30.67167,13,1
23.48619,28.69577,13,1
21.88621,26.1716,13,1
20.59854,23.46304,13,1
20.14904,20.38063,13,1
19.80712,17.40022,13,1
19.34681,14.50348,13,1
17.07345,12.55147,13,1
14.62975,10.83498,13,1
11.79584,9.850684,13,1
8.84673,8.832257,13,1
6.011051,7.853001,13,1
3.178861,6.5534,13,1
0.9228879,4.718408,13,1
-0.2658975,1.965634,13,1
-0.2498745,1.517182,13,1
-0.2784387,0.7976702,13,1
-0.1965169,1.636633,13,1
-1.254008,4.191779,13,1
0.3071117,4.03869,13,1
3.405379,4.11168,13,1
6.338724,4.727591,13,1
9.263789,5.38698,13,1
12.23691,6.330334,13,1
14.79194,7.83838,13,1
16.97013,9.900324,13,1
18.98772,12.24392,13,1
19.59778,15.1606,13,1
20.01097,18.19826,13,1
20.31552,21.15391,13,1
22.59351,23.06791,13,1
25.04789,24.79301,13,1
27.33682,26.89157,13,1
29.02456,29.37127,13,1
30.0647,32.16307,13,1
29.98264,35.28186,13,1
29.89179,38.40052,13,1
28.67401,41.08263,13,1
27.04138,43.72944,13,1
26.175,46.72258,13,1
25.42069,49.62597,13,1
25.10153,52.72366,13,1
24.93,55.7187,13,1
24.9007,57.27597,13,1
26.03384,57.4529,13,1
27.15243,57.87582,13,1
25.01783,57.5456,13,1
24.66203,57.49083,13,1
24.75308,56.29427,13,1
25.27441,53.22036,13,1
25.95506,50.47324,13,1
28.40318,48.7891,13,1
30.32154,46.33104,13,1
29.7208,43.48349,13,1
29.76646,40.51113,13,1
30.09577,37.52927,13,1
30.35843,34.4215,13,1
28.85017,31.94247,13,1
26.5074,30.06865,13,1
24.08467,28.10423,13,1
22.05023,25.74039,13,1
20.49056,23.21402,13,1
20.18934,20.23892,13,1
20.16494,17.119,13,1
18.89653,14.45539,13,1
16.43357,12.75925,13,1
13.73968,11.43906,13,1
10.93788,10.06635,13,1
8.256433,8.721478,13,1
5.597864,7.331497,13,1
2.939296,5.941517,13,1
0.5471228,4.125166,13,1
-0.1302936,1.573607,13,1
0,0,14,1
0,0,14,1
0,1.08,14,1
0.3290758,4.037669,14,1
0.03672705,4.923765,14,1
0.3889057,6.42679,14,1
0.3889057,6.42679,14,1
-1.85899,6.308678,14,1
-4.546715,5.414902,14,1
-7.188159,6.982501,14,1
-9.690696,8.613164,14,1
-12.54546,9.813689,14,1
-15.54345,9.923307,14,1
-16.81418,10.04893,14,1
-18.0894,11.43298,14,1
-18.14664,11.7584,14,1
-18.66392,14.35986,14,1
-19.88597,16.88002,14,1
-19.79366,19.87741,14,1
-20.35339,21.00934,14,1
-19.71864,21.87296,14,1
-20.23804,23.49695,14,1
-23.07752,24.65935,14,1
-25.1005,26.64027,14,1
-26.40597,29.28208,14,1
-28.95977,30.85626,14,1
-29.65127,33.67463,14,1
-29.64,36.79411,14,1
-30.49464,39.24347,14,1
-30.55649,39.30156,14,1
-32.25016,39.8474,14,1
-33.31337,42.34785,14,1
-32.80603,45.29953,14,1
-34.08921,47.94518,14,1
-34.64233,50.80399,14,1
-34.88712,53.91434,14,1
-35.11491,56.90476,14,1
-35.58049,57.10129,14,1
-37.67704,57.21998,14,1
-37.88,57.22,14,1
-36.15304,57.85371,14,1
-34.50999,56.84362,14,1
-34.86961,54.8947,14,1
-34.64,51.9813,14,1
-33.72084,48.94587,14,1
-32.15934,46.55411,14,1
-31.368,43.66818,14,1
-30.78335,40.72569,14,1
-30.10901,37.72847,14,1
-29.64015,34.77221,14,1
-28.86211,32.01592,14,1
-26.59653,29.88383,14,1
-24.37218,27.87306,14,1
-22.49337,25.24504,14,1
-21.18094,22.54974,14,1
-20.17096,19.84853,14,1
-19.77969,16.87416,14,1
-18.96033,14.06315,14,1
-16.62216,12.22456,14,1
-13.92665,10.65344,14,1
-11.32404,9.161373,14,1
-8.594976,7.649254,14,1
-5.864526,6.139595,14,1
-3.085095,5.134972,14,1
-1.007931,3.437693,14,1
-0.2228591,2.268111,14,1
-0.2799999,0.3746834,14,1
-0.28,0.7673268,14,1
-0.4709247,2.973949,14,1
-2.799239,4.797064,14,1
-5.517446,6.328647,14,1
-8.131109,7.801322,14,1
-10.74477,9.274009,14,1
-13.48089,10.77314,14,1
-16.06532,12.29349,14,1
-18.66572,14.01468,14,1
-20.03024,16.75023,14,1
-20.28,19.77424,14,1
-21.55898,22.27656,14,1
-23.72824,24.51904,14,1
-25.89953,26.75957,14,1
-27.93321,28.96271,14,1
-29.40739,31.56138,14,1
-30.1103,34.59815,14,1
-30.28,37.525,14,1
-31.62556,39.81097,14,1
-33.80319,41.81282,14,1
-34.38129,44.86581,14,1
-34.76577,47.8411,14,1
-35.16498,50.93548,14,1
-35.28,53.91072,14,1
-35.36603,56.80384,14,1
-35.85624,57.33366,14,1
-37.89247,57.22023,14,1
-37.88,57.22023,14,1
-35.97336,59.23446,14,1
-33.43922,58.03931,14,1
-33.30128,57.54229,14,1
-34.64,55.58275,14,1
-34.64,52.61934,14,1
-33.67638,49.55546,14,1
-32.03794,47.04303,14,1
-30.88836,44.15225,14,1
-30.06673,41.39199,14,1
-29.65279,38.49451,14,1
-29.64,35.39616,14,1
-29.11678,32.68583,14,1
-26.5089,30.98938,14,1
-23.99931,29.34885,14,1
-22.25208,26.66319,14,1
-21.14151,24.00606,14,1
-20.03868,21.21661,14,1
-19.64,18.15605,14,1
-19.58691,15.18998,14,1
-17.65966,13.00286,14,1
-14.85992,11.62648,14,1
-12.15948,10.31974,14,1
-9.427634,8.816901,14,1
-6.867559,7.252954,14,1
-4.270234,6.146326,14,1
-2.144053,4.053922,14,1
-0.2366615,2.281212,14,1
-0.06138227,0.7310904,14,1
-0.2799999,1.737181,14,1
-1.182029,3.546749,14,1
-3.820726,4.972931,14,1
-6.58192,6.42559,14,1
-9.236918,7.822377,14,1
-11.99812,9.275025,14,1
-14.6314,10.71221,14,1
-17.3791,11.82945,14,1
-19.25524,14.21522,14,1
-20.18472,17.06749,14,1
-20.28,19.91788,14,1
-21.63199,22.34442,14,1
-24.47608,23.61453,14,1
-26.67413,25.81832,14,1
-28.73751,28.15862,14,1
-30.71557,30.41402,14,1
-30.70011,32.88934,14,1
-30.28,35.48571,14,1
-30.28,38.37376,14,1
-31.91023,40.94756,14,1
-33.60884,43.54571,14,1
-35.00632,46.33522,14,1
-36.33665,49.0241,14,1
-36.75,50.53175,14,1
-35.22039,50.99262,14,1
-35.28,53.91018,14,1
-35.28,56.48003,14,1
-37.00045,57.43968,14,1
-37.00045,57.43968,14,1
-37.59809,57.48229,14,1
-37.66977,58.44078,14,1
-35.62276,57.53149,14,1
-35.28,55.07644,14,1
-34.75436,51.89774,14,1
-33.78256,49.06847,14,1
-32.53476,46.07837,14,1
-31.36691,43.315,14,1
-30.29655,40.38972,14,1
-29.70853,37.44864,14,1
-29.64,34.49404,14,1
-28.35341,31.98434,14,1
-26.07336,29.8546,14,1
-23.8862,27.80131,14,1
-22.12942,25.3871,14,1
-20.78846,22.70584,14,1
-19.95771,19.7062,14,1
-19.64,16.76426,14,1
-18.69964,14.25814,14,1
-16.12382,12.49789,14,1
-13.60712,10.86515,14,1
-10.86772,9.812451,14,1
-8.343805,8.190768,14,1
-5.607165,7.130911,14,1
-3.11121,5.264861,14,1
-0.8590138,3.335901,14,1
0.3208256,1.357041,14,1
0.359999,0.7853779,14,1
-0.2787701,1.09247,14,1
-0.9009138,3.915239,14,1
-3.450384,5.645149,14,1
-6.26835,6.984241,14,1
-9.091059,8.313415,14,1
-11.70579,9.77978,14,1
-14.32466,10.97869,14,1
-16.82355,12.69475,14,1
-19.04682,14.65434,14,1
-20.10593,17.28613,14,1
-20.28,20.1829,14,1
-21.97312,22.58977,14,1
-24.03006,24.77357,14,1
-26.08952,26.95501,14,1
-28.21208,29.24125,14,1
-29.66736,31.97718,14,1
-30.28001,34.88558,14,1
-30.28,38.01333,14,1
-31.49853,40.61879,14,1
-33.10107,43.1548,14,1
-34.34769,45.87492,14,1
-35.18764,48.87915,14,1
-35.3133,51.29815,14,1
-35.28,54.20609,14,1
-35.53225,57.06705,14,1
-37.63332,57.24575,14,1
-37.88,57.22,14,1
-36.82724,57.50632,14,1
-35.45278,57.02229,14,1
-35.18763,54.8259,14,1
-35.14478,52.01472,14,1
-33.87324,49.29752,14,1
-32.62067,46.44232,14,1
-31.62085,43.36074,14,1
-30.72354,40.4981,14,1
-29.84911,37.62859,14,1
-29.64,34.62148,14,1
-28.52906,32.16357,14,1
-26.14822,30.33851,14,1
-24.04549,28.23089,14,1
-22.78686,25.50791,14,1
-20.9775,23.25434,14,1
-20.14172,20.24982,14,1
-19.64,17.33835,14,1
-19.05483,14.65785,14,1
-16.31889,13.15867,14,1
-13.68611,11.72046,14,1
-11.05333,10.28225,14,1
-8.314929,8.787059,14,1
-5.674524,7.498437,14,1
-3.447374,5.951074,14,1
-1.499984,4.010972,14,1
-0.05039955,2.002723,14,1
0.3584604,0.7574628,14,1
-0.04516144,2.949155,14,1
-2.494469,4.104611,14,1
-5.410365,5.213281,14,1
-8.341476,6.282364,14,1
-11.27432,7.346725,14,1
-14.06804,7.691589,14,1
-16.16333,9.968074,14,1
-18.01685,12.24324,14,1
-19.81339,14.4019,14,1
-20.08634,17.37891,14,1
-20.28,20.38498,14,1
-22.08312,22.81404,14,1
-24.3408,24.96748,14,1
-26.60262,27.11658,14,1
-28.77366,29.1869,14,1
-29.80887,32.01459,14,1
-29.99401,35.00512,14,1
-30.28,37.85543,14,1
-31.43862,40.56752,14,1
-33.08588,43.07483,14,1
-34.70845,45.59719,14,1
-35.62735,48.55809,14,1
-35.57832,51.04335,14,1
-35.28,53.4968,14,1
-35.28,56.41981,14,1
-36.6998,57.5485,14,1
-37.31506,57.2913,14,1
-34.8441,57.63261,14,1
-34.82368,56.07082,14,1
-34.94947,53.16303,14,1
-34.16552,50.43095,14,1
-32.28064,48.3649,14,1
-30.85485,45.45648,14,1
-29.64777,42.71036,14,1
-29.15259,39.89048,14,1
-29.64,37.21364,14,1
-29.64,34.1279,14,1
-28.68647,31.37017,14,1
-26.82106,28.86933,14,1
-24.73179,26.68323,14,1
-22.62442,24.7571,14,1
-20.97049,22.26254,14,1
-19.6437,19.45615,14,1
-19.64,16.62628,14,1
-18.68209,14.09632,14,1
-15.91109,12.66894,14,1
-13.10555,11.30387,14,1
-10.38583,10.35802,14,1
-7.700008,9.26657,14,1
-5.043135,8.092548,14,1
-2.835251,6.14772,14,1
-1.130289,3.86523,14,1
0.2509528,1.362505,14,1
0,0,15,1
0.1729806,1.066048,15,1
0.28116,3.100882,15,1
1.677817,4.148366,15,1
1.906208,3.470219,15,1
4.645278,4.104124,15,1
7.743098,4.250206,15,1
10.72221,4.579455,15,1
13.82397,4.890018,15,1
16.82378,4.922687,15,1
19.53141,5.787118,15,1
22.37199,6.899722,15,1
24.06387,8.947084,15,1
22.49978,10.49402,15,1
21.56145,12.02371,15,1
20.68451,13.94951,15,1
20.33721,15.78137,15,1
20.24299,18.77991,15,1
20.16353,21.41869,15,1
20.16353,21.41869,15,1
20.16353,21.41869,15,1
20.16353,21.41869,15,1
20.16353,21.41869,15,1
21.6338,23.14832,15,1
24.32288,23.79244,15,1
26.13322,25.41106,15,1
26.78142,28.33983,15,1
28.13337,29.70857,15,1
29.2114,30.86238,15,1
29.71024,33.34003,15,1
30.07018,36.43777,15,1
30.20752,38.47031,15,1
29.91943,40.61036,15,1
29.91943,40.61036,15,1
29.91943,40.61036,15,1
30.03942,40.60879,15,1
32.59703,41.83441,15,1
33.41313,44.79314,15,1
34.6069,47.54208,15,1
34.81508,50.53272,15,1
34.97834,53.64843,15,1
35.18368,56.63904,15,1
35.71357,58.3593,15,1
36.4056,59.47557,15,1
36.4056,59.47557,15,1
36.4056,59.47557,15,1
36.4056,59.47557,15,1
36.00424,58.73766,15,1
35.35823,56.30377,15,1
35.3465,53.36743,15,1
34.85246,50.16568,15,1
33.62826,49.52013,15,1
30.86066,49.17797,15,1
27.7982,49.61608,15,1
25.41598,50.92148,15,1
24.85208,53.94244,15,1
24.90892,56.94187,15,1
26.53342,59.50045,15,1
25.75984,60.78625,15,1
25.75984,60.78625,15,1
25.75984,60.78625,15,1
25.30508,59.17356,15,1
25.30287,56.08444,15,1
25.29789,53.08473,15,1
25.14879,49.96898,15,1
26.16262,47.53518,15,1
27.44809,47.26013,15,1
27.44809,47.26013,15,1
27.44809,47.26013,15,1
27.53325,46.66625,15,1
27.51503,43.67225,15,1
28.67426,40.93404,15,1
29.44661,39.86329,15,1
29.85837,37.42073,15,1
29.72,34.47082,15,1
29.50677,31.37016,15,1
29.49423,31.25082,15,1
29.49423,31.25082,15,1
29.49423,31.25082,15,1
29.49423,31.25082,15,1
29.49423,31.25082,15,1
28.3008,31.12537,15,1
25.19667,30.81235,15,1
22.20282,30.64915,15,1
19.13377,30.08764,15,1
16.03,29.92569,15,1
14.59284,30.01607,15,1
14.59284,30.01607,15,1
12.26061,30.5824,15,1
11.21126,30.83786,15,1
11.21126,30.83786,15,1
10.41735,31.45997,15,1
9.719933,34.35085,15,1
9.843619,37.31857,15,1
9.874693,38.63818,15,1
9.925522,41.87774,15,1
9.949995,43.43752,15,1
9.949995,43.43752,15,1
9.949995,43.43752,15,1
9.949995,43.43752,15,1
9.949995,43.43752,15,1
9.949995,43.43752,15,1
9.949995,43.43752,15,1
10.37235,43.01989,15,1
12.83643,42.91773,15,1
13.3294,44.92821,15,1
14.35267,46.40868,15,1
14.45622,49.49091,15,1
14.72032,52.06541,15,1
14.72,54.46523,15,1
14.77525,56.38441,15,1
14.94015,59.13065,15,1
14.94015,59.13065,15,1
14.94015,59.13065,15,1
14.94015,59.13065,15,1
14.94015,59.13065,15,1
14.94015,59.13065,15,1
14.94015,59.13065,15,1
14.94015,59.13065,15,1
14.94015,59.13065,15,1
15.37644,57.26575,15,1
15.17176,54.28,15,1
14.99883,51.28528,15,1
14.88734,50.45274,15,1
13.42211,49.94892,15,1
10.4379,49.87332,15,1
7.592301,50.49644,15,1
5.469792,50.66118,15,1
5.20926,51.97691,15,1
4.725335,54.841,15,1
4.912072,57.95537,15,1
4.965617,59.86901,15,1
4.965617,59.86901,15,1
4.965617,59.86901,15,1
4.965617,59.86901,15,1
4.965617,59.86901,15,1
5.116488,58.43694,15,1
5.221136,55.3193,15,1
5.290004,52.32006,15,1
5.264953,49.08067,15,1
5.505847,46.26886,15,1
7.389421,43.93401,15,1
7.711511,42.90422,15,1
9.155828,40.5635,15,1
9.879667,39.57579,15,1
9.72,36.46499,15,1
9.72,33.47052,15,1
9.415578,30.3691,15,1
9.39712,30.25053,15,1
9.39712,30.25053,15,1
9.39712,30.25053,15,1
9.39712,30.25053,15,1
10.63374,29.29972,15,1
13.09909,27.38754,15,1
15.51822,25.61413,15,1
18.44703,25.20995,15,1
21.41545,25.00319,15,1
24.07045,26.63455,15,1
26.6959,28.3202,15,1
28.41634,29.41621,15,1
28.41634,29.41621,15,1
31.33914,28.74368,15,1
31.4383,26.2508,15,1
28.75714,24.90575,15,1
25.8033,24.74186,15,1
23.70398,23.42708,15,1
22.84225,23.00455,15,1
21.11337,21.48167,15,1
20.23065,20.29363,15,1
20.36,18.03628,15,1
20.30037,16.11797,15,1
20.30037,16.11797,15,1
20.30037,16.11797,15,1
20.30037,16.11797,15,1
18.7202,13.91856,15,1
18.38214,12.40284,15,1
17.90599,10.05488,15,1
17.90599,10.05488,15,1
18.00697,9.99005,15,1
20.55909,8.460843,15,1
23.19528,8.581809,15,1
23.19528,8.581809,15,1
23.19528,8.581809,15,1
23.19528,8.581809,15,1
21.71697,7.746049,15,1
18.64069,8.245249,15,1
15.54041,8.595634,15,1
12.43644,8.899688,15,1
9.440993,8.737577,15,1
6.326584,8.550982,15,1
3.210879,8.486849,15,1
0.223942,8.712901,15,1
-2.834925,9.327335,15,1
-5.894282,9.938343,15,1
-7.685812,10.08115,15,1
-7.685812,10.08115,15,1
-7.685812,10.08115,15,1
-10.55408,10.08459,15,1
-13.52075,10.53053,15,1
-16.48742,10.97647,15,1
-17.19943,11.08349,15,1
-18.25036,12.54319,15,1
-18.91415,14.05747,15,1
-19.96057,14.97676,15,1
-20.28,17.99527,15,1
-20.11873,20.75028,15,1
-20.11873,20.75028,15,1
-21.10089,21.53809,15,1
-21.27455,21.70374,15,1
-21.27455,21.70374,15,1
-21.27455,21.70374,15,1
-19.12938,22.76886,15,1
-16.37303,24.23052,15,1
-13.68927,25.80928,15,1
-12.0678,28.31649,15,1
-11.06459,31.25246,15,1
-10.19812,33.83009,15,1
-9.857477,36.93088,15,1
-9.738335,38.12496,15,1
-9.679651,39.44365,15,1
-9.626303,40.64245,15,1
-9.626303,40.64245,15,1
-9.626303,40.64245,15,1
-9.626303,40.64245,15,1
-7.972314,40.9296,15,1
-5.613951,42.74415,15,1
-5.724658,45.82865,15,1
-4.894217,48.83611,15,1
-4.944108,51.83127,15,1
-5.083027,54.82801,15,1
-4.468703,57.72796,15,1
-3.841339,59.41511,15,1
-3.841339,59.41511,15,1
-3.841339,59.41511,15,1
-3.610261,58.8614,15,1
-2.656889,57.22071,15,1
-2.869805,57.67988,15,1
-3.715679,59.37554,15,1
-4.020848,57.96827,15,1
-5.219702,57.60627,15,1
-5.28,54.64072,15,1
-5.28,51.53332,15,1
-6.14266,48.57581,15,1
-6.64243,48.2441,15,1
-6.64243,48.2441,15,1
-7.797892,46.27902,15,1
-9.249634,43.53539,15,1
-9.703171,40.57053,15,1
-10.22428,37.49439,15,1
-10.28,34.51204,15,1
-10.50568,31.28979,15,1
-10.59345,30.45439,15,1
-10.59345,30.45439,15,1
-10.59345,30.45439,15,1
-10.59345,30.45439,15,1
-13.28765,29.2104,15,1
-15.05961,28.19958,15,1
-15.71037,27.34012,15,1
-17.24001,27.755,15,1
-17.84407,24.825,15,1
-18.35327,23.10987,15,1
-18.77753,23.11052,15,1
-19.82795,22.28577,15,1
-19.64,19.3581,15,1
-19.64,16.35974,15,1
-19.57206,13.24128,15,1
-19.51921,11.56211,15,1
-18.74854,11.22796,15,1
-16.0026,10.02032,15,1
-13.17587,8.699695,15,1
-10.40375,7.565127,15,1
-7.554936,6.625097,15,1
-4.648605,5.508358,15,1
-1.980259,4.137281,15,1
-0.6984894,3.481082,15,1
-0.6984894,3.481082,15,1
-0.5537953,3.569759,15,1
0.2456149,2.475855,15,1
0.3599999,-0.5004736,15,1
0.3599999,-0.6195267,15,1
0.3599999,-0.6195267,15,1
0.006868258,0.7742953,15,1
-0.3788337,3.71737,15,1
-2.584685,5.619775,15,1
-5.673366,5.927784,15,1
-8.31187,7.23716,15,1
-11.1912,8.341474,15,1
-14.12236,8.980435,15,1
-16.2292,11.011,15,1
-18.69952,12.85373,15,1
-20.02414,15.60636,15,1
-20.28,18.69306,15,1
-20.31114,21.68773,15,1
-18.78356,23.4976,15,1
-15.91414,24.5705,15,1
-14.07004,26.82546,15,1
-12.54462,29.5458,15,1
-11.03106,32.21067,15,1
-10.2106,34.45984,15,1
-10.24939,37.57905,15,1
-9.507981,40.36783,15,1
-6.971487,42.13968,15,1
-5.202124,44.28054,15,1
-5.493301,47.26595,15,1
-5.254687,50.23551,15,1
-4.79901,53.19799,15,1
-4.64,56.29446,15,1
-5.321368,58.79943,15,1
-6.562922,57.55853,15,1
-5.714424,57.62697,15,1
-5.583769,56.96091,15,1
-4.790319,56.62275,15,1
-4.997347,54.83291,15,1
-5.28,51.87357,15,1
-5.383437,50.80959,15,1
-5.405836,50.30106,15,1
-6.724919,49.41885,15,1
-9.84385,49.33703,15,1
-12.84282,49.26463,15,1
-13.69476,49.83113,15,1
-14.40368,50.29348,15,1
-15.25623,52.78857,15,1
-14.9847,55.76826,15,1
-14.68607,57.9075,15,1
-14.68607,57.9075,15,1
-14.68607,57.9075,15,1
-14.68607,57.9075,15,1
-14.68607,57.9075,15,1
-14.68607,57.9075,15,1
-15.05149,54.93068,15,1
-14.64,51.99436,15,1
-14.52363,50.22758,15,1
-14.52363,50.22758,15,1
-13.33182,49.44759,15,1
-12.06175,47.27682,15,1
-12.06175,47.27682,15,1
-12.02616,47.16222,15,1
-11.10912,44.05482,15,1
-10.25087,41.05519,15,1
-9.679293,38.01853,15,1
-10.19492,34.81994,15,1
-10.37799,32.68186,15,1
-11.75753,31.72408,15,1
-14.57939,30.91152,15,1
-17.57164,30.69758,15,1
-20.56236,30.46202,15,1
-23.55308,30.22647,15,1
-25.71013,30.27313,15,1
-26.76081,30.52304,15,1
-28.2814,30.87153,15,1
-29.07402,31.92707,15,1
-29.62104,31.66638,15,1
-30.25491,33.4952,15,1
-29.67603,36.53877,15,1
-30.26148,38.61761,15,1
-30.76376,40.34613,15,1
-31.09862,41.49847,15,1
-31.09862,41.49847,15,1
-31.09862,41.49847,15,1
-31.09862,41.49847,15,1
-29.80145,41.74249,15,1
-26.9574,42.88501,15,1
-26.29997,45.78451,15,1
-25.5429,48.61772,15,1
-24.77992,51.46754,15,1
-24.64,54.57521,15,1
-24.55972,57.56456,15,1
-24.2343,59.20168,15,1
-24.2343,59.20168,15,1
-24.2343,59.20168,15,1
-24.2343,59.20168,15,1
-24.2343,59.20168,15,1
-24.56945,57.92508,15,1
-25.25761,55.00701,15,1
-25.28,51.89527,15,1
-25.35622,50.33915,15,1
-25.35622,50.33915,15,1
-27.21956,49.8762,15,1
-30.17973,49.58467,15,1
-33.13708,50.08848,15,1
-34.92137,50.30862,15,1
-35.0482,51.74304,15,1
-35.27997,54.73186,15,1
-34.95635,57.66722,15,1
-33.89155,59.68331,15,1
-33.89155,59.68331,15,1
-33.89155,59.68331,15,1
-33.89155,59.68331,15,1
-33.89155,59.68331,15,1
-34.37236,59.85071,15,1
-34.65421,57.58819,15,1
-34.64,54.68649,15,1
-34.64,51.68986,15,1
-34.35601,48.71067,15,1
-34.31164,48.4748,15,1
-34.31164,48.4748,15,1
-34.31164,48.4748,15,1
-34.31164,48.4748,15,1
-34.14168,48.02598,15,1
-33.94104,45.04211,15,1
-32.14942,44.3521,15,1
-30.85819,41.52404,15,1
-29.78152,38.59934,15,1
-29.87304,35.60179,15,1
-29.98276,32.60382,15,1
-30.00471,32.00422,15,1
-30.95781,31.89135,15,1
-32.74059,31.64289,15,1
-32.74059,31.64289,15,1
-32.74059,31.64289,15,1
-34.17121,29.54144,15,1
-35.40473,27.81694,15,1
-34.88676,26.60282,15,1
-34.34863,25.39823,15,1
-34.34863,25.39823,15,1
-34.34863,25.39823,15,1
-33.08149,24.95106,15,1
-30.17215,25.66574,15,1
-28.13356,25.60401,15,1
-26.80172,24.44788,15,1
-24.05534,24.17396,15,1
-23.1693,23.80903,15,1
-20.17677,23.61086,15,1
-19.94255,23.66323,15,1
-19.90643,23.18459,15,1
-19.64009,20.08494,15,1
-19.64,17.11062,15,1
-19.71467,14.01799,15,1
-21.60412,11.92062,15,1
-21.94744,11.81499,15,1
-20.79144,10.92806,15,1
-20.47286,10.96377,15,1
-19.03218,9.888077,15,1
-16.04483,9.612838,15,1
-12.9379,9.327565,15,1
-9.950472,9.053265,15,1
-6.831873,9.088038,15,1
-3.833136,9.173989,15,1
-0.7155504,9.296702,15,1
2.402035,9.419415,15,1
5.399717,9.537409,15,1
8.397401,9.655402,15,1
11.51499,9.778115,15,1
14.63258,9.900828,15,1
15.71175,9.943306,15,1
16.02417,9.541319,15,1
18.00821,10.9177,15,1
19.1014,13.83406,15,1
19.65435,15.19474,15,1
19.72,18.14984,15,1
19.68072,21.14342,15,1
22.17744,22.15787,15,1
25.11666,22.25409,15,1
27.69707,23.68564,15,1
28.94824,26.40827,15,1
29.53364,29.31137,15,1
29.3649,32.4238,15,1
29.80095,34.99588,15,1
29.93423,37.99289,15,1
29.97688,38.95194,15,1
27.96749,40.02739,15,1
27.96749,40.02739,15,1
29.39094,40.65958,15,1
31.75739,42.50913,15,1
32.55283,45.5259,15,1
33.8976,48.19034,15,1
34.56163,51.14906,15,1
34.72,54.00121,15,1
34.95407,56.95681,15,1
36.03597,58.3943,15,1
36.03597,58.3943,15,1
36.03597,58.3943,15,1
36.03597,58.3943,15,1
36.03597,58.3943,15,1
36.03597,58.3943,15,1
36.03597,58.3943,15,1
34.69933,56.57327,15,1
34.72,54.21093,15,1
34.69994,51.22337,15,1
34.57736,49.78872,15,1
32.0724,49.52024,15,1
28.99874,48.98611,15,1
26.39702,49.96576,15,1
26.23223,50.11412,15,1
25.19549,51.0998,15,1
24.96336,54.09073,15,1
25.06842,57.04029,15,1
26.56589,58.75506,15,1
26.56589,58.75506,15,1
26.56589,58.75506,15,1
26.56589,58.75506,15,1
25.26835,57.18247,15,1
25.18155,54.34052,15,1
25.38177,51.2559,15,1
26.26067,48.27427,15,1
27.86973,45.75999,15,1
28.3595,42.68658,15,1
29.59199,39.98393,15,1
29.72,37.01834,15,1
29.82824,33.90686,15,1
30.28876,30.94244,15,1
30.28876,30.94244,15,1
30.28876,30.94244,15,1
30.28876,30.94244,15,1
28.03508,30.78745,15,1
24.95105,30.32006,15,1
21.95714,30.12927,15,1
18.96308,29.94068,15,1
15.84926,29.74455,15,1
12.93322,30.12759,15,1
12.51653,30.36522,15,1
10.39828,31.93183,15,1
10.34995,33.47629,15,1
10.32758,36.59489,15,1
9.853257,39.6784,15,1
9.778131,40.15249,15,1
9.862308,40.23801,15,1
11.77486,42.52466,15,1
12.78219,45.46096,15,1
14.0043,48.16142,15,1
14.31616,50.91668,15,1
14.72,53.08104,15,1
14.72,56.08101,15,1
15.75229,58.83197,15,1
15.8822,59.03378,15,1
15.8822,59.03378,15,1
15.8822,59.03378,15,1
15.8822,59.03378,15,1
15.59402,57.50063,15,1
15.35985,54.56364,15,1
15.36,51.45977,15,1
14.54089,48.82762,15,1
13.71102,48.92517,15,1
10.71642,48.75542,15,1
7.914723,49.89073,15,1
5.275442,50.43046,15,1
4.38307,51.02733,15,1
5.04237,52.2879,15,1
5.036073,55.40445,15,1
5.64545,58.27108,15,1
5.64545,58.27108,15,1
5.64545,58.27108,15,1
5.64545,58.27108,15,1
5.64545,58.27108,15,1
4.960122,55.5999,15,1
4.72,53.05674,15,1
4.72,51.61126,15,1
3.24997,50.20113,15,1
3.25,50.20113,15,1
3.25,50.20113,15,1
3.25,50.20113,15,1
3.392136,49.87037,15,1
5.363591,49.58067,15,1
7.362785,50.5135,15,1
7.582818,50.49987,15,1
7.278031,49.72218,15,1
7.58378,46.7547,15,1
8.492699,43.77127,15,1
9.761893,42.4694,15,1
10.35432,40.26102,15,1
10.18972,37.26553,15,1
10.01258,34.15058,15,1
9.853953,31.39516,15,1
9.853953,31.39516,15,1
9.853953,31.39516,15,1
9.853953,31.39516,15,1
9.853953,31.39516,15,1
8.718858,31.78401,15,1
8.122267,30.83683,15,1
9.374746,30.78004,15,1
11.06196,30.95126,15,1
11.85769,28.17737,15,1
12.74405,25.34272,15,1
14.35679,25.18145,15,1
14.35679,25.18145,15,1
14.35679,25.18145,15,1
12.51894,24.85422,15,1
12.35192,24.82415,15,1
12.35192,24.82415,15,1
15.05818,24.28318,15,1
16.7042,23.94694,15,1
18.20537,22.24445,15,1
19.88313,20.89006,15,1
20.07533,19.34221,15,1
20.29767,16.25179,15,1
19.53912,13.9828,15,1
19.8051,13.445,15,1
20.85889,10.78019,15,1
20.85889,10.78019,15,1
20.85889,10.78019,15,1
19.09716,11.80874,15,1
15.92248,12.11185,15,1
13.16638,11.33848,15,1
10.16079,10.50621,15,1
9.224127,10.30945,15,1
7.677213,10.90587,15,1
4.715339,11.38266,15,1
1.632736,11.86424,15,1
1.512953,11.87145,15,1
1.512953,11.87145,15,1
-0.7582524,11.18117,15,1
-3.72291,11.07869,15,1
-5.247329,10.74745,15,1
-8.180068,10.11576,15,1
-11.11281,9.484068,15,1
-13.16928,9.64184,15,1
-15.06847,10.66957,15,1
-18.02666,10.95838,15,1
-21.02663,10.97381,15,1
-24.14417,10.89629,15,1
-27.12083,10.52376,15,1
-27.95411,10.41778,15,1
-27.68353,9.986539,15,1
-25.95588,8.83827,15,1
-24.01439,8.995479,15,1
-23.3294,11.17608,15,1
-22.27302,13.25201,15,1
-20.60925,13.49594,15,1
-20.21074,16.34845,15,1
-19.64,19.18062,15,1
-19.64,19.28934,15,1
-19.64,19.28934,15,1
-19.5573,20.80925,15,1
-18.86465,22.33767,15,1
-15.96605,23.24485,15,1
-12.97442,23.2719,15,1
-10.0949,23.9974,15,1
-9.097869,26.30425,15,1
-9.86991,26.2648,15,1
-10.21318,29.36318,15,1
-10.45546,32.47374,15,1
-9.970179,35.33717,15,1
-9.754256,37.72742,15,1
-9.825397,39.88305,15,1
-9.925644,41.19922,15,1
-9.925644,41.19922,15,1
-9.925644,41.19922,15,1
-9.925644,41.19922,15,1
-7.922539,41.93447,15,1
-6.505598,44.57682,15,1
-6.0636,47.66059,15,1
-5.336954,50.54681,15,1
-4.639905,52.21221,15,1
-4.766645,54.00397,15,1
-4.806445,57.00085,15,1
-4.529451,58.2589,15,1
-4.529451,58.2589,15,1
-3.140589,57.88857,15,1
-2.07,57.60422,15,1
-2.07,57.60422,15,1
-2.07,57.60422,15,1
-2.07,57.60422,15,1
-2.07,57.60422,15,1
-2.07,57.60422,15,1
-2.172794,58.78711,15,1
-3.966001,57.79251,15,1
-4.63988,55.79961,15,1
-4.64,53.79261,15,1
-4.528535,50.70565,15,1
-4.825013,47.95094,15,1
-6.338216,48.963,15,1
-8.195705,49.23701,15,1
-8.652589,46.27202,15,1
-9.053164,43.17875,15,1
-9.377774,40.07796,15,1
-9.780187,37.11034,15,1
-9.929024,33.99394,15,1
-10.42917,31.05698,15,1
-10.71787,30.01671,15,1
-11.1679,28.02695,15,1
-11.1679,28.02695,15,1
-11.1679,28.02695,15,1
-11.1679,28.02695,15,1
-12.59112,28.34455,15,1
-14.53687,27.51523,15,1
-16.28198,26.34861,15,1
-18.00089,25.06488,15,1
-19.01375,22.14438,15,1
-19.88434,19.39339,15,1
-20.28,16.44649,15,1
-20.63959,13.49957,15,1
-20.90928,12.08504,15,1
-18.82917,11.50482,15,1
-15.89162,10.45391,15,1
-13.18574,9.4677,15,1
-10.12359,8.898124,15,1
-7.159259,8.436879,15,1
-4.275947,7.677243,15,1
-1.903344,6.048826,15,1
-1.812349,5.826746,15,1
-0.1496277,4.705388,15,1
0.3345697,2.448675,15,1
0.106295,0.5423933,15,1
-0.2180392,0.6960114,15,1
-0.1074248,3.631917,15,1
-1.236175,6.485574,15,1
-4.084948,7.099519,15,1
-7.003614,7.791509,15,1
-9.917089,8.506808,15,1
-12.83056,9.222112,15,1
-15.73459,10.35669,15,1
-18.16217,12.08793,15,1
-19.6915,14.69626,15,1
-19.73171,17.69598,15,1
-19.91151,20.80873,15,1
-18.40638,22.95731,15,1
-15.48503,24.05283,15,1
-13.60615,25.9771,15,1
-12.74144,28.84007,15,1
-11.06018,31.4489,15,1
-10.26482,33.51003,15,1
-10.28,36.61684,15,1
-9.972342,39.54542,15,1
-8.62046,42.22351,15,1
-7.265772,44.90019,15,1
-5.924121,47.58311,15,1
-5.42472,50.6512,15,1
-5.016867,53.71735,15,1
-4.68798,56.6993,15,1
-4.613799,57.89404,15,1
-4.613799,57.89404,15,1
-4.613799,57.89404,15,1
-2.06966,57.23431,15,1
-2.07,57.22002,15,1
-2.648742,58.44748,15,1
-3.560691,57.56104,15,1
-4.966984,57.48476,15,1
-4.685597,54.37832,15,1
-4.628068,51.27382,15,1
-5.889334,48.48024,15,1
-7.493409,45.8043,15,1
-8.753804,43.09278,15,1
-9.61908,40.10509,15,1
-9.922328,37.12062,15,1
-10.21561,34.01443,15,1
-10.6324,31.0531,15,1
-13.00968,29.12321,15,1
-15.57135,27.56226,15,1
-17.918,25.73788,15,1
-18.98759,22.93884,15,1
-19.73622,19.93474,15,1
-19.77422,16.93525,15,1
-19.86373,13.81653,15,1
-18.2076,11.52326,15,1
-15.36628,10.24322,15,1
-12.59752,9.088197,15,1
-9.539283,8.556671,15,1
-6.497978,7.986211,15,1
-3.766881,6.744802,15,1
-1.479667,5.030618,15,1
-0.2990419,2.686193,15,1
0.3592044,0.6416369,15,1
0.3592044,0.6416369,15,1
0.02556353,1.279668,15,1
0.1970668,4.216462,15,1
-1.806833,6.409251,15,1
-4.634432,7.215148,15,1
-7.627542,7.417296,15,1
-10.50992,8.235229,15,1
-13.4921,9.152317,15,1
-16.28227,10.18622,15,1
-18.56247,12.31579,15,1
-19.64727,14.97672,15,1
-19.64158,18.08529,15,1
-19.81587,21.06634,15,1
-17.7243,23.0693,15,1
-15.11546,24.54469,15,1
-13.26879,26.88908,15,1
-11.51642,29.47046,15,1
-10.43365,32.18058,15,1
-10.28,35.0773,15,1
-10.28,36.39692,15,1
-10.29989,39.39603,15,1
-9.418493,42.2425,15,1
-8.329398,45.03774,15,1
-6.492635,47.40325,15,1
-5.366862,50.3013,15,1
-5.28,53.37564,15,1
-5.28,56.32535,15,1
-5.560136,58.09571,15,1
-5.560136,58.09571,15,1
-5.093978,57.98127,15,1
-2.152079,57.39837,15,1
-2.07,57.28954,15,1
-2.07,57.28954,15,1
-3.095238,57.48116,15,1
-5.704048,57.16238,15,1
-5.498002,56.924,15,1
-4.95747,54.01787,15,1
-5.350792,51.12471,15,1
-6.472181,48.26035,15,1
-8.372643,45.95496,15,1
-9.372393,43.00073,15,1
-9.858882,40.06417,15,1
-9.760518,36.94568,15,1
-9.665937,33.94714,15,1
-10.22639,30.99656,15,1
-12.44089,28.87119,15,1
-15.0019,27.30874,15,1
-16.90069,24.91258,15,1
-18.68252,22.49907,15,1
-19.65758,19.9789,15,1
-19.67294,16.97893,15,1
-19.10718,14.03793,15,1
-16.36531,12.8346,15,1
-13.47592,11.65755,15,1
-10.72375,10.46388,15,1
-7.870029,9.202655,15,1
-5.12607,7.989939,15,1
-2.416419,6.715961,15,1
-0.378355,4.566647,15,1
-0.2793309,1.470252,15,1
-0.2774588,0.0303347,15,1
-0.2774588,0.0303347,15,1
-0.28,2.070157,15,1
-1.500873,4.595306,15,1
-4.228732,5.843821,15,1
-6.956586,7.092335,15,1
-9.684448,8.340853,15,1
-12.56056,9.546742,15,1
-15.50714,10.57246,15,1
-18.13948,12.17156,15,1
-19.49341,14.87239,15,1
-19.6741,17.94608,15,1
-19.69773,20.94601,15,1
-17.83955,23.23116,15,1
-15.53829,25.15577,15,1
-13.23702,27.08038,15,1
-11.54527,29.54992,15,1
-10.83765,32.46526,15,1
-9.841516,35.19288,15,1
-9.64,38.12187,15,1
-8.949594,41.00722,15,1
-7.395353,43.57244,15,1
-6.06391,46.37621,15,1
-5.407609,49.42636,15,1
-4.776551,52.35919,15,1
-4.64,55.34812,15,1
-4.47779,58.33086,15,1
-2.070067,59.20164,15,1
-2.080266,57.22,15,1
-2.080266,57.22,15,1
-2.749453,57.22082,15,1
-3.146556,57.50125,15,1
-5.34232,56.93754,15,1
-5.206849,56.0176,15,1
-4.886349,52.96512,15,1
-5.822944,50.20064,15,1
-7.872055,48.04431,15,1
-9.093592,45.08562,15,1
-9.5648,42.00164,15,1
-9.992429,38.91183,15,1
-9.977585,35.91401,15,1
-9.975552,32.80063,15,1
-12.12338,30.78243,15,1
-14.66435,28.9739,15,1
-16.91356,26.81168,15,1
-18.89675,24.5743,15,1
-19.58834,21.56886,15,1
-20.0962,18.61497,15,1
-20.25984,15.53781,15,1
-19.5135,12.72876,15,1
-17.14455,10.94942,15,1
-14.45465,9.621578,15,1
-11.39733,9.033556,15,1
-8.350815,8.393219,15,1
-5.398765,7.384584,15,1
-2.673779,6.132924,15,1
-0.7913908,3.828142,15,1
0.1838826,0.9715227,15,1
0,0,16,1
0,0,16,1
0.01068085,0.5999045,16,1
0.1273243,3.593936,16,1
-2.325886,5.088714,16,1
-4.755786,7.012114,16,1
-7.51352,8.17757,16,1
-10.49678,9.090081,16,1
-13.35478,10.00218,16,1
-16.32709,10.95075,16,1
-18.94808,12.61193,16,1
-20.7787,14.70633,16,1
-20.20915,17.35844,16,1
-20.09924,20.35641,16,1
-20.97782,23.11425,16,1
-23.90425,23.27921,16,1
-26.94896,23.94504,16,1
-29.73005,24.98389,16,1
-30.13567,27.82606,16,1
-28.18342,30.02228,16,1
-25.26297,28.70797,16,1
-22.54478,27.17635,16,1
-19.8469,25.86555,16,1
-17.23542,24.65403,16,1
-14.31143,24.47902,16,1
-12.34809,26.49992,16,1
-11.62736,29.61379,16,1
-10.57619,32.66011,16,1
-10.12289,35.44709,16,1
-9.894402,38.55873,16,1
-9.022112,41.46339,16,1
-6.257326,42.18943,16,1
-3.600217,42.36636,16,1
-3.873197,45.40696,16,1
-6.507676,46.70294,16,1
-8.917422,45.40381,16,1
-9.480625,42.34977,16,1
-10.28353,39.46609,16,1
-10.20483,36.61122,16,1
-9.892543,33.50802,16,1
-10.92332,30.73261,16,1
-13.82014,29.59004,16,1
-16.7529,28.52547,16,1
-18.88452,26.54243,16,1
-19.81093,23.69357,16,1
-19.97632,20.69884,16,1
-20.12326,17.58229,16,1
-20.2702,14.46575,16,1
-19.48414,11.75736,16,1
-16.60126,10.56947,16,1
-13.70874,9.972654,16,1
-10.59098,9.962993,16,1
-7.671272,9.281389,16,1
-5.273405,7.510608,16,1
-5.628359,4.974319,16,1
-8.541946,4.373905,16,1
-11.51324,3.966225,16,1
-14.60002,3.586813,16,1
-17.58117,3.922539,16,1
-20.56216,4.259519,16,1
-23.54406,4.588691,16,1
-26.64524,4.931031,16,1
-27.12707,3.310004,16,1
-24.23013,3.358044,16,1
-21.1254,3.663241,16,1
-18.01178,3.862317,16,1
-15.01771,4.050723,16,1
-12.02363,4.239133,16,1
-8.909397,4.428805,16,1
-5.795053,4.616594,16,1
-2.805154,4.730752,16,1
0.1084714,4.205379,16,1
3.155094,4.878044,16,1
6.220201,5.412039,16,1
9.219538,5.474898,16,1
12.20776,5.358404,16,1
15.23574,4.606294,16,1
18.29058,4.31631,16,1
21.25484,4.777888,16,1
24.2191,5.239467,16,1
27.17961,5.987523,16,1
26.95631,8.919458,16,1
24.36915,10.16484,16,1
22.00401,11.93331,16,1
20.06288,14.3405,16,1
19.84352,17.32462,16,1
20.19732,20.30367,16,1
19.33042,23.01292,16,1
16.29311,23.63528,16,1
16.28753,26.41711,16,1
18.37366,27.29581,16,1
20.48012,25.1601,16,1
22.92419,25.49104,16,1
24.78725,27.93631,16,1
27.07762,30.05274,16,1
28.77794,32.48122,16,1
30.01502,34.63837,16,1
29.90882,37.75204,16,1
29.07793,40.64383,16,1
27.1263,42.92209,16,1
25.76621,45.54602,16,1
25.42317,48.64445,16,1
25.21122,51.63698,16,1
24.99926,54.62952,16,1
24.77883,57.74175,16,1
22.29155,59.1681,16,1
22.12,58.05216,16,1
22.45953,57.22,16,1
24.55733,57.42131,16,1
27.39313,57.57746,16,1
27.93,58.98553,16,1
27.83396,60.79,16,1
25.84838,60.79,16,1
25.12957,60.79,16,1
25.14055,60.67051,16,1
25.49163,57.69149,16,1
24.80585,54.78416,16,1
24.85926,51.68265,16,1
26.81318,49.65133,16,1
29.53027,49.93158,16,1
31.98387,50.63938,16,1
34.71832,51.02945,16,1
35.2901,53.8867,16,1
35.25381,56.85335,16,1
34.73212,59.20184,16,1
34.0023,58.82472,16,1
34.0023,58.82472,16,1
33.90707,57.87031,16,1
35.16851,56.1078,16,1
35.31519,53.0109,16,1
34.10091,50.28911,16,1
31.24852,49.51891,16,1
28.43616,50.13781,16,1
25.3474,50.57351,16,1
24.384,51.02766,16,1
24.72,52.99106,16,1
24.72,55.99084,16,1
24.71213,57.19075,16,1
24.71213,57.19075,16,1
24.23405,57.21327,16,1
22.11971,58.98651,16,1
22.4567,60.79,16,1
25.10905,59.69291,16,1
25.92777,59.19159,16,1
25.92777,59.19159,16,1
25.92777,59.19159,16,1
25.92777,59.19159,16,1
25.92777,59.19159,16,1
25.76136,57.88404,16,1
25.36,55.1269,16,1
25.36,52.12721,16,1
25.87157,49.2755,16,1
28.86653,48.52926,16,1
31.87053,48.92588,16,1
34.23764,50.60169,16,1
34.72,52.85867,16,1
34.72,55.78635,16,1
35.63737,58.27584,16,1
37.92672,57.22,16,1
37.21505,57.25967,16,1
34.51774,57.77185,16,1
32.12,57.22001,16,1
32.98656,57.41978,16,1
33.23323,57.52772,16,1
35.37391,56.91103,16,1
35.56272,56.90857,16,1
35.36,54.46132,16,1
35.36063,51.34388,16,1
33.74239,49.21737,16,1
31.21374,47.49622,16,1
31.90502,44.52507,16,1
31.32699,41.46846,16,1
30.6323,39.0717,16,1
29.74637,36.10364,16,1
30.37963,33.29566,16,1
31.17266,30.03057,16,1
30.52197,27.2948,16,1
27.67095,26.39349,16,1
24.74975,25.83599,16,1
22.56359,27.88949,16,1
22.97943,30.96043,16,1
20.82437,31.16067,16,1
20.70655,31.18346,16,1
17.73124,30.89933,16,1
14.7612,30.47647,16,1
12.22684,32.05269,16,1
9.375606,33.10484,16,1
9.743504,34.24241,16,1
9.769109,37.36228,16,1
9.606312,40.32519,16,1
6.868564,41.46595,16,1
4.496063,42.08524,16,1
4.273789,45.19107,16,1
6.850075,44.98553,16,1
9.641349,45.37225,16,1
10.9936,48.04451,16,1
12.922,50.47837,16,1
15.21288,51.65238,16,1
14.83634,54.71054,16,1
15.56786,57.45852,16,1
16.59376,59.45773,16,1
16.59376,59.45773,16,1
16.59376,59.45773,16,1
16.59376,59.45773,16,1
16.59376,59.45773,16,1
16.25612,58.69089,16,1
15.36,55.81064,16,1
15.24111,52.83879,16,1
15.02624,49.72616,16,1
13.33117,47.63326,16,1
11.18343,45.47128,16,1
11.36577,42.48604,16,1
11.18364,39.4986,16,1
9.770796,37.36728,16,1
9.722585,34.28064,16,1
9.77646,31.1611,16,1
9.839743,28.16195,16,1
12.26172,26.79929,16,1
15.25649,27.09352,16,1
17.45248,29.23159,16,1
16.78489,31.37894,16,1
16.78489,31.37894,16,1
16.78489,31.37894,16,1
16.78489,31.37894,16,1
16.78489,31.37894,16,1
17.24852,31.5032,16,1
20.18157,31.98305,16,1
22.60999,30.3044,16,1
23.67603,27.41617,16,1
22.03506,24.96647,16,1
20.87309,22.07221,16,1
20.13783,19.20972,16,1
20.36,16.13842,16,1
19.07662,13.6995,16,1
15.97692,13.42934,16,1
12.90865,12.87425,16,1
9.882703,12.11402,16,1
6.80787,11.64334,16,1
3.694019,11.72095,16,1
0.7115298,12.04309,16,1
-2.272507,12.35149,16,1
-5.384266,12.57134,16,1
-8.483129,12.30256,16,1
-11.41255,11.65564,16,1
-14.51857,11.38431,16,1
-17.0314,12.38515,16,1
-18.42329,14.49909,16,1
-20.28418,16.45061,16,1
-20.21203,19.45326,16,1
-19.79728,22.42443,16,1
-21.31889,24.76888,16,1
-23.9963,26.12195,16,1
-26.78497,27.52112,16,1
-29.0509,29.58618,16,1
-29.8238,32.60288,16,1
-30.28,35.64767,16,1
-30.2672,38.64052,16,1
-31.08754,41.43602,16,1
-32.9568,43.78245,16,1
-34.38432,46.50027,16,1
-34.94854,49.44676,16,1
-35.28,52.36978,16,1
-34.87223,55.43013,16,1
-34.15449,58.31664,16,1
-35.61757,60.32107,16,1
-36.35751,57.89535,16,1
-34.64,56.21744,16,1
-34.71102,53.55885,16,1
-34.78569,50.39052,16,1
-32.22027,48.86702,16,1
-29.91622,50.17953,16,1
-27.71001,50.51457,16,1
-25.3395,51.23341,16,1
-25.1205,54.20695,16,1
-24.72022,57.0246,16,1
-24.87125,59.7956,16,1
-27.60039,60.57298,16,1
-26.44375,58.0708,16,1
-25.15406,57.79099,16,1
-23.61611,57.55324,16,1
-22.06257,57.5796,16,1
-22.07,57.22,16,1
-22.14761,57.22,16,1
-22.74945,57.22081,16,1
-24.45226,57.28127,16,1
-25.86329,57.33562,16,1
-25.86329,57.33562,16,1
-25.46786,56.89018,16,1
-24.86989,53.91908,16,1
-24.97331,50.92146,16,1
-26.0285,48.05613,16,1
-27.38587,45.52776,16,1
-28.66528,42.6822,16,1
-29.19974,39.77651,16,1
-29.75441,37.06572,16,1
-30.00523,34.07624,16,1
-29.88964,31.03202,16,1
-27.04299,29.54046,16,1
-24.16988,28.32409,16,1
-21.66123,26.85223,16,1
-21.10668,23.91126,16,1
-20.08571,21.09303,16,1
-19.64061,18.03024,16,1
-19.64824,15.03026,16,1
-21.39152,12.9223,16,1
-23.64924,11.39663,16,1
-21.82027,9.445511,16,1
-18.76738,8.802271,16,1
-15.89923,7.930598,16,1
-12.83703,7.376564,16,1
-9.862666,6.985188,16,1
-6.76933,6.578157,16,1
-3.794974,6.186781,16,1
-1.385614,4.309162,16,1
0.196568,1.845973,16,1
0.36,-0.7723642,16,1
0.36,0.6498126,16,1
-0.527569,2.970305,16,1
-2.629107,5.222941,16,1
-4.067196,7.758555,16,1
-6.9409,8.528019,16,1
-10.01993,9.032013,16,1
-12.98054,9.516623,16,1
-15.94115,10.00123,16,1
-17.74818,12.27916,16,1
-19.24823,14.82674,16,1
-20.27844,17.51678,16,1
-19.95855,20.61943,16,1
-19.13341,23.44043,16,1
-16.95701,25.67397,16,1
-14.78451,27.74284,16,1
-12.52149,29.89067,16,1
-10.46839,32.06194,16,1
-10.26286,35.12105,16,1
-10.14309,38.10782,16,1
-8.843564,40.75977,16,1
-10.5521,43.16014,16,1
-12.69992,45.42318,16,1
-13.78193,48.104,16,1
-14.40554,51.05599,16,1
-15.19837,53.72234,16,1
-14.60277,56.72829,16,1
-15.11928,59.34799,16,1
-17.89131,59.68366,16,1
-16.29614,57.55473,16,1
-14.6401,56.11372,16,1
-14.7312,52.99612,16,1
-14.52332,50.05191,16,1
-11.78897,50.37641,16,1
-8.933521,50.30328,16,1
-6.905776,50.58846,16,1
-6.87422,50.57161,16,1
-4.928773,52.0176,16,1
-4.64002,54.99714,16,1
-4.453543,57.97159,16,1
-5.828479,60.57241,16,1
-6.477937,58.38713,16,1
-4.805218,55.83393,16,1
-4.760159,55.72271,16,1
-4.760159,55.72271,16,1
-4.64,56.55106,16,1
-2.820602,57.34852,16,1
-2.820602,57.34852,16,1
-2.820602,57.34852,16,1
-2.070001,57.22,16,1
-2.07,57.22,16,1
-2.07,58.98927,16,1
-3.289252,60.79,16,1
-6.17642,60.09522,16,1
-6.29373,60.06995,16,1
-6.29373,60.06995,16,1
-6.29373,60.06995,16,1
-6.29373,60.06995,16,1
-6.29373,60.06995,16,1
-5.342824,57.36824,16,1
-5.28,54.40329,16,1
-5.296587,51.31352,16,1
-6.345904,48.59768,16,1
-8.053329,46.01507,16,1
-9.102615,42.95147,16,1
-10.07415,40.11314,16,1
-10.27716,37.65767,16,1
-9.770631,34.70194,16,1
-8.679054,31.94258,16,1
-6.280543,30.2095,16,1
-3.332005,29.65624,16,1
-3.332005,29.65624,16,1
-3.332005,29.65624,16,1
-3.332005,29.65624,16,1
-3.332005,29.65624,16,1
-3.332005,29.65624,16,1
-4.851215,31.96691,16,1
-5.296284,32.36927,16,1
-7.325244,32.18016,16,1
-10.14039,33.11829,16,1
-10.28,35.97752,16,1
-10.23901,39.08079,16,1
-8.893585,41.75106,16,1
-7.690216,44.60602,16,1
-7.058692,47.66142,16,1
-6.139697,50.49632,16,1
-4.937966,52.92817,16,1
-4.931304,56.04806,16,1
-5.365248,58.78566,16,1
-5.365248,58.78566,16,1
-5.365248,58.78566,16,1
-5.24495,56.63417,16,1
-5.28,53.54549,16,1
-5.502481,50.51892,16,1
-7.367657,48.24936,16,1
-8.496447,45.47379,16,1
-9.254345,42.32672,16,1
-9.666507,39.35728,16,1
-10.02201,36.37839,16,1
-10.2941,33.27994,16,1
-11.01367,30.29578,16,1
-13.70269,28.81137,16,1
-16.10049,27.42039,16,1
-17.01334,24.57794,16,1
-18.52935,21.86999,16,1
-20.06451,19.45561,16,1
-20.28,16.47957,16,1
-20.77204,13.44016,16,1
-21.46076,10.64869,16,1
-19.0162,8.93444,16,1
-16.00981,9.545955,16,1
-13.04397,9.997175,16,1
-9.925194,10.06872,16,1
-6.92525,10.06144,16,1
-4.050802,9.020087,16,1
-1.808755,7.043403,16,1
-0.4068868,4.500426,16,1
-0.06459872,1.399519,16,1
0.36,0.01995014,16,1
0.36,2.086651,16,1
0.09571679,5.065289,16,1
-1.726653,7.040001,16,1
-4.762407,7.76015,16,1
-7.798161,8.480308,16,1
-10.71714,9.172771,16,1
-13.75289,9.892932,16,1
-16.71928,10.80154,16,1
-19.1301,12.53056,16,1
-19.94645,15.49541,16,1
-20.1586,18.4879,16,1
-20.33679,21.3608,16,1
-20.33679,21.3608,16,1
-20.33679,21.3608,16,1
-20.33679,21.3608,16,1
-20.33679,21.3608,16,1
-20.33679,21.3608,16,1
-20.33679,21.3608,16,1
-19.49116,22.37284,16,1
-17.28238,24.3897,16,1
-15.45777,26.92022,16,1
-13.56134,29.39424,16,1
-11.5894,31.65512,16,1
-9.900897,34.05627,16,1
-10.28,37.11924,16,1
-10.02354,40.10146,16,1
-9.716562,43.32181,16,1
-10.80474,46.0353,16,1
-12.82225,48.39505,16,1
-14.75219,50.67304,16,1
-15.28,53.64125,16,1
-15.00432,56.74711,16,1
-16.56525,58.86605,16,1
-17.78324,57.21998,16,1
-17.78324,57.22,16,1
-17.78324,57.22,16,1
-14.9147,58.2619,16,1
-12.50135,57.22034,16,1
-13.42146,57.56347,16,1
-15.89891,57.36741,16,1
-17.41229,59.86463,16,1
-15.56421,60.79,16,1
-14.28192,60.79,16,1
-14.28192,60.79,16,1
-14.28192,60.79,16,1
-14.28192,60.79,16,1
-14.28192,60.79,16,1
-14.28192,60.79,16,1
-14.28192,60.79,16,1
-14.71938,58.06865,16,1
-14.64,55.19151,16,1
-14.74588,52.07332,16,1
-13.74025,49.3686,16,1
-11.33295,48.52086,16,1
-10.34039,49.72387,16,1
-10.34039,49.72387,16,1
-9.184496,49.91101,16,1
-7.208167,47.82214,16,1
-6.974458,44.92688,16,1
-7.400172,41.85322,16,1
-9.036212,39.40417,16,1
-9.64,36.60614,16,1
-9.64,33.65505,16,1
-9.191918,30.69609,16,1
-11.40161,28.6395,16,1
-13.8331,26.88226,16,1
-16.36185,25.05473,16,1
-18.47548,23.00429,16,1
-19.72172,20.35864,16,1
-19.64,17.413,16,1
-19.41637,14.49007,16,1
-16.96729,12.63208,16,1
-14.08833,12.69652,16,1
-10.98786,12.72375,16,1
-7.983173,11.90559,16,1
-5.14995,10.91925,16,1
-2.425723,9.492002,16,1
0.05271243,7.808286,16,1
1.822172,8.104086,16,1
4.179617,8.554029,16,1
6.124036,10.65403,16,1
5.908152,13.38834,16,1
5.078138,14.07933,16,1
3.318532,13.70161,16,1
0.5431268,14.63924,16,1
0.740306,14.75,16,1
1.062256,14.75,16,1
0.8364419,13.94092,16,1
0.02996307,11.05136,16,1
-0.7765157,8.161799,16,1
-1.582994,5.272238,16,1
-3.080496,3.310001,16,1
-3.46992,3.310002,16,1
-2.150094,3.319632,16,1
-2.238594,3.310002,16,1
-3.660847,3.310002,16,1
-4.997711,3.310002,16,1
-4.997711,3.310002,16,1
-4.997711,3.310002,16,1
-4.997711,3.310002,16,1
-4.997711,3.310002,16,1
-4.997711,3.310002,16,1
-4.997711,3.310002,16,1
-4.997711,3.310002,16,1
-4.997711,3.310002,16,1
-4.997711,3.310002,16,1
-6.023626,4.140602,16,1
-8.459329,6.090362,16,1
-11.08239,7.50722,16,1
-13.87756,8.596698,16,1
-16.78132,9.7376,16,1
-19.0287,11.6893,16,1
-19.83592,14.6412,16,1
-20.03215,17.75502,16,1
-20.22084,20.74908,16,1
-20.28122,21.70718,16,1
-21.44131,22.33692,16,1
-24.05647,23.80688,16,1
-26.51033,25.72004,16,1
-28.10842,28.19352,16,1
-29.15087,31.00652,16,1
-29.86978,34.03036,16,1
-29.80255,37.14959,16,1
-30.08298,40.09259,16,1
-32.03108,42.52922,16,1
-33.88072,44.8897,16,1
-34.95006,47.68117,16,1
-34.89692,50.6724,16,1
-34.78203,53.78971,16,1
-34.76543,56.90968,16,1
-34.76174,57.62967,16,1
-34.76174,57.62967,16,1
-34.76174,57.62967,16,1
-34.76174,57.62967,16,1
-34.76174,57.62967,16,1
-34.56256,56.78534,16,1
-34.97714,53.87142,16,1
-34.82162,50.75532,16,1
-34.45107,47.80226,16,1
-31.86081,46.75139,16,1
-29.32484,48.34644,16,1
-26.48783,49.26644,16,1
-25.0535,51.70646,16,1
-24.85523,54.6805,16,1
-24.29607,57.59299,16,1
-24.20184,59.111,16,1
-26.21432,60.79,16,1
-26.9641,60.56307,16,1
-26.9641,60.56307,16,1
-25.43029,59.62264,16,1
-22.69424,58.12354,16,1
-22.07,57.22,16,1
-22.07,57.22,16,1
-22.07,57.22,16,1
-22.07,57.22,16,1
-24.40637,57.62255,16,1
-24.76588,57.62439,16,1
-25.21273,54.72551,16,1
-24.71334,51.77483,16,1
-26.02738,48.98532,16,1
-27.10229,46.059,16,1
-27.81041,43.02711,16,1
-28.99147,40.27178,16,1
-29.64,37.38313,16,1
-29.64,34.38402,16,1
-28.97812,31.59556,16,1
-26.27784,29.81372,16,1
-23.77258,27.76527,16,1
-21.59081,25.70615,16,1
-19.98073,23.20162,16,1
-19.64205,20.19326,16,1
-19.64,17.19591,16,1
-19.58021,14.19925,16,1
-17.48435,12.21251,16,1
-14.56653,11.10765,16,1
-11.64782,10.00514,16,1
-8.729115,8.902635,16,1
-5.922667,7.84253,16,1
-3.120868,6.771094,16,1
-0.6348247,4.902328,16,1
0.1738335,1.925465,16,1
0.36,-0.6917256,16,1
0.36,-0.9600675,16,1
0.08861296,-0.4255238,16,1
-0.2799998,2.532216,16,1
-1.78828,4.739833,16,1
-4.673753,5.925466,16,1
-7.443231,7.07871,16,1
-10.32586,8.272351,16,1
-13.20849,9.465983,16,1
-16.09112,10.65962,16,1
-18.81631,11.89111,16,1
-19.95863,14.72332,16,1
-20.28,17.69444,16,1
-20.29289,20.66591,16,1
-22.03244,22.95714,16,1
-24.36408,24.84484,16,1
-26.78898,26.80806,16,1
-28.67031,29.08626,16,1
-29.55756,32.20084,16,1
-30.19667,35.12527,16,1
-29.76362,38.16575,16,1
-28.5368,40.85982,16,1
-27.1347,43.64705,16,1
-26.10668,46.58121,16,1
-25.51571,49.64428,16,1
-25.21178,52.54544,16,1
-25.05701,55.66165,16,1
-24.92604,58.29844,16,1
-24.92604,58.29844,16,1
-23.60933,58.20536,16,1
-22.07,57.79434,16,1
-22.07,57.22,16,1
-22.34999,57.22,16,1
-22.74921,57.22057,16,1
-22.74913,57.22046,16,1
-22.75314,57.22499,16,1
-22.75314,57.22499,16,1
-23.44119,57.56705,16,1
-25.7207,57.55329,16,1
-25.7207,57.55329,16,1
-24.95652,55.01586,16,1
-24.64909,52.06377,16,1
-25.17876,48.99024,16,1
-26.1438,46.04322,16,1
-27.54535,43.25571,16,1
-28.89298,40.57541,16,1
-29.67515,37.76632,16,1
-29.75643,34.64734,16,1
-29.1332,31.73295,16,1
-26.26689,30.2472,16,1
-23.61992,28.59573,16,1
-21.43492,26.26444,16,1
-21.09031,23.30412,16,1
-20.2781,20.62183,16,1
-19.64,17.59152,16,1
-19.89155,14.60322,16,1
-18.83248,11.94127,16,1
-15.9379,10.86572,16,1
-13.0449,10.07237,16,1
-10.15959,9.250828,16,1
-7.274269,8.429285,16,1
-4.180637,7.474386,16,1
-1.79847,5.687528,16,1
-0.03742517,3.279139,16,1
0.3599999,0.4343602,16,1
0.3599999,0.1655971,16,1
0.1941902,0.7416735,16,1
-0.5626202,3.648724,16,1
-3.506069,4.042511,16,1
-6.429088,5.131861,16,1
-9.205301,6.267469,16,1
-12.18567,7.53827,16,1
-14.94527,8.714937,16,1
-17.54579,10.18429,16,1
-19.2056,12.79401,16,1
-19.8777,15.70775,16,1
-20.17105,18.69337,16,1
-20.45788,21.66669,16,1
-22.51017,24.13066,16,1
-24.74124,26.13605,16,1
-26.9434,28.17333,16,1
-29.28708,30.40982,16,1
-30.07964,33.31102,16,1
-30.00148,36.31004,16,1
-29.9202,39.42902,16,1
-29.70558,42.53498,16,1
-28.39838,45.21725,16,1
-27.20841,47.96509,16,1
-25.66497,50.93398,16,1
-24.8659,53.50943,16,1
-25.28,56.57109,16,1
-25.65224,58.45452,16,1
-25.65224,58.45452,16,1
-23.04785,58.02391,16,1
-22.09965,57.87386,16,1
-22.07,57.21989,16,1
-22.07,57.22,16,1
-22.07,57.22,16,1
-23.86657,57.57058,16,1
-24.70656,57.57299,16,1
-24.64,54.93045,16,1
-24.64,51.82483,16,1
-24.99115,48.89673,16,1
-26.72067,46.45001,16,1
-28.36175,43.7965,16,1
-29.51249,41.08345,16,1
-29.70807,38.10609,16,1
-30.00348,35.00019,16,1
-29.52574,31.97603,16,1
-27.26546,29.88336,16,1
-24.85927,28.09294,16,1
-22.59983,26.12752,16,1
-20.82414,23.61052,16,1
-20.12782,20.69292,16,1
-19.64,17.6361,16,1
-19.51185,14.67882,16,1
-17.53211,12.51573,16,1
-14.63236,11.80347,16,1
-11.56002,11.26034,16,1
-8.612539,10.7023,16,1
-5.445451,10.01991,16,1
-2.734791,8.846318,16,1
-1.305184,6.223284,16,1
-0.006216668,3.519082,16,1
0.3599999,0.7527121,16,1
0.3599999,0.5541111,16,1
0.176962,1.373919,16,1
-0.6293464,4.369099,16,1
-3.284811,5.681189,16,1
-6.084196,7.03081,16,1
-8.764905,8.626271,16,1
-11.69684,9.667415,16,1
-14.56893,10.53411,16,1
-17.42324,11.44672,16,1
-19.67406,13.41077,16,1
-20.28,16.40903,16,1
-20.28,19.40204,16,1
-21.02169,22.21048,16,1
-23.32845,24.10308,16,1
-25.80991,25.78899,16,1
-28.38323,27.55287,16,1
-30.05966,30.2127,16,1
-30.2829,33.08396,16,1
-30.28,36.0588,16,1
-30.33471,39.2894,16,1
-30.05123,42.21547,16,1
-28.45917,44.75653,16,1
-26.83198,47.41746,16,1
-25.9436,50.27525,16,1
-25.09856,52.87463,16,1
-25.28,55.80518,16,1
-24.99399,58.68632,16,1
-22.38821,59.65323,16,1
-22.07,58.40691,16,1
-22.07,57.21964,16,1
-22.07,57.22,16,1
-22.49066,57.45119,16,1
-24.80897,58.71414,16,1
-24.3453,57.88934,16,1
-24.64,55.13873,16,1
-24.64,52.02089,16,1
-25.09274,48.99147,16,1
-26.40069,46.29211,16,1
-27.62769,43.55449,16,1
-28.90376,40.70737,16,1
-30.13076,37.96975,16,1
-29.64,35.26702,16,1
-29.36017,32.46286,16,1
-27.01593,31.06169,16,1
-24.34344,29.8506,16,1
-22.09755,27.73762,16,1
-21.40425,24.83636,16,1
-20.40809,21.89721,16,1
-19.64813,19.05548,16,1
-19.75766,16.05746,16,1
-20.71983,13.24911,16,1
-20.73592,10.71173,16,1
-18.02033,9.335367,16,1
-15.08665,8.726011,16,1
-12.04821,8.029236,16,1
-9.052217,7.898762,16,1
-5.9335,7.809361,16,1
-3.262294,6.617959,16,1
-0.9470913,4.723532,16,1
0.3661354,2.072496,16,1
0,0,17,1
0.1252953,2.51683,17,1
1.422357,5.085674,17,1
4.368257,5.671982,17,1
7.340801,5.269233,17,1
10.29852,5.458656,17,1
10.57136,5.687487,17,1
10.57136,5.687487,17,1
10.57136,5.687487,17,1
10.57136,5.687487,17,1
12.97486,4.943508,17,1
15.94326,4.585328,17,1
18.41384,5.961072,17,1
19.32585,8.930868,17,1
22.14205,9.971275,17,1
25.07517,10.60117,17,1
24.50136,12.35434,17,1
21.63562,13.72097,17,1
20.31675,15.74758,17,1
20.36,18.86558,17,1
20.64522,21.8035,17,1
23.35265,21.42831,17,1
25.88627,21.9338,17,1
23.56312,22.98685,17,1
20.65836,22.23713,17,1
17.65407,22.60446,17,1
17.95092,25.14279,17,1
20.43825,26.96347,17,1
23.36245,28.05032,17,1
26.22944,27.74788,17,1
28.99373,27.85884,17,1
29.81326,30.66643,17,1
29.7094,33.35327,17,1
29.72,36.30824,17,1
30.02417,39.33464,17,1
32.9553,39.64701,17,1
31.6758,41.52475,17,1
28.69222,41.72625,17,1
27.08319,43.41321,17,1
27.85606,46.38469,17,1
30.76477,46.58767,17,1
33.08281,48.30616,17,1
34.45946,50.95448,17,1
35.35965,53.72485,17,1
35.40552,56.74583,17,1
37.99197,57.91234,17,1
37.91568,58.39299,17,1
37.57695,58.05291,17,1
35.64337,57.10814,17,1
35.36,54.21368,17,1
34.63338,51.3489,17,1
32.33136,50.42592,17,1
30.10294,50.50097,17,1
27.96285,50.61109,17,1
25.76482,50.81187,17,1
25.28918,52.5132,17,1
25.36,55.54523,17,1
24.52073,56.90869,17,1
23.43022,58.83587,17,1
25.07757,59.45293,17,1
25.07757,59.45293,17,1
25.84693,57.3077,17,1
25.36,55.24611,17,1
25.36,52.27011,17,1
24.25402,49.80947,17,1
23.82199,48.27203,17,1
26.31336,46.42292,17,1
25.02621,43.96535,17,1
26.31264,41.69704,17,1
29.23662,40.73214,17,1
30.2468,37.94506,17,1
30.15835,34.82951,17,1
29.2836,32.36506,17,1
26.1683,32.392,17,1
23.17133,32.266,17,1
20.20769,32.51856,17,1
17.33328,32.50511,17,1
14.36393,32.75,17,1
11.29954,32.38889,17,1
10.3583,33.38348,17,1
9.811981,36.44216,17,1
9.458322,39.30441,17,1
8.002874,39.69893,17,1
8.002874,39.69893,17,1
8.427537,39.92058,17,1
10.23845,42.45407,17,1
11.72655,44.91864,17,1
13.51668,47.46321,17,1
14.33051,50.45886,17,1
14.91902,53.12966,17,1
14.7536,56.12165,17,1
12.59513,57.86912,17,1
13.83059,59.00593,17,1
15.19502,56.56389,17,1
15.35998,56.25998,17,1
14.99466,57.14765,17,1
14.0774,58.96919,17,1
14.0774,58.96919,17,1
13.72047,57.51933,17,1
14.79318,55.81739,17,1
14.99074,52.70372,17,1
13.47341,50.24815,17,1
10.59602,49.41022,17,1
7.673682,49.19569,17,1
5.423686,51.23079,17,1
4.72,54.19037,17,1
4.467885,57.08489,17,1
2.230207,57.4763,17,1
2.549238,57.22,17,1
2.549238,57.22,17,1
2.549238,57.22,17,1
3.416324,59.09879,17,1
2.580635,57.5824,17,1
4.569149,58.66574,17,1
6.188666,60.04639,17,1
6.149684,58.73928,17,1
6.003844,58.41015,17,1
5.841302,57.95863,17,1
5.110144,55.10191,17,1
5.025185,51.98634,17,1
5.784684,48.98562,17,1
7.000992,46.24394,17,1
8.327661,43.5532,17,1
9.440503,40.77527,17,1
9.986098,37.70445,17,1
10.36,34.73914,17,1
10.15601,31.63361,17,1
10.72991,28.82954,17,1
13.20134,26.95163,17,1
15.78163,25.42212,17,1
17.98135,23.39339,17,1
19.40069,21.19064,17,1
19.40069,21.19064,17,1
19.40069,21.19064,17,1
19.40069,21.19064,17,1
19.40069,21.19064,17,1
19.40069,21.19064,17,1
19.7514,20.40146,17,1
20.04648,17.41767,17,1
19.182,14.75818,17,1
16.46894,13.22639,17,1
13.85604,11.75254,17,1
11.17096,10.16375,17,1
8.601989,8.614431,17,1
5.933305,6.99811,17,1
3.367264,5.443954,17,1
0.9352142,3.53021,17,1
0.3599239,0.7473158,17,1
0.3599994,0.387455,17,1
-0.0930331,2.616819,17,1
0.1985168,5.457866,17,1
1.923179,7.953875,17,1
4.195141,9.040745,17,1
4.195141,9.040745,17,1
2.988503,7.107008,17,1
1.578593,4.32795,17,1
0.1891117,2.009886,17,1
-0.2662791,-0.9500003,17,1
-0.2164597,-1.75,17,1
-0.2440576,-0.472504,17,1
0.36,2.141028,17,1
2.330154,4.164402,17,1
5.095621,5.326999,17,1
7.823545,6.575358,17,1
10.44324,8.022088,17,1
12.84852,9.81048,17,1
15.24724,11.8056,17,1
17.64596,13.80073,17,1
19.85513,15.47864,17,1
20.10438,18.51812,17,1
19.64238,21.58066,17,1
17.60114,23.9216,17,1
15.43038,25.99226,17,1
13.2596,28.06293,17,1
11.23698,30.25659,17,1
10.44266,33.21581,17,1
9.817413,36.25234,17,1
9.494615,39.11008,17,1
6.813284,40.56383,17,1
5.80926,43.31398,17,1
5.450543,46.41332,17,1
5.091826,49.51266,17,1
4.754395,52.49362,17,1
4.72,55.59564,17,1
3.210206,57.66377,17,1
2.136914,58.02046,17,1
4.652302,59.27015,17,1
5.302085,57.02953,17,1
4.72,54.21875,17,1
5.3817,51.36613,17,1
6.845556,48.49044,17,1
7.745103,45.50376,17,1
8.685302,42.78323,17,1
9.622795,39.80995,17,1
10.19782,36.7442,17,1
10.16091,33.64153,17,1
8.675313,31.06535,17,1
10.15525,28.6917,17,1
12.93278,27.55801,17,1
15.40717,25.8814,17,1
17.8022,23.88478,17,1
19.4383,21.27392,17,1
19.82629,18.4606,17,1
19.7991,15.35693,17,1
17.31683,13.59484,17,1
14.55931,12.1354,17,1
11.81626,10.64878,17,1
9.18362,9.210305,17,1
6.445673,7.714292,17,1
3.83401,6.23933,17,1
1.366973,4.345843,17,1
0.2357669,1.597073,17,1
-0.280001,-0.04048256,17,1
-0.2990869,2.725444,17,1
1.888444,4.630511,17,1
4.59341,5.921857,17,1
7.347378,7.111682,17,1
10.10059,8.303236,17,1
12.95891,9.553963,17,1
15.64233,10.89177,17,1
18.02085,12.87594,17,1
19.64712,15.21896,17,1
19.88746,18.28527,17,1
19.44312,21.11817,17,1
16.9947,23.01614,17,1
14.53979,24.73669,17,1
12.41344,26.84765,17,1
10.98424,29.60303,17,1
10.59438,32.53154,17,1
10.36,35.21778,17,1
10.23133,38.30742,17,1
9.188264,41.11709,17,1
7.908749,44.09331,17,1
6.555916,46.77092,17,1
5.201121,49.44755,17,1
4.764434,52.37888,17,1
5.264298,55.33689,17,1
4.018379,57.66693,17,1
2.119999,57.29337,17,1
4.298757,58.56798,17,1
5.202846,56.12551,17,1
4.72,53.21781,17,1
6.01361,50.5154,17,1
7.877291,48.03851,17,1
7.801185,44.92694,17,1
8.677122,41.84789,17,1
9.718539,39.04332,17,1
10.30966,36.10449,17,1
9.654557,33.22114,17,1
10.71484,30.7662,17,1
12.98759,28.62868,17,1
15.17458,26.57514,17,1
17.36158,24.52159,17,1
19.10247,21.99257,17,1
19.96685,19.26892,17,1
20.02836,16.282,17,1
18.18705,14.28312,17,1
15.29578,13.11054,17,1
12.40405,11.93913,17,1
9.512321,10.76771,17,1
6.632006,9.569751,17,1
4.039029,8.066,17,1
1.852218,6.028099,17,1
0.6234961,3.185184,17,1
-0.1278766,0.340879,17,1
-0.2799999,0.4922318,17,1
0.2109143,3.259504,17,1
2.979794,4.694754,17,1
5.730397,6.165129,17,1
8.278366,7.748415,17,1
10.76031,9.43264,17,1
13.41424,11.0724,17,1
15.98432,12.61988,17,1
18.59584,14.31959,17,1
19.72,16.54543,17,1
19.72,19.37508,17,1
18.64288,21.58356,17,1
15.72137,22.67863,17,1
13.36527,24.57051,17,1
11.83363,27.27457,17,1
11.02701,30.14919,17,1
10.62066,33.01025,17,1
10.13413,35.92525,17,1
9.620052,38.85789,17,1
8.037197,41.4063,17,1
6.389608,44.05552,17,1
5.529156,46.92313,17,1
4.983933,49.86047,17,1
5.046288,52.85978,17,1
4.996897,55.96964,17,1
3.097022,57.57505,17,1
2.365766,58.65067,17,1
4.89927,58.74655,17,1
4.784334,55.51532,17,1
4.72,52.40155,17,1
5.308657,49.49741,17,1
6.953449,46.99158,17,1
8.645103,44.37635,17,1
9.482838,41.3729,17,1
10.10636,38.44375,17,1
10.26416,35.32778,17,1
10.74395,32.302,17,1
12.80268,30.12002,17,1
14.96817,27.87389,17,1
16.78154,25.49794,17,1
18.39732,22.97037,17,1
19.71708,20.62534,17,1
19.72,17.51918,17,1
19.22678,14.56636,17,1
16.48234,13.0865,17,1
13.8023,11.73841,17,1
11.12226,10.39032,17,1
8.44222,9.042234,17,1
5.660576,7.629319,17,1
2.952894,6.080358,17,1
0.9532221,3.873387,17,1
0.340757,1.301245,17,1
-0.28,0.3843955,17,1
-0.1354085,3.361087,17,1
0.9542865,5.793691,17,1
3.904953,5.925039,17,1
6.633001,7.438964,17,1
9.369263,8.937683,17,1
12.04277,10.29866,17,1
14.8286,11.70348,17,1
17.43682,13.18231,17,1
19.54945,15.11485,17,1
19.72001,18.1301,17,1
19.68368,21.12495,17,1
18.35126,23.5429,17,1
15.66756,24.88372,17,1
12.98385,26.22454,17,1
11.56506,28.56891,17,1
11.53257,31.50479,17,1
10.04551,34.12024,17,1
9.861238,37.19267,17,1
9.73035,40.12316,17,1
8.053162,42.75394,17,1
6.412017,45.26519,17,1
5.016523,48.03052,17,1
4.605229,50.99675,17,1
4.72,53.91772,17,1
4.595535,56.86672,17,1
2.106618,57.2611,17,1
3.232885,59.24984,17,1
4.400509,57.23176,17,1
4.808616,55.35955,17,1
5.252752,52.27138,17,1
6.193786,49.47509,17,1
8.333849,47.37436,17,1
8.653086,44.36942,17,1
9.157055,41.29741,17,1
9.914239,38.2707,17,1
10.35916,35.31852,17,1
10.71453,32.38445,17,1
12.8591,30.31329,17,1
15.14044,28.36508,17,1
17.42665,26.25179,17,1
19.02925,23.71623,17,1
19.9076,20.88035,17,1
20.2667,17.78655,17,1
19.84056,14.87752,17,1
17.26635,13.15547,17,1
14.53434,11.6494,17,1
11.88313,10.24547,17,1
9.125864,8.785386,17,1
6.474649,7.381453,17,1
3.823435,5.977513,17,1
1.257994,4.441241,17,1
0.3459763,1.587786,17,1
0,0,18,1
0,0,18,1
0,0,18,1
-0.2799999,1.979035,18,1
1.709593,3.647387,18,1
3.277208,4.514228,18,1
0.9145085,6.290162,18,1
-2.029388,6.11642,18,1
-4.934607,6.517331,18,1
-5.521338,9.174884,18,1
-7.881694,10.15811,18,1
-10.67381,8.791226,18,1
-13.31026,7.359737,18,1
-16.1075,6.426548,18,1
-18.44595,7.937076,18,1
-19.44308,10.57209,18,1
-19.86342,13.66357,18,1
-20.26258,16.75793,18,1
-19.90966,19.70425,18,1
-18.2569,22.19396,18,1
-15.39929,22.61626,18,1
-14.7641,24.45069,18,1
-17.71109,24.81804,18,1
-20.69505,25.10668,18,1
-23.20747,26.7983,18,1
-25.58434,27.82285,18,1
-27.88338,29.63551,18,1
-29.55627,32.03795,18,1
-30.27885,34.83804,18,1
-30.26619,37.94234,18,1
-30.25882,40.83091,18,1
-32.54949,42.93562,18,1
-35.17177,43.66418,18,1
-34.77268,44.79988,18,1
-34.35181,46.17379,18,1
-35.91141,48.60761,18,1
-35.66487,50.93491,18,1
-35.28,53.55687,18,1
-35.28,56.43947,18,1
-37.35019,58.04399,18,1
-36.67102,60.57962,18,1
-36.18297,60.79,18,1
-34.16753,59.85259,18,1
-34.36052,57.76258,18,1
-34.9888,55.45073,18,1
-34.64008,52.35437,18,1
-33.83749,49.48284,18,1
-31.08928,50.31725,18,1
-28.12471,50.22805,18,1
-25.25707,50.98076,18,1
-24.97157,53.89352,18,1
-25.13246,56.83328,18,1
-22.69874,58.15482,18,1
-22.50961,58.43977,18,1
-25.27365,58.08197,18,1
-27.45767,57.15535,18,1
-26.35168,58.132,18,1
-24.70376,57.01036,18,1
-24.64721,53.8968,18,1
-24.87735,50.91053,18,1
-26.08146,48.16666,18,1
-26.86325,45.14676,18,1
-28.12556,42.49744,18,1
-29.46189,39.9025,18,1
-30.137,36.9816,18,1
-29.64,34.08888,18,1
-28.53506,31.32224,18,1
-26.29722,29.32425,18,1
-26.28605,26.72014,18,1
-25.23774,25.28142,18,1
-22.12902,25.04128,18,1
-21.00583,22.63482,18,1
-19.93819,20.08813,18,1
-19.63999,17.29026,18,1
-20.36453,14.34783,18,1
-22.06752,12.36379,18,1
-19.45691,11.07371,18,1
-16.47807,11.42889,18,1
-13.37834,11.76714,18,1
-10.73362,10.38788,18,1
-7.750054,10.61123,18,1
-4.780305,10.19529,18,1
-2.230727,8.923012,18,1
-1.280387,6.077679,18,1
0.2818074,3.639969,18,1
0.36,0.969421,18,1
-0.2799999,1.300485,18,1
-0.4724123,3.896105,18,1
-1.532906,6.624008,18,1
-4.107522,8.093839,18,1
-7.131511,7.325772,18,1
-9.999661,6.859928,18,1
-12.68105,8.455099,18,1
-15.15618,9.927565,18,1
-17.52019,11.94267,18,1
-19.43532,14.40077,18,1
-19.64,17.22369,18,1
-20.01926,20.05111,18,1
-17.91366,22.24216,18,1
-15.60927,24.32509,18,1
-12.87815,25.04612,18,1
-12.59457,28.00205,18,1
-11.70459,30.65926,18,1
-10.43058,33.08892,18,1
-9.954797,35.95491,18,1
-9.878798,39.06737,18,1
-9.24919,39.69002,18,1
-9.638461,41.92027,18,1
-10.13237,44.18498,18,1
-9.609943,46.83015,18,1
-7.658868,48.94099,18,1
-5.462054,49.71093,18,1
-5.28,52.42168,18,1
-5.275646,55.53788,18,1
-5.373755,58.10555,18,1
-7.391561,60.223,18,1
-6.681496,58.94083,18,1
-5.095889,56.49017,18,1
-4.638831,53.75094,18,1
-4.628676,50.97457,18,1
-3.249966,49.3956,18,1
-3.683441,46.92476,18,1
-6.166146,46.87409,18,1
-8.895936,47.80459,18,1
-11.67109,48.24585,18,1
-14.24909,49.24024,18,1
-14.76693,52.19109,18,1
-15.14554,55.1637,18,1
-14.03889,57.41018,18,1
-12.42223,58.52719,18,1
-14.43708,59.97625,18,1
-16.57239,59.45784,18,1
-15.78507,60.72757,18,1
-14.70087,58.04079,18,1
-15.11466,55.23594,18,1
-15.01309,52.11759,18,1
-13.30934,49.9669,18,1
-11.54346,47.68441,18,1
-10.66639,44.75861,18,1
-9.492109,42.04876,18,1
-9.363958,39.33455,18,1
-9.77151,36.90312,18,1
-9.64,33.86934,18,1
-8.69486,31.1589,18,1
-10.06972,29.77554,18,1
-12.77546,28.46915,18,1
-14.72652,26.38791,18,1
-17.68807,26.82712,18,1
-20.56941,27.45217,18,1
-22.91338,25.74097,18,1
-21.01799,23.53764,18,1
-20.04894,21.05567,18,1
-19.64,18.23739,18,1
-19.64,15.44237,18,1
-17.88708,13.16037,18,1
-20.37737,11.95856,18,1
-20.12733,14.57349,18,1
-20.06566,17.21554,18,1
-19.44876,15.0886,18,1
-16.84141,13.99804,18,1
-14.04152,13.771,18,1
-11.00743,14.23375,18,1
-8.320131,12.94724,18,1
-5.599072,11.82947,18,1
-2.791235,12.8531,18,1
-0.05381414,13.31711,18,1
2.584195,11.97064,18,1
5.490695,12.37589,18,1
8.550712,12.98472,18,1
11.61354,13.57905,18,1
14.67978,14.15579,18,1
17.3908,13.8373,18,1
18.88964,14.57839,18,1
19.75839,15.55597,18,1
19.72,18.31668,18,1
20.54607,21.1725,18,1
21.20916,23.45154,18,1
19.39261,24.93968,18,1
16.65524,23.57681,18,1
14.90968,25.75663,18,1
12.81229,27.75306,18,1
10.7149,29.74949,18,1
9.783322,32.60084,18,1
9.72,35.62921,18,1
9.72,38.58461,18,1
7.629341,40.70833,18,1
5.788246,42.92158,18,1
5.032894,45.94873,18,1
4.492468,48.89649,18,1
4.717314,51.37221,18,1
4.85882,54.48509,18,1
4.894129,57.3963,18,1
4.383255,59.40862,18,1
3.671127,60.21607,18,1
5.471923,57.92782,18,1
5.36,55.27078,18,1
5.071643,52.17059,18,1
5.940939,49.53417,18,1
8.774919,49.74894,18,1
11.36975,50.46022,18,1
14.35684,50.77905,18,1
14.77808,53.11036,18,1
14.89521,55.87994,18,1
15.63536,58.2894,18,1
15.14761,60.01356,18,1
15.05958,58.42157,18,1
15.25778,57.11459,18,1
16.64708,58.34599,18,1
17.0223,57.4193,18,1
15.50634,56.8535,18,1
15.36,54.9383,18,1
15.36,51.82398,18,1
13.8666,49.39975,18,1
11.79594,47.39696,18,1
11.60131,44.41387,18,1
11.31463,41.30956,18,1
9.74241,39.02564,18,1
10.25718,36.16264,18,1
9.780273,33.20082,18,1
7.626389,31.55095,18,1
7.174807,29.5235,18,1
10.03953,28.96602,18,1
12.77943,30.1878,18,1
15.51296,29.49478,18,1
18.62245,29.38879,18,1
21.64952,30.14349,18,1
24.67348,30.91165,18,1
27.31275,32.19493,18,1
29.83394,33.49029,18,1
29.80319,36.4293,18,1
29.86065,39.03769,18,1
28.88852,40.74425,18,1
27.21294,41.9736,18,1
25.48407,43.84034,18,1
23.89816,46.04747,18,1
23.99743,48.88783,18,1
24.74516,51.77462,18,1
24.80844,54.89382,18,1
24.05297,57.49961,18,1
22.20629,58.47112,18,1
24.86875,59.61081,18,1
26.75606,59.9469,18,1
25.32288,60.88184,18,1
27.26023,60.59011,18,1
26.69053,58.82289,18,1
25.35705,56.34292,18,1
25.36,53.25376,18,1
25.60954,50.30118,18,1
28.3567,49.49653,18,1
31.33593,49.3246,18,1
33.05144,50.64307,18,1
34.9182,51.46197,18,1
34.83777,54.36573,18,1
34.88089,57.05015,18,1
34.85546,59.50602,18,1
34.09333,60.79,18,1
32.11903,60.57901,18,1
33.67477,58.78348,18,1
35.4915,56.84808,18,1
35.05813,53.9442,18,1
34.68816,50.72568,18,1
32.97565,48.31773,18,1
31.24467,45.73245,18,1
30.81294,42.86361,18,1
30.9252,40.09053,18,1
30.00972,37.67869,18,1
29.99546,34.78653,18,1
29.68042,31.84795,18,1
32.52307,31.23471,18,1
32.65747,29.10944,18,1
29.78471,28.34837,18,1
26.95601,27.46621,18,1
24.55463,25.47572,18,1
22.53133,23.30309,18,1
21.44663,21.5587,18,1
20.36,19.59285,18,1
20.36,16.49809,18,1
19.13297,14.02789,18,1
16.96285,12.08376,18,1
13.96785,11.94205,18,1
11.22276,12.61568,18,1
14.02409,12.23045,18,1
16.67215,11.00158,18,1
19.2847,9.76389,18,1
22.0079,8.506621,18,1
23.26575,10.37055,18,1
20.46704,10.81479,18,1
19.91964,13.62565,18,1
17.37714,13.22096,18,1
14.51789,13.07397,18,1
11.93479,11.5541,18,1
9.337281,9.825789,18,1
6.570463,9.031373,18,1
3.791399,7.631694,18,1
1.204498,6.112512,18,1
1.503126,4.151674,18,1
0.5358315,2.97164,18,1
0.1934694,0.2177113,18,1
0.3608613,1.819484,18,1
-1.091609,4.36161,18,1
-4.06851,5.294271,18,1
-6.712321,3.876432,18,1
-9.556955,4.469154,18,1
-12.54385,5.37072,18,1
-15.41586,6.23761,18,1
-18.40278,7.139175,18,1
-21.27482,8.006065,18,1
-24.14764,8.870239,18,1
-27.11348,8.632257,18,1
-29.38074,9.247866,18,1
-26.55776,9.960112,18,1
-24.21144,11.8187,18,1
-21.89194,13.90452,18,1
-20.24381,15.64073,18,1
-20.28,18.63495,18,1
-20.87035,21.34719,18,1
-23.59445,21.31,18,1
-26.25856,22.33903,18,1
-27.88269,24.84447,18,1
-29.31639,27.61193,18,1
-30.06532,30.51414,18,1
-30.49225,33.08925,18,1
-30.24746,35.79294,18,1
-30.04806,39.01111,18,1
-27.27538,39.78459,18,1
-28.6518,41.53288,18,1
-31.54621,41.32419,18,1
-32.50352,44.27847,18,1
-33.94675,46.6751,18,1
-34.95041,49.59333,18,1
-35.28,52.24651,18,1
-35.28,55.24504,18,1
-35.04697,58.34536,18,1
-37.21733,58.84174,18,1
-37.88,59.33476,18,1
-36.60475,59.981,18,1
-35.94855,57.4026,18,1
-35.28,54.74408,18,1
-35.0162,51.69427,18,1
-33.01762,49.52051,18,1
-30.51222,50.63611,18,1
-28.4033,49.74794,18,1
-26.70749,50.50195,18,1
-25.0044,52.40625,18,1
-25.2414,55.38939,18,1
-24.3956,57.4873,18,1
-25.31471,58.65713,18,1
-27.90895,57.21996,18,1
-26.21772,58.26476,18,1
-25.22017,56.0821,18,1
-24.92133,53.09706,18,1
-25.71071,50.32187,18,1
-27.56457,47.96325,18,1
-27.74367,45.20434,18,1
-28.50886,42.41539,18,1
-29.26056,39.73778,18,1
-29.64,37.00719,18,1
-29.64,34.09564,18,1
-28.1939,31.73846,18,1
-25.38786,30.11868,18,1
-22.92311,28.23484,18,1
-21.18851,25.65004,18,1
-20.26306,22.80031,18,1
-19.64001,19.76127,18,1
-19.64,16.79626,18,1
-19.05993,13.95252,18,1
-16.74094,11.8859,18,1
-13.92229,10.88042,18,1
-10.89456,10.12731,18,1
-7.982995,9.404325,18,1
-4.954801,8.653035,18,1
-2.160233,7.341778,18,1
-0.4409644,4.904504,18,1
0.3051632,2.051543,18,1
-0.1486688,0.1118708,18,1
-0.264972,2.646393,18,1
1.747201,3.952499,18,1
4.45015,5.124033,18,1
6.940225,6.79722,18,1
9.283242,8.66502,18,1
11.78155,10.24,18,1
14.09822,11.99392,18,1
16.68921,13.30942,18,1
19.37479,14.26464,18,1
19.72,17.22981,18,1
19.72,20.09667,18,1
18.08747,22.48339,18,1
15.42511,23.86608,18,1
13.37552,25.9851,18,1
11.67983,28.45964,18,1
10.22913,31.22112,18,1
9.720004,34.14923,18,1
9.72,37.13805,18,1
9.471313,40.06126,18,1
7.281792,41.98901,18,1
6.146858,44.13403,18,1
5.54881,46.7963,18,1
5.234159,49.7267,18,1
4.741838,51.67397,18,1
4.720003,54.63379,18,1
4.261626,57.28386,18,1
2.119958,58.27851,18,1
2.12,60.18304,18,1
3.775701,58.78501,18,1
4.833697,56.09175,18,1
5.29899,53.00722,18,1
5.725235,49.96832,18,1
8.250597,50.27856,18,1
11.2424,50.06985,18,1
13.5141,50.49622,18,1
14.72579,52.78231,18,1
14.92838,55.61715,18,1
13.31999,57.55827,18,1
12.64976,58.20826,18,1
14.63448,58.76091,18,1
17.33379,58.15331,18,1
17.75055,58.93602,18,1
17.93,60.79687,18,1
16.03825,59.07454,18,1
16.23343,57.52393,18,1
15.36,55.07748,18,1
15.36,52.24709,18,1
14.24845,49.69506,18,1
12.07141,47.47643,18,1
11.65503,44.41161,18,1
11.02259,41.64787,18,1
10.30162,38.80312,18,1
10.20362,35.80577,18,1
10.41844,32.6963,18,1
12.30029,30.82113,18,1
15.2295,31.79206,18,1
18.09777,31.32737,18,1
20.98962,31.6119,18,1
23.87094,31.52921,18,1
26.64802,31.67921,18,1
29.36925,31.89655,18,1
29.96272,34.71467,18,1
29.72002,37.70097,18,1
30.38279,40.63503,18,1
33.31097,41.03277,18,1
34.36476,43.77998,18,1
34.5443,46.76303,18,1
34.54401,49.883,18,1
34.7345,52.74625,18,1
34.8628,55.69982,18,1
35.24159,57.83569,18,1
35.91154,60.52545,18,1
37.68499,59.80546,18,1
35.50153,57.68996,18,1
35.19893,54.72823,18,1
34.72058,51.77884,18,1
32.87835,50.10649,18,1
29.96336,50.34551,18,1
26.89431,49.79486,18,1
24.95247,51.12957,18,1
25.32982,54.00437,18,1
24.7361,56.91609,18,1
24.20774,59.48643,18,1
24.3828,60.79,18,1
24.47589,58.5664,18,1
25.21577,55.9519,18,1
24.77751,52.98793,18,1
25.32604,50.0734,18,1
27.12045,47.67734,18,1
28.61278,44.93736,18,1
29.53258,41.97983,18,1
29.94066,39.0077,18,1
30.35762,35.91659,18,1
30.42519,32.94437,18,1
29.51076,30.75121,18,1
27.26205,29.05345,18,1
24.39673,29.01397,18,1
22.39484,26.68167,18,1
21.71019,23.76904,18,1
20.50723,21.26048,18,1
20.04162,18.32326,18,1
19.69599,15.22536,18,1
17.736,13.39231,18,1
14.73736,13.47145,18,1
11.83398,12.92941,18,1
8.716736,12.79842,18,1
5.719154,12.67874,18,1
2.722203,12.54431,18,1
-0.3921225,12.35621,18,1
-3.506448,12.16812,18,1
-6.500996,11.98725,18,1
-9.615321,11.79915,18,1
-12.72964,11.61105,18,1
-15.6128,12.52537,18,1
-18.4058,12.57927,18,1
-19.94516,15.09178,18,1
-20.27988,18.06977,18,1
-19.97003,21.10239,18,1
-21.31305,23.6877,18,1
-23.46706,25.32483,18,1
-24.73426,27.19421,18,1
-26.80864,29.36051,18,1
-29.06077,31.51976,18,1
-30.4955,33.08469,18,1
-30.28,35.85921,18,1
-30.31974,38.83703,18,1
-32.31128,40.48641,18,1
-34.8679,41.8943,18,1
-35.48578,44.87214,18,1
-35.29181,47.98596,18,1
-35.22491,50.86509,18,1
-35.28,53.98288,18,1
-35.28083,56.87235,18,1
-36.05177,59.10779,18,1
-36.21128,60.53239,18,1
-36.52207,57.69547,18,1
-35.24132,55.46163,18,1
-35.28,52.46854,18,1
-34.1382,50.11746,18,1
-31.37368,50.22845,18,1
-28.32452,49.58001,18,1
-25.91347,50.68267,18,1
-24.79534,53.24119,18,1
-25.23691,56.29351,18,1
-25.73256,58.30764,18,1
-25.96333,60.7901,18,1
-26.72898,59.02823,18,1
-27.38766,57.57335,18,1
-27.26139,60.41867,18,1
-25.04057,59.52702,18,1
-24.64486,56.39407,18,1
-24.64,53.43448,18,1
-24.8073,50.31963,18,1
-26.43957,47.85938,18,1
-27.01683,44.91548,18,1
-28.72688,42.86765,18,1
-29.66938,40.02777,18,1
-29.64,36.925,18,1
-29.64,33.82576,18,1
-28.57431,31.14612,18,1
-26.08516,29.26788,18,1
-23.66254,27.49843,18,1
-21.36105,25.42166,18,1
-20.06271,22.72008,18,1
-19.64,19.67454,18,1
-19.64,16.67573,18,1
-19.25392,13.75309,18,1
-16.70049,12.05319,18,1
-13.8119,10.87408,18,1
-11.03713,9.733606,18,1
-8.15138,8.547512,18,1
-5.376616,7.407037,18,1
-2.60831,6.251213,18,1
-0.3858629,4.193375,18,1
0.159502,1.246936,18,1
-0.2627808,1.693239,18,1
0.5298297,4.30055,18,1
2.787092,6.050794,18,1
5.536929,7.523502,18,1
8.335016,8.903749,18,1
11.02874,10.22411,18,1
13.87743,11.4966,18,1
16.53697,12.8771,18,1
18.93878,14.59401,18,1
19.84959,17.16402,18,1
19.81374,20.28379,18,1
19.37716,23.21722,18,1
17.04935,25.16483,18,1
14.36702,26.50789,18,1
12.03954,28.57013,18,1
10.44147,31.19955,18,1
9.933912,34.15335,18,1
9.72,37.12967,18,1
9.748367,40.21581,18,1
11.08288,43.03488,18,1
12.44782,45.84045,18,1
13.61501,48.6018,18,1
14.68584,51.2836,18,1
14.73118,54.259,18,1
14.57843,57.08001,18,1
12.51581,58.03551,18,1
14.78534,58.39843,18,1
15.36,55.87564,18,1
15.12805,52.80175,18,1
13.96512,49.96461,18,1
11.14771,50.24664,18,1
8.336107,49.59579,18,1
5.423685,49.99908,18,1
4.853671,52.90566,18,1
4.72,55.858,18,1
4.466758,58.52986,18,1
5.338727,57.06166,18,1
5.36,54.06201,18,1
5.284559,51.0752,18,1
6.140242,48.22508,18,1
8.186256,46.03495,18,1
9.749723,43.3457,18,1
10.41417,40.18977,18,1
10.36,37.28903,18,1
9.998354,34.19379,18,1
9.248083,31.33393,18,1
8.592044,28.93575,18,1
11.537,29.0391,18,1
14.1104,30.43569,18,1
17.20553,30.82771,18,1
20.28592,31.3179,18,1
23.25481,31.74877,18,1
26.34208,32.19936,18,1
28.97523,32.61412,18,1
29.72,34.82697,18,1
29.72,37.74571,18,1
29.09299,40.74828,18,1
28.8924,43.57857,18,1
28.63212,46.34946,18,1
26.84517,48.75917,18,1
25.32617,51.45373,18,1
24.72,54.23288,18,1
24.5515,56.91936,18,1
22.19111,57.69422,18,1
22.22061,59.9623,18,1
23.84555,58.52605,18,1
25.12496,56.10499,18,1
24.89237,53.21188,18,1
24.96435,50.49314,18,1
23.68209,47.95397,18,1
26.4427,48.22892,18,1
29.24799,49.57127,18,1
31.93277,49.92435,18,1
34.30107,50.88702,18,1
34.72002,53.66442,18,1
34.86504,56.57345,18,1
33.54618,58.57665,18,1
34.53315,59.33348,18,1
35.041,56.41606,18,1
34.96664,53.32428,18,1
34.35242,50.40829,18,1
32.89052,47.80122,18,1
31.87857,44.85201,18,1
30.94596,41.87466,18,1
30.30012,39.07922,18,1
30.36,35.96368,18,1
30.41644,32.9719,18,1
30.38732,30.14567,18,1
28.29264,27.83417,18,1
25.98519,25.73442,18,1
23.66685,23.64643,18,1
21.44659,21.62902,18,1
19.72005,19.46868,18,1
19.72904,16.46984,18,1
19.00931,13.78499,18,1
16.10592,13.73036,18,1
13.51744,12.30844,18,1
10.53637,12.64506,18,1
7.428582,12.43415,18,1
4.44345,12.1358,18,1
1.338918,11.8255,18,1
-1.646208,11.52715,18,1
-4.750741,11.21686,18,1
-7.67333,11.85814,18,1
-10.42362,12.97033,18,1
-13.53673,12.9296,18,1
-16.64838,13.03068,18,1
-19.40395,14.10165,18,1
-20.07621,16.95248,18,1
-20.10931,20.07231,18,1
-19.70625,23.00217,18,1
-21.47151,25.299,18,1
-24.04185,26.846,18,1
-26.71955,28.44733,18,1
-28.91318,30.60675,18,1
-29.65603,33.48346,18,1
-30.16903,36.56096,18,1
-30.55285,39.45961,18,1
-32.00567,42.07972,18,1
-33.55439,44.64882,18,1
-34.67762,47.5555,18,1
-35.31472,50.48302,18,1
-35.28,53.3453,18,1
-35.28,56.34518,18,1
-37.24065,58.41766,18,1
-36.46839,59.15844,18,1
-35.19823,56.42,18,1
-34.67419,53.34514,18,1
-34.35714,50.30849,18,1
-31.71941,49.82598,18,1
-28.85629,49.37981,18,1
-26.71529,50.26297,18,1
-25.14891,52.09217,18,1
-25.14306,55.02798,18,1
-24.99891,57.90813,18,1
-27.51592,58.14826,18,1
-26.98366,57.4591,18,1
-25.43808,56.86539,18,1
-25.03348,54.94948,18,1
-25.28,52.51149,18,1
-25.25098,49.7302,18,1
-26.83993,47.05339,18,1
-28.20543,44.40842,18,1
-28.9407,41.47282,18,1
-29.63412,38.73645,18,1
-29.64,35.6374,18,1
-29.50038,32.663,18,1
-27.70768,30.125,18,1
-25.43417,28.16772,18,1
-23.09033,26.10953,18,1
-21.17082,23.81064,18,1
-20.06558,21.0542,18,1
-20.18101,18.05723,18,1
-19.9214,15.09876,18,1
-17.60271,13.09862,18,1
-14.89784,11.81676,18,1
-12.11416,10.69822,18,1
-9.219134,9.534937,18,1
-6.490808,8.290801,18,1
-3.753041,6.794842,18,1
-1.17195,5.068642,18,1
0.2229838,2.460215,18,1
-0.2803476,0.8644271,18,1
-0.1534108,3.131862,18,1
-2.514974,4.875386,18,1
-5.131814,6.574217,18,1
-7.867229,8.073895,18,1
-10.5285,9.458628,18,1
-13.30493,10.88192,18,1
-15.95752,12.28303,18,1
-18.69538,13.77902,18,1
-19.87033,16.49262,18,1
-20.16091,19.47853,18,1
-20.91287,22.30999,18,1
-22.98216,24.48168,18,1
-25.15376,26.7219,18,1
-27.24183,28.87597,18,1
-29.49694,31.20236,18,1
-30.27972,33.83746,18,1
-30.28,36.93283,18,1
-30.66568,39.97715,18,1
-32.45707,42.38211,18,1
-34.06675,44.90664,18,1
-34.99417,47.8713,18,1
-35.54964,50.81937,18,1
-35.28,53.10091,18,1
-35.28,55.94307,18,1
-36.7753,57.73323,18,1
-37.88,57.44758,18,1
-36.74119,57.79057,18,1
-34.63994,56.16574,18,1
-34.64,53.09995,18,1
-33.75716,50.36328,18,1
-30.89884,50.73379,18,1
-28.03237,49.51662,18,1
-26.74066,50.52891,18,1
-24.87845,51.98054,18,1
-25.28,54.88374,18,1
-26.01579,57.70026,18,1
-27.88171,57.22,18,1
-26.35926,57.54644,18,1
-25.27991,56.10423,18,1
-25.09905,53.03308,18,1
-25.81407,50.47792,18,1
-26.84851,47.5431,18,1
-27.6484,44.53059,18,1
-28.96498,42.08085,18,1
-29.4145,39.1174,18,1
-29.64,36.30392,18,1
-29.63752,33.38334,18,1
-27.23404,31.48974,18,1
-24.74448,29.84945,18,1
-22.72548,27.47466,18,1
-20.98679,24.74639,18,1
-19.9255,21.949,18,1
-19.64,18.99383,18,1
-19.64,15.905,18,1
-18.25044,13.47698,18,1
-15.53473,12.2027,18,1
-12.72137,11.17336,18,1
-9.739161,10.25642,18,1
-6.878585,9.353215,18,1
-4.080544,7.981212,18,1
-1.678119,6.212488,18,1
-0.02523687,3.601018,18,1
0,0.24,19,1
0.03042356,3.238549,19,1
2.128329,5.525445,19,1
4.938316,6.472804,19,1
6.653516,8.633687,19,1
9.637473,8.366737,19,1
12.30938,7.241932,19,1
15.15388,7.696112,19,1
17.02846,10.17002,19,1
18.56021,12.74894,19,1
19.79486,15.5926,19,1
19.92202,18.70916,19,1
19.9054,21.66128,19,1
21.29455,24.21003,19,1
18.61147,24.95148,19,1
15.79812,25.46498,19,1
13.67043,27.56109,19,1
11.78388,30.04337,19,1
10.56006,32.76324,19,1
10.27881,35.6869,19,1
10.36534,38.65903,19,1
8.465998,40.75711,19,1
10.76195,42.14083,19,1
12.60093,43.86952,19,1
13.81561,46.52493,19,1
14.25433,49.37128,19,1
14.86218,52.36707,19,1
15.12194,55.3556,19,1
14.579,57.75123,19,1
16.90141,57.49626,19,1
17.03562,57.86916,19,1
14.62691,58.05252,19,1
14.80727,55.02787,19,1
14.72,52.05845,19,1
13.76761,49.01025,19,1
12.30136,46.25642,19,1
10.95774,43.57434,19,1
9.700865,40.60593,19,1
10.35999,37.90727,19,1
9.961733,34.935,19,1
9.41765,32.01026,19,1
11.77665,30.08567,19,1
14.62257,29.15874,19,1
17.57491,28.34681,19,1
19.35024,26.32943,19,1
19.6144,23.34145,19,1
19.96297,20.36186,19,1
20.0641,17.36425,19,1
19.42321,14.43793,19,1
17.33127,12.8587,19,1
17.69004,12.53989,19,1
17.98503,10.27463,19,1
15.37945,8.564616,19,1
12.45297,8.794098,19,1
10.13047,7.231907,19,1
7.140239,6.999064,19,1
4.064221,6.49727,19,1
1.221384,5.542853,19,1
0.2166224,3.044354,19,1
-0.3206703,0.3026724,19,1
-0.3070751,3.00699,19,1
0.8255808,5.722451,19,1
3.041458,7.80521,19,1
5.86778,8.811095,19,1
8.796556,9.025983,19,1
11.35738,10.40379,19,1
14.32617,10.00123,19,1
16.54971,11.82174,19,1
18.88445,13.20297,19,1
19.85373,16.02352,19,1
20.0564,19.13544,19,1
20.84863,22.0287,19,1
23.12766,23.97935,19,1
25.19711,25.75656,19,1
27.55079,27.46545,19,1
29.04398,29.85486,19,1
29.92807,32.72121,19,1
30.18645,35.82877,19,1
30.09212,38.90854,19,1
30.48094,41.59624,19,1
32.07954,44.26516,19,1
33.44149,46.93821,19,1
34.52309,49.85762,19,1
34.8168,52.70862,19,1
35.01329,55.8149,19,1
36.4929,57.56869,19,1
36.61281,57.56398,19,1
34.90887,56.84421,19,1
34.84925,55.88644,19,1
34.78331,52.88725,19,1
34.35906,50.05323,19,1
31.58302,49.03567,19,1
28.58539,48.91819,19,1
26.24654,50.43542,19,1
25.03934,53.01027,19,1
25.04,56.0049,19,1
24.9381,58.12333,19,1
24.9381,58.12333,19,1
25.2396,56.6011,19,1
25.25794,53.61712,19,1
25.29066,50.63009,19,1
26.56212,47.91816,19,1
27.85073,45.21082,19,1
28.68075,42.32918,19,1
29.4155,39.29715,19,1
29.76409,36.32543,19,1
29.71058,33.33471,19,1
27.35631,31.98252,19,1
24.45958,31.72328,19,1
21.93886,29.91371,19,1
19.19614,28.8699,19,1
16.4156,29.19801,19,1
13.77046,29.81876,19,1
11.19356,31.5679,19,1
10.01758,34.1919,19,1
9.841701,37.30694,19,1
10.02118,40.2716,19,1
10.64874,42.76928,19,1
13.26022,44.68493,19,1
13.88315,47.4964,19,1
14.86101,50.17539,19,1
14.86945,53.17525,19,1
14.72008,56.21066,19,1
15.69047,57.87548,19,1
17.93,57.81076,19,1
15.52738,57.90965,19,1
15.36,54.9576,19,1
15.02049,51.87393,19,1
13.99941,49.05341,19,1
12.87803,46.01367,19,1
11.73235,43.75684,19,1
10.80801,40.86701,19,1
10.18866,38.0819,19,1
10.04646,35.08531,19,1
10.73133,32.20658,19,1
13.1809,30.2874,19,1
15.38625,28.27955,19,1
17.35611,25.86005,19,1
19.21838,23.35944,19,1
19.85004,20.46118,19,1
19.97414,17.3437,19,1
19.49088,14.47282,19,1
17.15936,12.62085,19,1
14.47157,11.28936,19,1
11.75045,10.02622,19,1
8.928487,8.695478,19,1
6.154049,7.273001,19,1
3.272825,6.549909,19,1
0.8914372,5.094028,19,1
0.1324261,2.192008,19,1
0.3411771,1.164923,19,1
0.6383619,3.906195,19,1
3.276107,5.299031,19,1
6.022188,6.506928,19,1
8.733742,7.789539,19,1
11.47168,9.279708,19,1
13.92081,11.01217,19,1
16.76819,11.43742,19,1
19.44641,12.73217,19,1
19.74531,15.70721,19,1
20.06506,18.68968,19,1
19.30544,21.58929,19,1
16.98205,23.48437,19,1
14.73914,25.65084,19,1
12.7612,28.05782,19,1
11.26258,30.79345,19,1
10.32874,33.61169,19,1
10.25579,36.73075,19,1
10.67109,39.67707,19,1
11.73519,42.4818,19,1
12.82488,45.27693,19,1
13.91458,48.07205,19,1
14.68262,50.96564,19,1
15.1249,54.05372,19,1
14.66406,56.95634,19,1
15.28551,58.28239,19,1
17.67787,58.5409,19,1
15.25996,58.43588,19,1
15.17922,55.66566,19,1
14.72,52.63285,19,1
14.08942,49.52102,19,1
12.87901,46.64543,19,1
11.69454,43.88916,19,1
10.80073,41.02822,19,1
10.21115,38.09753,19,1
10.36,34.99413,19,1
10.31421,32.19593,19,1
12.54722,30.02531,19,1
14.86062,28.11567,19,1
16.92329,25.94533,19,1
18.75667,23.42256,19,1
19.84447,20.52405,19,1
20.10851,17.538,19,1
19.64661,14.54832,19,1
17.20978,12.82787,19,1
14.47093,11.33534,19,1
11.67635,9.948008,19,1
8.874435,8.895277,19,1
6.259928,7.498871,19,1
3.777613,6.032436,19,1
0.9890208,5.161869,19,1
0.1932359,2.146704,19,1
-0.2409694,-0.221701,19,1
-0.1826357,2.158233,19,1
0.6884521,5.140646,19,1
3.093449,7.105706,19,1
5.648251,8.673915,19,1
8.439284,10.04809,19,1
11.39367,11.05104,19,1
14.30737,10.88045,19,1
17.11791,11.92142,19,1
19.09794,13.81342,19,1
19.90634,16.43026,19,1
19.978,19.53656,19,1
18.76926,22.31221,19,1
16.48613,24.43844,19,1
14.40169,26.74964,19,1
12.59259,29.14279,19,1
10.8397,31.57444,19,1
10.25914,34.61153,19,1
10.30523,37.61114,19,1
9.614687,40.50332,19,1
8.359133,43.22216,19,1
6.881149,45.83282,19,1
5.761771,48.73941,19,1
4.999548,51.6301,19,1
4.722131,54.61721,19,1
4.709764,57.37182,19,1
4.574075,57.68255,19,1
4.610043,57.32563,19,1
5.361157,54.29966,19,1
5.006699,51.42483,19,1
7.406831,50.13526,19,1
10.52602,50.0961,19,1
13.50944,50.23409,19,1
14.87392,52.61826,19,1
14.71987,55.47463,19,1
16.1223,57.48783,19,1
17.68454,58.22505,19,1
16.07469,57.47142,19,1
14.96527,54.76282,19,1
14.94118,51.76294,19,1
14.33123,48.72425,19,1
13.18064,45.82472,19,1
11.07075,43.66303,19,1
10.3879,40.9273,19,1
10.26272,37.6903,19,1
9.949874,34.70666,19,1
9.762882,31.84942,19,1
12.36876,30.19946,19,1
14.93318,28.46103,19,1
16.95221,26.2531,19,1
18.65356,23.78225,19,1
19.89937,21.09941,19,1
19.72723,17.98734,19,1
19.87102,15.04425,19,1
17.39109,13.19649,19,1
14.81794,11.65418,19,1
12.07405,10.16923,19,1
9.430207,8.751472,19,1
6.7868,7.332887,19,1
4.178415,5.852195,19,1
1.754364,3.895514,19,1
-0.1610981,1.832523,19,1
0.3600001,0.6323727,19,1
0.8297374,3.480899,19,1
2.630462,5.87797,19,1
5.065166,7.624424,19,1
7.5599,9.230147,19,1
10.36645,9.421024,19,1
13.16509,10.23528,19,1
16.13873,10.62372,19,1
18.56481,12.06691,19,1
19.62686,14.87262,19,1
19.88788,17.81434,19,1
20.02033,20.90633,19,1
19.1974,23.71645,19,1
19.1589,26.55764,19,1
21.49434,28.01168,19,1
24.07239,29.18928,19,1
26.81931,30.09641,19,1
29.17675,31.56896,19,1
30.1286,34.53035,19,1
29.98735,37.6344,19,1
28.80248,40.50331,19,1
27.44336,43.17739,19,1
26.4055,45.98853,19,1
25.47783,48.96712,19,1
25.02004,51.92904,19,1
24.98221,55.04741,19,1
25.13032,57.6894,19,1
24.89736,55.99943,19,1
24.91249,53.09449,19,1
25.93313,50.17668,19,1
27.40043,47.42329,19,1
28.67328,44.71066,19,1
29.59736,41.73769,19,1
29.96167,38.76,19,1
30.09232,35.7669,19,1
29.28553,32.88655,19,1
26.47836,32.06715,19,1
23.41497,31.47557,19,1
20.45192,31.02896,19,1
17.34324,30.76365,19,1
14.34985,30.85816,19,1
11.43632,31.93363,19,1
10.16136,34.48302,19,1
10.0283,37.60021,19,1
8.92901,40.29393,19,1
7.523459,43.05418,19,1
9.282861,44.7644,19,1
11.46409,46.68874,19,1
13.26355,48.94523,19,1
14.83753,51.32951,19,1
15.22174,54.30479,19,1
14.90628,57.09036,19,1
17.76132,57.73746,19,1
16.11589,57.63066,19,1
15.17821,54.86798,19,1
14.72308,51.83589,19,1
13.5189,48.9257,19,1
12.23243,46.21638,19,1
11.07539,43.31908,19,1
10.33016,40.42181,19,1
10.0434,37.43611,19,1
9.97234,34.31864,19,1
11.29587,31.67421,19,1
13.65752,29.82426,19,1
15.98652,27.93408,19,1
18.17039,25.70926,19,1
19.57413,22.9425,19,1
20.01171,19.98126,19,1
20.08419,16.86211,19,1
19.25065,14.13677,19,1
16.61097,12.495,19,1
13.95246,11.10493,19,1
11.1876,9.659246,19,1
8.5307,8.266108,19,1
5.779416,6.794911,19,1
3.008606,6.320011,19,1
1.147299,4.043848,19,1
0.2175231,1.268899,19,1
0,0,20,1
0,0,20,1
-0.02826406,0.5993339,20,1
0.02433822,3.584656,20,1
0.1583845,4.864442,20,1
-1.632181,5.018572,20,1
-4.113203,6.808183,20,1
-6.528639,8.585989,20,1
-9.304389,9.613601,20,1
-12.23649,10.24613,20,1
-15.30416,11.28144,20,1
-17.87126,13.01298,20,1
-19.65806,15.39757,20,1
-19.99073,17.64791,20,1
-20.28,20.60572,20,1
-22.09997,22.98151,20,1
-25.14032,22.98764,20,1
-26.72092,24.99174,20,1
-27.68714,27.94463,20,1
-29.06394,30.60996,20,1
-29.80632,33.61578,20,1
-30.15438,36.71629,20,1
-30.70833,39.59958,20,1
-33.54339,40.10661,20,1
-34.32986,42.84033,20,1
-34.94246,45.89204,20,1
-35.45337,48.83994,20,1
-35.2672,51.83312,20,1
-35.28,54.95236,20,1
-35.78522,57.79879,20,1
-37.78779,57.22,20,1
-37.78779,57.22,20,1
-37.78779,57.22,20,1
-37.78779,57.22,20,1
-36.14088,57.70651,20,1
-33.24792,57.7369,20,1
-32.07,57.22,20,1
-32.07,57.22,20,1
-32.93414,57.39153,20,1
-34.13664,57.4313,20,1
-34.73081,56.41204,20,1
-35.022,53.4421,20,1
-35.11701,50.33229,20,1
-33.5111,47.86176,20,1
-32.02332,45.1889,20,1
-31.18813,42.31592,20,1
-30.03858,39.43314,20,1
-29.87326,36.20096,20,1
-29.62367,33.21696,20,1
-28.3059,30.64755,20,1
-25.7847,29.06581,20,1
-23.4619,27.14516,20,1
-22.26005,24.2787,20,1
-20.39499,21.94762,20,1
-19.64744,18.92257,20,1
-19.65412,15.81893,20,1
-19.74389,14.14135,20,1
-19.31634,13.9235,20,1
-16.79234,12.30579,20,1
-13.92473,11.4613,20,1
-11.05699,10.61127,20,1
-8.380158,9.267434,20,1
-5.447652,8.205749,20,1
-2.846558,6.492961,20,1
-0.7362402,4.413163,20,1
-0.1737274,2.099309,20,1
0.1278409,0.6912624,20,1
0.1278409,0.6912624,20,1
-0.2806475,1.904031,20,1
-1.079443,4.672771,20,1
-3.751596,5.94922,20,1
-6.731052,6.874943,20,1
-9.711267,7.798269,20,1
-12.69195,8.719112,20,1
-15.44826,9.889155,20,1
-17.78584,11.75945,20,1
-19.05136,14.53318,20,1
-20.07365,17.13827,20,1
-20.26275,20.11044,20,1
-21.36888,22.89534,20,1
-23.80543,24.84282,20,1
-26.09319,26.77282,20,1
-27.80775,29.37656,20,1
-29.55594,31.79364,20,1
-29.95737,34.87817,20,1
-30.28,37.84971,20,1
-31.21225,40.72294,20,1
-33.20016,42.96957,20,1
-34.1883,45.7735,20,1
-34.93476,48.67902,20,1
-35.20943,51.66096,20,1
-35.28,54.77972,20,1
-35.83733,57.7609,20,1
-37.76209,60.18736,20,1
-37.88,60.22649,20,1
-37.88,60.22649,20,1
-37.88,60.22649,20,1
-36.42357,58.97901,20,1
-33.56252,58.22669,20,1
-32.07178,57.70702,20,1
-32.07178,57.70702,20,1
-34.60183,56.94779,20,1
-34.85392,55.83763,20,1
-35.18364,52.85587,20,1
-34.55451,49.83758,20,1
-33.32541,46.96994,20,1
-32.15177,44.20904,20,1
-30.99026,41.443,20,1
-30.44931,38.87941,20,1
-30.15052,36.09207,20,1
-29.85282,33.1074,20,1
-27.94944,30.824,20,1
-25.56403,29.00563,20,1
-23.62782,26.71981,20,1
-21.65719,24.30096,20,1
-20.61356,21.45424,20,1
-20.01675,18.86956,20,1
-19.64021,15.77634,20,1
-18.29751,13.20046,20,1
-15.52117,11.80732,20,1
-12.76167,10.63041,20,1
-9.888586,9.413946,20,1
-7.126006,8.244265,20,1
-4.252923,7.027796,20,1
-1.551679,5.735811,20,1
-0.5843508,2.97039,20,1
-0.09815216,1.49114,20,1
0.0736278,0.4248891,20,1
0.0736278,0.4248891,20,1
-0.2761975,1.564769,20,1
-1.26345,4.167888,20,1
-4.207974,4.712569,20,1
-7.084502,5.816887,20,1
-9.756602,7.17509,20,1
-12.67253,8.283854,20,1
-15.43906,9.422596,20,1
-17.76896,11.49004,20,1
-19.7398,13.70581,20,1
-19.77809,16.82289,20,1
-20.09832,19.80003,20,1
-21.16914,22.68632,20,1
-23.15206,24.92443,20,1
-25.43766,27.04816,20,1
-27.62238,29.10389,20,1
-29.06117,31.66748,20,1
-29.94645,34.56784,20,1
-30.28,37.60609,20,1
-30.78872,40.5197,20,1
-32.70198,42.9787,20,1
-34.22861,45.55746,20,1
-35.10177,48.53648,20,1
-35.34692,51.23687,20,1
-35.28,54.1689,20,1
-35.41185,57.2706,20,1
-37.00439,58.44159,20,1
-37.00439,58.44159,20,1
-35.66531,57.2452,20,1
-34.60072,56.6992,20,1
-33.69998,57.59935,20,1
-33.69998,57.59935,20,1
-32.0685,57.22,20,1
-32.07,57.22,20,1
-33.72911,57.54249,20,1
-34.64,55.26603,20,1
-34.95763,52.19821,20,1
-34.61762,49.22176,20,1
-33.26416,46.44051,20,1
-31.66624,43.91332,20,1
-30.84536,40.90599,20,1
-30.06444,38.01868,20,1
-30.27025,34.92686,20,1
-29.37734,32.07948,20,1
-27.26187,29.95957,20,1
-25.03362,27.95509,20,1
-22.50063,26.13356,20,1
-21.09498,23.55567,20,1
-20.44801,20.86996,20,1
-19.72895,18.02518,20,1
-20.10005,14.93471,20,1
-18.47348,12.52176,20,1
-15.7643,10.99944,20,1
-13.00727,9.817796,20,1
-10.06096,8.798278,20,1
-7.197837,7.902483,20,1
-4.330424,7.020489,20,1
-1.673784,5.709007,20,1
-0.2855627,2.939513,20,1
0.2852734,1.359733,20,1
0.3599819,0.1639673,20,1
0.3599819,0.1639673,20,1
-0.3261622,2.865005,20,1
-2.947348,4.204566,20,1
-5.874557,5.284312,20,1
-8.574662,6.577635,20,1
-11.20643,8.017129,20,1
-13.87345,9.390697,20,1
-16.66041,10.79328,20,1
-18.72413,12.89976,20,1
-20.09823,15.5349,20,1
-20.28,18.50853,20,1
-20.65903,21.48489,20,1
-22.9512,23.36139,20,1
-25.59726,24.76815,20,1
-27.44975,27.26377,20,1
-28.99501,29.81907,20,1
-29.41855,32.90975,20,1
-30.00405,35.75476,20,1
-30.33643,38.7769,20,1
-31.66788,41.46152,20,1
-33.2873,43.98545,20,1
-34.62012,46.80565,20,1
-35.51056,49.77485,20,1
-35.27988,51.86376,20,1
-35.28,54.9707,20,1
-36.01736,57.8219,20,1
-37.61689,57.21999,20,1
-34.85694,57.8784,20,1
-32.03437,57.2196,20,1
-33.02557,57.44788,20,1
-33.24331,57.54519,20,1
-34.41034,57.30197,20,1
-35.2793,56.36449,20,1
-35.28,53.7677,20,1
-35.04349,50.81631,20,1
-33.7593,47.71424,20,1
-32.55047,44.96949,20,1
-31.15712,42.17793,20,1
-30.53591,39.39081,20,1
-30.12873,36.48495,20,1
-29.74072,33.39805,20,1
-28.08969,30.78693,20,1
-26.00478,28.63031,20,1
-23.97033,26.42556,20,1
-21.86435,24.12354,20,1
-20.53188,21.36371,20,1
-19.83123,18.4839,20,1
-19.64,15.51599,20,1
-18.00759,13.00899,20,1
-15.31961,11.44213,20,1
-12.5951,10.18633,20,1
-9.757172,8.89001,20,1
-6.833451,7.804592,20,1
-3.997688,6.825598,20,1
-1.135884,5.597661,20,1
-0.5265664,2.936299,20,1
0.3599733,0.2452332,20,1
0.3599989,0.01017567,20,1
-0.2805293,2.036496,20,1
-1.888614,4.034716,20,1
-4.848022,4.476357,20,1
-7.731427,5.667768,20,1
-10.50181,6.818829,20,1
-13.01089,8.44317,20,1
-15.57341,10.22277,20,1
-17.93136,12.06978,20,1
-19.83154,14.63265,20,1
-20.28,17.47676,20,1
-20.28,20.29949,20,1
-22.13052,22.44477,20,1
-24.54779,24.41733,20,1
-26.73124,26.47262,20,1
-28.61953,28.93863,20,1
-29.85676,31.53545,20,1
-30.28,34.49336,20,1
-30.28,37.55726,20,1
-31.39055,40.29068,20,1
-32.91781,42.84119,20,1
-34.09503,45.60056,20,1
-35.07838,48.55619,20,1
-35.27803,51.3945,20,1
-35.28,54.3804,20,1
-35.50704,57.33084,20,1
-37.87684,58.66723,20,1
-36.91345,57.47451,20,1
-34.43778,56.90371,20,1
-32.91087,57.49242,20,1
-32.07,57.22016,20,1
-32.53652,57.22,20,1
-34.62454,56.66459,20,1
-34.6638,53.60031,20,1
-34.68679,50.48117,20,1
-34.05657,47.50272,20,1
-32.40357,44.99933,20,1
-30.79347,42.33167,20,1
-30.2466,39.41898,20,1
-30.18041,36.42171,20,1
-29.83136,33.33058,20,1
-27.89446,31.06418,20,1
-25.71761,28.82907,20,1
-23.62271,26.68166,20,1
-21.6421,24.44544,20,1
-20.89248,21.4329,20,1
-19.92726,18.77236,20,1
-19.64,15.81201,20,1
-18.52741,13.32529,20,1
-15.77123,12.1421,20,1
-12.92753,10.85844,20,1
-10.1932,9.624145,20,1
-7.349502,8.34048,20,1
-4.615186,7.106178,20,1
-1.829119,5.706674,20,1
-0.7658091,3.237046,20,1
0,0,21,1
0,0,21,1
0,0,21,1
0,0,21,1
0,0,21,1
-0.02576205,2.51984,21,1
0.1658286,5.498149,21,1
2.147027,7.591492,21,1
5.144725,7.496326,21,1
8.263002,7.539968,21,1
11.32451,8.13615,21,1
14.39794,8.618511,21,1
17.48191,8.148824,21,1
20.43992,7.648526,21,1
23.39794,7.148229,21,1
26.35595,6.647931,21,1
29.41227,6.023982,21,1
32.4077,5.152746,21,1
35.27579,5.105267,21,1
35.73865,7.550907,21,1
36.13192,10.63713,21,1
33.43927,11.57051,21,1
30.41111,12.32205,21,1
27.44643,12.64386,21,1
24.45026,12.63277,21,1
21.41561,13.32927,21,1
20.03389,15.89638,21,1
19.72,18.78992,21,1
20.41556,21.69845,21,1
23.30111,22.3799,21,1
26.39395,22.78551,21,1
28.57109,24.92997,21,1
30.05923,27.4825,21,1
30.08717,30.60089,21,1
29.9697,33.59858,21,1
29.8425,36.83608,21,1
30.60257,39.66671,21,1
33.43449,40.64038,21,1
34.14796,40.56284,21,1
34.14796,40.56284,21,1
34.14796,40.56284,21,1
34.14796,40.56284,21,1
32.57266,42.71204,21,1
33.04086,45.65614,21,1
33.73132,48.69767,21,1
34.59932,51.16218,21,1
34.72001,54.07449,21,1
35.14494,57.09055,21,1
36.05249,57.64426,21,1
36.05249,57.64426,21,1
36.05249,57.64426,21,1
35.81436,57.67212,21,1
33.76101,58.37807,21,1
34.40369,60.45252,21,1
34.51307,60.78999,21,1
34.51307,60.78999,21,1
34.78123,58.76771,21,1
35.1464,55.66937,21,1
35.33101,52.55685,21,1
34.01878,50.02983,21,1
30.91573,49.84971,21,1
27.80099,49.92932,21,1
25.02586,50.77394,21,1
24.89679,51.70675,21,1
24.72,54.69925,21,1
25.53474,57.41547,21,1
26.30025,57.7522,21,1
26.30025,57.7522,21,1
25.8681,57.54327,21,1
25.68067,58.01662,21,1
24.92697,59.62263,21,1
24.92697,59.62263,21,1
24.92697,59.62263,21,1
24.92697,59.62263,21,1
24.92697,59.62263,21,1
24.92697,59.62263,21,1
24.92697,59.62263,21,1
24.91158,59.26297,21,1
25.35886,56.31556,21,1
25.36,53.23841,21,1
25.81719,50.39357,21,1
26.29395,47.41719,21,1
27.9306,45.05223,21,1
29.43373,42.50421,21,1
29.90277,40.15121,21,1
29.90277,40.15121,21,1
29.90277,40.15121,21,1
29.90277,40.15121,21,1
29.90277,40.15121,21,1
29.90277,40.15121,21,1
29.90277,40.15121,21,1
29.90277,40.15121,21,1
29.90277,40.15121,21,1
29.92788,39.5525,21,1
30.20362,36.46223,21,1
30.36,33.5402,21,1
29.05113,31.04321,21,1
26.22861,30.02279,21,1
23.26312,30.47428,21,1
20.28426,30.20465,21,1
17.07044,29.80046,21,1
13.96477,30.0477,21,1
11.15426,31.03164,21,1
9.728771,33.5766,21,1
9.80815,36.67428,21,1
10.36745,39.50615,21,1
12.70241,39.96916,21,1
12.71496,40.20881,21,1
12.56135,43.20383,21,1
13.3306,46.33548,21,1
13.7341,49.30748,21,1
14.73876,51.53399,21,1
14.72,54.63403,21,1
15.10417,56.82314,21,1
16.07463,57.4743,21,1
17.20483,57.87616,21,1
17.20483,57.87616,21,1
17.20483,57.87616,21,1
17.20483,57.87616,21,1
17.20483,57.87616,21,1
17.20483,57.87616,21,1
16.98291,57.43568,21,1
17.06861,57.38283,21,1
16.72932,57.63755,21,1
16.21647,58.60794,21,1
15.13161,58.84836,21,1
15.35989,56.12259,21,1
15.32831,53.03176,21,1
14.94157,50.05713,21,1
13.8902,46.99688,21,1
12.85498,44.30939,21,1
11.73697,41.39661,21,1
10.52903,38.83318,21,1
10.21581,35.82075,21,1
10.66882,32.82547,21,1
13.03969,30.81863,21,1
15.48687,29.08352,21,1
17.70014,27.08364,21,1
19.21862,24.52115,21,1
20.24726,21.70431,21,1
20.36,18.59349,21,1
20.24262,15.60448,21,1
21.23253,12.72715,21,1
18.97305,11.07595,21,1
15.91012,10.48645,21,1
13.17797,9.262556,21,1
10.4622,7.72676,21,1
7.803548,6.347558,21,1
4.981589,5.329467,21,1
2.179707,3.977945,21,1
-0.8389457,4.20635,21,1
-3.710398,5.046269,21,1
-6.814487,5.360076,21,1
-9.800442,5.6501,21,1
-12.73017,6.048458,21,1
-12.80372,6.143273,21,1
-12.80372,6.143273,21,1
-9.942182,6.298645,21,1
-6.825715,6.321442,21,1
-3.852907,5.919418,21,1
-1.959971,5.270167,21,1
-1.959971,5.270167,21,1
-0.5992405,3.013655,21,1
0.3057467,1.27913,21,1
0.2086888,1.498647,21,1
0.3599999,0.2845038,21,1
-0.2799999,1.444171,21,1
0.514256,3.321005,21,1
2.931807,5.229403,21,1
5.622373,6.556381,21,1
8.312937,7.883359,21,1
11.10644,9.272661,21,1
13.71511,10.75207,21,1
15.98559,12.71126,21,1
18.51432,14.51807,21,1
20.28707,16.69343,21,1
19.99571,19.61861,21,1
18.58253,22.25961,21,1
16.31287,24.22062,21,1
14.00406,26.31747,21,1
11.77386,28.66649,21,1
10.38942,31.31736,21,1
9.810037,34.24065,21,1
9.72,37.34958,21,1
9.724929,40.34938,21,1
10.77832,43.13398,21,1
12.05638,45.98018,21,1
13.32955,48.82857,21,1
14.67901,51.26741,21,1
14.9429,54.36172,21,1
15.26557,57.26339,21,1
17.56768,57.86025,21,1
17.56768,57.86025,21,1
17.56768,57.86025,21,1
17.10401,57.73631,21,1
15.35766,56.3498,21,1
15.24801,53.13238,21,1
14.91082,49.91975,21,1
13.74069,47.1577,21,1
12.78466,44.32154,21,1
12.21676,41.259,21,1
10.15236,38.84011,21,1
10.01907,35.8785,21,1
10.02954,32.77979,21,1
10.19521,29.90915,21,1
12.34709,27.82645,21,1
13.06606,25.93009,21,1
13.09039,26.0476,21,1
14.59889,25.88887,21,1
16.36824,27.10859,21,1
18.18624,28.26651,21,1
18.57352,26.74593,21,1
19.27002,23.8334,21,1
19.99492,20.92774,21,1
20.31247,17.82392,21,1
19.7793,14.93943,21,1
17.49818,12.86646,21,1
14.85704,11.44371,21,1
12.09975,9.983625,21,1
9.45369,8.570003,21,1
6.508846,7.661707,21,1
3.556848,7.15915,21,1
1.106428,5.290696,21,1
0.1377859,2.479798,21,1
-0.27997,0.1322189,21,1
0.3100607,2.951076,21,1
-1.109081,5.188759,21,1
0.4811252,5.334095,21,1
3.540267,5.944043,21,1
6.595412,6.576887,21,1
9.650562,7.209731,21,1
12.07193,8.577833,21,1
14.63054,9.792692,21,1
17.01786,11.58252,21,1
18.0749,14.38535,21,1
17.73318,14.75906,21,1
18.06592,14.59739,21,1
19.87973,15.07743,21,1
19.72,17.59817,21,1
19.72,20.35182,21,1
17.80753,22.41266,21,1
15.08928,23.93978,21,1
12.94109,26.18947,21,1
11.0402,28.51019,21,1
9.976141,31.38779,21,1
9.720078,34.4953,21,1
9.863825,37.6075,21,1
10.64384,40.49828,21,1
11.74257,43.54508,21,1
12.8614,46.32866,21,1
13.95796,49.12085,21,1
14.75188,51.86177,21,1
14.72095,54.98151,21,1
15.54336,57.73535,21,1
16.79989,58.01295,21,1
17.93022,57.60898,21,1
16.29685,57.974,21,1
13.25395,58.66304,21,1
12.77735,58.50658,21,1
13.01877,57.95918,21,1
12.12,59.60421,21,1
12.12,60.79,21,1
12.79812,60.29427,21,1
14.911,58.3392,21,1
14.95264,55.21944,21,1
15.266,52.32265,21,1
14.31261,49.22723,21,1
13.48218,46.22084,21,1
12.45993,43.40911,21,1
10.91943,40.83486,21,1
10.00908,38.04216,21,1
10.36,35.08331,21,1
9.845684,32.02172,21,1
10.69017,29.24584,21,1
13.40661,27.77454,21,1
16.36113,27.58146,21,1
18.81789,25.87663,21,1
19.89219,22.94785,21,1
20.35998,20.0199,21,1
20.36,17.02349,21,1
19.5929,14.17248,21,1
17.26181,12.32547,21,1
14.39943,11.43425,21,1
11.39885,10.57932,21,1
8.528808,9.70772,21,1
5.800509,8.465994,21,1
3.210835,6.96757,21,1
0.9017715,4.900941,21,1
0.2920271,2.071211,21,1
0.2111837,1.355764,21,1
0.5141915,4.339011,21,1
-1.478218,6.185883,21,1
1.278843,6.296244,21,1
4.391267,6.510173,21,1
7.374374,6.744854,21,1
10.42489,7.25587,21,1
13.28271,8.459022,21,1
15.57957,10.56757,21,1
17.81514,12.74387,21,1
19.59743,15.08419,21,1
19.83862,18.03291,21,1
20.08384,21.12903,21,1
18.15551,23.37828,21,1
15.96661,25.60159,21,1
13.8619,27.7394,21,1
11.75898,29.87896,21,1
10.10894,32.44022,21,1
9.94037,35.54842,21,1
9.720003,38.5145,21,1
8.108475,41.1516,21,1
6.475453,43.66648,21,1
5.486128,46.48212,21,1
4.744175,49.51261,21,1
4.727986,52.4398,21,1
4.759204,55.55911,21,1
5.700935,58.38663,21,1
6.247497,58.95872,21,1
6.247497,58.95872,21,1
5.493747,58.36606,21,1
5.219326,55.89444,21,1
5.36,52.78635,21,1
6.154429,50.11271,21,1
9.163034,49.59561,21,1
12.11841,50.08004,21,1
14.61233,51.16986,21,1
14.72,54.08742,21,1
15.43678,56.95185,21,1
15.94868,57.39668,21,1
17.85976,57.36905,21,1
17.85976,57.36905,21,1
17.85976,57.36905,21,1
16.78729,57.5218,21,1
17.93,59.31726,21,1
17.71843,60.79,21,1
16.49944,59.01313,21,1
15.27207,56.3069,21,1
15.10994,53.19502,21,1
14.6626,50.13397,21,1
13.34126,47.3078,21,1
12.12063,44.6994,21,1
10.97218,41.8,21,1
10.42392,38.85281,21,1
10.17251,35.75869,21,1
9.789918,32.80976,21,1
9.978896,29.91118,21,1
12.75135,28.77123,21,1
15.60367,27.93016,21,1
17.98213,26.10779,21,1
19.30457,23.44206,21,1
19.92102,20.40827,21,1
19.72504,17.4157,21,1
19.61878,14.33217,21,1
17.44933,12.35235,21,1
14.54024,11.6208,21,1
11.50842,10.88433,21,1
8.59982,10.15031,21,1
5.759839,8.871801,21,1
3.218649,7.305356,21,1
1.22979,5.064011,21,1
0.2960134,2.203007,21,1
-0.07581159,-0.410678,21,1
0.3298157,2.440614,21,1
-0.3697547,5.241001,21,1
-0.6488339,5.597262,21,1
2.341552,5.565375,21,1
5.435512,5.967504,21,1
8.411347,6.304911,21,1
11.40525,6.141275,21,1
14.42646,6.683915,21,1
16.78649,8.504195,21,1
18.34151,11.20496,21,1
19.53868,13.94096,21,1
19.74766,17.00515,21,1
19.74968,20.00499,21,1
19.52577,22.95415,21,1
17.2517,25.03227,21,1
14.68815,26.58937,21,1
12.42149,28.71554,21,1
10.84772,31.26717,21,1
10.0224,34.23675,21,1
9.86812,37.22909,21,1
10.89805,40.14656,21,1
12.22476,42.83726,21,1
13.44627,45.57341,21,1
14.2067,48.59907,21,1
14.82823,51.52944,21,1
14.72,54.52581,21,1
15.30859,57.53424,21,1
17.92782,57.99568,21,1
16.77154,58.57985,21,1
15.44112,58.55517,21,1
15.27836,55.48092,21,1
14.94388,52.50121,21,1
13.63124,49.89579,21,1
12.07864,47.479,21,1
11.24454,44.35554,21,1
10.66264,41.1682,21,1
10.24572,38.32005,21,1
10.22899,35.20361,21,1
10.90147,32.21683,21,1
13.36854,30.36229,21,1
16.03253,28.98361,21,1
18.50762,27.10199,21,1
19.93657,24.5747,21,1
20.14598,21.58358,21,1
20.3013,18.46743,21,1
20.28398,15.47407,21,1
18.30471,13.41773,21,1
15.41655,12.23754,21,1
12.64549,11.08818,21,1
9.912692,9.850619,21,1
7.192086,8.339511,21,1
4.627974,6.564428,21,1
1.973193,5.214294,21,1
-1.125346,5.013787,21,1
-2.246589,4.17064,21,1
-3.760072,6.760882,21,1
-4.828315,9.304194,21,1
-2.85881,10.09226,21,1
-0.7533946,9.335693,21,1
-0.1483744,6.4011,21,1
0.1810057,3.419455,21,1
0,0,22,1
0,0,22,1
0,0,22,1
0.08128116,0.4730263,22,1
0.5916222,3.494475,22,1
1.456036,5.820979,22,1
2.270729,6.025617,22,1
5.158594,6.834535,22,1
8.025971,7.71666,22,1
11.10728,8.717174,22,1
13.94806,9.681481,22,1
16.58148,11.07119,22,1
19.15278,12.83837,22,1
21.98364,13.5389,22,1
24.97952,13.6959,22,1
28.09522,13.85918,22,1
29.41341,13.92826,22,1
30.69942,12.84725,22,1
31.15742,11.7654,22,1
28.77398,11.5611,22,1
25.7876,11.27722,22,1
24.60594,11.06843,22,1
23.96724,12.21387,22,1
23.33426,12.93563,22,1
22.76135,11.79999,22,1
21.08798,13.97818,22,1
19.80136,16.12333,22,1
20.28098,18.58014,22,1
20.58462,21.61513,22,1
20.80762,22.79423,22,1
22.24585,22.72264,22,1
25.3615,22.55936,22,1
28.35458,22.49565,22,1
31.16554,23.34943,22,1
31.71152,23.9858,22,1
31.71152,23.9858,22,1
31.71152,23.9858,22,1
31.41754,24.77266,22,1
30.49971,27.62791,22,1
30.12983,30.69895,22,1
30.11409,33.69893,22,1
30.09772,36.8189,22,1
30.19132,39.80716,22,1
30.75582,40.35183,22,1
31.69944,40.52384,22,1
31.69944,40.52384,22,1
31.3872,40.34466,22,1
30.52835,39.91587,22,1
30.52835,39.91587,22,1
30.27743,41.33345,22,1
30.17635,42.53398,22,1
32.35056,42.90804,22,1
34.32019,44.06145,22,1
33.72823,47.00177,22,1
33.86639,49.97406,22,1
34.79879,52.17818,22,1
35.03477,55.40923,22,1
35.10262,57.56818,22,1
35.10262,57.56818,22,1
35.10262,57.56818,22,1
35.10262,57.56818,22,1
32.86825,58.73234,22,1
32.86825,58.73234,22,1
34.11333,57.79244,22,1
35.26264,56.92484,22,1
34.72,56.19749,22,1
34.72,53.43787,22,1
34.74861,50.43812,22,1
34.65417,49.25792,22,1
32.16215,49.6325,22,1
29.18256,49.97246,22,1
26.19513,50.24693,22,1
25.59764,50.30182,22,1
24.72,53.11433,22,1
24.72,55.52458,22,1
23.98685,57.69023,22,1
23.98685,57.69023,22,1
23.98685,57.69023,22,1
23.98685,57.69023,22,1
23.99218,57.85986,22,1
24.03944,58.87665,22,1
25.59636,58.77871,22,1
27.0335,58.6883,22,1
27.0335,58.6883,22,1
24.88054,57.6432,22,1
24.8396,57.5304,22,1
24.72,54.99934,22,1
24.72,52.15111,22,1
25.10588,49.11519,22,1
26.84208,46.52372,22,1
28.52837,44.04255,22,1
28.65798,43.84067,22,1
28.65798,43.84067,22,1
28.65798,43.84067,22,1
28.65798,43.84067,22,1
28.65798,43.84067,22,1
28.65798,43.84067,22,1
29.14738,41.12447,22,1
29.73659,38.48292,22,1
29.95702,35.37068,22,1
30.15202,32.61755,22,1
30.15202,32.61755,22,1
30.15202,32.61755,22,1
28.0233,32.26033,22,1
24.85234,31.59494,22,1
21.91626,30.97882,22,1
20.85941,30.7564,22,1
17.95634,31.46917,22,1
14.99596,31.92163,22,1
11.87602,31.93789,22,1
9.716249,31.90833,22,1
9.716249,31.90833,22,1
9.732053,33.56059,22,1
9.72,36.63553,22,1
9.622704,39.36757,22,1
9.622704,39.36757,22,1
9.622704,39.36757,22,1
9.622704,39.36757,22,1
8.506995,39.80422,22,1
9.174813,40.94275,22,1
10.42676,43.66834,22,1
12.03699,46.30684,22,1
13.77054,48.72037,22,1
14.60336,51.1657,22,1
15.06002,54.20211,22,1
14.7973,57.06042,22,1
14.76286,57.29794,22,1
15.36272,57.28507,22,1
16.05205,57.46067,22,1
16.05205,57.46067,22,1
15.09218,57.44558,22,1
14.97227,57.44087,22,1
14.97227,57.44087,22,1
14.97492,54.32234,22,1
14.72131,51.41848,22,1
12.23714,50.52622,22,1
9.646585,50.55505,22,1
6.951987,50.61275,22,1
6.129518,50.55931,22,1
5.173031,51.82505,22,1
4.72,54.60902,22,1
4.69185,57.00411,22,1
4.69185,57.00411,22,1
6.207109,57.5251,22,1
6.207109,57.5251,22,1
5.487356,57.50624,22,1
4.767563,57.49115,22,1
2.797558,58.02027,22,1
2.797558,58.02027,22,1
2.12,57.29242,22,1
2.12,57.22,22,1
2.12,57.22,22,1
3.981426,58.05468,22,1
4.747896,58.39838,22,1
4.747896,58.39838,22,1
4.614594,56.81325,22,1
4.72,53.9091,22,1
4.699658,50.8233,22,1
5.911175,48.10925,22,1
7.451883,45.5351,22,1
8.992592,42.96094,22,1
9.535604,40.10086,22,1
9.72,37.28041,22,1
9.72,34.28454,22,1
9.694896,32.96636,22,1
9.694896,32.96636,22,1
9.694896,32.96636,22,1
9.694896,32.96636,22,1
9.694896,32.96636,22,1
9.694896,32.96636,22,1
9.654098,31.76706,22,1
9.903484,30.59359,22,1
12.62796,29.3377,22,1
15.35245,28.08181,22,1
17.16158,25.9083,22,1
17.39661,25.22775,22,1
19.11578,23.55309,22,1
19.75946,20.61153,22,1
19.72,17.61256,22,1
20.19918,14.6643,22,1
20.30513,14.19614,22,1
20.30513,14.19614,22,1
19.46149,13.73804,22,1
16.71965,12.24922,22,1
13.67486,11.71962,22,1
10.68673,11.45283,22,1
7.602443,11.05798,22,1
6.547159,10.27897,22,1
5.275891,8.683515,22,1
3.406377,6.337261,22,1
1.53686,3.991008,22,1
0.4912049,2.912594,22,1
0.3351337,2.372582,22,1
0.3599634,-0.1472799,22,1
0.1845604,2.226989,22,1
-1.009153,3.435174,22,1
1.873638,4.2346,22,1
4.935254,4.835359,22,1
7.862241,5.416224,22,1
10.74157,6.617827,22,1
13.48788,7.820695,22,1
15.80386,9.667268,22,1
17.65489,12.02814,22,1
19.64496,14.42895,22,1
20.32208,17.00677,22,1
19.72,19.93196,22,1
19.26476,22.84455,22,1
17.35905,25.28328,22,1
15.08523,27.401,22,1
12.5522,29.00842,22,1
10.72236,31.40635,22,1
10.355,34.09833,22,1
10.36,37.2178,22,1
10.37002,40.21664,22,1
9.187315,43.09169,22,1
7.70711,45.6848,22,1
5.780922,48.13702,22,1
6.005086,50.63105,22,1
5.348221,52.79628,22,1
5.35597,55.79625,22,1
5.378535,57.11574,22,1
5.378535,57.11574,22,1
3.871303,57.49593,22,1
2.693371,57.57468,22,1
2.359993,57.58313,22,1
5.4799,57.55873,22,1
6.001301,57.43686,22,1
4.72,56.06133,22,1
4.841466,53.01301,22,1
4.590533,50.24306,22,1
4.565213,47.24534,22,1
5.373358,44.31216,22,1
7.324664,42.1113,22,1
9.450906,40.05535,22,1
9.703373,37.19513,22,1
9.72,34.1826,22,1
8.918677,31.23715,22,1
10.51731,28.73626,22,1
12.90629,26.92188,22,1
15.44287,25.33603,22,1
18.19517,23.86753,22,1
19.71371,21.23788,22,1
19.90092,18.24387,22,1
19.96596,15.25001,22,1
18.02855,13.08011,22,1
15.13763,11.90669,22,1
12.41339,10.6524,22,1
9.705674,9.36077,22,1
6.997959,8.069138,22,1
4.290251,6.777505,22,1
1.474234,5.434207,22,1
0.7377799,3.1847,22,1
-0.2800023,0.9687045,22,1
-0.2799999,0.287654,22,1
-0.2799999,1.449157,22,1
0.8070172,4.151782,22,1
3.352476,5.920862,22,1
5.9702,7.386271,22,1
8.71523,8.548289,22,1
11.617,9.309679,22,1
14.57273,10.25053,22,1
17.03548,12.16577,22,1
19.33807,14.07976,22,1
19.72,16.38906,22,1
19.88255,19.503,22,1
18.59155,22.05348,22,1
16.48115,24.18201,22,1
13.96847,26.22747,22,1
11.87818,28.3614,22,1
10.79525,31.14906,22,1
10.3581,33.70565,22,1
10.36,36.82115,22,1
10.10044,39.78534,22,1
8.695658,42.56973,22,1
7.242838,45.33086,22,1
5.91965,48.01842,22,1
5.299295,51.07213,22,1
5.36,54.18731,22,1
5.341798,56.94246,22,1
4.862908,56.97508,22,1
2.293608,58.34548,22,1
2.12,57.88774,22,1
2.12,57.88774,22,1
4.302444,57.24282,22,1
4.72,54.87783,22,1
4.808008,51.82664,22,1
5.696042,49.08786,22,1
6.938936,46.2263,22,1
8.310905,43.2911,22,1
8.828703,40.46772,22,1
9.908356,37.81409,22,1
10.18315,34.84163,22,1
9.063018,31.97309,22,1
9.928751,29.2144,22,1
12.2817,27.23341,22,1
14.99288,25.94909,22,1
17.65064,24.57507,22,1
19.05469,22.01094,22,1
19.81352,19.63023,22,1
20.09098,16.5226,22,1
18.53056,14.15022,22,1
16.17713,12.29603,22,1
13.34583,11.44093,22,1
10.40203,10.40733,22,1
7.556006,9.161544,22,1
4.994056,7.600641,22,1
2.329631,5.977303,22,1
0.9199424,3.371038,22,1
-0.1766668,0.7529912,22,1
-0.2095368,0.6375808,22,1
-0.2799999,1.574973,22,1
0.3718094,4.328091,22,1
2.821678,6.188419,22,1
5.699431,7.35471,22,1
8.520563,8.374533,22,1
11.45048,9.44689,22,1
14.2677,10.478,22,1
16.88813,11.90775,22,1
19.03551,14.08898,22,1
19.84966,16.64546,22,1
19.92457,19.63443,22,1
18.67758,22.26467,22,1
16.31622,24.3015,22,1
14.00458,26.21366,22,1
12.06011,28.63624,22,1
11.03239,31.43301,22,1
10.14747,34.37008,22,1
10.11769,37.48543,22,1
8.993382,40.24413,22,1
7.554883,42.87674,22,1
6.059396,45.61497,22,1
5.042746,48.55883,22,1
5.123848,51.54027,22,1
5.36,54.52546,22,1
5.020612,57.52052,22,1
4.623038,57.63404,22,1
2.818594,57.39181,22,1
2.120144,57.22001,22,1
2.179291,57.22,22,1
2.749402,57.22076,22,1
2.749402,57.22076,22,1
4.553069,59.57812,22,1
5.458347,60.54628,22,1
4.430272,57.60695,22,1
5.360053,54.84849,22,1
5.36,51.88108,22,1
5.844473,48.95405,22,1
7.554039,46.34855,22,1
9.185143,43.69897,22,1
9.321398,40.60792,22,1
9.755051,38.11522,22,1
9.959256,35.12221,22,1
10.40606,32.08428,22,1
12.69042,29.95917,22,1
14.97608,27.83544,22,1
17.17382,25.79338,22,1
18.80679,23.34195,22,1
19.73895,20.53568,22,1
19.72,17.57642,22,1
19.31023,14.85812,22,1
17.12255,12.8168,22,1
14.2835,11.84928,22,1
11.34668,10.80799,22,1
8.768538,9.273978,22,1
6.190398,7.739969,22,1
3.509133,6.1446,22,1
1.16043,4.298811,22,1
0.01486792,1.474187,22,1
-0.2799682,0.09454069,22,1
-0.2799999,0.7955087,22,1
-0.1285547,3.774954,22,1
2.238948,5.405557,22,1
4.995089,6.839407,22,1
7.787586,8.17165,22,1
10.60528,9.199958,22,1
13.52669,10.29533,22,1
16.07691,11.81131,22,1
18.50152,13.77491,22,1
19.86168,16.3239,22,1
19.87723,19.32388,22,1
18.79493,22.12506,22,1
16.63534,24.37684,22,1
14.47573,26.62862,22,1
12.31612,28.88041,22,1
10.35298,31.27591,22,1
9.782148,34.21652,22,1
9.72,37.31111,22,1
9.315413,40.35886,22,1
7.423677,42.83995,22,1
5.971527,45.45413,22,1
4.979743,48.51772,22,1
5.327979,51.48836,22,1
5.36,54.58035,22,1
5.386939,57.20221,22,1
5.386939,57.20221,22,1
2.615019,57.9838,22,1
2.264173,58.06413,22,1
2.12002,57.22,22,1
2.791406,57.22,22,1
2.922562,57.37886,22,1
4.067562,57.42577,22,1
5.563386,56.91037,22,1
5.562386,56.90768,22,1
4.735559,54.08541,22,1
4.785482,50.97435,22,1
5.770857,47.91712,22,1
7.46297,45.43989,22,1
8.591098,42.6987,22,1
9.344954,39.79495,22,1
9.72,36.892,22,1
9.72,33.65893,22,1
9.026314,30.77836,22,1
10.86713,28.30073,22,1
13.32476,26.59353,22,1
16.08981,25.1482,22,1
18.62692,23.56892,22,1
19.45515,20.94503,22,1
19.72,18.29706,22,1
19.69855,15.31071,22,1
17.63089,13.18185,22,1
14.95813,11.59691,22,1
12.2305,10.34791,22,1
9.39377,9.048945,22,1
7.429878,8.149663,22,1
5.465986,7.250381,22,1
2.62925,5.951417,22,1
0.7264211,3.82581,22,1
-0.279914,0.915911,22,1
0,0,23,1
0,0,23,1
0,0,23,1
0,0,23,1
0.1061004,1.556388,23,1
-1.256879,4.067543,23,1
-3.451377,6.20252,23,1
-3.256147,8.5846,23,1
-0.4866604,8.595192,23,1
1.591243,7.538717,23,1
2.162152,4.714465,23,1
5.027945,3.845605,23,1
8.122139,3.677524,23,1
11.08719,3.653526,23,1
14.17622,3.310001,23,1
17.16697,3.406016,23,1
20.27872,3.31,23,1
23.26454,3.55074,23,1
26.36819,3.869692,23,1
28.8722,4.896376,23,1
27.87822,6.964064,23,1
25.91656,7.540928,23,1
23.93118,6.822078,23,1
21.75853,8.890353,23,1
20.17349,11.53154,23,1
19.17264,14.29062,23,1
20.36,16.42675,23,1
20.36,19.3954,23,1
21.46651,21.80673,23,1
24.43462,22.15233,23,1
25.3652,24.52676,23,1
23.4082,26.1231,23,1
23.91545,27.93821,23,1
26.10953,29.98349,23,1
28.2698,32.23347,23,1
29.93432,33.98055,23,1
30.36,36.95589,23,1
30.94096,39.75533,23,1
33.79391,40.28976,23,1
33.79391,40.28976,23,1
33.79391,40.28976,23,1
33.79391,40.28976,23,1
33.79391,40.28976,23,1
32.83185,40.62314,23,1
30.7978,41.21733,23,1
30.59276,38.98942,23,1
30.26095,36.1448,23,1
30.14758,33.14697,23,1
28.67821,30.49444,23,1
25.78778,30.8814,23,1
22.71488,30.35775,23,1
19.6026,30.18447,23,1
16.52751,30.70999,23,1
13.65427,31.54272,23,1
11.40639,32.4997,23,1
9.791792,34.7298,23,1
9.720002,37.84717,23,1
8.337866,40.31622,23,1
5.688771,40.51023,23,1
7.139747,43.10629,23,1
8.636585,45.85012,23,1
6.815101,48.05754,23,1
6.021967,50.61911,23,1
5.008914,53.20311,23,1
4.72,56.16572,23,1
3.068594,57.98802,23,1
3.895561,60.16116,23,1
6.477952,59.73882,23,1
7.905174,57.22038,23,1
6.808558,57.51593,23,1
4.999285,57.16444,23,1
4.720002,54.0634,23,1
5.36,51.83229,23,1
6.889861,50.5712,23,1
8.602991,50.75005,23,1
10.81484,50.77523,23,1
12.35574,50.50803,23,1
13.00005,50.63395,23,1
14.35063,49.68536,23,1
14.92995,49.36179,23,1
15.03383,50.91817,23,1
15.35999,54.01473,23,1
15.5135,56.92576,23,1
16.89333,57.48854,23,1
16.89333,57.48854,23,1
16.89333,57.48854,23,1
16.89333,57.48854,23,1
14.70927,58.05017,23,1
14.14885,57.32691,23,1
14.91027,54.98822,23,1
14.76532,51.75665,23,1
12.90101,49.67722,23,1
12.05862,46.74343,23,1
11.16474,44.2105,23,1
9.516243,41.81751,23,1
10.14019,39.10726,23,1
9.879147,35.9982,23,1
9.766815,33.00272,23,1
11.34833,30.81643,23,1
14.00947,29.70989,23,1
12.6197,27.61353,23,1
12.06378,25.15277,23,1
14.77577,23.72556,23,1
17.54648,22.58262,23,1
20.65718,22.6282,23,1
23.5623,22.53552,23,1
21.99089,21.4351,23,1
20.53402,20.84797,23,1
20.07978,17.98234,23,1
19.62817,15.19226,23,1
17.08404,14.06002,23,1
14.1098,13.67255,23,1
11.12438,13.56844,23,1
11.60446,14.75,23,1
14.35047,14.75,23,1
17.10149,14.75,23,1
19.94976,13.93158,23,1
22.7553,14.6787,23,1
23.15045,12.23692,23,1
20.33354,12.99638,23,1
17.87534,13.45997,23,1
15.51665,12.30248,23,1
13.55279,14.09992,23,1
10.96807,14.47942,23,1
7.893046,13.95163,23,1
4.918315,14.03389,23,1
1.844657,13.92183,23,1
-1.212154,13.29708,23,1
-4.160411,12.74389,23,1
-6.1374,10.41014,23,1
-8.369325,11.60101,23,1
-10.90036,12.80377,23,1
-13.88807,13.05988,23,1
-16.81923,13.06093,23,1
-19.49611,14.39229,23,1
-20.03516,17.29163,23,1
-20.15485,20.40787,23,1
-18.17896,22.4303,23,1
-15.26626,23.49193,23,1
-15.57857,26.13771,23,1
-17.7182,27.04535,23,1
-15.29184,28.73241,23,1
-13.4821,31.12406,23,1
-10.76495,32.15004,23,1
-9.942719,34.80634,23,1
-9.763424,37.60844,23,1
-9.31994,39.13385,23,1
-7.208063,39.688,23,1
-5.697365,42.27636,23,1
-5.449565,45.35862,23,1
-5.404502,48.4739,23,1
-5.075678,51.45578,23,1
-4.749617,54.5587,23,1
-4.191314,57.29109,23,1
-2.070006,57.22,23,1
-2.93932,57.3911,23,1
-4.589904,56.81072,23,1
-4.654112,55.51978,23,1
-5.302188,56.59422,23,1
-5.28,56.32516,23,1
-6.552474,57.81459,23,1
-5.894427,57.38902,23,1
-5.309855,55.38944,23,1
-5.28,52.45501,23,1
-6.468994,50.49393,23,1
-8.823005,50.75,23,1
-11.0887,50.05723,23,1
-13.868,50.16319,23,1
-15.28,52.7041,23,1
-14.77778,55.48794,23,1
-13.89032,57.94748,23,1
-12.05307,57.27221,23,1
-12.46005,59.06905,23,1
-12.82821,60.79,23,1
-12.97357,60.79,23,1
-13.86615,59.5106,23,1
-14.41307,56.97517,23,1
-14.64,54.86988,23,1
-14.64,52.21117,23,1
-13.12903,50.35328,23,1
-10.7435,48.93063,23,1
-11.55217,46.39749,23,1
-10.59131,43.69232,23,1
-10.17323,40.7245,23,1
-10.04248,37.6072,23,1
-9.916763,34.60981,23,1
-10.72886,32.86039,23,1
-13.25943,32.67704,23,1
-15.73107,30.77922,23,1
-18.45958,29.57413,23,1
-21.40663,29.20669,23,1
-24.40965,29.76806,23,1
-27.02922,31.2253,23,1
-29.41824,33.06434,23,1
-30.28,35.79771,23,1
-29.63999,37.63516,23,1
-29.65886,38.31152,23,1
-29.02535,41.06786,23,1
-27.2205,43.37875,23,1
-24.64302,43.58873,23,1
-23.5865,45.9815,23,1
-23.75334,49.05477,23,1
-24.65637,51.50324,23,1
-24.64,54.50283,23,1
-24.40944,56.99423,23,1
-22.57594,57.51947,23,1
-22.7489,57.22019,23,1
-25.10168,56.63407,23,1
-25.28,55.69828,23,1
-25.28,53.92651,23,1
-25.28,51.93814,23,1
-26.11305,50.02416,23,1
-28.16891,50.74484,23,1
-30.29463,50.53618,23,1
-32.45554,50.49611,23,1
-34.09011,50.68476,23,1
-34.63955,53.09461,23,1
-34.64001,55.75621,23,1
-34.64,56.32944,23,1
-34.63335,56.78505,23,1
-34.64341,58.31227,23,1
-34.64341,58.31227,23,1
-34.64341,58.31227,23,1
-34.64341,58.31227,23,1
-34.64341,58.31227,23,1
-33.64948,57.67345,23,1
-32.45282,57.22,23,1
-34.2013,58.1418,23,1
-35.28,55.34436,23,1
-35.19949,52.23812,23,1
-33.94159,49.55195,23,1
-32.53424,46.77148,23,1
-31.34271,44.01838,23,1
-30.26233,40.96509,23,1
-29.80897,38.13249,23,1
-29.73877,35.01601,23,1
-30.21478,32.09911,23,1
-27.77175,30.8775,23,1
-25.90296,31.89552,23,1
-23.65816,30.17687,23,1
-23.213,27.3146,23,1
-21.28322,25.15573,23,1
-20.85028,23.01611,23,1
-20.19794,20.28122,23,1
-20.21725,17.1955,23,1
-20.49807,14.23745,23,1
-23.14157,13.10051,23,1
-23.10948,10.46138,23,1
-21.3444,8.123904,23,1
-18.5693,9.097526,23,1
-15.8079,8.884515,23,1
-13.14074,7.265727,23,1
-10.33085,6.267933,23,1
-7.426496,5.516522,23,1
-4.576719,5.878176,23,1
-2.007819,4.168684,23,1
-0.279932,2.14865,23,1
-0.01277083,-0.6779282,23,1
0.3600022,-0.6349777,23,1
0.1483087,1.413275,23,1
-0.745633,3.224758,23,1
-2.519855,4.572167,23,1
-4.245865,3.478857,23,1
-6.639754,3.6167,23,1
-9.591193,4.048901,23,1
-9.842719,3.298892,23,1
-10.61084,3.310001,23,1
-13.38386,3.310001,23,1
-16.27691,3.31,23,1
-18.95104,4.518697,23,1
-20.7076,6.683538,23,1
-19.91285,9.491572,23,1
-19.78739,12.48895,23,1
-19.66194,15.48632,23,1
-20.20851,18.22956,23,1
-20.14263,19.54792,23,1
-19.9018,20.9056,23,1
-20.18477,22.34661,23,1
-17.31035,23.2018,23,1
-16.1199,25.83409,23,1
-13.33013,26.44211,23,1
-11.219,28.09192,23,1
-10.34771,30.95297,23,1
-9.999738,34.03846,23,1
-10.01559,37.03843,23,1
-8.855505,39.50264,23,1
-6.794621,41.2289,23,1
-5.922216,44.326,23,1
-6.542098,47.03093,23,1
-4.636765,49.15345,23,1
-5.277839,51.6841,23,1
-5.072265,54.6688,23,1
-4.944679,56.25681,23,1
-5.901031,57.87336,23,1
-5.151342,59.57528,23,1
-5.151342,59.57528,23,1
-5.151342,59.57528,23,1
-4.411905,57.31296,23,1
-5.279996,54.96959,23,1
-5.205537,51.88553,23,1
-7.20155,50.51353,23,1
-9.354968,50.73527,23,1
-11.87664,50.75,23,1
-13.17175,50.55456,23,1
-14.65328,51.54536,23,1
-15.27992,54.29039,23,1
-14.81045,57.20711,23,1
-15.3799,59.1918,23,1
-16.51941,60.14192,23,1
-15.96498,60.79,23,1
-14.87314,60.77403,23,1
-14.87314,60.77403,23,1
-14.92627,58.56173,23,1
-15.13736,55.9521,23,1
-14.64,53.38492,23,1
-14.60106,50.43384,23,1
-12.43318,48.42825,23,1
-10.74388,46.22664,23,1
-10.65441,43.39287,23,1
-9.846477,40.44727,23,1
-9.64001,37.92981,23,1
-9.998421,35.14552,23,1
-10.37392,32.69792,23,1
-12.95616,32.28633,23,1
-15.84404,31.47756,23,1
-18.89861,31.61042,23,1
-21.97213,32.0457,23,1
-24.95291,31.71392,23,1
-27.50304,32.45551,23,1
-29.36938,32.80544,23,1
-29.64,35.38345,23,1
-29.77572,38.17146,23,1
-29.05062,40.99157,23,1
-26.14493,41.96148,23,1
-25.32706,44.91354,23,1
-25.69652,48.12927,23,1
-24.61897,50.67833,23,1
-24.93316,53.77597,23,1
-25.29701,56.74906,23,1
-26.92368,57.49233,23,1
-27.88,58.56362,23,1
-27.86404,60.06596,23,1
-27.86404,60.06596,23,1
-27.88,59.21516,23,1
-27.88,57.68182,23,1
-27.88,57.68182,23,1
-27.35916,58.4562,23,1
-26.57547,59.56333,23,1
-26.40291,59.75036,23,1
-24.67641,57.48675,23,1
-24.93079,55.39746,23,1
-25.20906,52.49346,23,1
-26.29667,50.06222,23,1
-27.61497,47.68427,23,1
-27.09786,44.60933,23,1
-29.24204,42.56459,23,1
-29.5268,39.89075,23,1
-29.64,37.237,23,1
-29.64,34.28038,23,1
-28.81939,31.37083,23,1
-26.90211,29.0796,23,1
-24.55174,27.02947,23,1
-23.03084,24.46334,23,1
-21.33434,22.00167,23,1
-20.08841,19.43273,23,1
-20.14473,16.31871,23,1
-20.54668,13.47196,23,1
-20.57338,10.60494,23,1
-19.1455,8.102145,23,1
-16.59845,6.52261,23,1
-13.74274,5.668474,23,1
-10.62551,5.538324,23,1
-7.630152,5.372081,23,1
-4.647576,5.063211,23,1
-1.806967,4.122394,23,1
-0.1959089,1.864245,23,1
-0.1571876,0.4247689,23,1
-0.1571876,0.4247689,23,1
-0.28,0.6829101,23,1
-0.2799999,1.76286,23,1
-1.921939,3.679696,23,1
-5.030223,3.947136,23,1
-8.000626,4.3453,23,1
-11.05544,4.978689,23,1
-13.60306,6.334708,23,1
-14.21919,9.388263,23,1
-15.50547,12.09843,23,1
-18.1668,13.14252,23,1
-18.09735,14.5837,23,1
-20.04052,15.37784,23,1
-19.99454,18.23445,23,1
-19.43218,21.25168,23,1
-17.40711,23.13766,23,1
-18.19201,26.01015,23,1
-20.7155,27.84489,23,1
-23.50549,29.20792,23,1
-26.28485,30.33309,23,1
-28.8999,31.80204,23,1
-29.8209,34.70119,23,1
-30.22235,37.67421,23,1
-30.65636,40.7477,23,1
-31.10757,43.6392,23,1
-29.44318,46.36631,23,1
-27.67042,48.54132,23,1
-25.82783,50.61376,23,1
-25.61648,51.02749,23,1
-24.63775,53.64314,23,1
-24.77529,56.59098,23,1
-26.94957,57.86576,23,1
-27.10716,57.35683,23,1
-24.6091,56.64457,23,1
-25.00759,53.76229,23,1
-24.67335,50.77397,23,1
-26.63961,48.84401,23,1
-27.08823,45.95917,23,1
-28.83441,43.80626,23,1
-29.67983,40.84195,23,1
-29.95397,37.88041,23,1
-29.64,34.91858,23,1
-28.66495,32.47333,23,1
-25.66495,32.22522,23,1
-24.95616,29.86506,23,1
-23.5365,27.2664,23,1
-21.33744,25.62491,23,1
-21.23174,22.89499,23,1
-19.89004,20.58983,23,1
-19.81852,17.473,23,1
-20.01826,14.35943,23,1
-18.44977,11.86721,23,1
-15.97659,10.02404,23,1
-13.30183,8.665667,23,1
-10.50658,7.615744,23,1
-7.594837,6.893668,23,1
-4.606885,6.006549,23,1
-1.937798,4.691409,23,1
0.02203087,2.442827,23,1
0.36,1.115898,23,1
0.1514951,3.920589,23,1
-0.02336869,6.883641,23,1
-1.733855,9.320006,23,1
-4.632046,10.02246,23,1
-7.599122,10.98725,23,1
-10.46868,11.85962,23,1
-13.2139,13.3197,23,1
-16.01843,14.38153,23,1
-18.6138,14.4987,23,1
-20.28,16.3989,23,1
-20.28,19.39321,23,1
-21.14076,21.92086,23,1
-23.45666,24.00996,23,1
-25.95663,25.87646,23,1
-28.11703,27.94448,23,1
-29.77352,30.56137,23,1
-30.26995,33.44852,23,1
-30.02186,36.42817,23,1
-29.51069,39.38409,23,1
-28.41985,42.30339,23,1
-27.2793,45.07811,23,1
-26.11708,47.97235,23,1
-25.3484,50.99618,23,1
-25.12786,53.97782,23,1
-25.40571,56.85454,23,1
-27.87935,57.2578,23,1
-27.88,57.22,23,1
-27.62001,57.22,23,1
-27.25083,57.2205,23,1
-27.25113,57.22015,23,1
-27.48576,59.24665,23,1
-27.817,60.79,23,1
-25.96003,60.78469,23,1
-25.65211,58.49925,23,1
-25.26178,56.03656,23,1
-25.26089,53.03677,23,1
-25.54778,50.60506,23,1
-26.97262,47.97421,23,1
-28.51394,45.40145,23,1
-29.51282,42.45554,23,1
-29.96956,39.37796,23,1
-30.0871,36.38027,23,1
-29.85526,33.31507,23,1
-27.77175,31.17619,23,1
-25.59621,28.94788,23,1
-23.70803,26.61663,23,1
-21.951,24.05077,23,1
-20.55099,21.26809,23,1
-19.76571,18.29204,23,1
-20.07085,15.20465,23,1
-18.39081,12.61205,23,1
-16.0661,10.71858,23,1
-13.71624,8.854426,23,1
-10.92883,7.469493,23,1
-8.054935,6.789151,23,1
-5.181033,6.108808,23,1
-2.428383,4.91689,23,1
-0.3065255,2.705408,23,1
-0.04511879,-0.2658662,23,1
-0.2799999,-0.5521061,23,1
-0.28,1.853619,23,1
-1.296224,3.547333,23,1
-4.410818,3.622031,23,1
-7.342555,4.244639,23,1
-10.18206,5.17016,23,1
-12.82104,6.593006,23,1
-15.17421,8.453755,23,1
-17.39166,10.64253,23,1
-19.19832,13.02283,23,1
-19.9649,15.98438,23,1
-20.23986,18.96181,23,1
-20.94728,21.70033,23,1
-23.56606,23.39001,23,1
-25.98045,25.16517,23,1
-28.14922,27.22997,23,1
-29.87585,29.82398,23,1
-30.63253,32.60087,23,1
-30.28,34.92228,23,1
-30.28,37.97605,23,1
-31.58704,40.65444,23,1
-33.26064,43.14399,23,1
-34.80547,45.8497,23,1
-35.90572,48.63409,23,1
-35.63476,50.98859,23,1
-35.28,53.47753,23,1
-34.63984,55.58568,23,1
-34.64,55.26993,23,1
-34.64,55.59548,23,1
-34.64,54.64766,23,1
-34.64,52.54381,23,1
-34.64,51.73688,23,1
-33.22602,50.46622,23,1
-30.22846,50.53342,23,1
-27.13998,50.49606,23,1
-25.27107,51.98291,23,1
-25.28,54.96828,23,1
-26.17447,57.52857,23,1
-27.88,57.57185,23,1
-27.88,57.22,23,1
-27.70338,57.22,23,1
-27.25096,57.22034,23,1
-27.28026,57.33667,23,1
-27.81838,60.34921,23,1
-25.81372,60.78668,23,1
-26.6726,58.08533,23,1
-25.36863,56.81131,23,1
-25.27999,53.98128,23,1
-25.39619,50.96019,23,1
-26.91577,48.57373,23,1
-28.55088,46.06008,23,1
-29.65843,43.14777,23,1
-30.14804,40.19905,23,1
-29.87825,37.21126,23,1
-29.64,34.10438,23,1
-28.29966,32.08556,23,1
-25.29667,31.48256,23,1
-24.42579,28.88471,23,1
-22.41613,26.95971,23,1
-21.1045,24.20828,23,1
-20.31248,21.19046,23,1
-19.97677,18.21376,23,1
-19.67185,15.11073,23,1
-18.00419,12.67836,23,1
-15.35273,11.03702,23,1
-12.75925,9.530574,23,1
-9.931855,8.211564,23,1
-7.210593,6.948722,23,1
-4.380481,5.635365,23,1
-1.746007,4.223485,23,1
0.1622853,1.842202,23,1
0.36,-0.03277128,23,1
0.36,0.8152807,23,1
0.6549822,3.744327,23,1
1.589649,6.555358,23,1
2.381406,9.389234,23,1
0.2037738,11.40981,23,1
-2.846592,12.05785,23,1
-5.796414,12.60426,23,1
-8.890332,13.00112,23,1
-11.87138,13.33784,23,1
-14.97166,13.68803,23,1
-17.9149,14.21764,23,1
-20.014,16.13969,23,1
-20.28,19.11574,23,1
-21.13498,21.72264,23,1
-23.25619,23.8434,23,1
-25.4741,26.03776,23,1
-27.57452,28.17904,23,1
-29.32419,30.73697,23,1
-30.14445,33.72052,23,1
-30.21603,36.83427,23,1
-29.90532,39.93551,23,1
-29.26466,42.98893,23,1
-28.34377,45.84148,23,1
-26.94018,48.4903,23,1
-25.59968,51.04696,23,1
-25.28,53.73867,23,1
-25.28,56.59331,23,1
-27.72936,57.18839,23,1
-27.88,57.22,23,1
-27.59113,57.22,23,1
-27.67885,59.00064,23,1
-26.74628,60.78991,23,1
-25.59136,59.13913,23,1
-25.34943,56.77486,23,1
-25.11473,53.69698,23,1
-25.5854,50.54876,23,1
-26.63081,47.73675,23,1
-27.66589,44.921,23,1
-28.64253,41.95785,23,1
-29.41318,39.0625,23,1
-29.65001,36.20824,23,1
-30.28036,33.44174,23,1
-30.63615,31.07547,23,1
-27.95094,29.50878,23,1
-26.06352,27.18475,23,1
-23.89248,24.96496,23,1
-21.6315,22.99427,23,1
-19.97226,20.39853,23,1
-19.64,17.31287,23,1
-19.13389,14.63643,23,1
-16.78885,12.7872,23,1
-14.2121,11.25643,23,1
-11.54215,9.890752,23,1
-8.685517,8.636129,23,1
-5.938396,7.43059,23,1
-3.121367,6.103593,23,1
-0.9269362,3.889596,23,1
0.3607582,1.124955,23,1
0,0,24,1
0,0,24,1
0.000628318,2.519999,24,1
-1.541771,3.882509,24,1
-2.694996,4.214279,24,1
-5.770463,4.588511,24,1
-8.770112,4.543272,24,1
-11.65666,5.198973,24,1
-13.08967,7.943762,24,1
-15.45884,9.778576,24,1
-18.10868,10.30507,24,1
-18.54933,12.41999,24,1
-18.46456,13.37053,24,1
-19.72108,15.73444,24,1
-19.93623,18.7188,24,1
-20.7538,21.41147,24,1
-23.65215,22.07633,24,1
-25.21662,23.03829,24,1
-24.977,23.05085,24,1
-22.02872,24.0552,24,1
-19.31536,25.32861,24,1
-16.75232,27.09183,24,1
-14.41598,28.97371,24,1
-11.84353,30.71522,24,1
-10.48916,33.08512,24,1
-9.712076,36.01114,24,1
-9.584755,39.00168,24,1
-6.974635,39.91611,24,1
-5.515397,42.50798,24,1
-4.628543,45.61223,24,1
-4.262276,48.46597,24,1
-4.778341,51.53725,24,1
-4.64,54.47275,24,1
-4.594564,56.73295,24,1
-3.487554,57.90576,24,1
-2.153032,58.36281,24,1
-2.153032,58.36281,24,1
-4.05704,58.55542,24,1
-5.707469,57.17964,24,1
-5.286287,55.91693,24,1
-5.28,52.87219,24,1
-6.062677,50.16133,24,1
-8.705041,50.75,24,1
-11.64199,50.64319,24,1
-13.18563,50.5507,24,1
-14.11474,50.6712,24,1
-14.74634,51.79515,24,1
-15.28,54.67669,24,1
-14.27258,57.20437,24,1
-12.69056,59.19547,24,1
-15.63658,59.78929,24,1
-17.5788,57.92509,24,1
-16.57904,57.5656,24,1
-15.98123,57.61676,24,1
-14.83552,54.81718,24,1
-14.64,51.59096,24,1
-13.48392,48.93118,24,1
-11.38326,46.64006,24,1
-10.68888,43.76772,24,1
-10.01128,40.6107,24,1
-9.782007,37.67973,24,1
-10.17438,34.70849,24,1
-10.33306,32.80173,24,1
-12.04211,32.33815,24,1
-14.92398,31.5508,24,1
-17.9072,31.27144,24,1
-20.84061,32.25347,24,1
-23.82903,32.25797,24,1
-26.93515,32.55019,24,1
-29.11237,32.55042,24,1
-30.21256,33.79008,24,1
-30.28,36.50478,24,1
-30.11494,39.58935,24,1
-32.45724,41.04119,24,1
-34.14271,43.42825,24,1
-34.58464,46.45275,24,1
-34.8967,49.42367,24,1
-35.27812,52.37348,24,1
-35.01316,55.48143,24,1
-34.94891,56.07798,24,1
-34.63999,56.51028,24,1
-33.84827,57.71177,24,1
-32.21799,57.82888,24,1
-33.22166,60.28319,24,1
-36.06377,60.40121,24,1
-36.13715,57.8043,24,1
-35.28,55.07896,24,1
-35.28,52.21183,24,1
-36.84315,50.4652,24,1
-36.75,50.53175,24,1
-36.63974,50.48439,24,1
-33.62527,49.68724,24,1
-30.45575,49.13393,24,1
-27.37105,49.50209,24,1
-27.00001,50.63397,24,1
-25.07895,51.37955,24,1
-24.85991,54.41086,24,1
-24.42903,57.59183,24,1
-22.42513,59.67335,24,1
-24.64943,59.73664,24,1
-25.70002,57.16376,24,1
-24.85478,54.39305,24,1
-25.01319,51.28952,24,1
-26.82247,49.0574,24,1
-28.61747,46.65718,24,1
-28.76266,43.44214,24,1
-30.01781,40.61374,24,1
-29.64,37.59033,24,1
-29.77685,34.51387,24,1
-31.30043,32.51542,24,1
-33.84028,32.75,24,1
-36.74088,32.18858,24,1
-35.58331,29.60321,24,1
-33.08231,28.14774,24,1
-29.98468,27.97767,24,1
-27.79966,26.11395,24,1
-25.14825,24.75131,24,1
-22.43375,23.53812,24,1
-20.53585,21.2236,24,1
-19.7566,18.21817,24,1
-19.87425,15.29986,24,1
-22.72812,14.27864,24,1
-25.69815,13.85581,24,1
-28.77112,13.31647,24,1
-31.4372,12.11174,24,1
-31.12808,9.524018,24,1
-28.19421,8.481553,24,1
-25.12813,8.05403,24,1
-22.05673,7.677648,24,1
-19.18474,6.810687,24,1
-16.1245,6.288239,24,1
-13.12904,6.123528,24,1
-10.13357,5.958816,24,1
-7.138098,5.794105,24,1
-4.022799,5.622805,24,1
-3.184067,5.576685,24,1
-2.896751,5.359805,24,1
-0.9044331,3.284399,24,1
-0.2428373,2.186943,24,1
-0.07596494,-0.8084028,24,1
0.08746913,-1.75,24,1
-0.01939161,0.2871994,24,1
-0.1765397,3.283082,24,1
-0.3399739,6.398802,24,1
-0.5034082,9.514516,24,1
-0.51598,9.754186,24,1
-0.1526076,9.44056,24,1
2.57549,8.054194,24,1
5.53616,7.581607,24,1
8.631575,7.190718,24,1
11.60794,6.814863,24,1
14.58431,6.439008,24,1
17.59025,5.612828,24,1
20.58261,4.72955,24,1
23.19772,5.258155,24,1
24.79442,7.797886,24,1
23.55411,10.10851,24,1
22.01654,12.60569,24,1
20.69183,14.90025,24,1
20.36,17.65757,24,1
20.36,20.58637,24,1
19.61638,23.2719,24,1
16.59059,22.9971,24,1
13.81203,24.08098,24,1
12.37224,26.65114,24,1
11.41536,29.43391,24,1
9.836302,32.07663,24,1
10.36,34.94208,24,1
10.36,38.01547,24,1
11.99037,39.95644,24,1
13.71528,42.2653,24,1
14.41657,45.18164,24,1
14.75656,48.28287,24,1
15.07439,51.38668,24,1
15.35982,54.37111,24,1
15.36,56.51447,24,1
15.86825,57.34632,24,1
16.44247,57.78064,24,1
16.3233,57.79474,24,1
14.52783,56.89679,24,1
14.72,54.13138,24,1
14.72,51.62212,24,1
13.21898,50.38951,24,1
10.54159,50.65553,24,1
7.532393,50.44495,24,1
4.961861,51.71688,24,1
4.723829,54.82426,24,1
5.880477,57.35603,24,1
7.583943,59.60484,24,1
5.06543,60.75108,24,1
4.064509,58.51837,24,1
4.948782,55.56431,24,1
4.774563,52.66191,24,1
4.977827,49.83685,24,1
6.886192,47.37085,24,1
8.415491,44.81833,24,1
9.671808,41.83177,24,1
10.20491,38.98148,24,1
9.72,36.01301,24,1
10.23758,33.1101,24,1
12.82411,31.60388,24,1
15.75117,31.31679,24,1
18.65585,32.05342,24,1
21.62658,32.43604,24,1
24.58605,31.981,24,1
27.67474,32.06527,24,1
30.03587,33.57881,24,1
30.35916,36.54652,24,1
30.81098,39.50007,24,1
33.18401,41.28281,24,1
34.96414,43.49866,24,1
35.64068,46.32731,24,1
35.18672,49.40443,24,1
35.04617,52.40086,24,1
35.35998,55.37843,24,1
36.65156,57.76827,24,1
37.93,57.61407,24,1
37.93,57.61407,24,1
37.93,57.61407,24,1
37.93,57.61407,24,1
37.93,57.61407,24,1
37.93,57.61407,24,1
37.93,57.61407,24,1
35.05349,57.74449,24,1
33.4994,57.75616,24,1
33.51545,57.56001,24,1
34.71083,56.65638,24,1
34.72,55.45145,24,1
34.72,52.5867,24,1
33.623,50.51579,24,1
30.78785,50.75,24,1
28.16857,50.711,24,1
25.87809,50.70987,24,1
25.14223,53.54205,24,1
25.24304,56.16756,24,1
25.36941,56.64001,24,1
25.74737,57.23806,24,1
27.58225,58.32844,24,1
27.93,58.37046,24,1
27.93,58.37046,24,1
27.93,57.68848,24,1
27.93,57.68848,24,1
27.93,57.68848,24,1
27.93,57.68848,24,1
27.93,57.68848,24,1
25.29952,57.62322,24,1
23.99995,57.43458,24,1
24.59985,56.83684,24,1
24.77272,53.78677,24,1
24.96293,50.71109,24,1
26.43715,48.09904,24,1
27.99024,45.39305,24,1
29.31696,42.72044,24,1
30.03278,39.80706,24,1
30.20588,36.88348,24,1
29.72,33.89646,24,1
29.51517,30.93383,24,1
27.15109,29.10815,24,1
24.90631,26.79602,24,1
22.89355,24.76884,24,1
21.10604,22.44839,24,1
20.20288,19.67922,24,1
19.72041,16.6015,24,1
19.38008,13.52929,24,1
17.02359,11.57993,24,1
14.61213,9.927162,24,1
11.86209,8.728298,24,1
9.002048,7.48148,24,1
6.129764,6.849525,24,1
3.130778,6.353803,24,1
1.222291,4.120689,24,1
0.1319838,2.167886,24,1
0.1319838,2.167886,24,1
-0.2799732,0.06638131,24,1
-0.2799999,-0.8726556,24,1
0.08105277,1.48089,24,1
-0.8876424,3.359441,24,1
-3.785314,3.310002,24,1
-4.476991,3.310002,24,1
-4.231262,3.573094,24,1
-2.094955,5.656638,24,1
0.9260474,6.422066,24,1
3.967249,7.118845,24,1
7.008446,7.815624,24,1
9.932674,8.485604,24,1
12.95958,9.229513,24,1
15.43545,11.10266,24,1
17.7012,13.06866,24,1
19.702,15.1028,24,1
19.95534,18.21251,24,1
20.46049,21.15919,24,1
23.1393,22.58652,24,1
25.67252,24.07418,24,1
27.31497,26.72662,24,1
28.81418,29.32507,24,1
29.74136,32.28773,24,1
30.35685,35.34238,24,1
30.36,38.3147,24,1
31.81646,40.85998,24,1
33.56049,43.44096,24,1
34.62369,46.37093,24,1
35.22766,49.29554,24,1
35.3069,52.29453,24,1
35.36,55.40092,24,1
35.36,56.11501,24,1
33.99838,57.69181,24,1
33.66192,58.18849,24,1
33.66192,58.18849,24,1
33.66192,58.18849,24,1
33.66192,58.18849,24,1
35.02607,56.11686,24,1
34.7373,53.21755,24,1
33.91382,50.42958,24,1
31.30035,50.74987,24,1
28.35426,50.58888,24,1
25.44917,50.66393,24,1
24.72,53.48218,24,1
25.36012,56.37357,24,1
26.83962,58.56525,24,1
26.83962,58.56525,24,1
27.93,57.63233,24,1
27.93,57.22001,24,1
27.24216,57.38048,24,1
24.68009,57.11324,24,1
24.41613,56.96088,24,1
25.23008,54.22688,24,1
25.40128,51.15342,24,1
26.72687,48.58129,24,1
28.53082,46.34728,24,1
28.78153,43.37569,24,1
30.15039,40.6016,24,1
30.26321,37.64438,24,1
29.77229,34.56329,24,1
29.16635,31.58305,24,1
26.59195,29.83095,24,1
24.62402,27.56979,24,1
22.62292,25.17607,24,1
21.16749,22.66031,24,1
20.27576,20.42397,24,1
19.72,17.52404,24,1
19.62568,14.41852,24,1
17.81181,12.52214,24,1
14.78259,11.8145,24,1
11.81285,10.85786,24,1
8.970267,9.900617,24,1
6.298677,8.537304,24,1
3.64751,7.133281,24,1
1.285903,5.145397,24,1
0.3208745,2.326861,24,1
0.224402,1.492419,24,1
0.05902059,0.06194795,24,1
0.1968384,1.254008,24,1
-0.1440688,4.166431,24,1
-3.02905,5.138149,24,1
-3.265899,5.176912,24,1
-1.828068,5.097914,24,1
1.161254,5.209401,24,1
4.106356,5.778845,24,1
7.045556,6.379779,24,1
10.10232,7.00475,24,1
13.12538,7.762283,24,1
14.83541,10.18498,24,1
17.10085,12.15091,24,1
19.65043,13.81761,24,1
19.72396,16.68975,24,1
19.79672,19.79038,24,1
21.56145,22.13284,24,1
23.94201,23.95788,24,1
26.34485,25.75408,24,1
28.21762,28.22998,24,1
29.4834,31.02387,24,1
29.86294,34.12072,24,1
30.2375,37.21817,24,1
29.69275,40.10309,24,1
28.34531,42.78295,24,1
26.90682,45.55152,24,1
25.8574,48.34932,24,1
25.09584,51.25107,24,1
24.98947,54.23176,24,1
24.74985,57.10426,24,1
22.1187,57.86946,24,1
24.62829,58.52051,24,1
27.47696,57.25455,24,1
27.93,57.22,24,1
26.39125,57.65974,24,1
25.72074,57.85181,24,1
25.42559,57.47583,24,1
24.95422,54.72987,24,1
25.36,51.89222,24,1
26.41031,49.02872,24,1
28.00476,46.48746,24,1
29.1939,44.54321,24,1
29.03562,42.62975,24,1
29.32642,39.78925,24,1
30.203,36.83138,24,1
29.72,34.04373,24,1
28.37573,31.73021,24,1
25.89689,29.83849,24,1
23.53021,27.81989,24,1
22.01233,25.09963,24,1
20.63665,22.43363,24,1
19.75336,19.61345,24,1
19.72,16.49859,24,1
18.29133,14.02978,24,1
15.84158,12.2981,24,1
13.04214,11.00541,24,1
10.10776,10.3814,24,1
7.055997,9.732424,24,1
4.300809,8.660468,24,1
2.065805,6.660347,24,1
0.9512607,3.923063,24,1
0.03468824,1.096172,24,1
0.1522813,1.684422,24,1
-1.479287,3.786294,24,1
-3.232612,4.185099,24,1
-2.523322,4.061377,24,1
0.5445213,3.500474,24,1
3.154426,3.940673,24,1
5.453557,5.960434,24,1
8.383828,6.602191,24,1
11.43388,7.259149,24,1
14.26549,8.4971,24,1
16.58311,10.40093,24,1
18.97122,12.40875,24,1
20.49825,14.9699,24,1
20.36,17.80416,24,1
20.3863,20.78606,24,1
22.18292,23.18611,24,1
24.74475,24.96697,24,1
27.06105,26.84923,24,1
28.73367,29.4819,24,1
29.68201,32.30618,24,1
30.13866,35.38436,24,1
29.86336,38.48635,24,1
28.17886,40.94936,24,1
26.61763,43.64787,24,1
25.67178,46.47775,24,1
25.58104,49.59569,24,1
25.29128,52.50027,24,1
25.14216,55.49622,24,1
26.24519,57.53549,24,1
27.93,57.22,24,1
27.93,57.22,24,1
27.93,57.22,24,1
27.23889,57.23391,24,1
25.34021,57.13539,24,1
24.72,54.29111,24,1
24.70477,51.32686,24,1
26.08846,48.57572,24,1
27.73579,46.06842,24,1
28.58254,43.23282,24,1
29.49447,40.39254,24,1
30.29474,37.54678,24,1
30.06372,34.43536,24,1
29.05859,31.60853,24,1
26.82203,29.61984,24,1
24.82841,27.22031,24,1
22.88429,24.78008,24,1
21.10164,22.37425,24,1
19.98619,19.59232,24,1
19.72,16.63483,24,1
18.71644,13.87289,24,1
16.40492,12.02262,24,1
13.60155,10.65313,24,1
10.90072,9.347172,24,1
8.091862,7.988972,24,1
5.282999,6.630772,24,1
2.522256,5.178281,24,1
0.6255445,3.062226,24,1
-0.2799999,0.3178149,24,1
0.0492038,-1.75,24,1
0.3599999,0.4377587,24,1
0.5798183,3.043681,24,1
2.821942,5.073843,24,1
5.782988,6.029792,24,1
8.657124,6.889648,24,1
11.53126,7.749505,24,1
14.27647,9.067067,24,1
16.29264,11.448,24,1
18.48805,13.41048,24,1
19.72029,15.83768,24,1
19.91835,18.93441,24,1
20.92359,21.85489,24,1
23.41065,23.52866,24,1
25.76491,25.3611,24,1
27.59753,27.88563,24,1
29.20366,30.40877,24,1
29.94596,33.31498,24,1
30.30522,36.5004,24,1
29.4436,39.25671,24,1
28.20878,41.9908,24,1
26.92457,44.83426,24,1
25.68975,47.56834,24,1
25.64746,50.48367,24,1
25.12749,52.82059,24,1
25.36895,55.59912,24,1
26.32186,57.56103,24,1
27.93,57.30226,24,1
26.74539,57.53289,24,1
24.90604,55.88244,24,1
24.72,52.78081,24,1
26.04656,50.15162,24,1
27.68655,47.50064,24,1
28.72499,44.7252,24,1
29.23196,41.64683,24,1
29.79123,38.69986,24,1
30.35999,35.65149,24,1
29.53241,33.0666,24,1
27.74147,30.65985,24,1
25.85411,28.17692,24,1
23.694,25.92572,24,1
21.83478,23.44456,24,1
20.44709,20.80504,24,1
19.78848,17.76896,24,1
19.51417,14.85067,24,1
17.26676,12.89391,24,1
14.73561,11.28687,24,1
12.03785,9.719515,24,1
9.442166,8.21546,24,1
6.385181,7.628467,24,1
3.596285,6.554555,24,1
1.699169,4.20304,24,1
0.122084,2.145034,24,1
0,0,25,1
0,0,25,1
0.01382107,0.4798001,25,1
0.01382107,0.4798001,25,1
0.01382107,0.4798001,25,1
0.1806786,2.151494,25,1
0.265019,2.142182,25,1
0.36,1.973035,25,1
0.5715682,4.3564,25,1
2.172597,4.166903,25,1
4.279215,3.917565,25,1
6.431743,3.526038,25,1
7.60035,3.310001,25,1
8.382074,3.310001,25,1
8.382074,3.310001,25,1
7.715029,3.834444,25,1
6.510644,4.773724,25,1
6.510644,4.773724,25,1
6.510644,4.773724,25,1
6.510644,4.773724,25,1
6.407676,4.835349,25,1
3.76772,6.498065,25,1
1.238614,8.111639,25,1
-1.385354,9.79955,25,1
-2.967093,11.57808,25,1
-4.445108,12.58854,25,1
-5.490569,13.17763,25,1
-7.476944,14.29689,25,1
-8.235798,12.9714,25,1
-9.211082,13.44303,25,1
-11.89612,14.75006,25,1
-14.47435,14.75,25,1
-16.74319,14.75,25,1
-16.26596,14.75,25,1
-17.34632,14.75,25,1
-18.03252,14.6127,25,1
-17.57462,14.75,25,1
-19.10795,14.68807,25,1
-19.2903,14.88656,25,1
-19.48756,15.14026,25,1
-18.8458,14.55807,25,1
-18.53083,14.4962,25,1
-18.45095,13.90154,25,1
-19.7124,13.7321,25,1
-19.79228,14.32676,25,1
-20.1118,16.7054,25,1
-20.28,18.84619,25,1
-20.28,18.84619,25,1
-20.28,20.15445,25,1
-20.28,20.15445,25,1
-20.28,20.15445,25,1
-20.28,20.15445,25,1
-20.28,20.15445,25,1
-20.28,20.15445,25,1
-20.28,20.15445,25,1
-20.28,20.15445,25,1
-20.28,20.15445,25,1
-20.28,20.15445,25,1
-20.28,20.15445,25,1
-20.28,20.15445,25,1
-20.28,20.15445,25,1
-20.28,20.15445,25,1
-20.28,20.15445,25,1
-20.28,20.15445,25,1
-20.28,20.15445,25,1
-20.28,20.15445,25,1
-20.28,20.15445,25,1
-20.28,20.15445,25,1
-20.2375,20.39065,25,1
-19.75777,22.61628,25,1
-19.75777,22.61628,25,1
-19.75777,22.61628,25,1
-19.75777,22.61628,25,1
-19.75777,22.61628,25,1
-19.75777,22.61628,25,1
-19.75777,22.61628,25,1
-19.75777,22.61628,25,1
-22.33521,24.07076,25,1
-22.86841,27.09498,25,1
-24.03252,29.05533,25,1
-24.03252,29.05533,25,1
-24.10498,29.01118,25,1
-25.9836,27.85448,25,1
-26.70359,27.40545,25,1
-28.29246,29.95012,25,1
-29.95043,32.59313,25,1
-29.63987,34.53588,25,1
-29.64,35.55634,25,1
-29.64,35.65202,25,1
-29.92093,37.30704,25,1
-30.04811,38.1358,25,1
-30.04811,38.1358,25,1
-30.04811,38.1358,25,1
-30.28,38.22332,25,1
-29.93269,40.23354,25,1
-29.91237,40.35181,25,1
-31.58492,40.63921,25,1
-33.57704,41.27019,25,1
-33.57704,41.27019,25,1
-33.57704,41.27019,25,1
-33.57704,41.27019,25,1
-33.57704,41.27019,25,1
-33.57704,41.27019,25,1
-33.57704,41.27019,25,1
-33.57704,41.27019,25,1
-33.57704,41.27019,25,1
-34.12445,41.99763,25,1
-33.49575,45.17607,25,1
-34.78575,47.85648,25,1
-36.39204,50.24693,25,1
-36.39374,50.4996,25,1
-34.88918,51.29575,25,1
-34.64,54.24117,25,1
-34.57162,56.95096,25,1
-34.57162,56.95096,25,1
-34.57162,56.95096,25,1
-35.05522,58.4889,25,1
-35.05522,58.4889,25,1
-35.05522,58.4889,25,1
-35.05522,58.4889,25,1
-35.05522,58.4889,25,1
-35.05522,58.4889,25,1
-35.05522,58.4889,25,1
-35.05522,58.4889,25,1
-35.05522,58.4889,25,1
-35.73916,57.20956,25,1
-34.91162,56.59153,25,1
-35.2802,54.98048,25,1
-35.28,52.36293,25,1
-34.41127,51.07013,25,1
-33.01432,49.36894,25,1
-31.84444,47.63174,25,1
-29.79761,47.18701,25,1
-27.74654,47.94069,25,1
-26.02954,49.18058,25,1
-25.09447,49.71849,25,1
-25.09447,49.71849,25,1
-25.09447,49.71849,25,1
-25.24065,50.3004,25,1
-25.27812,53.07557,25,1
-25.2703,56.07554,25,1
-25.1465,57.14349,25,1
-25.1465,57.14349,25,1
-23.21827,58.11473,25,1
-23.21827,58.11473,25,1
-23.21827,58.11473,25,1
-23.21827,58.11473,25,1
-23.21827,58.11473,25,1
-23.21827,58.11473,25,1
-23.21827,58.11473,25,1
-23.21827,58.11473,25,1
-23.21827,58.11473,25,1
-23.21827,58.11473,25,1
-24.99775,56.53264,25,1
-24.63995,55.82609,25,1
-25.28,54.80982,25,1
-25.28,54.10697,25,1
-24.63997,52.95118,25,1
-24.6301,51.37458,25,1
-24.39445,50.93465,25,1
-23.58658,49.74306,25,1
-23.25,48.96851,25,1
-23.25,48.96851,25,1
-25.76293,48.78138,25,1
-27.79597,48.61314,25,1
-27.44842,47.04913,25,1
-26.61953,45.00454,25,1
-25.79126,42.95971,25,1
-26.94891,42.71785,25,1
-28.3418,42.35466,25,1
-29.13415,41.81281,25,1
-28.92587,39.70172,25,1
-29.6467,38.53303,25,1
-29.64,36.43726,25,1
-29.64,34.37284,25,1
-29.0521,32.66103,25,1
-28.58216,32.47534,25,1
-27.58341,32.6612,25,1
-25.41871,32.75,25,1
-23.36043,32.49743,25,1
-21.35017,32.6521,25,1
-20.65972,32.74849,25,1
-20.6593,32.74812,25,1
-20.15621,32.23307,25,1
-18.44183,30.73798,25,1
-17.95941,31.43603,25,1
-17.12588,31.3757,25,1
-15.05279,29.94296,25,1
-14.48322,30.97628,25,1
-14.22229,32.65113,25,1
-13.0986,31.95851,25,1
-11.66845,31.077,25,1
-11.63159,32.50863,25,1
-11.89074,32.57874,25,1
-11.77329,32.52229,25,1
-10.66705,32.05727,25,1
-9.845053,34.01288,25,1
-9.64,35.91476,25,1
-10.28,37.51706,25,1
-10.28,37.51706,25,1
-10.28,37.51706,25,1
-10.28,37.51706,25,1
-10.28,37.51706,25,1
-10.28,37.51706,25,1
-10.28,37.51706,25,1
-10.28,37.93995,25,1
-10.6656,39.11122,25,1
-10.6656,39.11122,25,1
-11.0354,40.40522,25,1
-11.0354,40.40522,25,1
-11.0354,40.40522,25,1
-11.0354,40.40522,25,1
-11.0354,40.40522,25,1
-11.0354,40.40522,25,1
-11.0354,40.40522,25,1
-11.20725,43.61787,25,1
-10.60133,46.52596,25,1
-11.61775,49.34072,25,1
-11.85731,50.39216,25,1
-12.19217,50.44676,25,1
-14.25134,50.72034,25,1
-14.92115,51.0845,25,1
-15.214,51.64928,25,1
-14.64,54.10313,25,1
-14.64,56.59539,25,1
-13.89175,57.80632,25,1
-13.89175,57.80632,25,1
-13.89175,57.80632,25,1
-13.89175,57.80632,25,1
-13.89175,57.80632,25,1
-13.89175,57.80632,25,1
-13.89175,57.80632,25,1
-13.89175,57.80632,25,1
-13.89175,57.80632,25,1
-13.89175,57.80632,25,1
-12.72811,59.47954,25,1
-12.87345,59.28856,25,1
-14.80576,56.83931,25,1
-15.28,55.22826,25,1
-15.28,53.01814,25,1
-15.64536,50.92779,25,1
-16.75,49.24888,25,1
-16.75,49.24888,25,1
-16.75,49.24888,25,1
-14.59597,49.11626,25,1
-11.596,49.10598,25,1
-8.595999,49.10608,25,1
-7.995999,49.1061,25,1
-8.110503,50.70622,25,1
-6.87613,50.48522,25,1
-4.956231,50.4652,25,1
-4.927856,52.24685,25,1
-5.28,54.34023,25,1
-5.28,56.15937,25,1
-5.28,56.15937,25,1
-5.28,56.15937,25,1
-5.28,56.15937,25,1
-5.576727,57.00164,25,1
-6.219258,57.66037,25,1
-4.680434,59.34275,25,1
-4.680434,59.34275,25,1
-4.680434,59.34275,25,1
-4.680434,59.34275,25,1
-4.680434,59.34275,25,1
-4.680434,59.34275,25,1
-4.680434,59.34275,25,1
-4.680434,59.34275,25,1
-4.680434,59.34275,25,1
-4.840768,56.94809,25,1
-5.06039,53.83583,25,1
-5.357079,50.73177,25,1
-6.441002,48.03327,25,1
-8.984481,46.22633,25,1
-10.79786,44.22577,25,1
-11.3518,41.15533,25,1
-10.02673,38.49211,25,1
-10.28,35.54087,25,1
-10.63772,32.53275,25,1
-13.13762,30.78842,25,1
-14.32649,30.62901,25,1
-14.32649,30.62901,25,1
-14.32649,30.62901,25,1
-14.32649,30.62901,25,1
-14.32649,30.62901,25,1
-14.32649,30.62901,25,1
-14.32649,30.62901,25,1
-12.33247,28.89884,25,1
-10.0899,26.90643,25,1
-9.39331,26.24587,25,1
-11.23888,28.1335,25,1
-13.32671,30.2878,25,1
-14.02636,30.27817,25,1
-15.70224,28.85518,25,1
-17.16805,28.45618,25,1
-17.6465,28.93527,25,1
-17.6465,28.93527,25,1
-17.6465,28.93527,25,1
-17.96455,28.02948,25,1
-18.99823,25.08566,25,1
-19.43413,22.97649,25,1
-19.81575,20.24301,25,1
-20.21934,17.2703,25,1
-20.56672,14.33451,25,1
-21.09328,13.26025,25,1
-23.95601,14.10173,25,1
-27.02444,13.57131,25,1
-29.89509,12.75698,25,1
-31.47082,10.09643,25,1
-32.22673,7.140319,25,1
-30.31606,4.887877,25,1
-27.72197,3.310155,25,1
-24.89453,3.309999,25,1
-21.96649,3.31,25,1
-19.06528,3.31,25,1
-16.03809,3.31,25,1
-13.10681,3.310001,25,1
-10.00287,3.549778,25,1
-7.075286,4.202055,25,1
-4.001512,4.613456,25,1
-1.044901,4.123312,25,1
2.069802,4.283869,25,1
5.063181,4.483027,25,1
8.056228,4.687196,25,1
11.00336,5.218012,25,1
13.94199,5.011627,25,1
16.5902,3.646939,25,1
19.55703,3.371165,25,1
22.2043,4.893651,25,1
23.3437,7.656551,25,1
23.29541,7.787672,25,1
21.14198,8.266879,25,1
20.14889,8.491777,25,1
20.70492,10.94967,25,1
20.17719,11.6931,25,1
19.38521,12.38186,25,1
20.17606,15.39824,25,1
20.36,18.00424,25,1
20.40446,20.74337,25,1
20.53169,21.08013,25,1
20.53169,21.08013,25,1
21.92511,21.9418,25,1
22.86382,22.47585,25,1
24.9573,22.63013,25,1
27.94173,22.33521,25,1
27.78118,22.81706,25,1
26.42443,24.54959,25,1
24.82587,25.92729,25,1
22.62952,26.54299,25,1
20.45457,26.4341,25,1
18.50486,25.40548,25,1
16.60145,24.50964,25,1
14.55659,23.95381,25,1
12.71419,22.93553,25,1
11.56081,21.93487,25,1
10.87568,21.31,25,1
10.60072,21.31,25,1
10.60072,21.31,25,1
10.48117,22.50402,25,1
10.21405,25.49191,25,1
10.055,28.60782,25,1
9.913524,31.6045,25,1
9.799666,34.72239,25,1
9.72,37.84058,25,1
9.711822,38.80002,25,1
9.711822,38.80002,25,1
10.2802,38.98935,25,1
11.56542,39.85604,25,1
11.56542,39.85604,25,1
11.56542,39.85604,25,1
11.56542,39.85604,25,1
11.56542,39.85604,25,1
11.56542,39.85604,25,1
12.27316,41.37944,25,1
13.37901,44.29671,25,1
14.37414,47.12513,25,1
14.67724,50.22742,25,1
14.93157,53.33698,25,1
15.30674,56.31305,25,1
15.44337,57.14185,25,1
15.44337,57.14185,25,1
15.64717,57.26859,25,1
17.09482,58.33758,25,1
17.09482,58.33758,25,1
17.09482,58.33758,25,1
17.09482,58.33758,25,1
17.09482,58.33758,25,1
17.09482,58.33758,25,1
17.09482,58.33758,25,1
17.09482,58.33758,25,1
17.09482,58.33758,25,1
17.09482,58.33758,25,1
17.09482,58.33758,25,1
17.09482,58.33758,25,1
17.25239,57.22,25,1
17.2523,57.22,25,1
16.67011,57.55129,25,1
14.77767,56.70522,25,1
14.77767,56.70522,25,1
14.72,54.5895,25,1
14.72,51.65988,25,1
13.63645,49.10957,25,1
11.2358,50.05932,25,1
9.439281,50.62709,25,1
6.915713,50.58331,25,1
6.091062,50.57777,25,1
6.091062,50.57777,25,1
5.99665,50.62736,25,1
5.097779,52.03258,25,1
5.36,53.36333,25,1
5.36,54.69409,25,1
5.36,55.97162,25,1
5.36,55.97162,25,1
5.582096,56.9242,25,1
6.813184,57.51434,25,1
6.813184,57.51434,25,1
6.813184,57.51434,25,1
7.6295,57.71232,25,1
7.93,58.08086,25,1
6.547205,57.67904,25,1
4.332336,57.11508,25,1
5.712022,57.52745,25,1
7.930006,58.40022,25,1
7.93,58.79842,25,1
7.93,58.14608,25,1
7.93,57.22,25,1
6.540387,57.56641,25,1
4.264054,57.20718,25,1
4.084046,57.37543,25,1
2.119999,57.22,25,1
2.12,57.22,25,1
2.52996,58.34689,25,1
2.52996,58.34689,25,1
2.52996,58.34689,25,1
2.52996,58.34689,25,1
2.52996,58.34689,25,1
4.512578,57.25804,25,1
4.626497,56.79176,25,1
5.360276,53.9178,25,1
5.454469,51.01451,25,1
5.779483,49.73515,25,1
5.779483,49.73515,25,1
5.779483,49.73515,25,1
5.779483,49.73515,25,1
6.280933,49.82315,25,1
8.37529,50.15815,25,1
8.61097,49.70687,25,1
9.038968,46.61659,25,1
9.157223,44.0996,25,1
9.267005,43.14594,25,1
10.28399,43.19242,25,1
10.96894,42.40466,25,1
11.25694,39.5413,25,1
11.01442,39.61867,25,1
9.963525,39.95396,25,1
9.72,37.5772,25,1
9.72,34.57923,25,1
9.645102,32.54383,25,1
9.645102,32.54383,25,1
11.18076,31.02484,25,1
13.23753,28.84182,25,1
15.10096,26.34418,25,1
16.75551,23.84348,25,1
18.89229,21.74172,25,1
20.30634,19.05306,25,1
20.10031,16.07046,25,1
19.53929,13.00422,25,1
18.60788,10.3342,25,1
18.60788,10.3342,25,1
18.60788,10.3342,25,1
18.60788,10.3342,25,1
18.60788,10.3342,25,1
18.60788,10.3342,25,1
16.37298,8.724758,25,1
13.74668,7.433904,25,1
10.78455,6.970236,25,1
7.860495,6.29965,25,1
4.790613,5.742895,25,1
2.070099,4.548711,25,1
1.152048,3.500652,25,1
-0.2514653,1.007741,25,1
-0.2799999,-0.05411026,25,1
0.09429565,2.073207,25,1
0.7423548,5.124757,25,1
1.042147,6.410262,25,1
1.785659,6.235935,25,1
3.937972,5.754094,25,1
5.999381,6.121665,25,1
7.809798,7.358616,25,1
9.381214,8.783606,25,1
10.58212,9.7237,25,1
12.01049,7.952071,25,1
14.72113,6.491727,25,1
17.60045,5.649551,25,1
19.92192,5.040707,25,1
20.07261,5.615246,25,1
20.17211,7.714624,25,1
19.86543,9.813204,25,1
19.63316,10.44909,25,1
19.63316,10.44909,25,1
20.49012,12.69085,25,1
20.87755,13.95648,25,1
19.37542,14.542,25,1
20.09128,16.31811,25,1
20.36,19.21642,25,1
20.41865,20.76525,25,1
21.34864,22.01073,25,1
21.34864,22.01073,25,1
21.34864,22.01073,25,1
21.34864,22.01073,25,1
21.34864,22.01073,25,1
21.34864,22.01073,25,1
21.43984,22.62756,25,1
24.2248,24.03414,25,1
26.47601,25.16659,25,1
25.9803,26.15202,25,1
25.72992,27.45082,25,1
27.87394,28.52935,25,1
27.18756,29.89379,25,1
27.92358,30.83393,25,1
28.69773,31.69828,25,1
27.41778,32.75,25,1
27.06913,32.75,25,1
29.28699,32.22159,25,1
29.28699,32.22159,25,1
29.56881,33.0129,25,1
30.36,35.9466,25,1
30.45387,38.88368,25,1
31.55025,41.6711,25,1
34.01041,43.52158,25,1
35.44126,46.15735,25,1
36.04728,48.93412,25,1
35.97274,49.1883,25,1
34.63683,49.43016,25,1
35.24961,52.36572,25,1
35.36,53.96385,25,1
35.36,53.96385,25,1
35.36,56.53685,25,1
35.79009,57.50814,25,1
35.2297,56.88239,25,1
34.72,54.5342,25,1
34.72,52.27353,25,1
33.5756,50.00267,25,1
31.78815,50.04991,25,1
30.60682,50.70491,25,1
28.81227,50.56239,25,1
26.70047,50.39578,25,1
24.83821,50.51794,25,1
25.09958,52.42004,25,1
25.36,55.36578,25,1
26.04302,58.15679,25,1
26.04302,58.15679,25,1
26.04302,58.15679,25,1
26.04302,58.15679,25,1
26.04302,58.15679,25,1
26.04302,58.15679,25,1
27.93,57.56099,25,1
27.93,57.22,25,1
27.34722,57.22,25,1
26.37053,57.55495,25,1
24.91653,56.74027,25,1
25.36,54.67413,25,1
25.36,51.93526,25,1
26.22412,49.15963,25,1
27.0513,46.27626,25,1
27.41286,43.08792,25,1
25.57961,40.98291,25,1
24.23656,40.46555,25,1
24.23656,40.46555,25,1
24.23656,40.46555,25,1
24.23656,40.46555,25,1
26.85824,40.77607,25,1
28.76492,41.0019,25,1
28.92395,39.65361,25,1
29.76037,38.24141,25,1
29.99889,36.1335,25,1
29.72,34.14851,25,1
28.88605,32.51484,25,1
26.90898,32.44772,25,1
25.88653,32.75,25,1
25.5268,32.75,25,1
25.5268,32.75,25,1
25.77126,32.679,25,1
27.238,32.25301,25,1
27.15633,32.27603,25,1
26.6679,30.54357,25,1
25.69304,27.72826,25,1
25.42922,27.48478,25,1
25.42922,27.48478,25,1
25.48609,27.9602,25,1
25.48609,27.9602,25,1
25.48609,27.9602,25,1
25.48609,27.9602,25,1
25.48609,27.9602,25,1
25.48609,27.9602,25,1
25.48609,27.9602,25,1
25.48609,27.9602,25,1
26.26378,29.71509,25,1
27.28432,32.53574,25,1
28.46175,32.46014,25,1
29.60778,32.14742,25,1
30.60868,33.05089,25,1
30.26585,35.80456,25,1
30.01643,38.79419,25,1
29.88576,40.34872,25,1
29.6321,40.3274,25,1
28.14441,40.80449,25,1
27.77994,42.55522,25,1
26.99329,43.90238,25,1
25.47948,46.49246,25,1
24.0665,46.21948,25,1
24.0665,46.21948,25,1
24.71864,46.61684,25,1
24.71864,46.61684,25,1
24.14172,49.4385,25,1
24.67497,51.26538,25,1
24.90845,54.35611,25,1
24.82963,57.35504,25,1
24.82515,58.07429,25,1
24.82515,58.07429,25,1
24.82515,58.07429,25,1
24.82515,58.07429,25,1
24.82515,58.07429,25,1
24.82515,58.07429,25,1
24.82515,58.07429,25,1
24.72,55.45648,25,1
24.72,52.47326,25,1
24.58638,50.45224,25,1
26.51854,50.17744,25,1
28.78299,49.83002,25,1
29.45194,49.71468,25,1
29.45194,49.71468,25,1
30.42888,49.25439,25,1
32.91702,48.05992,25,1
33.59618,49.33249,25,1
35.22741,50.31857,25,1
36.75022,49.27747,25,1
35.56831,47.57589,25,1
34.96698,47.93528,25,1
33.50515,50.13336,25,1
33.50515,50.13336,25,1
34.33068,50.93036,25,1
35.28351,53.55746,25,1
35.36204,56.62697,25,1
35.45832,57.21918,25,1
35.45832,57.21918,25,1
35.45832,57.21918,25,1
35.45832,57.21918,25,1
35.45832,57.21918,25,1
35.45832,57.21918,25,1
35.35999,56.1491,25,1
35.42995,56.77108,25,1
37.46603,58.05189,25,1
37.46603,58.05189,25,1
34.71973,56.86559,25,1
34.41539,56.96258,25,1
35.27029,55.40031,25,1
35.36,53.46474,25,1
35.36,51.76823,25,1
35.86564,50.70273,25,1
36.75,49.44002,25,1
35.91766,48.1206,25,1
34.31702,45.58325,25,1
32.64918,42.94645,25,1
30.82511,40.4166,25,1
30.04815,37.43016,25,1
29.74953,34.44506,25,1
29.07792,32.48373,25,1
29.1925,32.77818,25,1
29.71178,33.37532,25,1
29.72971,31.8481,25,1
29.39083,30.90456,25,1
26.39209,30.81787,25,1
23.39325,30.73842,25,1
20.39701,30.87784,25,1
17.41026,31.13869,25,1
14.37656,31.86051,25,1
11.86239,32.56268,25,1
10.72188,32.58275,25,1
10.72188,32.58275,25,1
10.24718,33.82752,25,1
9.72,36.85545,25,1
9.506166,39.78633,25,1
10.45273,42.6732,25,1
11.87855,45.31175,25,1
13.13839,48.16542,25,1
14.30407,50.92953,25,1
14.84884,53.6118,25,1
14.72476,56.7289,25,1
16.76546,58.76888,25,1
17.93,60.32178,25,1
17.93,60.79,25,1
17.93,60.79,25,1
17.93,60.79,25,1
17.93,60.79,25,1
17.93,60.79,25,1
15.9889,59.59398,25,1
16.25609,59.16061,25,1
16.65689,58.51056,25,1
16.65689,58.51056,25,1
15.83972,58.00675,25,1
14.61398,57.25103,25,1
15.36,55.51757,25,1
15.36,53.63965,25,1
15.36,52.05065,25,1
15.46452,51.17319,25,1
16.08798,50.16201,25,1
13.7959,50.41587,25,1
10.84645,50.37283,25,1
7.8904,50.62212,25,1
5.829187,50.65678,25,1
5.829187,50.65678,25,1
4.214245,50.79601,25,1
4.511321,51.08516,25,1
5.36,52.08614,25,1
5.30495,52.73096,25,1
4.72,55.48725,25,1
4.229632,58.2524,25,1
4.619993,59.62129,25,1
4.619993,59.62129,25,1
5.819956,59.61483,25,1
7.499911,59.62697,25,1
7.705407,57.51695,25,1
7.850728,57.22,25,1
5.676062,57.31325,25,1
4.415446,56.96244,25,1
4.416169,56.96079,25,1
5.082844,55.98706,25,1
5.00356,54.78968,25,1
4.945901,53.83143,25,1
4.768226,50.83674,25,1
4.496291,47.73405,25,1
3.25,45.58041,25,1
3.25,45.07417,25,1
3.25,45.93985,25,1
3.25,46.65212,25,1
5.970824,45.13271,25,1
8.502108,43.52453,25,1
10.52964,41.18549,25,1
11.37826,39.87675,25,1
11.37826,39.87675,25,1
11.37826,39.87675,25,1
10.89719,39.36365,25,1
10.75208,39.23301,25,1
9.851735,36.71811,25,1
9.72,33.71126,25,1
9.627242,33.01192,25,1
9.334716,30.26772,25,1
10.18214,30.22452,25,1
12.30167,30.13793,25,1
14.42274,30.1195,25,1
16.62717,30.20191,25,1
16.96611,30.21971,25,1
19.08451,30.33096,25,1
20.35555,30.3977,25,1
20.50032,27.6415,25,1
20.65767,24.64563,25,1
20.82132,21.52992,25,1
20.36,18.95207,25,1
20.36,15.83637,25,1
20.46644,12.84021,25,1
18.65181,10.61931,25,1
15.94092,9.335314,25,1
13.22339,7.804393,25,1
10.53925,6.524984,25,1
7.597992,5.938643,25,1
4.664954,4.893643,25,1
1.834856,3.580274,25,1
-0.1159078,1.839161,25,1
-0.169519,-1.277938,25,1
-0.147633,-0.3180963,25,1
-0.3146328,2.784948,25,1
-1.303598,5.615298,25,1
-3.044887,7.967946,25,1
-5.606615,9.523048,25,1
-4.196894,8.855008,25,1
-1.488056,7.565751,25,1
-0.5429475,9.277212,25,1
0.5835286,11.09521,25,1
3.492031,12.22382,25,1
6.269523,13.35764,25,1
8.610528,14.76693,25,1
10.27128,14.05584,25,1
13.04902,12.92262,25,1
13.48065,13.66295,25,1
14.57894,14.13131,25,1
16.4678,13.36072,25,1
17.08961,13.93183,25,1
17.60032,14.75,25,1
17.7926,14.75,25,1
19.35188,14.19474,25,1
19.73107,15.55303,25,1
19.72,17.62032,25,1
19.72,19.27032,25,1
19.64661,20.77521,25,1
18.91321,21.91426,25,1
18.91321,21.91426,25,1
18.97589,23.11263,25,1
17.11166,23.2101,25,1
15.33239,23.30715,25,1
13.16074,23.9472,25,1
11.09109,26.28189,25,1
9.656624,29.00561,25,1
8.382133,31.71754,25,1
8.533865,32.49494,25,1
9.603393,32.70745,25,1
10.42596,33.28972,25,1
10.35994,33.82585,25,1
10.36,36.93143,25,1
10.13898,40.02235,25,1
9.444455,42.94079,25,1
9.01155,44.93406,25,1
7.190425,44.52814,25,1
5.390175,44.03428,25,1
4.750565,46.34751,25,1
3.992344,49.25,25,1
6.017515,50.25113,25,1
5.692605,50.89905,25,1
4.776664,50.71946,25,1
4.72,53.27227,25,1
4.72,56.22434,25,1
5.723505,57.88425,25,1
5.723505,57.88425,25,1
7.930005,57.67115,25,1
6.252578,57.75545,25,1
3.254126,57.84935,25,1
2.12,57.89721,25,1
2.12,57.91237,25,1
2.12,57.83329,25,1
2.12,57.60634,25,1
2.12,57.60634,25,1
2.12,57.60634,25,1
2.12,57.60634,25,1
4.46873,57.45216,25,1
4.46873,57.45216,25,1
4.46873,57.45216,25,1
4.46873,57.45216,25,1
5.179005,55.03434,25,1
5.36,52.04264,25,1
5.944145,49.2671,25,1
8.19919,47.13456,25,1
9.42901,44.40148,25,1
10.67346,41.41042,25,1
10.42219,38.76397,25,1
9.999093,35.69108,25,1
10.04821,32.63011,25,1
12.13048,30.4748,25,1
14.2794,28.38146,25,1
16.44771,26.30827,25,1
18.61061,24.07453,25,1
19.81161,21.33525,25,1
20.36,18.28601,25,1
20.34594,15.29306,25,1
20.10185,12.18339,25,1
20.07338,11.34418,25,1
20.07338,11.34418,25,1
20.07338,11.34418,25,1
20.07338,11.34418,25,1
17.9552,9.574741,25,1
15.41863,7.795197,25,1
12.5526,6.908849,25,1
9.692166,6.004509,25,1
6.716279,5.067265,25,1
3.77221,4.037999,25,1
1.32167,3.551797,25,1
-0.05469558,2.8421,25,1
0.05939975,2.00989,25,1
0.3598683,-0.2457495,25,1
0.02886605,1.888734,25,1
-0.4652655,4.847737,25,1
-0.9847887,7.802402,25,1
0.2111787,9.231479,25,1
1.985377,10.27905,25,1
3.162832,12.03489,25,1
3.778701,14.0585,25,1
4.919909,13.63056,25,1
7.520122,12.1427,25,1
10.42727,11.01666,25,1
13.38243,10.50954,25,1
16.45989,10.90514,25,1
19.11305,12.4278,25,1
20.56107,14.48694,25,1
19.22498,14.72786,25,1
20.0019,16.30457,25,1
20.07544,16.53303,25,1
20.36,18.30952,25,1
20.5383,21.12212,25,1
19.09587,21.62427,25,1
17.73401,22.09977,25,1
17.73401,22.09977,25,1
17.25514,23.95893,25,1
16.41041,26.83418,25,1
14.8012,29.21029,25,1
13.6154,30.5645,25,1
11.7211,32.52668,25,1
11.02412,32.29194,25,1
10.09152,31.92993,25,1
9.364573,32.72864,25,1
9.99211,33.29978,25,1
9.72,34.98594,25,1
9.72,36.93833,25,1
9.20758,39.29063,25,1
7.061832,41.38211,25,1
5.639058,44.01595,25,1
4.591595,46.94071,25,1
4.088893,50.01819,25,1
4.800524,52.03891,25,1
5.051158,55.14802,25,1
5.359724,58.12179,25,1
5.830798,58.64882,25,1
7.521516,57.50733,25,1
7.93,57.22,25,1
7.753744,57.3829,25,1
5.48626,59.52594,25,1
4.879481,60.10681,25,1
4.879481,60.10681,25,1
5.107465,57.59807,25,1
5.36,54.50072,25,1
5.36,51.52035,25,1
6.005224,48.62299,25,1
7.683868,45.99556,25,1
8.933564,43.26905,25,1
10.003,40.46743,25,1
10.35444,38.9492,25,1
10.34935,38.47749,25,1
10.36,36.20452,25,1
10.38829,33.09417,25,1
11.36992,30.33804,25,1
13.24712,27.99797,25,1
15.15698,25.68447,25,1
17.15232,23.2859,25,1
19.34595,21.15895,25,1
20.36,18.73647,25,1
20.36,15.65277,25,1
20.79004,12.56755,25,1
20.45226,9.632117,25,1
19.19517,8.521142,25,1
16.859,6.639018,25,1
15.53832,7.644639,25,1
14.17196,9.154478,25,1
12.4783,9.822198,25,1
10.66643,7.74043,25,1
9.349436,8.810658,25,1
7.573734,9.293166,25,1
5.655292,6.832681,25,1
3.738526,4.37535,25,1
1.367127,3.563107,25,1
1.24716,3.560266,25,1
-0.3055097,3.409215,25,1
0.3599998,1.765682,25,1
0.36,0.7487654,25,1
0.36,1.247488,25,1
0.1400196,3.948945,25,1
-1.441289,6.463724,25,1
-3.042689,8.86991,25,1
-5.890403,9.809003,25,1
-5.890403,9.809003,25,1
-4.615345,9.467508,25,1
-1.667992,9.289238,25,1
1.288263,9.799143,25,1
4.367198,10.30368,25,1
7.446285,10.80729,25,1
10.40806,11.28468,25,1
13.48831,11.78116,25,1
16.09468,12.20126,25,1
15.93265,13.20652,25,1
16.93137,13.79724,25,1
18.35303,14.02638,25,1
17.91466,14.68683,25,1
18.21659,14.53439,25,1
19.14419,14.58211,25,1
19.91948,15.05087,25,1
19.72,17.14515,25,1
19.72,19.26926,25,1
19.47447,20.98928,25,1
17.89828,22.4992,25,1
15.90709,23.17285,25,1
14.48562,22.94098,25,1
14.30467,24.97295,25,1
14.11062,28.08657,25,1
12.57501,28.28537,25,1
10.70875,28.24185,25,1
10.68334,30.64171,25,1
9.998173,31.23982,25,1
9.497038,32.79975,25,1
9.744462,35.59438,25,1
9.831725,38.7129,25,1
9.341254,41.15248,25,1
8.094654,44.01024,25,1
6.436488,46.65287,25,1
5.058038,49.29477,25,1
4.720001,52.26186,25,1
4.72,55.19826,25,1
5.271776,58.06883,25,1
8.013414,59.26075,25,1
7.93,59.32544,25,1
7.93,59.32544,25,1
7.93,59.32544,25,1
7.93,59.32544,25,1
7.93,59.32544,25,1
6.013438,60.02118,25,1
4.326021,60.79,25,1
6.371727,59.55014,25,1
7.93,58.20898,25,1
7.714738,58.15592,25,1
5.075202,59.57282,25,1
3.712911,60.79,25,1
4.533243,58.79761,25,1
4.821115,55.93185,25,1
5.356691,52.85952,25,1
5.36,51.5598,25,1
6.947906,49.74467,25,1
8.148624,47.10505,25,1
8.792384,44.0526,25,1
9.506732,41.01553,25,1
10.26684,38.11344,25,1
10.36,35.16267,25,1
10.31276,32.16441,25,1
11.20471,29.24552,25,1
13.26976,27.10823,25,1
15.86989,25.61181,25,1
17.87377,23.44341,25,1
19.5336,20.89964,25,1
20.36,17.98686,25,1
20.20369,14.87091,25,1
20.05204,12.23528,25,1
17.72362,10.54249,25,1
14.95652,9.38503,25,1
11.9859,8.432943,25,1
9.029865,7.936762,25,1
5.983783,7.268692,25,1
3.567924,5.52673,25,1
1.391587,3.554596,25,1
-0.2800168,1.43164,25,1
0,0,26,1
0,0,26,1
0,0,26,1
0,0,26,1
0.1790568,0.6973798,26,1
0.6147991,3.604703,26,1
1.800725,5.493984,26,1
0.6501066,5.789412,26,1
-1.404569,6.31696,26,1
-3.528232,6.493564,26,1
-5.209669,5.2473,26,1
-6.580691,3.629044,26,1
-8.554438,5.676937,26,1
-10.61193,6.779405,26,1
-12.40081,6.783443,26,1
-14.34917,9.064656,26,1
-16.07099,8.336923,26,1
-18.11215,10.33484,26,1
-19.15212,11.81378,26,1
-18.57143,12.30974,26,1
-19.53926,11.48314,26,1
-19.53926,11.48314,26,1
-19.89089,12.75544,26,1
-20.3166,15.29356,26,1
-20.28,18.14397,26,1
-20.38614,20.81026,26,1
-20.98234,21.41772,26,1
-21.92641,21.48675,26,1
-23.93696,21.31,26,1
-25.94397,21.70646,26,1
-27.51886,21.31,26,1
-28.85919,21.31,26,1
-30.47872,22.35817,26,1
-31.24697,24.31412,26,1
-32.43665,26.17012,26,1
-33.7958,27.89802,26,1
-33.7958,27.89802,26,1
-32.256,28.83021,26,1
-31.22956,29.45186,26,1
-31.26484,30.62033,26,1
-30.68054,31.66593,26,1
-30.05576,32.8502,26,1
-30.28,34.51421,26,1
-30.28,36.30247,26,1
-30.28,37.70553,26,1
-30.28,38.13412,26,1
-30.71424,39.18525,26,1
-30.71424,39.18525,26,1
-30.71424,39.18525,26,1
-30.71424,39.18525,26,1
-30.71424,39.18525,26,1
-30.71424,39.18525,26,1
-30.71424,39.18525,26,1
-30.71424,39.18525,26,1
-31.40125,41.98209,26,1
-33.70631,43.86078,26,1
-35.28336,46.28109,26,1
-35.83938,48.36822,26,1
-34.72454,49.11401,26,1
-34.72454,49.11401,26,1
-35.27947,51.73049,26,1
-35.28,54.62203,26,1
-35.28,55.43158,26,1
-35.02992,57.09286,26,1
-34.94228,57.68643,26,1
-34.94228,57.68643,26,1
-34.94228,57.68643,26,1
-34.94228,57.68643,26,1
-34.94228,57.68643,26,1
-34.94228,57.68643,26,1
-34.94228,57.68643,26,1
-34.94228,57.68643,26,1
-34.94228,57.68643,26,1
-34.94228,57.68643,26,1
-35.07776,57.10192,26,1
-35.2165,54.19447,26,1
-34.64,51.64892,26,1
-33.6143,50.49589,26,1
-31.4362,50.20793,26,1
-30.04391,50.4998,26,1
-28.83843,50.75,26,1
-28.2047,50.75,26,1
-28.03476,50.65302,26,1
-28.03476,50.65302,26,1
-28.17126,48.85819,26,1
-27.90291,46.79187,26,1
-26.29432,46.68711,26,1
-26.29432,46.68711,26,1
-26.29432,46.68711,26,1
-26.29432,46.68711,26,1
-26.29432,46.68711,26,1
-26.29432,46.68711,26,1
-26.29432,46.68711,26,1
-26.29432,46.68711,26,1
-26.29432,46.68711,26,1
-25.29758,48.46705,26,1
-25.87151,50.22077,26,1
-24.94739,51.93768,26,1
-24.64,52.9847,26,1
-25.22137,53.86822,26,1
-24.64,56.48577,26,1
-25.68869,57.91003,26,1
-25.69654,57.15731,26,1
-25.58066,56.95855,26,1
-25.58066,56.95855,26,1
-25.58066,56.95855,26,1
-25.58066,56.95855,26,1
-25.58066,56.95855,26,1
-25.75974,57.65593,26,1
-26.5884,59.52394,26,1
-26.66498,59.48741,26,1
-26.66498,59.48741,26,1
-26.66498,59.48741,26,1
-26.66498,59.48741,26,1
-26.66498,59.48741,26,1
-26.66498,59.48741,26,1
-26.66498,59.48741,26,1
-26.16514,59.58413,26,1
-24.8329,59.84555,26,1
-24.8329,59.84555,26,1
-25.08408,59.04398,26,1
-25.32091,56.72215,26,1
-25.27257,55.42685,26,1
-25.28,52.42697,26,1
-25.2847,50.86703,26,1
-27.11729,50.50047,26,1
-27.89602,48.45905,26,1
-28.42526,45.89342,26,1
-29.09555,44.81501,26,1
-29.0719,41.81513,26,1
-29.37627,39.05367,26,1
-30.148,37.89444,26,1
-30.12435,34.89456,26,1
-29.77265,33.3373,26,1
-28.70851,32.51785,26,1
-27.27022,32.50576,26,1
-25.62503,32.75,26,1
-24.95496,32.75,26,1
-22.92455,32.01302,26,1
-20.10454,30.98949,26,1
-17.17172,29.92502,26,1
-15.94896,31.28659,26,1
-13.38052,30.62517,26,1
-13.38052,30.62517,26,1
-13.38052,30.62517,26,1
-13.10398,28.43642,26,1
-13.0827,28.26805,26,1
-11.6201,29.13708,26,1
-10.96754,30.67349,26,1
-11.16236,32.55838,26,1
-10.6137,33.03117,26,1
-10.28,34.49422,26,1
-10.28,36.68297,26,1
-10.30816,38.7878,26,1
-10.48898,40.21891,26,1
-10.61639,41.22913,26,1
-10.61639,41.22913,26,1
-10.61639,41.22913,26,1
-10.61639,41.22913,26,1
-10.61639,41.22913,26,1
-10.61639,41.22913,26,1
-10.61639,41.22913,26,1
-10.61639,41.22913,26,1
-10.61639,41.22913,26,1
-9.246728,43.19987,26,1
-7.466161,45.76185,26,1
-6.561701,48.40137,26,1
-5.627468,51.02815,26,1
-5.28,53.08938,26,1
-5.28,55.97227,26,1
-5.28,54.93172,26,1
-5.28,54.87649,26,1
-5.28,56.09166,26,1
-5.28,55.11755,26,1
-5.28,54.2053,26,1
-5.28,55.41589,26,1
-5.317157,56.70231,26,1
-5.581026,56.9587,26,1
-5.581689,56.95899,26,1
-5.581689,56.95899,26,1
-5.581689,56.95899,26,1
-4.764658,59.08756,26,1
-3.88871,59.0863,26,1
-3.661754,57.54778,26,1
-4.775697,56.72088,26,1
-4.775697,56.72088,26,1
-4.775697,56.72088,26,1
-5.761714,57.38343,26,1
-7.09988,58.28261,26,1
-5.82773,58.32217,26,1
-3.94902,58.0309,26,1
-4.640099,55.90768,26,1
-4.64,52.79009,26,1
-4.644892,50.15415,26,1
-4.644892,50.15415,26,1
-5.58488,48.48011,26,1
-6.939257,49.18611,26,1
-8.520561,50.00746,26,1
-8.520561,50.00746,26,1
-8.520561,50.00746,26,1
-8.520561,50.00746,26,1
-10.67697,49.88304,26,1
-13.91159,49.69641,26,1
-14.17562,50.10615,26,1
-14.67192,51.8919,26,1
-14.79897,54.09444,26,1
-14.92114,56.21227,26,1
-15.01398,57.82181,26,1
-15.12149,59.6855,26,1
-13.4736,60.29055,26,1
-12.07,60.46335,26,1
-12.07,59.49518,26,1
-12.07,57.37736,26,1
-12.07,57.38282,26,1
-12.07,57.2199,26,1
-12.08691,58.06679,26,1
-12.08691,58.06679,26,1
-12.41574,58.84899,26,1
-13.00765,60.25696,26,1
-13.60865,58.89977,26,1
-15.11554,57.52993,26,1
-14.64,55.4962,26,1
-14.64,53.46247,26,1
-14.64,51.51798,26,1
-13.1932,50.48712,26,1
-11.15705,50.51239,26,1
-10.85058,49.79854,26,1
-11.89867,46.86333,26,1
-12.36794,43.90517,26,1
-12.28904,42.14658,26,1
-10.97231,42.47733,26,1
-10.41681,40.26606,26,1
-9.685892,37.35649,26,1
-10.28006,34.39047,26,1
-10.60169,31.35335,26,1
-9.35074,28.98757,26,1
-6.779368,30.5478,26,1
-5.821652,32.06696,26,1
-4.833284,32.75,26,1
-5.385114,32.75,26,1
-5.385114,32.75,26,1
-6.143836,31.83595,26,1
-5.933711,29.91888,26,1
-3.602216,28.03098,26,1
-3.25,27.65292,26,1
-3.25,27.65292,26,1
-3.25,27.65292,26,1
-3.25,27.65292,26,1
-5.391529,27.93479,26,1
-8.270776,27.97141,26,1
-9.977746,26.05645,26,1
-10.19919,24.3739,26,1
-10.19919,24.3739,26,1
-10.19919,24.3739,26,1
-10.19919,24.3739,26,1
-10.19919,24.3739,26,1
-10.19919,24.3739,26,1
-10.19919,24.3739,26,1
-10.19919,24.3739,26,1
-10.19919,24.3739,26,1
-11.53228,23.82948,26,1
-14.25057,22.56308,26,1
-16.57118,21.30999,26,1
-17.98632,21.42006,26,1
-17.70577,21.3101,26,1
-18.84323,21.50745,26,1
-17.92534,21.38342,26,1
-18.2214,21.6873,26,1
-19.16879,22.65975,26,1
-19.16879,22.65975,26,1
-19.16879,22.65975,26,1
-19.51858,21.63797,26,1
-20.28001,18.79969,26,1
-19.64,16.35313,26,1
-19.64,15.7825,26,1
-19.626,15.37446,26,1
-20.28,16.07182,26,1
-20.28,16.15615,26,1
-20.28,16.15615,26,1
-20.10747,15.33406,26,1
-19.4913,12.39801,26,1
-17.24584,10.69082,26,1
-15.07568,11.12201,26,1
-13.03403,11.69788,26,1
-11.05549,12.42738,26,1
-9.685875,14.12776,26,1
-8.705058,14.36715,26,1
-6.176244,12.75314,26,1
-3.301821,11.57145,26,1
-0.9134173,10.76776,26,1
-1.834273,9.63268,26,1
-3.42893,8.844477,26,1
-2.619395,9.309076,26,1
-0.7059486,10.40722,26,1
-0.07398334,7.687552,26,1
-0.4730717,4.617496,26,1
-0.1678519,1.633344,26,1
-0.3386234,3.666185,26,1
-0.4147633,6.599814,26,1
1.748151,7.207267,26,1
3.331972,8.445009,26,1
4.19007,10.47563,26,1
5.107516,11.99572,26,1
5.694777,11.57917,26,1
8.252274,10.03323,26,1
11.2795,9.397159,26,1
14.27164,9.180056,26,1
15.66885,10.18356,26,1
15.76823,11.53756,26,1
15.79928,11.96069,26,1
15.79928,11.96069,26,1
15.79928,11.96069,26,1
17.61385,13.13241,26,1
18.82355,13.91356,26,1
18.35675,14.50804,26,1
18.03418,14.32015,26,1
18.85262,13.03059,26,1
18.85262,13.03059,26,1
18.85262,13.03059,26,1
18.85262,13.03059,26,1
18.85262,13.03059,26,1
18.85262,13.03059,26,1
18.85262,13.03059,26,1
18.85262,13.03059,26,1
18.85262,13.03059,26,1
20.62744,13.10932,26,1
21.63302,14.37253,26,1
21.63302,14.37253,26,1
21.63302,14.37253,26,1
21.63302,14.37253,26,1
21.63302,14.37253,26,1
20.61225,12.60628,26,1
19.23542,9.946222,26,1
18.79845,8.828814,26,1
19.12026,9.472898,26,1
20.50125,12.27062,26,1
18.94569,13.53009,26,1
19.65755,15.05182,26,1
20.36,17.97842,26,1
20.42864,20.8933,26,1
21.37406,21.89678,26,1
23.16377,21.31,26,1
23.69993,21.31,26,1
25.51294,21.76504,26,1
26.54414,23.68633,26,1
27.83741,25.36529,26,1
28.80641,27.24684,26,1
28.80779,29.42495,26,1
30.3619,30.48811,26,1
32.55841,30.63417,26,1
32.97208,30.72825,26,1
32.90304,30.67891,26,1
31.17601,29.44711,26,1
30.31434,29.12872,26,1
30.3225,29.24844,26,1
30.52644,32.2415,26,1
30.27748,35.18295,26,1
30.15961,38.18064,26,1
30.60666,39.01152,26,1
31.23583,39.52486,26,1
32.41065,39.45127,26,1
33.63081,41.04787,26,1
35.10885,42.59624,26,1
35.85691,43.64036,26,1
35.24965,46.82296,26,1
35.07984,49.79565,26,1
35.36,52.89621,26,1
35.36,56.0006,26,1
35.36,56.59849,26,1
35.36,56.59849,26,1
34.06441,58.47458,26,1
34.06441,58.47458,26,1
34.06441,58.47458,26,1
34.06441,58.47458,26,1
34.06441,58.47458,26,1
34.06441,58.47458,26,1
34.06441,58.47458,26,1
34.06441,58.47458,26,1
34.06441,58.47458,26,1
34.06441,58.47458,26,1
34.06441,58.47458,26,1
34.06441,58.47458,26,1
34.06441,58.47458,26,1
34.06441,58.47458,26,1
34.06441,58.47458,26,1
34.01266,57.87681,26,1
34.72002,55.95347,26,1
34.72,52.8451,26,1
34.15068,50.73706,26,1
32.47734,50.49731,26,1
31.23526,50.75,26,1
30.89342,50.75,26,1
30.89342,50.75,26,1
28.61099,49.43151,26,1
27.27282,50.30114,26,1
26.99997,50.63396,26,1
26.99997,50.63396,26,1
28.62973,49.28181,26,1
30.14777,47.80035,26,1
31.46657,47.90742,26,1
31.42516,47.18861,26,1
31.25259,44.1936,26,1
31.08002,41.19859,26,1
30.39429,38.70934,26,1
30.18694,35.72944,26,1
30.08341,33.81223,26,1
29.72,33.87878,26,1
29.72,33.99857,26,1
29.72,34.01631,26,1
30.36,35.457,26,1
30.36,33.72419,26,1
30.06823,35.1343,26,1
29.72,38.18941,26,1
29.56261,39.36554,26,1
29.56261,39.36554,26,1
29.20711,39.2677,26,1
27.82652,39.33368,26,1
25.14762,39.96732,26,1
23.25,40.01446,26,1
24.48197,40.76479,26,1
25.94821,41.94485,26,1
24.57318,44.69555,26,1
24.57332,47.6882,26,1
24.33781,50.67892,26,1
24.72,53.13181,26,1
24.72,56.12253,26,1
24.6729,57.19919,26,1
24.53749,58.27066,26,1
24.41713,59.22309,26,1
24.41713,59.22309,26,1
24.41713,59.22309,26,1
24.41713,59.22309,26,1
24.41713,59.22309,26,1
24.42908,58.86329,26,1
24.7204,56.17867,26,1
24.72,53.19196,26,1
24.67486,50.92205,26,1
24.67486,50.92205,26,1
24.67486,50.92205,26,1
24.67486,50.92205,26,1
24.67486,50.92205,26,1
24.67486,50.92205,26,1
25.6045,51.05472,26,1
26.1976,50.54419,26,1
28.06643,50.63298,26,1
29.09051,48.44755,26,1
30.2598,45.84164,26,1
30.97421,45.07272,26,1
29.93155,44.71264,26,1
30.16659,44.03209,26,1
30.75047,41.82159,26,1
29.62798,41.43276,26,1
30.33845,39.39294,26,1
30.36,36.82167,26,1
29.71998,34.98254,26,1
30.29331,33.08486,26,1
29.65609,31.35896,26,1
27.58234,30.60612,26,1
26.98166,30.72717,26,1
26.98166,30.72717,26,1
26.98166,30.72717,26,1
26.6219,30.71395,26,1
23.62419,30.59661,26,1
20.5066,30.47392,26,1
17.38902,30.35092,26,1
14.39185,30.22104,26,1
13.17036,30.67619,26,1
13.09475,32.37156,26,1
13.09475,32.37156,26,1
13.09475,32.37156,26,1
13.13255,31.52387,26,1
13.22706,29.40466,26,1
13.27842,28.30277,26,1
13.27842,28.30277,26,1
12.39522,27.50834,26,1
10.87218,26.31299,26,1
10.62541,26.25054,26,1
10.62541,26.25054,26,1
10.60273,27.21027,26,1
10.52183,30.32922,26,1
10.39283,33.2927,26,1
10.26812,36.39477,26,1
10.21146,38.55399,26,1
10.19257,39.27374,26,1
10.19257,39.27374,26,1
10.19257,39.27374,26,1
10.19257,39.27374,26,1
9.761612,41.99958,26,1
9.347711,44.48535,26,1
9.347711,44.48535,26,1
9.347711,44.48535,26,1
9.347711,44.48535,26,1
8.690411,44.09657,26,1
6.791536,42.97343,26,1
4.015332,43.50021,26,1
3.762743,43.66893,26,1
4.601943,43.75927,26,1
4.413692,45.06576,26,1
3.953396,48.15139,26,1
4.404442,51.05764,26,1
4.92557,53.68979,26,1
5.142844,56.20039,26,1
5.246308,57.39592,26,1
5.246308,57.39592,26,1
5.246308,57.39592,26,1
5.246308,57.39592,26,1
6.2701,58.21391,26,1
7.039778,58.54875,26,1
7.039778,58.54875,26,1
7.039778,58.54875,26,1
6.478585,58.03083,26,1
6.29303,57.85656,26,1
6.29303,57.85656,26,1
6.29303,57.85656,26,1
7.570946,57.19285,26,1
7.93,57.22,26,1
7.717014,57.33062,26,1
5.161182,58.65804,26,1
4.418089,57.2273,26,1
4.418608,56.95886,26,1
4.418608,56.95886,26,1
4.418608,56.95886,26,1
4.418608,56.95886,26,1
4.754779,56.4893,26,1
5.36,53.45362,26,1
5.483975,50.46989,26,1
6.690353,49.6465,26,1
7.763742,49.15675,26,1
8.963499,49.58167,26,1
9.924312,48.13972,26,1
10.66018,45.49428,26,1
10.09731,45.31317,26,1
10.25444,42.9183,26,1
10.44802,39.92455,26,1
10.36,37.04252,26,1
10.36,34.04426,26,1
11.16882,32.29684,26,1
13.28487,32.44544,26,1
14.53795,32.6676,26,1
14.53795,32.6676,26,1
15.1876,32.75,26,1
17.0566,32.60115,26,1
18.79225,32.75,26,1
19.23542,31.00541,26,1
19.97404,28.09775,26,1
20.28867,25.82525,26,1
19.19807,25.68635,26,1
19.26856,25.09109,26,1
19.76391,25.20867,26,1
20.36269,22.27211,26,1
20.36,19.25912,26,1
20.36,16.26778,26,1
20.79601,14.78746,26,1
22.6898,14.58332,26,1
24.68212,14.75,26,1
25.46148,14.75,26,1
24.86978,14.75,26,1
26.63017,14.58456,26,1
28.05709,12.92463,26,1
29.49008,11.36185,26,1
28.37798,12.40879,26,1
26.83531,13.86489,26,1
25.32083,14.75,26,1
24.77039,14.75,26,1
22.61531,13.44392,26,1
19.97782,12.06776,26,1
17.06395,11.3554,26,1
14.15824,10.60915,26,1
11.28062,9.76115,26,1
8.404222,8.908923,26,1
5.412765,8.022607,26,1
2.536361,7.17038,26,1
1.328887,6.647697,26,1
0.2705453,5.818777,26,1
1.238671,3.931253,26,1
1.045045,4.308757,26,1
0.7739704,4.837264,26,1
0.7739704,4.837264,26,1
-0.009884853,1.94148,26,1
-0.2799999,-0.1434852,26,1
0.3599999,0.3076246,26,1
0.5187868,3.203903,26,1
2.0355,4.585304,26,1
4.083128,4.031041,26,1
6.212667,3.454601,26,1
8.213161,3.646998,26,1
9.206685,5.203534,26,1
9.374803,6.377184,26,1
9.375195,7.140809,26,1
12.43776,6.548154,26,1
15.37861,5.955374,26,1
18.43793,5.343519,26,1
18.91654,5.316267,26,1
20.10904,6.821035,26,1
19.57477,8.469353,26,1
19.67916,10.3771,26,1
21.60042,12.67265,26,1
22.30952,13.92228,26,1
22.29229,14.04104,26,1
22.16488,14.75,26,1
22.16488,14.75,26,1
21.59961,13.5574,26,1
20.38643,11.21269,26,1
19.70416,11.55578,26,1
20.28541,13.27826,26,1
20.35709,15.6444,26,1
20.36,18.60991,26,1
20.04454,20.79663,26,1
18.48244,21.61213,26,1
17.00364,21.9667,26,1
15.06804,21.60769,26,1
14.1211,24.45429,26,1
13.17894,27.30249,26,1
12.04002,27.77349,26,1
11.32535,28.04267,26,1
10.88175,31.2284,26,1
10.33739,33.88654,26,1
10.28222,36.88604,26,1
9.560349,38.87114,26,1
8.112132,39.55704,26,1
6.733295,40.69674,26,1
6.637353,43.69405,26,1
6.257758,46.78999,26,1
5.765006,49.74924,26,1
5.152163,52.61,26,1
4.720006,55.68762,26,1
5.389602,56.62772,26,1
5.844683,57.3164,26,1
6.857927,57.49624,26,1
7.815752,57.22,26,1
6.971325,58.78896,26,1
4.346078,57.7965,26,1
2.119806,57.22,26,1
2.494934,57.22,26,1
2.12,58.40352,26,1
2.12,58.59541,26,1
2.12,58.59541,26,1
2.12,58.59541,26,1
2.12,58.59541,26,1
2.12,58.59541,26,1
2.12,58.59541,26,1
2.12,58.59541,26,1
2.12,58.59541,26,1
2.12,58.59541,26,1
2.12,58.59541,26,1
2.12,58.82711,26,1
2.12,59.79128,26,1
2.419966,60.78998,26,1
4.909348,60.01867,26,1
4.582109,59.05444,26,1
3.850153,57.4977,26,1
3.540267,57.56261,26,1
3.923896,57.89733,26,1
4.49934,58.3994,26,1
5.352781,56.40002,26,1
5.36,53.29894,26,1
5.779782,50.79377,26,1
7.594624,50.50037,26,1
9.255807,49.60133,26,1
10.14996,46.61218,26,1
10.68096,43.67853,26,1
10.84446,40.56282,26,1
10.31285,38.0787,26,1
10.06201,35.08921,26,1
10.6147,33.0317,26,1
12.13152,32.60745,26,1
13.81334,32.75,26,1
15.29027,32.75,26,1
17.06181,32.59922,26,1
18.95522,32.75,26,1
20.81055,32.60833,26,1
22.66283,32.45729,26,1
22.14042,30.98737,26,1
21.25343,28.06403,26,1
21.37824,26.686,26,1
20.25702,23.6462,26,1
19.7644,20.69612,26,1
19.72,17.5966,26,1
19.65601,14.9652,26,1
19.37987,15.02478,26,1
19.2482,14.83373,26,1
17.65661,14.75002,26,1
16.60739,14.75,26,1
15.3964,14.75,26,1
12.98939,13.16866,26,1
10.38179,11.45553,26,1
7.695931,9.875618,26,1
5.026573,8.506475,26,1
2.250445,7.082567,26,1
0.2188967,5.628522,26,1
-0.3650471,4.475702,26,1
-0.3667063,2.790081,26,1
-0.2799999,0.4479651,26,1
-0.2799999,0.4479651,26,1
0.7234727,3.176655,26,1
3.426428,4.657938,26,1
6.106456,6.006076,26,1
8.813699,7.165535,26,1
9.962082,6.903326,26,1
9.1394,7.072998,26,1
8.433598,7.215265,26,1
11.49208,6.598773,26,1
13.96501,6.115049,26,1
13.96501,6.115049,26,1
13.96501,6.115049,26,1
14.59797,6.667285,26,1
16.85852,8.639555,26,1
19.02864,10.53293,26,1
17.96625,11.74556,26,1
17.96625,11.74556,26,1
17.96625,11.74556,26,1
17.76334,12.30379,26,1
18.99932,12.76722,26,1
18.43329,14.2768,26,1
17.62768,14.75,26,1
18.07454,13.55823,26,1
19.78037,13.11037,26,1
19.98469,14.27445,26,1
19.7265,15.51708,26,1
19.72,17.50335,26,1
19.72,19.48961,26,1
19.39585,21.47861,26,1
19.18732,22.03477,26,1
19.18732,22.03477,26,1
19.18732,22.03477,26,1
18.52052,21.90752,26,1
16.52014,21.52579,26,1
14.25763,21.71466,26,1
13.61853,24.61104,26,1
11.50954,24.79845,26,1
10.94721,27.74526,26,1
10.38488,30.69206,26,1
9.822542,33.6389,26,1
9.72,36.58575,26,1
9.65252,38.94323,26,1
9.65252,38.94323,26,1
8.607259,39.72132,26,1
6.068677,41.53516,26,1
6.77686,42.44817,26,1
5.112572,43.14423,26,1
4.600098,46.22185,26,1
5.122722,48.2492,26,1
5.703486,49.9274,26,1
4.16232,50.40066,26,1
4.72,52.37541,26,1
4.72,55.45303,26,1
5.36,56.19704,26,1
5.232139,57.52013,26,1
6.317784,58.99791,26,1
7.93,59.04428,26,1
7.93,58.82364,26,1
7.93,58.82364,26,1
7.93,58.82364,26,1
7.93,57.37585,26,1
7.316673,57.22,26,1
6.848043,57.49868,26,1
5.128548,56.79204,26,1
5.057146,56.74619,26,1
5.057146,56.74619,26,1
5.057146,56.74619,26,1
5.057146,56.74619,26,1
5.057146,56.74619,26,1
5.057146,56.74619,26,1
4.72,54.3974,26,1
4.684997,51.22533,26,1
4.684997,51.22533,26,1
4.684997,51.22533,26,1
4.684997,51.22533,26,1
4.684997,51.22533,26,1
5.42332,51.27313,26,1
6.946645,49.86895,26,1
9.307585,48.01806,26,1
9.939747,46.93399,26,1
9.854611,44.28374,26,1
10.04915,41.53027,26,1
9.814219,39.20265,26,1
10.3595,36.25869,26,1
10.36,33.88717,26,1
10.36,34.24947,26,1
10.41032,32.45194,26,1
11.25581,30.96621,26,1
12.52294,31.08609,26,1
13.7056,31.19797,26,1
15.81726,31.39998,26,1
17.9239,31.64924,26,1
18.86202,29.4998,26,1
19.62961,26.62587,26,1
20.84592,25.01346,26,1
20.80481,23.19601,26,1
19.70978,22.3413,26,1
20.06259,19.36212,26,1
20.36,16.26377,26,1
19.2324,14.81629,26,1
17.36458,14.77843,26,1
16.41988,14.75,26,1
15.22739,14.75,26,1
13.99033,14.75,26,1
12.71903,14.75,26,1
10.01723,13.38025,26,1
7.501342,11.74616,26,1
4.985454,10.11206,26,1
2.469565,8.477962,26,1
1.161304,7.628229,26,1
1.810983,6.633687,26,1
1.440227,5.884728,26,1
0.853236,4.589104,26,1
-0.228422,3.173047,26,1
0.7045239,3.166671,26,1
0.3585358,2.551806,26,1
0.3585358,2.551806,26,1
0.3585358,2.551806,26,1
-0.008774303,1.664854,26,1
-0.2340862,0.3344271,26,1
0.6035517,3.220328,26,1
2.414409,4.266482,26,1
4.408579,3.545638,26,1
5.580446,3.74216,26,1
5.580446,3.74216,26,1
5.580446,3.74216,26,1
6.36004,4.054944,26,1
9.251745,5.226458,26,1
12.03223,6.352914,26,1
14.92393,7.524429,26,1
17.70442,8.650885,26,1
17.16279,9.987829,26,1
16.81233,10.85291,26,1
18.10274,11.13083,26,1
18.62418,12.63183,26,1
18.10024,14.58111,26,1
17.68134,14.75,26,1
18.96339,14.57456,26,1
19.72114,15.62961,26,1
19.72,17.69098,26,1
19.72,19.8348,26,1
19.38201,21.97901,26,1
17.73497,23.12263,26,1
16.07196,22.50705,26,1
13.96506,22.12324,26,1
12.99814,24.96314,26,1
12.00008,27.91918,26,1
11.02018,30.8813,26,1
11.17659,32.55109,26,1
11.78521,32.53695,26,1
11.13963,32.32714,26,1
9.948704,32.69717,26,1
9.992351,35.61709,26,1
10.21163,37.14285,26,1
9.321445,39.88183,26,1
7.585392,39.45875,26,1
7.550098,39.57344,26,1
6.632452,42.55545,26,1
5.897682,45.52019,26,1
5.162911,48.48493,26,1
4.920621,51.29179,26,1
4.72,54.2738,26,1
4.569576,57.14737,26,1
6.091749,57.97106,26,1
7.568852,57.22,26,1
7.568852,57.22,26,1
7.568852,57.22,26,1
7.568852,57.22,26,1
7.884165,57.22,26,1
7.884165,57.22,26,1
7.884165,57.22,26,1
7.884165,57.22,26,1
7.884165,57.22,26,1
6.999816,57.42776,26,1
5.177143,57.09625,26,1
4.706561,56.902,26,1
4.706561,56.902,26,1
4.206496,57.58751,26,1
3.948826,58.34582,26,1
6.208262,59.93023,26,1
7.135734,58.31911,26,1
7.414316,57.33982,26,1
7.414316,57.33982,26,1
7.414316,57.33982,26,1
5.653254,57.3726,26,1
5.653254,57.3726,26,1
5.653254,57.3726,26,1
5.653254,57.3726,26,1
5.396716,57.71053,26,1
4.729716,58.58913,26,1
5.448023,57.64294,26,1
5.495226,56.82141,26,1
4.733944,53.86395,26,1
4.687079,50.86845,26,1
5.808014,49.60507,26,1
7.841412,49.49338,26,1
9.945578,49.12284,26,1
10.121,46.12928,26,1
9.9564,43.13379,26,1
10.04517,40.10979,26,1
10.31095,37.87387,26,1
10.13976,34.75856,26,1
10.36,33.72089,26,1
10.33053,33.0425,26,1
10.59881,33.06657,26,1
10.59993,33.06424,26,1
10.74175,32.84724,26,1
12.18977,32.65613,26,1
14.24908,32.75,26,1
16.18997,32.6382,26,1
18.12976,32.56852,26,1
19.5296,30.61382,26,1
20.2959,27.7147,26,1
19.14092,27.17319,26,1
19.86931,26.94371,26,1
20.43125,24.58587,26,1
19.60659,22.97244,26,1
20.35838,20.31259,26,1
19.93946,19.11377,26,1
20.36,16.32165,26,1
19.12033,14.71087,26,1
17.15151,14.75167,26,1
15.78397,14.75,26,1
13.17979,13.63683,26,1
10.88357,11.70632,26,1
8.480946,9.715894,26,1
5.767577,8.738048,26,1
3.31619,7.313587,26,1
0.8368256,5.976,26,1
0.178912,5.278503,26,1
0.1594756,5.039291,26,1
-0.08347888,2.049145,26,1
-0.2292516,0.2550564,26,1
0.0234211,3.364808,26,1
0.2663756,6.354957,26,1
1.192175,8.195981,26,1
3.304599,8.004277,26,1
3.952599,9.715097,26,1
4.360995,10.34578,26,1
7.351477,10.58453,26,1
10.46183,10.82959,26,1
13.45255,11.06522,26,1
16.56291,11.31027,26,1
17.41331,12.73913,26,1
18.63593,14.02708,26,1
19.98047,15.49486,26,1
19.82492,17.61049,26,1
19.72,19.81074,26,1
19.61423,22.011,26,1
19.23542,24.05225,26,1
17.12222,24.42148,26,1
15.08188,23.84856,26,1
13.04329,23.77283,26,1
10.34566,25.08537,26,1
9.346809,25.63809,26,1
9.283249,27.90135,26,1
10.7541,29.10028,26,1
9.871703,32.14939,26,1
9.720135,34.94024,26,1
9.926396,37.72052,26,1
8.842435,39.84842,26,1
6.703216,39.41444,26,1
5.442101,42.00311,26,1
5.149324,44.90728,26,1
4.94824,47.80616,26,1
4.419862,50.61285,26,1
4.72,52.39375,26,1
4.72,55.37784,26,1
4.864785,56.79649,26,1
4.864785,56.79649,26,1
4.116828,58.12816,26,1
5.269145,58.88948,26,1
5.313952,56.93856,26,1
5.137776,57.94105,26,1
4.552085,59.97623,26,1
4.592065,60.79,26,1
7.588953,60.79,26,1
7.68351,58.67075,26,1
7.751591,57.22193,26,1
7.772078,57.22,26,1
5.477726,57.80678,26,1
3.48227,58.23077,26,1
2.12,58.23158,26,1
2.12,57.22,26,1
2.12,57.22,26,1
2.12,57.22,26,1
2.12,57.22,26,1
2.12,57.22,26,1
2.552013,57.22,26,1
3.643658,57.58443,26,1
5.549612,58.49582,26,1
5.549612,58.49582,26,1
4.836862,57.78371,26,1
5.05748,54.67147,26,1
5.278098,51.55924,26,1
5.718545,50.14594,26,1
7.919595,50.2962,26,1
9.368226,49.17335,26,1
10.43429,47.78743,26,1
10.97125,46.85198,26,1
10.2695,43.94142,26,1
9.958063,40.96833,26,1
9.903346,37.96883,26,1
9.848629,34.96934,26,1
10.5241,33.12438,26,1
12.06714,32.48509,26,1
14.1162,32.75,26,1
16.85928,31.95415,26,1
18.04543,31.13535,26,1
17.94764,29.46681,26,1
19.37159,26.6907,26,1
19.47683,24.62633,26,1
19.19975,23.67502,26,1
20.61642,20.89519,26,1
19.82094,18.86796,26,1
20.36,16.35911,26,1
20.77881,14.54624,26,1
19.32599,14.02346,26,1
19.29,14.88465,26,1
16.8173,14.74986,26,1
13.75098,14.75,26,1
10.77617,14.75,26,1
7.65688,14.75,26,1
4.677485,14.42649,26,1
1.846078,13.45995,26,1
-0.6079696,11.79244,26,1
-2.078449,9.47736,26,1
-2.078449,9.47736,26,1
-0.9000496,9.958369,26,1
-0.03300346,7.598869,26,1
0.09173281,4.487504,26,1
0.3599965,1.504796,26,1
0,0,27,1
0,0,27,1
0.03423809,1.559516,27,1
0.1529144,1.890638,27,1
1.682487,4.111974,27,1
2.01535,4.247818,27,1
4.469572,5.967043,27,1
7.190529,7.037012,27,1
10.21661,7.684837,27,1
12.91139,9.002548,27,1
15.38691,10.6678,27,1
17.38929,13.0597,27,1
18.87136,14.56826,27,1
19.80788,16.9186,27,1
19.72,19.84778,27,1
19.32999,21.65673,27,1
19.32999,21.65673,27,1
19.32999,21.65673,27,1
19.32999,21.65673,27,1
21.09932,23.77481,27,1
22.87008,26.18143,27,1
24.77023,28.43088,27,1
26.94113,30.64492,27,1
29.02188,32.63862,27,1
29.80565,35.23257,27,1
29.73852,38.3348,27,1
30.46636,39.93676,27,1
30.46636,39.93676,27,1
30.46636,39.93676,27,1
30.46636,39.93676,27,1
30.46636,39.93676,27,1
31.26774,42.19531,27,1
32.04539,45.09272,27,1
33.37065,47.88853,27,1
34.46306,50.63019,27,1
34.72,53.38524,27,1
34.83568,56.37849,27,1
35.04242,57.68017,27,1
35.04242,57.68017,27,1
35.04242,57.68017,27,1
35.04242,57.68017,27,1
35.35985,56.17322,27,1
35.31103,53.18212,27,1
34.86868,50.46737,27,1
34.86868,50.46737,27,1
32.12713,50.14915,27,1
29.14268,49.85123,27,1
26.52614,50.49642,27,1
24.72014,52.47514,27,1
24.72,55.52259,27,1
23.979,57.63629,27,1
23.979,57.63629,27,1
23.979,57.63629,27,1
23.979,57.63629,27,1
23.979,57.63629,27,1
25.63932,57.04861,27,1
25.66368,57.10869,27,1
25.66368,57.10869,27,1
25.66368,57.10869,27,1
25.36,54.32612,27,1
25.37941,51.31662,27,1
26.33194,48.85463,27,1
28.23019,46.55456,27,1
29.35495,43.79765,27,1
30.34165,40.84268,27,1
30.35994,37.99345,27,1
30.36,35.00992,27,1
30.62814,31.93011,27,1
30.83855,30.87082,27,1
30.83855,30.87082,27,1
28.11134,30.44676,27,1
25.13982,30.03647,27,1
22.15691,29.72037,27,1
19.04524,29.7429,27,1
16.06724,30.09653,27,1
13.13988,30.75208,27,1
11.48497,31.39015,27,1
11.16494,32.16679,27,1
9.971215,34.87449,27,1
9.72,37.95606,27,1
10.55861,40.72228,27,1
10.55861,40.72228,27,1
10.55861,40.72228,27,1
10.55861,40.72228,27,1
10.80034,42.01988,27,1
11.88247,44.79576,27,1
13.122,47.65884,27,1
13.76125,50.54153,27,1
14.89225,52.48281,27,1
14.72,55.54646,27,1
15.78985,58.03231,27,1
15.78985,58.03231,27,1
15.78985,58.03231,27,1
15.78985,58.03231,27,1
15.33475,56.54108,27,1
15.17958,53.55489,27,1
14.83603,50.37354,27,1
12.24442,49.59192,27,1
9.306608,50.19413,27,1
6.222677,50.10666,27,1
4.72,52.50384,27,1
4.72,55.43118,27,1
4.472253,58.3812,27,1
4.555618,59.33678,27,1
3.483697,58.56644,27,1
2.120001,57.29981,27,1
2.120001,57.29981,27,1
2.120001,57.29981,27,1
2.850869,58.33531,27,1
3.775515,58.21249,27,1
4.673867,57.92958,27,1
5.141661,54.97979,27,1
5.237225,51.87207,27,1
6.331401,48.99138,27,1
7.791882,46.24809,27,1
8.5763,43.1088,27,1
9.162486,40.16719,27,1
9.995739,37.37546,27,1
9.916372,34.25949,27,1
9.845805,31.26064,27,1
11.25951,28.74796,27,1
13.60708,26.69352,27,1
16.03045,24.7284,27,1
17.75513,22.78569,27,1
17.75513,22.78569,27,1
17.75513,22.78569,27,1
17.75513,22.78569,27,1
18.74481,22.10709,27,1
20.2459,20.11094,27,1
19.75549,17.07825,27,1
20.15565,14.34756,27,1
19.74677,12.34511,27,1
19.74677,12.34511,27,1
18.42955,11.30974,27,1
15.90727,9.757244,27,1
12.99229,8.645219,27,1
10.17589,7.620429,27,1
7.288568,6.805991,27,1
4.540706,5.618274,27,1
1.777939,4.187827,27,1
0.1829148,1.900694,27,1
0.01853305,1.19971,27,1
-0.1234465,-0.1126237,27,1
-0.1725198,2.135178,27,1
-2.298028,3.769361,27,1
-1.587727,3.956821,27,1
1.311713,4.726711,27,1
4.271255,5.699976,27,1
7.015883,6.911102,27,1
9.756461,8.131434,27,1
12.49511,9.356059,27,1
15.1996,10.90391,27,1
17.57188,12.71846,27,1
19.38126,15.01056,27,1
19.97296,17.81132,27,1
19.90716,20.93053,27,1
20.74159,23.72459,27,1
21.4542,24.68947,27,1
19.84839,26.30802,27,1
17.60208,28.29617,27,1
15.21452,30.2906,27,1
12.45433,31.46024,27,1
10.35456,33.37152,27,1
10.06021,36.46375,27,1
9.673937,39.41482,27,1
7.908422,41.98326,27,1
6.814251,44.88594,27,1
6.249413,47.94193,27,1
5.303899,50.76788,27,1
5.36,53.87505,27,1
4.717498,56.61676,27,1
4.395524,57.1074,27,1
2.496895,57.6409,27,1
3.695566,57.58444,27,1
5.581398,57.68089,27,1
5.141335,56.31002,27,1
4.834275,53.34396,27,1
5.226757,50.25047,27,1
6.701096,47.37513,27,1
8.27535,44.68144,27,1
9.391187,42.04594,27,1
9.64251,38.94147,27,1
9.827604,35.9748,27,1
9.897489,32.9769,27,1
10.01569,30.0711,27,1
12.333,28.01528,27,1
14.95619,26.55972,27,1
17.12889,24.52365,27,1
18.90294,21.9606,27,1
19.76314,19.56435,27,1
19.72,16.45216,27,1
18.55097,13.93013,27,1
15.92478,12.48157,27,1
13.17356,11.01013,27,1
10.52971,9.592351,27,1
7.885861,8.174571,27,1
5.009021,6.970221,27,1
2.306331,5.680402,27,1
0.7069619,3.143422,27,1
-0.01140107,0.5980289,27,1
-0.07919674,2.964427,27,1
-2.252898,4.278189,27,1
0.3661454,4.305126,27,1
3.207655,5.255007,27,1
6.115991,6.383339,27,1
8.885277,7.537021,27,1
11.76773,8.731125,27,1
14.49341,9.979169,27,1
17.09151,11.47311,27,1
19.19598,13.73043,27,1
19.77205,16.62461,27,1
19.72,19.62389,27,1
18.68684,22.43944,27,1
16.51402,24.67827,27,1
14.33682,26.91304,27,1
12.24922,29.06755,27,1
10.76482,31.77845,27,1
10.00311,34.67514,27,1
9.72,37.75277,27,1
8.843162,40.52747,27,1
7.098731,42.96603,27,1
6.232393,45.83421,27,1
5.468841,48.73539,27,1
4.992678,51.81542,27,1
4.79698,54.92842,27,1
4.276418,57.19494,27,1
2.119996,57.60067,27,1
2.12,57.60067,27,1
2.12,57.60067,27,1
2.12,57.60067,27,1
3.094422,57.47763,27,1
4.51663,56.90396,27,1
4.72,54.00358,27,1
5.259864,51.0678,27,1
6.732902,48.32239,27,1
7.816493,45.41971,27,1
8.707595,42.31596,27,1
9.654566,39.49689,27,1
10.09036,36.65006,27,1
10.36,33.56599,27,1
11.90335,31.18779,27,1
14.33689,29.457,27,1
16.38222,27.10122,27,1
18.14326,24.6766,27,1
19.41256,21.95965,27,1
19.78352,19.02522,27,1
19.72685,16.02589,27,1
20.35778,12.99341,27,1
18.20988,11.428,27,1
15.21391,10.56033,27,1
12.44725,9.406328,27,1
9.645479,8.033548,27,1
6.89909,6.831875,27,1
3.970577,5.756641,27,1
1.34324,4.371794,27,1
0.1082032,1.692802,27,1
0.08060472,1.093438,27,1
0.06053449,0.6138576,27,1
-0.5651852,3.421692,27,1
0.7610263,3.741715,27,1
3.690949,4.386198,27,1
6.622043,5.025469,27,1
9.606782,5.91273,27,1
12.45715,7.179262,27,1
15.15451,8.491092,27,1
17.44074,10.58479,27,1
19.23858,13.13446,27,1
20.00206,15.85447,27,1
19.86871,18.9716,27,1
19.00266,21.84468,27,1
17.17763,24.21708,27,1
15.02753,26.64084,27,1
13.11716,28.79604,27,1
11.05492,31.13728,27,1
9.996686,33.85779,27,1
9.720135,36.84051,27,1
9.264695,39.67627,27,1
7.886268,42.47522,27,1
6.607858,45.18853,27,1
5.579608,48.12514,27,1
5.30973,50.99153,27,1
5.04159,54.09965,27,1
4.657955,56.76565,27,1
3.83588,57.51117,27,1
2.118742,57.33364,27,1
2.531692,57.58044,27,1
4.785831,58.95353,27,1
4.351242,57.08839,27,1
4.72,54.81942,27,1
4.720181,51.57945,27,1
5.608776,48.70174,27,1
7.670144,46.37568,27,1
8.762146,43.5848,27,1
9.667261,40.72464,27,1
9.956941,37.75616,27,1
10.0523,34.75824,27,1
11.34762,32.11292,27,1
13.66291,30.20973,27,1
15.75603,28.07373,27,1
17.68433,25.77665,27,1
18.9352,23.06702,27,1
19.74044,20.19917,27,1
19.72,17.08016,27,1
19.35055,14.15384,27,1
16.92185,12.43293,27,1
14.30324,10.96907,27,1
11.52754,9.544649,27,1
8.865014,8.162395,27,1
6.210152,6.765358,27,1
3.466552,5.280098,27,1
1.063541,3.45823,27,1
-0.081681,1.16312,27,1
-0.2800004,0.1283791,27,1
0.1323883,2.230669,27,1
-1.750482,3.864863,27,1
0.873265,3.605047,27,1
3.974639,3.901664,27,1
6.937911,4.369628,27,1
9.900949,4.839146,27,1
12.85796,5.34077,27,1
15.88034,6.093144,27,1
17.60221,8.499513,27,1
18.78429,11.38591,27,1
19.84874,14.31622,27,1
20.36,17.25623,27,1
19.73683,20.15236,27,1
18.41461,22.74087,27,1
16.28074,24.84864,27,1
14.08796,26.89282,27,1
12.00492,29.21339,27,1
10.45712,31.77427,27,1
9.72716,34.65656,27,1
9.72,37.74422,27,1
8.773636,40.45754,27,1
7.208787,43.1567,27,1
6.007158,45.89704,27,1
5.27734,48.93043,27,1
4.795727,51.88905,27,1
4.72,54.87906,27,1
3.995906,57.43786,27,1
3.184245,57.60182,27,1
2.12,57.646,27,1
4.627805,57.73788,27,1
5.076286,57.9084,27,1
4.72,55.46336,27,1
4.72,52.53248,27,1
4.722003,49.45591,27,1
6.276989,46.6452,27,1
7.91262,44.13454,27,1
9.1471,41.40337,27,1
9.921733,38.50723,27,1
10.04771,35.51939,27,1
9.286668,32.73001,27,1
9.656528,30.30714,27,1
12.19639,28.71199,27,1
14.61071,26.73829,27,1
16.88147,24.77777,27,1
19.0017,22.66669,27,1
20.00751,19.75504,27,1
20.19621,16.77228,27,1
18.83227,14.18464,27,1
16.48923,12.32315,27,1
13.59709,11.15788,27,1
10.82508,10.01176,27,1
7.854479,8.718753,27,1
5.126887,7.469654,27,1
2.528755,5.768389,27,1
0.7101138,3.458176,27,1
0,0,28,0
0,0,28,0
-0.2262239,1.785715,28,0
-0.04716296,4.620407,28,0
-1.105337,5.421716,28,0
-2.45487,3.974211,28,0
-3.639324,3.88313,28,0
-6.181292,5.691913,28,0
-8.693702,7.330976,28,0
-10.50966,8.694131,28,0
-13.41073,7.930124,28,0
-13.08037,10.08696,28,0
-14.07653,8.214094,28,0
-15.56166,6.766677,28,0
-17.52663,5.789202,28,0
-19.61485,5.418202,28,0
-20.5105,6.86465,28,0
-19.98039,9.704148,28,0
-20.51151,12.77839,28,0
-19.70205,15.56674,28,0
-20.06152,18.54503,28,0
-20.4031,21.51962,28,0
-20.40624,21.87943,28,0
-20.40624,21.87943,28,0
-20.40624,21.87943,28,0
-20.40624,21.87943,28,0
-20.40624,21.87943,28,0
-19.80918,22.47028,28,0
-17.59152,24.66489,28,0
-15.45914,26.77508,28,0
-13.91943,29.13441,28,0
-11.61352,30.81943,28,0
-10.67278,32.92902,28,0
-9.717998,35.46618,28,0
-9.910872,38.45721,28,0
-10.31835,38.69203,28,0
-10.31835,38.69203,28,0
-9.40048,39.80156,28,0
-7.817239,39.39246,28,0
-7.577959,39.31,28,0
-7.577959,39.31,28,0
-7.577959,39.31,28,0
-7.577959,39.31,28,0
-7.222549,40.35424,28,0
-7.222549,40.35424,28,0
-7.05743,40.39343,28,0
-5.9089,41.67987,28,0
-5.956912,44.48172,28,0
-5.597336,47.33493,28,0
-5.364897,50.17572,28,0
-4.640088,53.06421,28,0
-4.64,54.69764,28,0
-4.64,55.084,28,0
-4.64,55.88949,28,0
-4.390963,57.01314,28,0
-3.630583,59.016,28,0
-4.224362,60.63701,28,0
-4.224362,60.63701,28,0
-4.224362,60.63701,28,0
-4.224362,60.63701,28,0
-4.224362,60.63701,28,0
-4.357066,60.17572,28,0
-4.507737,57.78047,28,0
-4.76092,54.81385,28,0
-4.956792,51.70002,28,0
-6.700445,49.3975,28,0
-8.667388,48.87241,28,0
-11.34665,49.91938,28,0
-13.39684,50.06576,28,0
-13.45075,50.00024,28,0
-13.45075,50.00024,28,0
-14.70043,49.27975,28,0
-14.25613,49.52833,28,0
-14.25613,49.52833,28,0
-14.25613,49.52833,28,0
-14.6873,52.17341,28,0
-15.28,55.19963,28,0
-14.80948,58.19085,28,0
-13.78469,58.78229,28,0
-13.78469,58.78229,28,0
-13.78469,58.78229,28,0
-13.78469,58.78229,28,0
-13.78469,58.78229,28,0
-12.85668,58.88208,28,0
-13.36559,58.89672,28,0
-14.08995,57.8373,28,0
-14.76836,55.24018,28,0
-14.64001,52.26588,28,0
-13.55691,50.29461,28,0
-11.39608,50.71221,28,0
-10.12553,48.50735,28,0
-9.501736,45.5729,28,0
-9.05855,42.67191,28,0
-9.066895,39.8546,28,0
-9.640049,37.86453,28,0
-9.64,34.86627,28,0
-9.582789,31.74809,28,0
-9.57053,31.38829,28,0
-9.57053,31.38829,28,0
-9.57053,31.38829,28,0
-9.57053,31.38829,28,0
-9.57053,31.38829,28,0
-9.949483,30.62934,28,0
-10.72918,29.02709,28,0
-10.99705,28.49693,28,0
-11.56891,27.35984,28,0
-14.53187,26.3825,28,0
-17.49661,25.41052,28,0
-19.97931,24.15937,28,0
-20.52121,23.00769,28,0
-22.83594,24.68573,28,0
-23.64425,27.57177,28,0
-24.67849,30.33335,28,0
-25.44506,30.45882,28,0
-27.5618,30.31957,28,0
-29.17181,31.33738,28,0
-29.70154,34.05635,28,0
-29.94642,37.16671,28,0
-30.07515,38.84172,28,0
-30.07515,38.84172,28,0
-30.07515,38.84172,28,0
-30.68825,39.29703,28,0
-31.30136,39.75235,28,0
-31.30136,39.75235,28,0
-31.30136,39.75235,28,0
-31.30136,39.75235,28,0
-31.30136,39.75235,28,0
-31.30136,39.75235,28,0
-32.20485,39.51805,28,0
-33.52385,39.31,28,0
-34.48853,41.8837,28,0
-35.23896,44.91204,28,0
-35.6501,47.88082,28,0
-35.78817,50.79565,28,0
-34.95591,53.34899,28,0
-34.96477,55.26889,28,0
-35.01849,56.22738,28,0
-35.07725,57.30575,28,0
-35.07725,57.30575,28,0
-35.07725,57.30575,28,0
-35.07725,57.30575,28,0
-35.07725,57.30575,28,0
-35.07725,57.30575,28,0
-33.1876,57.64584,28,0
-33.1876,57.64584,28,0
-33.1876,57.64584,28,0
-33.1876,57.64584,28,0
-34.50292,57.54951,28,0
-35.90631,57.36893,28,0
-36.83973,57.55254,28,0
-36.83973,57.55254,28,0
-36.83973,57.55254,28,0
-36.83973,57.55254,28,0
-36.83973,57.55254,28,0
-36.83973,57.55254,28,0
-36.83973,57.55254,28,0
-37.88111,57.74875,28,0
-37.88,58.03415,28,0
-37.88,58.03415,28,0
-36.42617,59.45889,28,0
-36.54942,59.22908,28,0
-36.54942,59.22908,28,0
-36.54942,59.22908,28,0
-36.16553,59.04846,28,0
-34.76058,57.85199,28,0
-35.28,55.20161,28,0
-35.28,54.15059,28,0
-35.02634,53.22471,28,0
-34.32054,50.21466,28,0
-33.55437,48.77055,28,0
-33.55437,48.77055,28,0
-33.55437,48.77055,28,0
-33.55437,48.77055,28,0
-33.55437,48.77055,28,0
-32.96828,48.42808,28,0
-32.31196,48.03765,28,0
-30.27407,46.99563,28,0
-28.26391,46.32992,28,0
-26.23025,48.33302,28,0
-24.41452,49.53567,28,0
-24.41452,49.53567,28,0
-24.41452,49.53567,28,0
-23.25,49.7,28,0
-24.57944,49.42467,28,0
-25.14344,52.00364,28,0
-25.28,55.01355,28,0
-25.30317,56.6946,28,0
-25.30317,56.6946,28,0
-25.33467,57.20208,28,0
-24.73616,57.15971,28,0
-24.15733,57.31784,28,0
-24.15733,57.31784,28,0
-24.15733,57.31784,28,0
-24.15733,57.31784,28,0
-23.75713,58.16107,28,0
-23.75713,58.16107,28,0
-23.75713,58.16107,28,0
-23.75713,58.16107,28,0
-24.68795,56.178,28,0
-24.64,53.20097,28,0
-25.11207,50.33384,28,0
-27.43528,48.86319,28,0
-28.28997,45.8634,28,0
-28.8185,42.92352,28,0
-28.97833,39.93139,28,0
-29.81892,37.26862,28,0
-29.65033,34.18472,28,0
-29.31811,32.48786,28,0
-29.31811,32.48786,28,0
-29.31811,32.48786,28,0
-29.31811,32.48786,28,0
-28.72259,32.08317,28,0
-26.24234,30.39547,28,0
-26.24234,30.39547,28,0
-26.24234,30.39547,28,0
-26.24234,30.39547,28,0
-26.24234,30.39547,28,0
-26.24234,30.39547,28,0
-26.24234,30.39547,28,0
-26.24234,30.39547,28,0
-26.24234,30.39547,28,0
-26.24234,30.39547,28,0
-24.93805,30.19244,28,0
-21.97255,29.73878,28,0
-19.59952,29.3802,28,0
-19.00354,29.4495,28,0
-16.02255,29.78662,28,0
-13.07866,30.33096,28,0
-10.4047,31.88287,28,0
-10.0805,32.38552,28,0
-10.0805,32.38552,28,0
-10.0805,32.38552,28,0
-10.0805,32.38552,28,0
-11.3514,30.07156,28,0
-12.40456,27.30221,28,0
-13.77713,24.8254,28,0
-16.41992,23.30283,28,0
-19.01538,23.64462,28,0
-19.73442,26.55577,28,0
-19.60371,29.13091,28,0
-19.03766,29.32972,28,0
-19.03766,29.32972,28,0
-19.03766,29.32972,28,0
-20.11587,29.39184,28,0
-20.59346,29.43981,28,0
-20.80464,30.70393,28,0
-19.17316,30.39695,28,0
-19.09409,29.98016,28,0
-18.585,30.29769,28,0
-15.88828,31.70775,28,0
-13.01563,32.55821,28,0
-12.279,32.74997,28,0
-12.68329,32.75,28,0
-12.68329,32.75,28,0
-12.68329,32.75,28,0
-12.68329,32.75,28,0
-12.68329,32.75,28,0
-14.13338,31.49158,28,0
-15.863,29.24837,28,0
-14.59792,27.41363,28,0
-12.58826,26.90911,28,0
-10.97668,26.86942,28,0
-10.98242,29.0294,28,0
-10.9907,32.14937,28,0
-10.23415,34.83506,28,0
-10.24243,37.95504,28,0
-10.24657,39.51502,28,0
-10.24657,39.51502,28,0
-10.24657,39.51502,28,0
-10.24657,39.51502,28,0
-10.24657,39.51502,28,0
-10.24657,39.51502,28,0
-9.990988,40.68748,28,0
-8.777198,43.38087,28,0
-7.072643,45.99264,28,0
-5.666838,48.76498,28,0
-5.000766,51.68927,28,0
-5.28,54.73057,28,0
-4.871573,57.74114,28,0
-2.77679,58.20555,28,0
-4.460371,58.83862,28,0
-6.918962,59.38419,28,0
-6.918962,59.38419,28,0
-6.918962,59.38419,28,0
-6.918962,59.38419,28,0
-6.918962,59.38419,28,0
-6.918962,59.38419,28,0
-6.918962,59.38419,28,0
-5.460774,57.63156,28,0
-4.706744,55.29398,28,0
-4.740186,52.89674,28,0
-4.699895,50.97718,28,0
-4.805566,47.92462,28,0
-6.922291,47.69332,28,0
-7.261282,47.67643,28,0
-8.6646,48.14616,28,0
-8.950702,49.98883,28,0
-10.74138,49.80589,28,0
-11.92471,48.40511,28,0
-11.92471,48.40511,28,0
-11.92471,48.40511,28,0
-12.33978,48.64618,28,0
-13.86955,50.41779,28,0
-13.4646,50.49969,28,0
-13.11897,50.40892,28,0
-14.68365,49.50517,28,0
-15.32317,49.83593,28,0
-15.26652,51.60414,28,0
-15.28,54.60341,28,0
-14.5273,56.75372,28,0
-13.46388,58.50661,28,0
-13.5565,60.09404,28,0
-13.5565,60.09404,28,0
-13.61183,60.79,28,0
-13.0669,60.79,28,0
-13.39948,60.79,28,0
-14.91561,59.97205,28,0
-14.74206,56.97766,28,0
-14.64,54.18058,28,0
-14.5781,51.17091,28,0
-12.34471,49.12816,28,0
-11.07966,46.4369,28,0
-9.961721,43.52411,28,0
-9.111093,40.65937,28,0
-9.645901,38.32069,28,0
-9.64,35.2066,28,0
-9.578765,32.21436,28,0
-10.2055,31.23228,28,0
-12.3354,30.16506,28,0
-14.59153,30.90841,28,0
-16.58697,31.33246,28,0
-19.50185,30.86716,28,0
-22.5585,31.19438,28,0
-23.47716,31.473,28,0
-25.81515,30.93097,28,0
-28.01818,31.45679,28,0
-28.57215,31.68724,28,0
-30.61679,33.02718,28,0
-30.40473,33.16211,28,0
-30.28,34.97739,28,0
-30.28,37.83382,28,0
-30.25138,37.95036,28,0
-29.58237,40.99734,28,0
-28.9658,44.05582,28,0
-28.66874,47.10774,28,0
-28.75031,47.33336,28,0
-28.75031,47.33336,28,0
-27.43453,49.19535,28,0
-25.58121,51.07787,28,0
-24.75564,53.93591,28,0
-24.64001,55.36679,28,0
-24.76773,56.19702,28,0
-25.16906,57.10542,28,0
-25.95012,57.3978,28,0
-25.95012,57.3978,28,0
-25.95012,57.3978,28,0
-25.98121,57.82093,28,0
-26.06826,59.00568,28,0
-26.03717,58.58255,28,0
-25.98743,57.90555,28,0
-27.54322,57.79124,28,0
-27.88,57.58022,28,0
-27.75564,57.22,28,0
-27.75564,57.22,28,0
-27.75564,57.22,28,0
-26.97357,57.43985,28,0
-25.47672,56.90138,28,0
-25.28,55.11902,28,0
-25.28,53.72536,28,0
-25.28,53.471,28,0
-25.02707,52.18052,28,0
-25.27807,49.38336,28,0
-27.05627,46.96873,28,0
-28.25649,44.14602,28,0
-29.3664,41.24477,28,0
-29.6638,38.24035,28,0
-29.66085,35.24293,28,0
-29.55205,32.2509,28,0
-27.96141,29.97481,28,0
-25.48699,28.15843,28,0
-23.31486,26.17147,28,0
-21.10451,24.18338,28,0
-20.0799,21.36378,28,0
-19.64,18.54386,28,0
-19.64,15.61114,28,0
-18.86322,12.63212,28,0
-18.31937,10.87284,28,0
-18.00496,10.6975,28,0
-16.44915,9.793525,28,0
-14.71566,10.27761,28,0
-11.81792,11.05418,28,0
-9.122808,12.2436,28,0
-6.493287,13.71,28,0
-3.556154,14.29994,28,0
-1.239454,14.75,28,0
-1.090931,14.75,28,0
-1.090931,14.75,28,0
-1.090931,14.75,28,0
-1.090931,14.75,28,0
-0.8425946,11.76048,28,0
-0.6036422,8.77006,28,0
-0.5689529,5.77035,28,0
-0.4127916,2.846067,28,0
-0.2445371,-0.05420512,28,0
-0.2303196,-1.746831,28,0
-0.2832962,-1.75,28,0
-0.2799999,-1.75,28,0
-0.28,-0.2748626,28,0
-0.2799999,1.05994,28,0
-0.2799999,1.05994,28,0
-0.2799999,-1.459639,28,0
-0.2799999,-1.75,28,0
-0.2799999,-1.75,28,0
-0.2799999,-1.75,28,0
-0.2799999,-1.75,28,0
-0.2799999,-1.390159,28,0
-0.2799999,1.599439,28,0
0.04619967,3.998417,28,0
0.3969041,4.326061,28,0
0.3969041,4.326061,28,0
2.169029,5.06463,28,0
5.045243,5.400326,28,0
7.774415,6.468032,28,0
10.76265,7.21036,28,0
13.74779,7.508479,28,0
16.85203,7.821645,28,0
19.95329,8.16293,28,0
22.93429,8.500101,28,0
25.91429,8.845693,28,0
28.71561,9.632619,28,0
27.81646,12.28861,28,0
27.06405,12.85322,28,0
25.63318,12.69137,28,0
22.542,12.28906,28,0
19.58521,11.29713,28,0
16.72252,10.39984,28,0
13.69625,9.655871,28,0
10.67312,10.38809,28,0
7.667631,10.5463,28,0
4.763741,9.409906,28,0
1.946515,8.37877,28,0
-0.9536345,8.171426,28,0
-3.809275,9.090839,28,0
-6.862606,9.610995,28,0
-9.858502,9.767827,28,0
-12.8544,9.924659,28,0
-14.86791,10.65374,28,0
-14.86791,10.65374,28,0
-17.14346,10.79613,28,0
-20.25733,10.99185,28,0
-23.25144,11.18003,28,0
-26.29354,10.89454,28,0
-27.95471,8.534182,28,0
-27.72885,8.114552,28,0
-27.72885,8.114552,28,0
-26.44949,9.543489,28,0
-24.39576,11.73031,28,0
-21.99206,13.68314,28,0
-20.17868,15.77193,28,0
-19.68942,18.73166,28,0
-19.69183,20.51598,28,0
-19.69183,20.51598,28,0
-19.83364,21.82831,28,0
-19.6862,24.86437,28,0
-16.97167,25.64033,28,0
-16.97167,25.64033,28,0
-16.97167,25.64033,28,0
-16.97167,25.64033,28,0
-16.97167,25.64033,28,0
-19.32977,26.0868,28,0
-22.27267,26.66877,28,0
-24.9823,28.13103,28,0
-27.11232,30.24344,28,0
-29.41344,32.34678,28,0
-30.28,34.84859,28,0
-30.28,37.83544,28,0
-30.72641,39.20758,28,0
-31.41859,40.03242,28,0
-33.94282,39.99095,28,0
-34.28557,39.88087,28,0
-34.05828,41.56681,28,0
-33.80363,44.66167,28,0
-34.85825,47.69972,28,0
-36.27455,48.30256,28,0
-36.75,49.80929,28,0
-36.33926,50.2761,28,0
-33.52721,48.92604,28,0
-30.70402,47.91522,28,0
-27.90565,48.88824,28,0
-27.0254,49.51391,28,0
-26.39308,49.85303,28,0
-24.64006,51.86078,28,0
-24.94169,54.83742,28,0
-25.02,56.39544,28,0
-25.10964,58.19319,28,0
-25.10964,58.19319,28,0
-25.10964,58.19319,28,0
-25.10964,58.19319,28,0
-25.10964,58.19319,28,0
-25.10964,58.19319,28,0
-25.10964,58.19319,28,0
-25.10964,58.19319,28,0
-25.10964,58.19319,28,0
-25.10964,58.19319,28,0
-24.76194,55.94316,28,0
-25.07198,52.96167,28,0
-25.52628,49.87835,28,0
-26.06252,49.09873,28,0
-27.20718,48.73893,28,0
-30.26336,49.06621,28,0
-33.3469,49.50367,28,0
-35.27805,51.87012,28,0
-35.28,54.7792,28,0
-35.28,56.17213,28,0
-35.59885,57.01459,28,0
-35.59885,57.01459,28,0
-35.59885,57.01459,28,0
-34.35172,57.95074,28,0
-35.60169,57.00028,28,0
-36.21586,57.53224,28,0
-34.40737,58.17584,28,0
-33.36286,58.33458,28,0
-33.75568,59.21052,28,0
-34.98325,60.79,28,0
-35.17802,60.79,28,0
-35.17802,60.79,28,0
-35.17802,60.79,28,0
-34.33499,58.16366,28,0
-34.71434,56.06743,28,0
-34.64,52.95927,28,0
-33.75616,50.3416,28,0
-31.94795,47.807,28,0
-30.30725,45.2954,28,0
-29.27956,42.53262,28,0
-28.95011,39.55077,28,0
-29.64,37.59346,28,0
-29.64,34.4939,28,0
-29.21166,32.78621,28,0
-28.40181,30.93856,28,0
-28.47307,30.2242,28,0
-28.47307,30.2242,28,0
-28.47307,30.2242,28,0
-28.47307,30.2242,28,0
-28.47307,30.2242,28,0
-28.47307,30.2242,28,0
-26.48779,31.34523,28,0
-23.49975,32.18652,28,0
-20.92038,32.75,28,0
-18.3991,32.08567,28,0
-18.3991,32.08567,28,0
-18.7093,32.26836,28,0
-19.0066,32.75,28,0
-19.07822,32.75,28,0
-19.33971,32.74899,28,0
-18.70221,30.06362,28,0
-18.00927,27.14476,28,0
-17.31633,24.2259,28,0
-18.71159,21.66504,28,0
-19.56335,20.79336,28,0
-20.20882,19.78308,28,0
-20.28,18.48744,28,0
-20.28,20.30437,28,0
-20.58846,21.93354,28,0
-20.26358,20.48145,28,0
-20.12201,17.48481,28,0
-20.00589,14.72741,28,0
-20.00589,14.72741,28,0
-20.00589,14.72741,28,0
-20.00589,14.72741,28,0
-20.00589,14.72741,28,0
-22.50002,13.54554,28,0
-23.22277,13.10916,28,0
-22.27586,11.11655,28,0
-21.83743,10.19754,28,0
-21.83743,10.19754,28,0
-21.54355,9.585633,28,0
-21.54355,9.585633,28,0
-21.54355,9.585633,28,0
-21.54355,9.585633,28,0
-21.54355,9.585633,28,0
-21.54355,9.585633,28,0
-21.54355,9.585633,28,0
-21.54355,9.585633,28,0
-21.54355,9.585633,28,0
-21.54355,9.585633,28,0
-21.54355,9.585633,28,0
-21.54355,9.585633,28,0
-21.54355,9.585633,28,0
-21.54355,9.585633,28,0
-21.54355,9.585633,28,0
-21.54355,9.585633,28,0
-20.73537,7.902887,28,0
-20.84558,8.132352,28,0
-19.84344,9.649118,28,0
-17.78818,10.63623,28,0
-17.78818,10.63623,28,0
-17.78818,10.63623,28,0
-17.78818,10.63623,28,0
-17.78818,10.63623,28,0
-17.78818,10.63623,28,0
-17.78818,10.63623,28,0
-17.78818,10.63623,28,0
-17.78818,10.63623,28,0
-17.78818,10.63623,28,0
-17.78818,10.63623,28,0
-17.78818,10.63623,28,0
-17.78818,10.63623,28,0
-17.78818,10.63623,28,0
-17.78818,10.63623,28,0
-17.78818,10.63623,28,0
-17.78818,10.63623,28,0
-17.78818,10.63623,28,0
-17.78818,10.63623,28,0
-17.78818,10.63623,28,0
-17.78818,10.63623,28,0
-17.78818,10.63623,28,0
-17.78818,10.63623,28,0
-17.78818,10.63623,28,0
-17.78818,10.63623,28,0
-17.78818,10.63623,28,0
-17.78818,10.63623,28,0
-17.78818,10.63623,28,0
-17.78818,10.63623,28,0
-17.78818,10.63623,28,0
-17.78818,10.63623,28,0
-17.78818,10.63623,28,0
-17.78818,10.63623,28,0
-17.78818,10.63623,28,0
-17.78818,10.63623,28,0
-17.78818,10.63623,28,0
-17.78818,10.63623,28,0
-17.78818,10.63623,28,0
-17.78818,10.63623,28,0
-17.78818,10.63623,28,0
-17.78818,10.63623,28,0
-17.78818,10.63623,28,0
-17.78818,10.63623,28,0
-17.78818,10.63623,28,0
-17.78818,10.63623,28,0
-17.78818,10.63623,28,0
-17.78818,10.63623,28,0
-17.78818,10.63623,28,0
-17.78818,10.63623,28,0
-17.78818,10.63623,28,0
-17.78818,10.63623,28,0
-17.78818,10.63623,28,0
-17.78818,10.63623,28,0
-17.78818,10.63623,28,0
-17.78818,10.63623,28,0
-17.78818,10.63623,28,0
-17.78818,10.63623,28,0
-17.78818,10.63623,28,0
-17.78818,10.63623,28,0
-17.78818,10.63623,28,0
-17.78818,10.63623,28,0
-17.78818,10.63623,28,0
-17.78818,10.63623,28,0
-17.78818,10.63623,28,0
-17.78818,10.63623,28,0
-17.78818,10.63623,28,0
-17.78818,10.63623,28,0
-17.78818,10.63623,28,0
-17.78818,10.63623,28,0
-17.78818,10.63623,28,0
-17.78818,10.63623,28,0
-17.78818,10.63623,28,0
-17.78818,10.63623,28,0
-17.78818,10.63623,28,0
-17.78818,10.63623,28,0
-17.78818,10.63623,28,0
-17.78818,10.63623,28,0
-17.78818,10.63623,28,0
-17.78818,10.63623,28,0
-17.78818,10.63623,28,0
-17.78818,10.63623,28,0
-17.78818,10.63623,28,0
-17.78818,10.63623,28,0
-17.78818,10.63623,28,0
-17.78818,10.63623,28,0
-17.78818,10.63623,28,0
-17.78818,10.63623,28,0
-17.78818,10.63623,28,0
-17.78818,10.63623,28,0
-17.78818,10.63623,28,0
-17.78818,10.63623,28,0
-17.78818,10.63623,28,0
-17.78818,10.63623,28,0
-17.78818,10.63623,28,0
-17.78818,10.63623,28,0
-17.78818,10.63623,28,0
-17.78818,10.63623,28,0
-17.78818,10.63623,28,0
-17.78818,10.63623,28,0
-17.78818,10.63623,28,0
-17.78818,10.63623,28,0
-17.78818,10.63623,28,0
-17.78818,10.63623,28,0
-17.78818,10.63623,28,0
-17.78818,10.63623,28,0
-17.78818,10.63623,28,0
-17.78818,10.63623,28,0
-17.78818,10.63623,28,0
-17.78818,10.63623,28,0
-17.78818,10.63623,28,0
-17.78818,10.63623,28,0
-17.78818,10.63623,28,0
-17.78818,10.63623,28,0
-17.78818,10.63623,28,0
-17.78818,10.63623,28,0
-17.78818,10.63623,28,0
-17.78818,10.63623,28,0
-17.78818,10.63623,28,0
-17.78818,10.63623,28,0
-17.78818,10.63623,28,0
-17.78818,10.63623,28,0
-17.78818,10.63623,28,0
-17.78818,10.63623,28,0
-17.78818,10.63623,28,0
-17.78818,10.63623,28,0
-17.78818,10.63623,28,0
-17.78818,10.63623,28,0
-17.78818,10.63623,28,0
-17.78818,10.63623,28,0
-17.78818,10.63623,28,0
-17.78818,10.63623,28,0
-17.78818,10.63623,28,0
-17.78818,10.63623,28,0
-17.78818,10.63623,28,0
-17.78818,10.63623,28,0
-17.78818,10.63623,28,0
-17.78818,10.63623,28,0
-17.78818,10.63623,28,0
-17.78818,10.63623,28,0
-17.78818,10.63623,28,0
-17.78818,10.63623,28,0
-17.78818,10.63623,28,0
-17.78818,10.63623,28,0
-17.78818,10.63623,28,0
-17.78818,10.63623,28,0
-17.78818,10.63623,28,0
-17.78818,10.63623,28,0
-17.78818,10.63623,28,0
-17.78818,10.63623,28,0
-17.78818,10.63623,28,0
-17.78818,10.63623,28,0
-17.78818,10.63623,28,0
-17.78818,10.63623,28,0
-17.78818,10.63623,28,0
-17.78818,10.63623,28,0
-17.78818,10.63623,28,0
-17.78818,10.63623,28,0
-17.78818,10.63623,28,0
-17.78818,10.63623,28,0
-17.78818,10.63623,28,0
-17.78818,10.63623,28,0
-17.78818,10.63623,28,0
-17.78818,10.63623,28,0
-17.78818,10.63623,28,0
-17.78818,10.63623,28,0
-17.78818,10.63623,28,0
-17.78818,10.63623,28,0
-17.78818,10.63623,28,0
-17.78818,10.63623,28,0
-17.78818,10.63623,28,0
-17.78818,10.63623,28,0
-17.78818,10.63623,28,0
-17.78818,10.63623,28,0
-17.78818,10.63623,28,0
-17.78818,10.63623,28,0
-17.78818,10.63623,28,0
-17.78818,10.63623,28,0
-17.78818,10.63623,28,0
-17.78818,10.63623,28,0
-17.78818,10.63623,28,0
-17.78818,10.63623,28,0
-17.78818,10.63623,28,0
-17.78818,10.63623,28,0
-17.78818,10.63623,28,0
-17.78818,10.63623,28,0
-17.78818,10.63623,28,0
-17.78818,10.63623,28,0
-17.78818,10.63623,28,0
-17.78818,10.63623,28,0
-17.78818,10.63623,28,0
-17.78818,10.63623,28,0
-17.78818,10.63623,28,0
-17.78818,10.63623,28,0
-17.78818,10.63623,28,0
-17.78818,10.63623,28,0
-17.78818,10.63623,28,0
-17.78818,10.63623,28,0
-17.78818,10.63623,28,0
-17.78818,10.63623,28,0
-17.78818,10.63623,28,0
-17.78818,10.63623,28,0
-17.78818,10.63623,28,0
-17.78818,10.63623,28,0
-17.78818,10.63623,28,0
-17.78818,10.63623,28,0
-17.78818,10.63623,28,0
-17.78818,10.63623,28,0
-17.78818,10.63623,28,0
-17.78818,10.63623,28,0
-17.78818,10.63623,28,0
-17.78818,10.63623,28,0
-17.78818,10.63623,28,0
-17.78818,10.63623,28,0
-17.78818,10.63623,28,0
-17.78818,10.63623,28,0
-17.78818,10.63623,28,0
-17.78818,10.63623,28,0
-17.78818,10.63623,28,0
-17.78818,10.63623,28,0
-17.78818,10.63623,28,0
-17.78818,10.63623,28,0
-17.78818,10.63623,28,0
-17.78818,10.63623,28,0
-17.78818,10.63623,28,0
-17.78818,10.63623,28,0
-17.78818,10.63623,28,0
-17.78818,10.63623,28,0
-17.78818,10.63623,28,0
-17.78818,10.63623,28,0
-17.78818,10.63623,28,0
-17.78818,10.63623,28,0
-17.78818,10.63623,28,0
-17.78818,10.63623,28,0
-17.78818,10.63623,28,0
-17.78818,10.63623,28,0
-17.78818,10.63623,28,0
-17.78818,10.63623,28,0
-17.78818,10.63623,28,0
-17.78818,10.63623,28,0
-17.78818,10.63623,28,0
-17.78818,10.63623,28,0
-17.78818,10.63623,28,0
-17.78818,10.63623,28,0
-17.78818,10.63623,28,0
-17.78818,10.63623,28,0
-17.78818,10.63623,28,0
-17.78818,10.63623,28,0
-17.78818,10.63623,28,0
-17.78818,10.63623,28,0
-17.78818,10.63623,28,0
-17.78818,10.63623,28,0
-17.78818,10.63623,28,0
-17.78818,10.63623,28,0
-17.78818,10.63623,28,0
-17.78818,10.63623,28,0
-17.78818,10.63623,28,0
-17.78818,10.63623,28,0
-17.78818,10.63623,28,0
-17.78818,10.63623,28,0
-17.78818,10.63623,28,0
-17.78818,10.63623,28,0
-17.78818,10.63623,28,0
-17.78818,10.63623,28,0
-17.78818,10.63623,28,0
-17.78818,10.63623,28,0
-17.78818,10.63623,28,0
-17.78818,10.63623,28,0
-17.78818,10.63623,28,0
-17.78818,10.63623,28,0
-17.78818,10.63623,28,0
-17.78818,10.63623,28,0
-17.78818,10.63623,28,0
-17.78818,10.63623,28,0
-17.78818,10.63623,28,0
-17.78818,10.63623,28,0
-17.78818,10.63623,28,0
-17.78818,10.63623,28,0
-17.78818,10.63623,28,0
-17.78818,10.63623,28,0
-17.78818,10.63623,28,0
-17.78818,10.63623,28,0
-17.78818,10.63623,28,0
-17.78818,10.63623,28,0
-17.78818,10.63623,28,0
-17.78818,10.63623,28,0
-17.78818,10.63623,28,0
-17.78818,10.63623,28,0
-17.78818,10.63623,28,0
-17.78818,10.63623,28,0
-17.78818,10.63623,28,0
-17.78818,10.63623,28,0
-17.78818,10.63623,28,0
-17.78818,10.63623,28,0
-17.78818,10.63623,28,0
-17.78818,10.63623,28,0
-17.78818,10.63623,28,0
-17.78818,10.63623,28,0
-17.78818,10.63623,28,0
-17.78818,10.63623,28,0
-17.78818,10.63623,28,0
-17.78818,10.63623,28,0
-17.78818,10.63623,28,0
-17.78818,10.63623,28,0
-17.78818,10.63623,28,0
-17.78818,10.63623,28,0
-17.78818,10.63623,28,0
-17.78818,10.63623,28,0
-17.78818,10.63623,28,0
-17.78818,10.63623,28,0
-17.78818,10.63623,28,0
-17.78818,10.63623,28,0
-17.78818,10.63623,28,0
-17.78818,10.63623,28,0
-17.78818,10.63623,28,0
-17.78818,10.63623,28,0
-17.78818,10.63623,28,0
-17.78818,10.63623,28,0
-17.78818,10.63623,28,0
-17.78818,10.63623,28,0
-17.78818,10.63623,28,0
-17.78818,10.63623,28,0
-17.78818,10.63623,28,0
-17.78818,10.63623,28,0
-17.78818,10.63623,28,0
-17.78818,10.63623,28,0
-17.78818,10.63623,28,0
-17.78818,10.63623,28,0
-17.78818,10.63623,28,0
-17.78818,10.63623,28,0
-17.78818,10.63623,28,0
-17.78818,10.63623,28,0
-17.78818,10.63623,28,0
-17.78818,10.63623,28,0
-17.78818,10.63623,28,0
-17.78818,10.63623,28,0
-17.78818,10.63623,28,0
-17.78818,10.63623,28,0
-17.78818,10.63623,28,0
-17.78818,10.63623,28,0
-17.78818,10.63623,28,0
-17.78818,10.63623,28,0
-17.78818,10.63623,28,0
-17.78818,10.63623,28,0
-17.78818,10.63623,28,0
-17.78818,10.63623,28,0
-17.78818,10.63623,28,0
-17.78818,10.63623,28,0
-17.78818,10.63623,28,0
-17.78818,10.63623,28,0
-17.78818,10.63623,28,0
-17.78818,10.63623,28,0
-17.78818,10.63623,28,0
-17.78818,10.63623,28,0
-17.78818,10.63623,28,0
-17.78818,10.63623,28,0
-17.78818,10.63623,28,0
-17.78818,10.63623,28,0
-17.78818,10.63623,28,0
-17.78818,10.63623,28,0
-17.78818,10.63623,28,0
-17.78818,10.63623,28,0
-17.78818,10.63623,28,0
-17.78818,10.63623,28,0
-17.78818,10.63623,28,0
-17.78818,10.63623,28,0
-17.78818,10.63623,28,0
-17.78818,10.63623,28,0
-17.78818,10.63623,28,0
-17.78818,10.63623,28,0
-17.78818,10.63623,28,0
-17.78818,10.63623,28,0
-17.78818,10.63623,28,0
-17.78818,10.63623,28,0
-17.78818,10.63623,28,0
-17.78818,10.63623,28,0
-17.78818,10.63623,28,0
-17.78818,10.63623,28,0
-17.78818,10.63623,28,0
-17.78818,10.63623,28,0
-17.78818,10.63623,28,0
-17.78818,10.63623,28,0
-17.78818,10.63623,28,0
-17.78818,10.63623,28,0
-17.78818,10.63623,28,0
-17.78818,10.63623,28,0
-17.78818,10.63623,28,0
-17.78818,10.63623,28,0
-17.78818,10.63623,28,0
-17.78818,10.63623,28,0
-17.78818,10.63623,28,0
-17.78818,10.63623,28,0
-17.78818,10.63623,28,0
-17.78818,10.63623,28,0
-17.78818,10.63623,28,0
-17.78818,10.63623,28,0
-17.78818,10.63623,28,0
-17.78818,10.63623,28,0
-17.78818,10.63623,28,0
-17.78818,10.63623,28,0
-17.78818,10.63623,28,0
-17.78818,10.63623,28,0
-17.78818,10.63623,28,0
-17.78818,10.63623,28,0
-17.78818,10.63623,28,0
-17.78818,10.63623,28,0
-17.78818,10.63623,28,0
-17.78818,10.63623,28,0
-17.78818,10.63623,28,0
-17.78818,10.63623,28,0
-17.78818,10.63623,28,0
-17.78818,10.63623,28,0
-17.78818,10.63623,28,0
-17.78818,10.63623,28,0
-17.78818,10.63623,28,0
-17.78818,10.63623,28,0
-17.78818,10.63623,28,0
-17.78818,10.63623,28,0
-17.78818,10.63623,28,0
-17.78818,10.63623,28,0
-17.78818,10.63623,28,0
-17.78818,10.63623,28,0
-17.78818,10.63623,28,0
-17.78818,10.63623,28,0
-17.78818,10.63623,28,0
-17.78818,10.63623,28,0
-17.78818,10.63623,28,0
-17.78818,10.63623,28,0
-17.78818,10.63623,28,0
-17.78818,10.63623,28,0
-17.78818,10.63623,28,0
-17.78818,10.63623,28,0
-17.78818,10.63623,28,0
-17.78818,10.63623,28,0
-17.78818,10.63623,28,0
-17.78818,10.63623,28,0
-17.78818,10.63623,28,0
-17.78818,10.63623,28,0
-17.78818,10.63623,28,0
-17.78818,10.63623,28,0
-17.78818,10.63623,28,0
-17.78818,10.63623,28,0
-17.78818,10.63623,28,0
-17.78818,10.63623,28,0
-17.78818,10.63623,28,0
-17.78818,10.63623,28,0
-17.78818,10.63623,28,0
-17.78818,10.63623,28,0
-17.78818,10.63623,28,0
-17.78818,10.63623,28,0
-17.78818,10.63623,28,0
-17.78818,10.63623,28,0
-17.78818,10.63623,28,0
-17.78818,10.63623,28,0
-17.78818,10.63623,28,0
-17.78818,10.63623,28,0
-17.78818,10.63623,28,0
-17.78818,10.63623,28,0
-17.78818,10.63623,28,0
-17.78818,10.63623,28,0
-17.78818,10.63623,28,0
-17.78818,10.63623,28,0
-17.78818,10.63623,28,0
-17.78818,10.63623,28,0
-17.78818,10.63623,28,0
-17.78818,10.63623,28,0
-17.78818,10.63623,28,0
-17.78818,10.63623,28,0
-17.78818,10.63623,28,0
-17.78818,10.63623,28,0
-17.78818,10.63623,28,0
-17.78818,10.63623,28,0
-17.78818,10.63623,28,0
-17.78818,10.63623,28,0
-17.78818,10.63623,28,0
-17.78818,10.63623,28,0
-17.78818,10.63623,28,0
-17.78818,10.63623,28,0
-17.78818,10.63623,28,0
-17.78818,10.63623,28,0
-17.78818,10.63623,28,0
-17.78818,10.63623,28,0
-17.78818,10.63623,28,0
-17.78818,10.63623,28,0
-17.78818,10.63623,28,0
-17.78818,10.63623,28,0
-17.78818,10.63623,28,0
-17.78818,10.63623,28,0
-17.78818,10.63623,28,0
-17.78818,10.63623,28,0
-17.78818,10.63623,28,0
-17.78818,10.63623,28,0
-17.78818,10.63623,28,0
-17.78818,10.63623,28,0
-17.78818,10.63623,28,0
-17.78818,10.63623,28,0
-17.78818,10.63623,28,0
-17.78818,10.63623,28,0
-17.78818,10.63623,28,0
-17.78818,10.63623,28,0
-17.78818,10.63623,28,0
-17.78818,10.63623,28,0
-17.78818,10.63623,28,0
-17.78818,10.63623,28,0
-17.78818,10.63623,28,0
-17.78818,10.63623,28,0
-17.78818,10.63623,28,0
-17.78818,10.63623,28,0
-17.78818,10.63623,28,0
-17.78818,10.63623,28,0
-17.78818,10.63623,28,0
-17.78818,10.63623,28,0
-17.78818,10.63623,28,0
-17.78818,10.63623,28,0
-17.78818,10.63623,28,0
-17.78818,10.63623,28,0
-17.78818,10.63623,28,0
-17.78818,10.63623,28,0
-17.78818,10.63623,28,0
-17.78818,10.63623,28,0
-17.78818,10.63623,28,0
-17.78818,10.63623,28,0
-17.78818,10.63623,28,0
-17.78818,10.63623,28,0
-17.78818,10.63623,28,0
-17.78818,10.63623,28,0
-17.78818,10.63623,28,0
-17.78818,10.63623,28,0
-17.78818,10.63623,28,0
-17.78818,10.63623,28,0
-17.78818,10.63623,28,0
-17.78818,10.63623,28,0
-17.78818,10.63623,28,0
-17.78818,10.63623,28,0
-17.78818,10.63623,28,0
-17.78818,10.63623,28,0
-17.78818,10.63623,28,0
-17.78818,10.63623,28,0
-17.78818,10.63623,28,0
-17.78818,10.63623,28,0
-17.78818,10.63623,28,0
-17.78818,10.63623,28,0
-17.78818,10.63623,28,0
-17.78818,10.63623,28,0
-17.78818,10.63623,28,0
-17.78818,10.63623,28,0
-17.78818,10.63623,28,0
-17.78818,10.63623,28,0
-17.78818,10.63623,28,0
-17.78818,10.63623,28,0
-17.78818,10.63623,28,0
-17.78818,10.63623,28,0
-17.78818,10.63623,28,0
-17.78818,10.63623,28,0
-17.78818,10.63623,28,0
-17.78818,10.63623,28,0
-17.78818,10.63623,28,0
-17.78818,10.63623,28,0
-17.78818,10.63623,28,0
-17.78818,10.63623,28,0
-17.78818,10.63623,28,0
-17.78818,10.63623,28,0
-17.78818,10.63623,28,0
-17.78818,10.63623,28,0
-17.78818,10.63623,28,0
-17.78818,10.63623,28,0
-17.78818,10.63623,28,0
-17.78818,10.63623,28,0
-17.78818,10.63623,28,0
-17.78818,10.63623,28,0
-17.78818,10.63623,28,0
-17.78818,10.63623,28,0
-17.78818,10.63623,28,0
-17.78818,10.63623,28,0
-17.78818,10.63623,28,0
-17.78818,10.63623,28,0
-17.78818,10.63623,28,0
-17.78818,10.63623,28,0
-17.78818,10.63623,28,0
-17.78818,10.63623,28,0
-17.78818,10.63623,28,0
-17.78818,10.63623,28,0
-17.78818,10.63623,28,0
-17.78818,10.63623,28,0
-17.78818,10.63623,28,0
-17.78818,10.63623,28,0
-17.78818,10.63623,28,0
-17.78818,10.63623,28,0
-17.78818,10.63623,28,0
-17.78818,10.63623,28,0
-17.78818,10.63623,28,0
-17.78818,10.63623,28,0
-17.78818,10.63623,28,0
-17.78818,10.63623,28,0
-17.78818,10.63623,28,0
-17.78818,10.63623,28,0
-17.78818,10.63623,28,0
-17.78818,10.63623,28,0
-17.78818,10.63623,28,0
-17.78818,10.63623,28,0
-17.78818,10.63623,28,0
-17.78818,10.63623,28,0
-17.78818,10.63623,28,0
-17.78818,10.63623,28,0
-17.78818,10.63623,28,0
-17.78818,10.63623,28,0
-17.78818,10.63623,28,0
-17.78818,10.63623,28,0
-17.78818,10.63623,28,0
-17.78818,10.63623,28,0
-17.78818,10.63623,28,0
-17.78818,10.63623,28,0
-17.78818,10.63623,28,0
-17.78818,10.63623,28,0
-17.78818,10.63623,28,0
-17.78818,10.63623,28,0
-17.78818,10.63623,28,0
-17.78818,10.63623,28,0
-17.78818,10.63623,28,0
-17.78818,10.63623,28,0
-17.78818,10.63623,28,0
-17.78818,10.63623,28,0
-17.78818,10.63623,28,0
-17.78818,10.63623,28,0
-17.78818,10.63623,28,0
-17.78818,10.63623,28,0
-17.78818,10.63623,28,0
-17.78818,10.63623,28,0
-17.78818,10.63623,28,0
-17.78818,10.63623,28,0
-17.78818,10.63623,28,0
-17.78818,10.63623,28,0
-17.78818,10.63623,28,0
-17.78818,10.63623,28,0
-17.78818,10.63623,28,0
-17.78818,10.63623,28,0
-17.78818,10.63623,28,0
-17.78818,10.63623,28,0
-17.78818,10.63623,28,0
-17.78818,10.63623,28,0
-17.78818,10.63623,28,0
-17.78818,10.63623,28,0
-17.78818,10.63623,28,0
-17.78818,10.63623,28,0
-17.78818,10.63623,28,0
-17.78818,10.63623,28,0
-17.78818,10.63623,28,0
-17.78818,10.63623,28,0
-17.78818,10.63623,28,0
-17.78818,10.63623,28,0
-17.78818,10.63623,28,0
-17.78818,10.63623,28,0
-17.78818,10.63623,28,0
-17.78818,10.63623,28,0
-17.78818,10.63623,28,0
-17.78818,10.63623,28,0
-17.78818,10.63623,28,0
-17.78818,10.63623,28,0
-17.78818,10.63623,28,0
-17.78818,10.63623,28,0
-17.78818,10.63623,28,0
-17.78818,10.63623,28,0
-17.78818,10.63623,28,0
-17.78818,10.63623,28,0
-17.78818,10.63623,28,0
-17.78818,10.63623,28,0
-17.78818,10.63623,28,0
-17.78818,10.63623,28,0
-17.78818,10.63623,28,0
-17.78818,10.63623,28,0
-17.78818,10.63623,28,0
-17.78818,10.63623,28,0
-17.78818,10.63623,28,0
-17.78818,10.63623,28,0
-17.78818,10.63623,28,0
-17.78818,10.63623,28,0
-17.78818,10.63623,28,0
-17.78818,10.63623,28,0
-17.78818,10.63623,28,0
-17.78818,10.63623,28,0
-17.78818,10.63623,28,0
-17.78818,10.63623,28,0
-17.78818,10.63623,28,0
-17.78818,10.63623,28,0
-17.78818,10.63623,28,0
-17.78818,10.63623,28,0
-17.78818,10.63623,28,0
-17.78818,10.63623,28,0
-17.78818,10.63623,28,0
-17.78818,10.63623,28,0
-17.78818,10.63623,28,0
-17.78818,10.63623,28,0
-17.78818,10.63623,28,0
-17.78818,10.63623,28,0
-17.78818,10.63623,28,0
-17.78818,10.63623,28,0
-17.78818,10.63623,28,0
-17.78818,10.63623,28,0
-17.78818,10.63623,28,0
-17.78818,10.63623,28,0
-17.78818,10.63623,28,0
-17.78818,10.63623,28,0
-17.78818,10.63623,28,0
-17.78818,10.63623,28,0
-17.78818,10.63623,28,0
-17.78818,10.63623,28,0
-17.78818,10.63623,28,0
-17.78818,10.63623,28,0
-17.78818,10.63623,28,0
-17.78818,10.63623,28,0
-17.78818,10.63623,28,0
-17.78818,10.63623,28,0
-17.78818,10.63623,28,0
-17.78818,10.63623,28,0
-17.78818,10.63623,28,0
-17.78818,10.63623,28,0
-17.78818,10.63623,28,0
-17.78818,10.63623,28,0
-17.78818,10.63623,28,0
-17.78818,10.63623,28,0
-17.78818,10.63623,28,0
-17.78818,10.63623,28,0
-17.78818,10.63623,28,0
-17.78818,10.63623,28,0
-17.78818,10.63623,28,0
-17.78818,10.63623,28,0
-17.78818,10.63623,28,0
-17.78818,10.63623,28,0
-17.78818,10.63623,28,0
-17.78818,10.63623,28,0
-17.78818,10.63623,28,0
-17.78818,10.63623,28,0
-17.78818,10.63623,28,0
-17.78818,10.63623,28,0
-17.78818,10.63623,28,0
-17.78818,10.63623,28,0
-17.78818,10.63623,28,0
-17.78818,10.63623,28,0
-17.78818,10.63623,28,0
-17.78818,10.63623,28,0
-17.78818,10.63623,28,0
-17.78818,10.63623,28,0
-17.78818,10.63623,28,0
-17.78818,10.63623,28,0
-17.78818,10.63623,28,0
-17.78818,10.63623,28,0
-17.78818,10.63623,28,0
-17.78818,10.63623,28,0
-17.78818,10.63623,28,0
-17.78818,10.63623,28,0
-17.78818,10.63623,28,0
-17.78818,10.63623,28,0
-17.78818,10.63623,28,0
-17.78818,10.63623,28,0
-17.78818,10.63623,28,0
-17.78818,10.63623,28,0
-17.78818,10.63623,28,0
-17.78818,10.63623,28,0
-17.78818,10.63623,28,0
-17.78818,10.63623,28,0
-17.78818,10.63623,28,0
-17.78818,10.63623,28,0
-17.78818,10.63623,28,0
-17.78818,10.63623,28,0
-17.78818,10.63623,28,0
-17.78818,10.63623,28,0
-17.78818,10.63623,28,0
-17.78818,10.63623,28,0
-17.78818,10.63623,28,0
-17.78818,10.63623,28,0
-17.78818,10.63623,28,0
-17.78818,10.63623,28,0
-17.78818,10.63623,28,0
-17.78818,10.63623,28,0
-17.78818,10.63623,28,0
-17.78818,10.63623,28,0
-17.78818,10.63623,28,0
-17.78818,10.63623,28,0
-17.78818,10.63623,28,0
-17.78818,10.63623,28,0
-17.78818,10.63623,28,0
-17.78818,10.63623,28,0
-17.78818,10.63623,28,0
-17.78818,10.63623,28,0
-17.78818,10.63623,28,0
-17.78818,10.63623,28,0
-17.78818,10.63623,28,0
-17.78818,10.63623,28,0
-17.78818,10.63623,28,0
-17.78818,10.63623,28,0
-17.78818,10.63623,28,0
-17.78818,10.63623,28,0
-17.78818,10.63623,28,0
-17.78818,10.63623,28,0
-17.78818,10.63623,28,0
-17.78818,10.63623,28,0
-17.78818,10.63623,28,0
-17.78818,10.63623,28,0
-17.78818,10.63623,28,0
-17.78818,10.63623,28,0
-17.78818,10.63623,28,0
-17.78818,10.63623,28,0
-17.78818,10.63623,28,0
-17.78818,10.63623,28,0
-17.78818,10.63623,28,0
-17.78818,10.63623,28,0
-17.78818,10.63623,28,0
-17.78818,10.63623,28,0
-17.78818,10.63623,28,0
-17.78818,10.63623,28,0
-17.78818,10.63623,28,0
-17.78818,10.63623,28,0
-17.78818,10.63623,28,0
-17.78818,10.63623,28,0
-17.78818,10.63623,28,0
-17.78818,10.63623,28,0
-17.78818,10.63623,28,0
-17.78818,10.63623,28,0
-17.78818,10.63623,28,0
-17.78818,10.63623,28,0
-17.78818,10.63623,28,0
-17.78818,10.63623,28,0
-17.78818,10.63623,28,0
-17.78818,10.63623,28,0
-17.78818,10.63623,28,0
-17.78818,10.63623,28,0
-17.78818,10.63623,28,0
-17.78818,10.63623,28,0
-17.78818,10.63623,28,0
-17.78818,10.63623,28,0
-17.78818,10.63623,28,0
-17.78818,10.63623,28,0
-17.78818,10.63623,28,0
-17.78818,10.63623,28,0
-17.78818,10.63623,28,0
-17.78818,10.63623,28,0
-17.78818,10.63623,28,0
-17.78818,10.63623,28,0
-17.78818,10.63623,28,0
-17.78818,10.63623,28,0
-17.78818,10.63623,28,0
-17.78818,10.63623,28,0
-17.78818,10.63623,28,0
-17.78818,10.63623,28,0
-17.78818,10.63623,28,0
-17.78818,10.63623,28,0
-17.78818,10.63623,28,0
-17.78818,10.63623,28,0
-17.78818,10.63623,28,0
-17.78818,10.63623,28,0
-17.78818,10.63623,28,0
-17.78818,10.63623,28,0
-17.78818,10.63623,28,0
-17.78818,10.63623,28,0
-17.78818,10.63623,28,0
-17.78818,10.63623,28,0
-17.78818,10.63623,28,0
-17.78818,10.63623,28,0
-17.78818,10.63623,28,0
-17.78818,10.63623,28,0
-17.78818,10.63623,28,0
-17.78818,10.63623,28,0
-17.78818,10.63623,28,0
-17.78818,10.63623,28,0
-17.78818,10.63623,28,0
-17.78818,10.63623,28,0
-17.78818,10.63623,28,0
-17.78818,10.63623,28,0
-17.78818,10.63623,28,0
-17.78818,10.63623,28,0
-17.78818,10.63623,28,0
-17.78818,10.63623,28,0
-17.78818,10.63623,28,0
-17.78818,10.63623,28,0
-17.78818,10.63623,28,0
-17.78818,10.63623,28,0
-17.78818,10.63623,28,0
-17.78818,10.63623,28,0
-17.78818,10.63623,28,0
-17.78818,10.63623,28,0
-17.78818,10.63623,28,0
-17.78818,10.63623,28,0
-17.78818,10.63623,28,0
-17.78818,10.63623,28,0
-17.78818,10.63623,28,0
-17.78818,10.63623,28,0
-17.78818,10.63623,28,0
-17.78818,10.63623,28,0
-17.78818,10.63623,28,0
-17.78818,10.63623,28,0
-17.78818,10.63623,28,0
-17.78818,10.63623,28,0
-17.78818,10.63623,28,0
-17.78818,10.63623,28,0
-17.78818,10.63623,28,0
-17.78818,10.63623,28,0
-17.78818,10.63623,28,0
-17.78818,10.63623,28,0
-17.78818,10.63623,28,0
-17.78818,10.63623,28,0
-17.78818,10.63623,28,0
-17.78818,10.63623,28,0
-17.78818,10.63623,28,0
-17.78818,10.63623,28,0
-17.78818,10.63623,28,0
-17.78818,10.63623,28,0
-17.78818,10.63623,28,0
-17.78818,10.63623,28,0
-17.78818,10.63623,28,0
-17.78818,10.63623,28,0
-17.78818,10.63623,28,0
-17.78818,10.63623,28,0
-17.78818,10.63623,28,0
-17.78818,10.63623,28,0
-17.78818,10.63623,28,0
-17.78818,10.63623,28,0
-17.78818,10.63623,28,0
-17.78818,10.63623,28,0
-17.78818,10.63623,28,0
-17.78818,10.63623,28,0
-17.78818,10.63623,28,0
-17.78818,10.63623,28,0
-17.78818,10.63623,28,0
-17.78818,10.63623,28,0
-17.78818,10.63623,28,0
-17.78818,10.63623,28,0
-17.78818,10.63623,28,0
-17.78818,10.63623,28,0
-17.78818,10.63623,28,0
-17.78818,10.63623,28,0
-17.78818,10.63623,28,0
-17.78818,10.63623,28,0
-17.78818,10.63623,28,0
-17.78818,10.63623,28,0
-17.78818,10.63623,28,0
-17.78818,10.63623,28,0
-17.78818,10.63623,28,0
-17.78818,10.63623,28,0
-17.78818,10.63623,28,0
-17.78818,10.63623,28,0
-17.78818,10.63623,28,0
-17.78818,10.63623,28,0
-17.78818,10.63623,28,0
-17.78818,10.63623,28,0
-17.78818,10.63623,28,0
-17.78818,10.63623,28,0
-17.78818,10.63623,28,0
-17.78818,10.63623,28,0
-17.78818,10.63623,28,0
-17.78818,10.63623,28,0
-17.78818,10.63623,28,0
-17.78818,10.63623,28,0
-17.78818,10.63623,28,0
-17.78818,10.63623,28,0
-17.78818,10.63623,28,0
-17.78818,10.63623,28,0
-17.78818,10.63623,28,0
-17.78818,10.63623,28,0
-17.78818,10.63623,28,0
-17.78818,10.63623,28,0
-17.78818,10.63623,28,0
-17.78818,10.63623,28,0
-17.78818,10.63623,28,0
-17.78818,10.63623,28,0
-17.78818,10.63623,28,0
-17.78818,10.63623,28,0
-17.78818,10.63623,28,0
-17.78818,10.63623,28,0
-17.78818,10.63623,28,0
-17.78818,10.63623,28,0
-17.78818,10.63623,28,0
-17.78818,10.63623,28,0
-17.78818,10.63623,28,0
-17.78818,10.63623,28,0
-17.78818,10.63623,28,0
-17.78818,10.63623,28,0
-17.78818,10.63623,28,0
-17.78818,10.63623,28,0
-17.78818,10.63623,28,0
-17.78818,10.63623,28,0
-17.78818,10.63623,28,0
-17.78818,10.63623,28,0
-17.78818,10.63623,28,0
-17.78818,10.63623,28,0
-17.78818,10.63623,28,0
-17.78818,10.63623,28,0
-17.78818,10.63623,28,0
-17.78818,10.63623,28,0
-17.78818,10.63623,28,0
-17.78818,10.63623,28,0
-17.78818,10.63623,28,0
-17.78818,10.63623,28,0
-17.78818,10.63623,28,0
-17.78818,10.63623,28,0
-17.78818,10.63623,28,0
-17.78818,10.63623,28,0
-17.78818,10.63623,28,0
-17.78818,10.63623,28,0
-17.78818,10.63623,28,0
-17.78818,10.63623,28,0
-17.78818,10.63623,28,0
-17.78818,10.63623,28,0
-17.78818,10.63623,28,0
-17.78818,10.63623,28,0
-17.78818,10.63623,28,0
-17.78818,10.63623,28,0
-17.78818,10.63623,28,0
-17.78818,10.63623,28,0
-17.78818,10.63623,28,0
-17.78818,10.63623,28,0
-17.78818,10.63623,28,0
-17.78818,10.63623,28,0
-17.78818,10.63623,28,0
-17.78818,10.63623,28,0
-17.78818,10.63623,28,0
-17.78818,10.63623,28,0
-17.78818,10.63623,28,0
-17.78818,10.63623,28,0
-17.78818,10.63623,28,0
-17.78818,10.63623,28,0
-17.78818,10.63623,28,0
-17.78818,10.63623,28,0
-17.78818,10.63623,28,0
-17.78818,10.63623,28,0
-17.78818,10.63623,28,0
-17.78818,10.63623,28,0
-17.78818,10.63623,28,0
-17.78818,10.63623,28,0
-17.78818,10.63623,28,0
-17.78818,10.63623,28,0
-17.78818,10.63623,28,0
-17.78818,10.63623,28,0
-17.78818,10.63623,28,0
-17.78818,10.63623,28,0
-17.78818,10.63623,28,0
-17.78818,10.63623,28,0
-17.78818,10.63623,28,0
-17.78818,10.63623,28,0
-17.78818,10.63623,28,0
-17.78818,10.63623,28,0
-17.78818,10.63623,28,0
-17.78818,10.63623,28,0
-17.78818,10.63623,28,0
-17.78818,10.63623,28,0
-17.78818,10.63623,28,0
-17.78818,10.63623,28,0
-17.78818,10.63623,28,0
-17.78818,10.63623,28,0
-17.78818,10.63623,28,0
-17.78818,10.63623,28,0
-17.78818,10.63623,28,0
-17.78818,10.63623,28,0
-17.78818,10.63623,28,0
-17.78818,10.63623,28,0
-17.78818,10.63623,28,0
-17.78818,10.63623,28,0
-17.78818,10.63623,28,0
-17.78818,10.63623,28,0
-17.78818,10.63623,28,0
-17.78818,10.63623,28,0
-17.78818,10.63623,28,0
-17.78818,10.63623,28,0
-17.78818,10.63623,28,0
-17.78818,10.63623,28,0
-17.78818,10.63623,28,0
-17.78818,10.63623,28,0
-17.78818,10.63623,28,0
-17.78818,10.63623,28,0
-17.78818,10.63623,28,0
-17.78818,10.63623,28,0
-17.78818,10.63623,28,0
-17.78818,10.63623,28,0
-17.78818,10.63623,28,0
-17.78818,10.63623,28,0
-17.78818,10.63623,28,0
-17.78818,10.63623,28,0
-17.78818,10.63623,28,0
-17.78818,10.63623,28,0
-17.78818,10.63623,28,0
-17.78818,10.63623,28,0
-17.78818,10.63623,28,0
-17.78818,10.63623,28,0
-17.78818,10.63623,28,0
-17.78818,10.63623,28,0
-17.78818,10.63623,28,0
-17.78818,10.63623,28,0
-17.78818,10.63623,28,0
-17.78818,10.63623,28,0
-17.78818,10.63623,28,0
-17.78818,10.63623,28,0
-17.78818,10.63623,28,0
-17.78818,10.63623,28,0
-17.78818,10.63623,28,0
-17.78818,10.63623,28,0
-17.78818,10.63623,28,0
-17.78818,10.63623,28,0
-17.78818,10.63623,28,0
-17.78818,10.63623,28,0
-17.78818,10.63623,28,0
-17.78818,10.63623,28,0
-17.78818,10.63623,28,0
-17.78818,10.63623,28,0
-17.78818,10.63623,28,0
-17.78818,10.63623,28,0
-17.78818,10.63623,28,0
-17.78818,10.63623,28,0
-17.78818,10.63623,28,0
-17.78818,10.63623,28,0
-17.78818,10.63623,28,0
-17.78818,10.63623,28,0
-17.78818,10.63623,28,0
-17.78818,10.63623,28,0
-17.78818,10.63623,28,0
-17.78818,10.63623,28,0
-17.78818,10.63623,28,0
-17.78818,10.63623,28,0
-17.78818,10.63623,28,0
-17.78818,10.63623,28,0
-17.78818,10.63623,28,0
-17.78818,10.63623,28,0
-17.78818,10.63623,28,0
-17.78818,10.63623,28,0
-17.78818,10.63623,28,0
-17.78818,10.63623,28,0
-17.78818,10.63623,28,0
-17.78818,10.63623,28,0
-17.78818,10.63623,28,0
-17.78818,10.63623,28,0
-17.78818,10.63623,28,0
-17.78818,10.63623,28,0
-17.78818,10.63623,28,0
-17.78818,10.63623,28,0
-17.78818,10.63623,28,0
-17.78818,10.63623,28,0
-17.78818,10.63623,28,0
-17.78818,10.63623,28,0
-17.78818,10.63623,28,0
-17.78818,10.63623,28,0
-17.78818,10.63623,28,0
-17.78818,10.63623,28,0
-17.78818,10.63623,28,0
-17.78818,10.63623,28,0
-17.78818,10.63623,28,0
-17.78818,10.63623,28,0
-17.78818,10.63623,28,0
-17.78818,10.63623,28,0
-17.78818,10.63623,28,0
-17.78818,10.63623,28,0
-17.78818,10.63623,28,0
-17.78818,10.63623,28,0
-17.78818,10.63623,28,0
-17.78818,10.63623,28,0
-17.78818,10.63623,28,0
-17.78818,10.63623,28,0
-17.78818,10.63623,28,0
-17.78818,10.63623,28,0
-17.78818,10.63623,28,0
-17.78818,10.63623,28,0
-17.78818,10.63623,28,0
-17.78818,10.63623,28,0
-17.78818,10.63623,28,0
-17.78818,10.63623,28,0
-17.78818,10.63623,28,0
-17.78818,10.63623,28,0
-17.78818,10.63623,28,0
-17.78818,10.63623,28,0
-17.78818,10.63623,28,0
-17.78818,10.63623,28,0
-17.78818,10.63623,28,0
-17.78818,10.63623,28,0
-17.78818,10.63623,28,0
-17.78818,10.63623,28,0
-17.78818,10.63623,28,0
0,0,29,1
0,0,29,1
0,0,29,1
0,0.48,29,1
-0.0392631,3.479293,29,1
-0.04366035,3.599213,29,1
-0.04366035,3.599213,29,1
-2.878421,4.107667,29,1
-5.975437,4.459992,29,1
-8.972934,4.580589,29,1
-12.08923,4.718102,29,1
-14.77922,6.216874,29,1
-17.34758,7.767173,29,1
-18.68885,10.2351,29,1
-19.52426,13.18529,29,1
-19.92146,16.10678,29,1
-20.09873,19.21388,29,1
-20.27962,20.39485,29,1
-20.27962,20.39485,29,1
-18.95555,22.25097,29,1
-18.95555,22.25097,29,1
-18.95555,22.25097,29,1
-18.95555,22.25097,29,1
-21.67389,22.57226,29,1
-24.57561,23.25559,29,1
-26.47345,25.57878,29,1
-28.41736,27.8635,29,1
-29.29712,30.7702,29,1
-30.28324,33.67621,29,1
-30.28,36.66687,29,1
-30.34082,39.77966,29,1
-30.41079,40.00923,29,1
-30.41079,40.00923,29,1
-30.41079,40.00923,29,1
-30.41079,40.00923,29,1
-31.01712,41.176,29,1
-32.31734,43.87057,29,1
-34.14771,46.24439,29,1
-34.54037,49.2015,29,1
-35.23656,52.10942,29,1
-35.28,55.22449,29,1
-35.28,55.70358,29,1
-34.78483,57.37465,29,1
-34.78483,57.37465,29,1
-34.78483,57.37465,29,1
-35.13902,57.43901,29,1
-36.20305,57.62375,29,1
-36.20305,57.62375,29,1
-36.20305,57.62375,29,1
-36.20305,57.62375,29,1
-35.60698,57.02626,29,1
-34.77773,54.50263,29,1
-34.64,51.55603,29,1
-34.78232,50.24402,29,1
-33.68822,49.633,29,1
-33.68822,49.633,29,1
-31.65155,49.65059,29,1
-28.65926,49.48139,29,1
-25.87258,50.49985,29,1
-24.93609,53.36389,29,1
-25.17593,56.46346,29,1
-25.08136,57.05477,29,1
-25.08136,57.05477,29,1
-25.08136,57.05477,29,1
-26.17303,57.51381,29,1
-26.00136,58.08242,29,1
-26.00136,58.08242,29,1
-26.00136,58.08242,29,1
-26.00136,58.08242,29,1
-24.7589,55.51155,29,1
-24.64816,52.52857,29,1
-25.63708,49.70947,29,1
-26.75745,46.79856,29,1
-27.30413,43.85638,29,1
-28.46343,41.14253,29,1
-29.66282,38.45384,29,1
-29.64,35.47472,29,1
-30.44321,32.47216,29,1
-30.44321,32.47216,29,1
-30.3907,32.36427,29,1
-30.07563,31.71687,29,1
-30.07563,31.71687,29,1
-27.0927,31.53607,29,1
-24.10055,31.56945,29,1
-21.12918,31.16024,29,1
-18.13397,31.21679,29,1
-15.06439,30.66356,29,1
-11.99206,31.04283,29,1
-9.778502,32.89507,29,1
-9.64,35.99726,29,1
-9.603683,38.7275,29,1
-8.564344,40.00054,29,1
-8.49586,40.09908,29,1
-8.49586,40.09908,29,1
-8.49586,40.09908,29,1
-9.594379,41.65742,29,1
-11.47556,44.14611,29,1
-13.19027,46.60601,29,1
-14.76365,49.15772,29,1
-14.98112,52.12949,29,1
-15.07944,55.12645,29,1
-14.08033,57.84745,29,1
-13.86596,58.13665,29,1
-12.07,57.839,29,1
-12.07,57.79103,29,1
-12.07,57.79103,29,1
-12.07,57.79103,29,1
-12.07,57.79103,29,1
-12.07,57.79103,29,1
-12.07,57.79103,29,1
-14.56841,57.46746,29,1
-14.74373,57.07365,29,1
-15.08473,54.09326,29,1
-15.09784,51.12484,29,1
-13.30911,48.58157,29,1
-12.45885,45.60868,29,1
-11.29699,42.59439,29,1
-10.22797,39.80601,29,1
-10.21947,36.68835,29,1
-10.03013,33.69487,29,1
-11.5701,31.19292,29,1
-13.44985,28.71185,29,1
-14.51493,25.90732,29,1
-16.92613,24.19738,29,1
-19.11964,22.2667,29,1
-19.64,19.47278,29,1
-19.7756,16.47655,29,1
-19.98191,13.43862,29,1
-17.37918,11.80632,29,1
-14.82959,10.32104,29,1
-16.03661,8.036091,29,1
-15.93618,5.893905,29,1
-13.1375,4.611512,29,1
-10.14631,4.38182,29,1
-7.034907,4.151492,29,1
-4.052004,4.416574,29,1
-1.231483,3.532266,29,1
0.3954803,2.698171,29,1
0.2261797,1.908786,29,1
0.3087789,0.1112522,29,1
0.1512235,2.144736,29,1
0.1512235,2.144736,29,1
-0.7250214,3.20438,29,1
-3.363574,4.097106,29,1
-6.168585,4.667948,29,1
-8.901075,6.162171,29,1
-11.69411,7.253736,29,1
-14.62882,8.312902,29,1
-17.12214,9.840672,29,1
-18.84848,12.43948,29,1
-20.12609,15.24023,29,1
-20.28,18.13574,29,1
-20.32709,21.18727,29,1
-20.3679,21.66553,29,1
-19.22131,23.47613,29,1
-17.52948,25.92656,29,1
-15.66271,28.26834,29,1
-13.57179,30.57779,29,1
-12.00009,32.63395,29,1
-10.44421,33.12954,29,1
-10.28,34.47746,29,1
-10.27869,37.47542,29,1
-10.41238,39.24585,29,1
-9.804133,40.2769,29,1
-9.804133,40.2769,29,1
-8.230005,42.22569,29,1
-7.3656,45.0968,29,1
-6.247184,48.0011,29,1
-5.659251,50.90199,29,1
-5.28,53.21413,29,1
-5.28,56.21243,29,1
-5.287539,56.69154,29,1
-4.238085,58.24293,29,1
-4.238085,58.24293,29,1
-4.238085,58.24293,29,1
-4.393861,57.66391,29,1
-5.291063,54.94273,29,1
-5.088046,51.84678,29,1
-6.661136,49.60855,29,1
-9.648962,49.82457,29,1
-12.64115,49.81889,29,1
-14.31784,49.77478,29,1
-14.9624,51.45097,29,1
-15.26933,54.36005,29,1
-15.06777,56.87077,29,1
-15.06777,56.87077,29,1
-14.05855,57.96658,29,1
-12.02106,58.03443,29,1
-12.07,57.82999,29,1
-12.07,57.82999,29,1
-12.07,57.82999,29,1
-12.53023,57.69365,29,1
-14.3874,57.20365,29,1
-14.72212,55.34044,29,1
-14.64,52.24074,29,1
-13.79971,49.44527,29,1
-11.62011,47.08971,29,1
-11.01175,44.16501,29,1
-9.977812,41.22505,29,1
-9.647599,38.31244,29,1
-9.64,35.08888,29,1
-9.624283,32.2262,29,1
-10.51415,31.17333,29,1
-12.50924,28.94431,29,1
-14.38928,26.60701,29,1
-16.88346,25.05222,29,1
-17.90181,23.91586,29,1
-19.37136,21.21567,29,1
-19.64,18.40317,29,1
-19.75768,15.28781,29,1
-19.55929,13.87996,29,1
-18.56367,13.46148,29,1
-16.43327,11.75657,29,1
-16.61584,11.18766,29,1
-14.60692,9.929641,29,1
-11.8609,8.72159,29,1
-9.001336,7.473654,29,1
-6.251667,6.273949,29,1
-3.409219,4.987552,29,1
-1.331604,3.819651,29,1
-0.09962118,2.307005,29,1
-0.279999,1.169644,29,1
-0.2799999,0.4711776,29,1
-0.2799999,0.4711776,29,1
-0.2799999,1.422587,29,1
-1.183843,4.189899,29,1
-4.041698,5.715374,29,1
-6.725374,7.056217,29,1
-9.668758,8.077326,29,1
-12.53846,8.951845,29,1
-15.37756,9.910759,29,1
-17.82915,11.83462,29,1
-19.67533,14.24334,29,1
-20.02763,17.34205,29,1
-20.28,20.32423,29,1
-20.31,21.75311,29,1
-20.48552,23.74875,29,1
-20.8294,24.89843,29,1
-20.8294,24.89843,29,1
-20.8294,24.89843,29,1
-20.55895,25.13604,29,1
-18.46731,27.11035,29,1
-15.99464,29.013,29,1
-13.60246,30.82339,29,1
-13.60246,30.82339,29,1
-15.72738,31.54692,29,1
-18.79212,31.624,29,1
-21.76137,31.19749,29,1
-24.75996,31.11349,29,1
-27.7414,31.92963,29,1
-30.2924,33.43537,29,1
-30.16805,36.06486,29,1
-30.40645,39.14466,29,1
-29.44375,40.39268,29,1
-27.92994,43.06971,29,1
-26.91834,45.8938,29,1
-26.20055,48.80621,29,1
-25.23127,51.66325,29,1
-25.28,54.64093,29,1
-24.67138,57.50457,29,1
-24.00811,58.34763,29,1
-24.00811,58.34763,29,1
-24.00811,58.34763,29,1
-24.00811,58.34763,29,1
-24.57045,56.77461,29,1
-24.57045,56.77461,29,1
-24.57045,56.77461,29,1
-24.87355,54.3055,29,1
-25.299,51.32786,29,1
-27.68699,49.77789,29,1
-30.68743,50.40499,29,1
-33.59776,49.95963,29,1
-35.28001,52.35317,29,1
-35.06482,55.34509,29,1
-34.59676,57.39302,29,1
-34.59676,57.39302,29,1
-34.64009,56.08464,29,1
-34.64,53.15287,29,1
-34.06916,50.0861,29,1
-31.86268,47.71698,29,1
-30.95416,44.74487,29,1
-30.05588,41.75709,29,1
-29.33529,39.09066,29,1
-29.64,36.56836,29,1
-29.64,33.58814,29,1
-29.63967,33.22837,29,1
-30.10148,30.95041,29,1
-27.42181,30.16318,29,1
-24.46226,29.81525,29,1
-21.38328,29.32456,29,1
-18.40894,29.29802,29,1
-15.55925,30.23567,29,1
-12.43862,31.1032,29,1
-10.379,33.21031,29,1
-10.00986,36.1573,29,1
-9.509077,39.09759,29,1
-7.624986,41.57355,29,1
-6.443406,44.31207,29,1
-5.77513,47.23616,29,1
-5.166901,50.17386,29,1
-4.91619,53.26776,29,1
-5.174816,56.24174,29,1
-5.005172,56.69075,29,1
-4.281587,57.63403,29,1
-3.976194,58.28605,29,1
-3.976194,58.28605,29,1
-3.976194,58.28605,29,1
-4.381877,57.04752,29,1
-4.640001,54.10052,29,1
-4.885892,51.12949,29,1
-7.291458,49.64515,29,1
-10.25624,49.23429,29,1
-13.12356,49.38147,29,1
-15.27175,51.56561,29,1
-14.73714,54.46783,29,1
-15.00588,57.49736,29,1
-13.84851,58.27478,29,1
-12.07,57.78214,29,1
-12.07,57.78214,29,1
-12.07,57.78214,29,1
-12.07,57.78214,29,1
-14.52945,57.12985,29,1
-14.78374,55.36652,29,1
-14.95189,52.37133,29,1
-14.07904,49.61372,29,1
-13.40972,49.36021,29,1
-12.77254,47.07831,29,1
-11.30448,44.46437,29,1
-10.26888,41.57087,29,1
-9.83658,38.48098,29,1
-9.64,35.51075,29,1
-10.43416,32.52698,29,1
-10.99456,30.69113,29,1
-13.30765,28.90372,29,1
-15.16936,26.64192,29,1
-16.81575,24.15614,29,1
-18.75819,21.75305,29,1
-19.64032,19.3254,29,1
-19.69646,16.36689,29,1
-19.12793,13.51242,29,1
-16.76622,11.80573,29,1
-13.79947,10.83996,29,1
-11.14231,9.239794,29,1
-8.45334,7.672371,29,1
-5.567734,6.493262,29,1
-2.776938,5.393871,29,1
-0.632696,3.340798,29,1
-0.2708682,1.088222,29,1
-0.2799999,-0.4449211,29,1
-0.2799999,-0.4449211,29,1
-0.1734105,0.9901548,29,1
-0.7904896,3.860215,29,1
-3.284661,5.685003,29,1
-6.119327,6.666643,29,1
-9.052159,7.731029,29,1
-11.985,8.795404,29,1
-14.80504,9.81884,29,1
-17.66731,11.02074,29,1
-19.30379,13.51776,29,1
-19.69509,16.46361,29,1
-19.81778,19.5812,29,1
-20.03139,22.6933,29,1
-21.99731,24.97644,29,1
-24.37485,26.80572,29,1
-26.77873,28.60053,29,1
-28.87429,30.83319,29,1
-29.78148,33.69275,29,1
-30.28,36.59903,29,1
-30.16806,39.71506,29,1
-31.44313,42.55151,29,1
-31.5,45.04969,29,1
-28.95601,47.05303,29,1
-27.44304,49.62919,29,1
-25.60713,51.0266,29,1
-25.28,53.78358,29,1
-25.0109,56.79872,29,1
-23.37135,57.98009,29,1
-23.37135,57.98009,29,1
-23.37135,57.98009,29,1
-24.26032,57.22305,29,1
-24.64,55.8486,29,1
-24.64,53.2022,29,1
-25.71044,50.44958,29,1
-28.27661,49.39827,29,1
-31.27075,49.35328,29,1
-33.97066,50.17455,29,1
-35.28,52.86504,29,1
-35.28,55.78122,29,1
-34.98832,57.30649,29,1
-34.98832,57.30649,29,1
-34.98832,57.30649,29,1
-34.64,54.45705,29,1
-34.64,51.66172,29,1
-32.60123,49.50634,29,1
-30.90743,47.19293,29,1
-30.5593,45.42724,29,1
-30.5593,45.42724,29,1
-30.5593,45.42724,29,1
-32.39602,46.31497,29,1
-33.96817,48.78637,29,1
-35.27777,51.54584,29,1
-35.26467,54.42223,29,1
-35.32267,57.05903,29,1
-35.6112,56.97982,29,1
-35.6959,58.13393,29,1
-35.69235,58.21871,29,1
-35.69235,58.21871,29,1
-35.57811,57.50785,29,1
-34.95478,54.68499,29,1
-34.64,51.72574,29,1
-33.86969,48.84928,29,1
-31.87751,46.4645,29,1
-31.31872,43.3973,29,1
-30.17397,40.50346,29,1
-29.76311,37.41295,29,1
-30.16604,34.45536,29,1
-30.54082,31.36626,29,1
-30.55148,31.24673,29,1
-29.83508,31.30317,29,1
-26.77292,30.70871,29,1
-23.68821,30.86903,29,1
-23.2491,31.06251,29,1
-22.42438,30.90302,29,1
-19.31428,30.80165,29,1
-16.31629,30.69416,29,1
-13.19868,30.59767,29,1
-10.43632,31.5742,29,1
-9.640001,34.232,29,1
-9.64,37.34976,29,1
-9.520213,40.34489,29,1
-9.060098,43.55036,29,1
-10.82953,45.75733,29,1
-12.70992,48.22976,29,1
-14.25312,50.80231,29,1
-15.07998,53.70992,29,1
-15.19952,56.66834,29,1
-15.19952,56.66834,29,1
-13.69863,57.63595,29,1
-12.07,58.09686,29,1
-12.07,58.09686,29,1
-12.07,58.09686,29,1
-12.07,58.09686,29,1
-12.07,58.09686,29,1
-14.28317,57.19538,29,1
-14.6402,54.35215,29,1
-14.64,51.40248,29,1
-12.89213,48.98292,29,1
-11.3819,46.36908,29,1
-10.34749,43.55785,29,1
-9.356883,40.61011,29,1
-9.642272,37.74495,29,1
-9.64,34.67735,29,1
-10.14233,31.68534,29,1
-11.88824,29.24665,29,1
-14.04842,27.1679,29,1
-16.4214,25.3333,29,1
-18.61233,23.15017,29,1
-19.65456,20.45171,29,1
-19.64,17.3339,29,1
-19.63991,14.33389,29,1
-18.37936,11.59663,29,1
-15.76327,10.1909,29,1
-12.7701,9.310429,29,1
-9.893498,8.458908,29,1
-6.904248,7.565178,29,1
-4.05686,6.627737,29,1
-1.381807,5.295935,29,1
-0.1277976,2.461082,29,1
0.1057394,0.79863,29,1
0.1057394,0.79863,29,1
0.05459406,1.033114,29,1
-0.7093522,3.901102,29,1
-3.500053,5.280807,29,1
-6.453819,6.611444,29,1
-9.225674,7.389657,29,1
-12.12351,8.165876,29,1
-14.99105,9.033916,29,1
-17.56755,10.78138,29,1
-19.28177,13.20798,29,1
-20.25806,16.02806,29,1
-20.28,19.00329,29,1
-20.28924,22.24324,29,1
-19.39832,23.76371,29,1
-17.83898,24.62603,29,1
-17.83898,24.62603,29,1
-17.83898,24.62603,29,1
-17.08986,25.71288,29,1
-15.39059,28.18524,29,1
-13.46338,30.47873,29,1
-11.17671,32.55018,29,1
-10.08601,35.02219,29,1
-10.27986,37.99258,29,1
-10.50987,40.96365,29,1
-11.1167,43.94295,29,1
-13.15061,46.14795,29,1
-14.42592,48.94849,29,1
-15.21533,51.84266,29,1
-15.28,54.75732,29,1
-14.73398,57.30558,29,1
-13.53774,57.85922,29,1
-12.07,58.35394,29,1
-12.07,58.35395,29,1
-12.07,58.35395,29,1
-12.07,58.35395,29,1
-12.07,57.22,29,1
-12.07,57.22,29,1
-12.07,57.22,29,1
-13.0207,57.44501,29,1
-15.28713,56.39067,29,1
-15.25542,54.63362,29,1
-15.27997,51.63701,29,1
-14.25824,48.62361,29,1
-12.88206,45.9579,29,1
-11.50589,43.29219,29,1
-10.36821,40.52327,29,1
-10.09461,37.47223,29,1
-10.28,34.50398,29,1
-10.5632,31.41869,29,1
-12.53609,29.25588,29,1
-14.84869,27.34566,29,1
-16.89205,25.16129,29,1
-18.3212,22.39233,29,1
-19.5911,20.73146,29,1
-19.8107,17.82033,29,1
-20.12642,14.83817,29,1
-18.19069,12.56061,29,1
-15.68007,10.92523,29,1
-12.94512,9.423774,29,1
-10.19842,8.231064,29,1
-7.292746,7.489181,29,1
-4.259828,6.75776,29,1
-1.619398,5.161893,29,1
-0.2273405,2.611996,29,1
0,0,30,1
0,0,30,1
0,0,30,1
-0.008167964,1.919963,30,1
-1.551639,3.877544,30,1
-4.321274,4.595678,30,1
-1.753385,6.018151,30,1
1.335085,6.460561,30,1
4.123178,6.178895,30,1
7.220734,6.541091,30,1
10.21287,6.749494,30,1
12.8129,5.499392,30,1
15.80791,5.326705,30,1
18.92273,5.147111,30,1
22.03754,4.967517,30,1
23.629,6.023688,30,1
21.53582,7.898131,30,1
20.55984,10.69903,30,1
20.08129,13.43821,30,1
20.14948,16.03214,30,1
20.36,18.91461,30,1
20.36,20.44741,30,1
20.99713,21.95916,30,1
24.09472,22.07165,30,1
26.61088,23.20793,30,1
28.34743,25.56193,30,1
28.45637,28.38692,30,1
29.43219,31.19699,30,1
29.79384,33.74944,30,1
30.35618,36.69486,30,1
30.70507,39.1786,30,1
33.59882,39.42501,30,1
34.59238,42.05398,30,1
34.47739,44.94109,30,1
34.99262,47.91138,30,1
35.19664,51.02471,30,1
35.36,54.13804,30,1
35.63791,56.96694,30,1
37.82251,57.46336,30,1
37.82251,57.46336,30,1
36.70624,57.54543,30,1
34.71874,55.65974,30,1
34.72,52.86472,30,1
33.72076,50.51605,30,1
30.70632,50.75001,30,1
28.22338,50.75,30,1
25.65264,50.9525,30,1
25.36,53.55413,30,1
25.36,56.40159,30,1
26.70617,57.56534,30,1
26.70617,57.56534,30,1
25.91758,57.40919,30,1
24.02595,57.83041,30,1
23.97559,58.38602,30,1
24.72002,55.98915,30,1
25.33042,53.15319,30,1
25.42763,50.40322,30,1
27.20064,48.24675,30,1
29.59414,46.25466,30,1
29.88761,43.42359,30,1
29.53503,40.44441,30,1
29.80122,37.63973,30,1
30.30359,35.10927,30,1
29.67743,33.28481,30,1
29.58412,31.35739,30,1
27.45263,29.93575,30,1
24.93672,31.30873,30,1
21.85716,30.8082,30,1
21.61683,30.67246,30,1
21.61683,30.67246,30,1
19.61319,29.73038,30,1
16.78831,28.78907,30,1
14.10292,29.52322,30,1
11.93334,31.41743,30,1
10.34381,33.52764,30,1
10.32739,36.25305,30,1
10.36,34.99878,30,1
10.34891,34.26221,30,1
9.697798,33.36093,30,1
10.16815,33.89957,30,1
10.36,36.95971,30,1
10.83578,39.30867,30,1
13.32003,39.77092,30,1
14.51276,42.48613,30,1
14.82273,45.42283,30,1
14.99255,48.32381,30,1
15.31174,51.17043,30,1
15.36,54.24137,30,1
15.39183,57.29124,30,1
15.02213,59.71725,30,1
14.79749,60.32727,30,1
16.01361,57.46112,30,1
14.92098,55.24666,30,1
14.7516,52.41443,30,1
13.95325,49.60869,30,1
11.21251,49.28138,30,1
8.253106,48.55686,30,1
5.447829,49.7821,30,1
5.36,52.38889,30,1
5.36,55.2563,30,1
5.55475,56.91262,30,1
5.795319,58.42034,30,1
5.795319,58.42034,30,1
5.795319,58.42034,30,1
5.795319,58.42034,30,1
5.795319,58.42034,30,1
5.795319,58.42034,30,1
5.795319,58.42034,30,1
5.408012,57.16267,30,1
4.975745,54.25315,30,1
5.36,51.39021,30,1
5.560112,48.48837,30,1
8.08469,46.8677,30,1
8.953614,44.17337,30,1
9.881342,41.38918,30,1
10.21993,38.52916,30,1
10.36,35.54998,30,1
9.618024,32.85738,30,1
9.194367,31.65338,30,1
7.77288,30.22406,30,1
7.775082,30.10408,30,1
7.775082,30.10408,30,1
9.247363,28.75743,30,1
11.87081,27.43591,30,1
14.97846,27.15865,30,1
17.9666,26.89205,30,1
19.12279,26.8805,30,1
20.90331,25.71411,30,1
20.90331,25.71411,30,1
20.52473,23.88458,30,1
19.50859,21.0619,30,1
20.36,18.641,30,1
20.36,15.76295,30,1
19.5476,13.35885,30,1
18.20897,12.01113,30,1
15.10204,12.29653,30,1
12.11391,12.56313,30,1
9.237255,12.95343,30,1
6.45426,11.83559,30,1
3.450498,11.92302,30,1
0.6466189,12.54149,30,1
-2.387908,12.41725,30,1
-5.270789,12.09696,30,1
-8.078869,12.61768,30,1
-10.83165,12.22163,30,1
-13.63705,10.85629,30,1
-16.21139,10.88672,30,1
-18.40092,12.62352,30,1
-19.45423,15.10556,30,1
-20.26329,17.63844,30,1
-19.82837,20.48039,30,1
-17.8819,21.98976,30,1
-14.85801,22.07037,30,1
-12.03664,22.7916,30,1
-12.6372,25.56027,30,1
-12.3925,28.48466,30,1
-11.39959,31.24629,30,1
-10.2101,33.85998,30,1
-9.78748,36.8301,30,1
-9.380827,39.28156,30,1
-6.869971,40.6077,30,1
-5.473532,43.37129,30,1
-4.701429,46.39396,30,1
-4.544569,49.49924,30,1
-4.716723,52.49429,30,1
-4.896084,55.48891,30,1
-4.672575,57.85119,30,1
-6.920169,59.30559,30,1
-6.349372,59.5079,30,1
-7.561197,57.53948,30,1
-6.703976,57.54031,30,1
-7.045489,57.40255,30,1
-7.266846,59.30976,30,1
-5.986507,59.27038,30,1
-4.745853,58.54583,30,1
-4.764688,55.46479,30,1
-5.125061,52.37609,30,1
-5.705588,49.44317,30,1
-6.382912,46.52063,30,1
-7.384149,43.69485,30,1
-7.811874,42.70321,30,1
-7.811874,42.70321,30,1
-7.882137,42.47372,30,1
-9.111267,39.89581,30,1
-10.11054,37.05696,30,1
-9.662264,34.35981,30,1
-10.22521,31.34887,30,1
-9.853477,30.68294,30,1
-9.853477,30.68294,30,1
-9.853477,30.68294,30,1
-9.853477,30.68294,30,1
-9.853477,30.68294,30,1
-9.853477,30.68294,30,1
-9.853477,30.68294,30,1
-9.853477,30.68294,30,1
-9.681544,30.1081,30,1
-9.866911,27.45849,30,1
-12.7984,27.25363,30,1
-15.78036,27.54224,30,1
-17.3449,25.24199,30,1
-18.76752,22.99252,30,1
-19.6583,20.38394,30,1
-19.72356,17.26461,30,1
-19.669,14.16272,30,1
-19.38501,12.01581,30,1
-18.81396,9.884828,30,1
-18.453,8.860573,30,1
-18.453,8.860573,30,1
-18.453,8.860573,30,1
-16.28568,9.458351,30,1
-13.71998,11.01156,30,1
-11.08329,11.99055,30,1
-8.38202,10.68551,30,1
-5.564769,11.39713,30,1
-2.708174,10.86453,30,1
-0.2362435,10.80061,30,1
-0.5030935,10.00564,30,1
-0.1393758,7.17324,30,1
-0.5415407,4.079277,30,1
0.3396554,1.439906,30,1
0.2278584,0.607379,30,1
0.05217734,-0.700878,30,1
-0.2798453,1.177982,30,1
-1.0896,3.770906,30,1
-3.922759,4.757421,30,1
-6.867791,5.787548,30,1
-9.693856,6.794203,30,1
-12.6322,7.843277,30,1
-15.57055,8.892352,30,1
-18.02606,10.30964,30,1
-18.86578,13.18343,30,1
-19.90035,15.91691,30,1
-20.04331,19.03287,30,1
-19.50355,21.88322,30,1
-17.94954,24.44937,30,1
-15.84174,26.44359,30,1
-13.05237,27.15368,30,1
-11.8696,29.76827,30,1
-10.70588,32.44512,30,1
-9.973658,35.09518,30,1
-10.00817,37.87093,30,1
-9.574403,40.68552,30,1
-8.002284,43.28207,30,1
-7.000962,46.11,30,1
-5.986586,49.06046,30,1
-5.205656,51.88925,30,1
-5.28,54.75256,30,1
-5.03534,57.33397,30,1
-3.255883,58.75051,30,1
-3.002145,57.60959,30,1
-5.912012,58.73521,30,1
-6.621596,57.55292,30,1
-4.463696,57.42181,30,1
-5.876255,57.89697,30,1
-7.879741,57.43105,30,1
-7.092754,57.36226,30,1
-4.723582,57.28877,30,1
-5.28,54.70091,30,1
-5.280068,51.8499,30,1
-6.710807,49.12041,30,1
-7.647144,46.58783,30,1
-8.689236,43.73659,30,1
-10.00836,41.15202,30,1
-9.748689,38.26138,30,1
-10.28,35.38499,30,1
-10.44189,32.68186,30,1
-12.5999,30.5979,30,1
-14.75966,28.51575,30,1
-16.98421,26.32883,30,1
-18.92116,23.89367,30,1
-19.75226,21.02419,30,1
-20.22798,18.06226,30,1
-20.16197,15.01298,30,1
-21.48951,12.46644,30,1
-19.59502,10.52079,30,1
-17.11032,9.470152,30,1
-14.36538,9.079034,30,1
-11.59141,8.879582,30,1
-8.729081,8.526952,30,1
-6.239057,7.078785,30,1
-3.696676,5.931344,30,1
-2.028288,3.925314,30,1
-0.17696,2.067687,30,1
-0.2799288,0.05640185,30,1
0.1116399,2.259094,30,1
-2.218599,3.587615,30,1
-5.338349,3.618619,30,1
-8.338309,3.634235,30,1
-10.53296,5.851861,30,1
-12.72761,8.069487,30,1
-14.83786,10.20183,30,1
-16.9481,12.33418,30,1
-18.95698,14.61004,30,1
-20.28006,16.63607,30,1
-19.63838,19.30331,30,1
-19.11192,22.25724,30,1
-17.51005,24.93463,30,1
-15.08646,26.50587,30,1
-12.35668,27.53014,30,1
-11.58286,30.54861,30,1
-10.46267,33.10191,30,1
-9.826777,35.92076,30,1
-9.835282,38.73804,30,1
-8.505467,41.32172,30,1
-7.554117,44.16549,30,1
-6.602757,47.00925,30,1
-5.600651,49.68362,30,1
-4.977007,52.61808,30,1
-5.162885,55.536,30,1
-6.065846,57.853,30,1
-7.88,57.87841,30,1
-6.174293,58.03844,30,1
-5.26442,56.53036,30,1
-5.088862,53.41628,30,1
-5.580611,50.7968,30,1
-6.63427,47.98268,30,1
-7.946856,45.22696,30,1
-8.682777,42.3186,30,1
-9.419874,39.28695,30,1
-10.16636,36.40725,30,1
-9.98162,33.61004,30,1
-12.40884,32.30786,30,1
-15.07246,31.39302,30,1
-16.25913,28.64016,30,1
-17.75285,26.23035,30,1
-18.74492,23.2743,30,1
-19.67136,20.50849,30,1
-20.21623,17.44458,30,1
-20.61028,14.38784,30,1
-21.86264,11.98104,30,1
-18.95348,11.2796,30,1
-15.9983,10.76297,30,1
-13.04296,10.24727,30,1
-9.969406,9.710944,30,1
-7.027134,9.129631,30,1
-4.113708,8.027153,30,1
-1.573466,6.453427,30,1
0.4236804,4.061,30,1
-0.2799063,1.219728,30,1
0.5623723,3.097371,30,1
-0.2800235,0.6744633,30,1
0.3831215,1.887284,30,1
-1.081419,3.941622,30,1
-3.744075,4.223188,30,1
-6.632151,4.242849,30,1
-9.294821,5.623754,30,1
-12.05373,6.682977,30,1
-14.42331,8.257589,30,1
-16.19591,10.82049,30,1
-18.27422,12.86996,30,1
-19.63885,15.3711,30,1
-19.82742,18.36312,30,1
-19.27368,21.13476,30,1
-16.60539,22.29371,30,1
-14.2197,24.11855,30,1
-12.92347,26.82405,30,1
-11.84409,29.62149,30,1
-10.77969,32.55431,30,1
-9.847968,34.60902,30,1
-10.1611,37.36813,30,1
-9.174617,40.2013,30,1
-8.148677,43.1478,30,1
-7.04383,46.32096,30,1
-6.057362,49.15414,30,1
-4.728006,51.68183,30,1
-4.64,54.51501,30,1
-5.280001,56.34039,30,1
-5.28,55.99619,30,1
-6.651989,57.68801,30,1
-7.371293,57.27223,30,1
-4.826885,56.82207,30,1
-4.64,54.44369,30,1
-5.167753,51.42009,30,1
-6.006343,48.79089,30,1
-6.894465,46.23697,30,1
-8.055455,43.58426,30,1
-9.296703,40.9762,30,1
-10.03221,38.30965,30,1
-10.12569,35.28581,30,1
-10.87001,32.71309,30,1
-13.81842,31.94059,30,1
-15.57202,29.79763,30,1
-16.67531,26.88095,30,1
-18.29686,24.61029,30,1
-19.23096,21.76147,30,1
-20.0351,18.93576,30,1
-19.83732,16.00208,30,1
-17.91568,13.97793,30,1
-14.97178,13.4005,30,1
-12.04164,12.75952,30,1
-9.629816,11.33693,30,1
-6.668247,10.35565,30,1
-4.173516,8.763681,30,1
-1.745183,7.02,30,1
0.1920237,4.734738,30,1
-0.2799834,1.978287,30,1
-0.1709243,2.732773,30,1
-0.1070674,2.434659,30,1
0.2762606,-0.1034301,30,1
-0.006564742,1.186158,30,1
-0.7166231,3.350086,30,1
-3.721321,3.555543,30,1
-6.841307,3.550976,30,1
-9.961262,3.56086,30,1
-12.21516,5.145258,30,1
-13.95209,7.591244,30,1
-15.71398,9.977297,30,1
-17.84204,11.99814,30,1
-19.1234,14.67503,30,1
-20.08887,17.33732,30,1
-19.73767,20.53374,30,1
-18.98499,23.68446,30,1
-16.99045,25.65285,30,1
-14.40832,27.18011,30,1
-12.06395,29.16084,30,1
-10.92142,31.60961,30,1
-10.10012,34.22663,30,1
-10.03333,37.26176,30,1
-8.965553,39.88757,30,1
-7.26342,42.21563,30,1
-6.598266,45.38659,30,1
-5.933113,48.55756,30,1
-5.265461,51.46461,30,1
-4.681915,54.28479,30,1
-5.335577,57.11179,30,1
-7.205411,57.22001,30,1
-5.374932,57.66774,30,1
-4.99718,54.57543,30,1
-5.280942,51.37852,30,1
-6.070698,48.55214,30,1
-6.860454,45.72575,30,1
-8.404416,43.4235,30,1
-9.295148,40.53228,30,1
-9.934062,37.60107,30,1
-10.21333,34.5701,30,1
-11.44413,32.39069,30,1
-14.20901,30.94505,30,1
-16.85263,29.52844,30,1
-17.83261,26.85088,30,1
-18.77436,24.15489,30,1
-19.70205,21.32802,30,1
-20.21765,18.37268,30,1
-19.64,15.65985,30,1
-18.07593,13.09352,30,1
-16.03622,10.93939,30,1
-13.38806,9.615521,30,1
-10.47297,8.906813,30,1
-7.482123,8.022407,30,1
-4.792885,6.692914,30,1
-2.105669,5.359165,30,1
-0.7146951,3.185102,30,1
0,0,31,1
0,0,31,1
0,0,31,1
0,0,31,1
0,0,31,1
0,0,31,1
0.002117716,2.995856,31,1
-2.374369,4.917652,31,1
-4.367774,5.028297,31,1
-7.0517,4.804277,31,1
-10.04365,4.586451,31,1
-11.53065,7.185266,31,1
-14.05503,8.478491,31,1
-16.83504,9.87997,31,1
-19.27052,11.82836,31,1
-19.76927,14.49144,31,1
-19.64534,17.48455,31,1
-20.01672,20.70224,31,1
-22.24077,21.94802,31,1
-22.24077,21.94802,31,1
-22.24077,21.94802,31,1
-20.15681,22.75821,31,1
-17.69716,24.46947,31,1
-15.64443,26.77738,31,1
-13.36073,28.70991,31,1
-11.15002,30.91085,31,1
-9.99351,33.69586,31,1
-9.967456,36.6957,31,1
-9.956788,38.73568,31,1
-9.956788,38.73568,31,1
-9.631296,40.14096,31,1
-9.610194,40.22315,31,1
-10.30121,41.16356,31,1
-8.902354,43.89961,31,1
-6.79079,45.67648,31,1
-5.139286,47.90585,31,1
-5.34095,50.89553,31,1
-5.273294,53.86354,31,1
-5.306994,56.97774,31,1
-5.361897,57.57521,31,1
-5.361897,57.57521,31,1
-5.361897,57.57521,31,1
-5.361897,57.57521,31,1
-5.208532,57.50256,31,1
-5.006851,55.9464,31,1
-5.000984,53.0691,31,1
-4.970956,50.28616,31,1
-7.883642,49.59978,31,1
-10.97189,49.7604,31,1
-14.02734,49.42179,31,1
-14.63965,51.80083,31,1
-14.64,54.89217,31,1
-15.52889,57.48053,31,1
-16.23546,57.55613,31,1
-16.23546,57.55613,31,1
-16.23546,57.55613,31,1
-15.47198,59.36449,31,1
-15.47198,59.36449,31,1
-15.47198,59.36449,31,1
-15.47198,59.36449,31,1
-15.47198,59.36449,31,1
-15.47198,59.36449,31,1
-15.47198,59.36449,31,1
-15.47198,59.36449,31,1
-14.79542,59.40905,31,1
-15.05554,57.41389,31,1
-15.28,54.31462,31,1
-15.28063,51.31465,31,1
-12.61255,50.5002,31,1
-10.60784,48.94925,31,1
-10.69356,45.71364,31,1
-10.66343,42.59642,31,1
-10.39671,39.60828,31,1
-10.25772,36.64826,31,1
-10.26523,33.76828,31,1
-11.91507,31.55791,31,1
-14.37619,30.64409,31,1
-16.9865,29.6844,31,1
-19.73031,28.35508,31,1
-22.72992,28.31262,31,1
-25.66913,28.87526,31,1
-28.52942,30.08888,31,1
-29.78273,32.21554,31,1
-29.64,35.26905,31,1
-29.64,38.2468,31,1
-27.7298,40.3697,31,1
-26.08225,42.18916,31,1
-25.17522,44.47965,31,1
-25.97723,45.14143,31,1
-26.03219,47.98007,31,1
-24.84118,50.35399,31,1
-25.27064,53.43363,31,1
-25.09205,56.4275,31,1
-25.86105,58.81494,31,1
-27.24653,58.74826,31,1
-27.24653,58.74826,31,1
-27.24653,58.74826,31,1
-27.24653,58.74826,31,1
-25.70781,57.22746,31,1
-24.82729,56.56207,31,1
-24.74347,53.56793,31,1
-25.28001,51.60298,31,1
-25.46549,50.37465,31,1
-27.07168,48.62123,31,1
-29.93593,47.89519,31,1
-32.83715,48.60526,31,1
-35.06551,50.57516,31,1
-34.64182,53.66459,31,1
-34.82051,56.75909,31,1
-35.67257,59.14557,31,1
-36.14882,59.60101,31,1
-36.14882,59.60101,31,1
-36.22322,57.92266,31,1
-34.63057,55.87938,31,1
-35.05731,52.91194,31,1
-34.21332,49.95732,31,1
-33.27028,47.14192,31,1
-31.79865,44.69903,31,1
-30.62284,42.29198,31,1
-30.88925,39.35574,31,1
-29.65413,37.15975,31,1
-30.26593,34.10869,31,1
-30.494,31.23341,31,1
-32.96702,29.64903,31,1
-31.02286,27.77422,31,1
-28.35518,29.06799,31,1
-25.37901,28.31872,31,1
-22.42417,28.39798,31,1
-20.64916,26.71234,31,1
-20.49396,23.71638,31,1
-19.66686,20.94634,31,1
-20.04745,17.97062,31,1
-19.76678,15.02634,31,1
-21.19051,12.39536,31,1
-23.59425,10.76755,31,1
-23.12777,9.855024,31,1
-21.59701,11.38115,31,1
-18.59669,10.52594,31,1
-15.70506,9.72683,31,1
-12.69778,8.895758,31,1
-9.806168,8.09665,31,1
-6.798891,7.265578,31,1
-3.900494,7.161421,31,1
-0.9047602,6.858635,31,1
-0.1418668,5.672982,31,1
-0.03918463,3.757277,31,1
-0.226018,0.7693481,31,1
-0.2428852,-1.749999,31,1
-0.2013848,-1.75,31,1
-0.2013848,-1.75,31,1
-0.1581133,-1.75,31,1
-0.1555825,-1.75,31,1
-0.1555825,-1.75,31,1
-0.1555825,-1.75,31,1
-0.1555825,-1.75,31,1
-0.1555825,-1.75,31,1
-0.1414817,-1.630831,31,1
0.1316731,1.356663,31,1
0.1636638,1.715239,31,1
0.3231886,1.01319,31,1
0.2752669,-1.749913,31,1
0.1528726,-1.75,31,1
0.1149564,-1.75,31,1
0.1068822,-1.75,31,1
0.09880795,-1.75,31,1
0.09889848,-1.75,31,1
0.0989021,-1.75,31,1
0.0989021,-1.75,31,1
-0.09105197,-0.2016092,31,1
-0.2736249,2.887938,31,1
1.903545,4.73165,31,1
4.759633,5.285298,31,1
7.754007,5.164686,31,1
10.86479,5.376567,31,1
13.97239,5.475483,31,1
16.96198,5.271406,31,1
18.37351,7.384937,31,1
17.55472,10.26457,31,1
19.55323,12.21126,31,1
19.85717,15.30944,31,1
19.92619,18.42867,31,1
19.61291,20.97237,31,1
21.67563,22.56478,31,1
22.16368,22.30122,31,1
19.87837,21.7297,31,1
20.36,18.80631,31,1
20.36,15.7537,31,1
21.9299,14.58963,31,1
24.48585,14.18719,31,1
24.75801,11.23946,31,1
22.29889,10.80282,31,1
19.96147,8.995416,31,1
16.91311,8.330672,31,1
14.05493,8.924565,31,1
11.11828,9.412281,31,1
8.002632,9.387787,31,1
5.10291,8.639297,31,1
2.380902,7.385413,31,1
0.1503171,5.222983,31,1
0.3592388,2.264361,31,1
0.36,-0.8410039,31,1
-0.2827042,-1.75,31,1
-0.28,-1.298081,31,1
-0.1705125,0.235467,31,1
-0.1106915,3.296573,31,1
-2.7409,4.629217,31,1
-5.835281,5.028252,31,1
-8.810649,5.411939,31,1
-11.90503,5.810973,31,1
-14.59872,6.77301,31,1
-17.46967,7.988586,31,1
-18.91716,10.47847,31,1
-19.9553,13.02338,31,1
-19.94544,16.01869,31,1
-20.10255,19.01408,31,1
-19.78228,21.8489,31,1
-22.3721,22.97608,31,1
-25.07181,24.10043,31,1
-27.74292,25.47397,31,1
-29.91245,27.52633,31,1
-29.97665,30.4054,31,1
-30.04338,33.52468,31,1
-30.16976,36.52184,31,1
-30.38414,38.81185,31,1
-30.58141,38.95887,31,1
-30.58883,40.05518,31,1
-32.19767,41.6569,31,1
-32.92773,44.66142,31,1
-35.02287,46.85723,31,1
-35.43056,49.94823,31,1
-35.28,52.74747,31,1
-34.90783,55.7337,31,1
-35.72627,58.08537,31,1
-37.51732,58.44064,31,1
-37.51732,58.44064,31,1
-37.22165,59.67631,31,1
-35.21384,60.79,31,1
-33.12314,58.83388,31,1
-33.04714,58.79615,31,1
-34.05563,60.15279,31,1
-34.61911,60.79,31,1
-34.61911,60.79,31,1
-34.59392,58.99091,31,1
-34.64058,56.19773,31,1
-35.27999,53.54932,31,1
-35.3521,50.71058,31,1
-33.38742,48.77341,31,1
-30.46345,48.0743,31,1
-27.58915,48.92738,31,1
-25.14264,50.83455,31,1
-25.27926,53.41044,31,1
-25.08253,56.31029,31,1
-26.0713,58.66733,31,1
-26.0713,58.66733,31,1
-25.14746,59.40919,31,1
-24.89612,57.95964,31,1
-25.08312,54.86601,31,1
-24.84011,51.87592,31,1
-24.78934,48.89565,31,1
-27.05564,46.77863,31,1
-28.27232,43.90912,31,1
-29.01337,41.00215,31,1
-29.64511,38.13323,31,1
-29.9498,35.13554,31,1
-29.55094,32.50041,31,1
-27.34737,30.55962,31,1
-24.6002,29.35454,31,1
-21.62515,28.07139,31,1
-18.96447,26.97011,31,1
-15.95514,26.29021,31,1
-14.15285,28.23851,31,1
-12.128,30.18433,31,1
-9.967727,32.20909,31,1
-10.07402,35.32678,31,1
-10.28,38.07626,31,1
-8.778767,40.4955,31,1
-6.96312,42.91863,31,1
-6.925164,45.73542,31,1
-4.628816,47.67487,31,1
-5.448327,50.14259,31,1
-5.222342,51.80349,31,1
-5.004623,54.78388,31,1
-5.533014,57.73196,31,1
-5.793106,58.13415,31,1
-5.793106,58.13415,31,1
-4.393207,56.95347,31,1
-4.67501,53.97951,31,1
-4.879152,51.00223,31,1
-6.213942,48.90348,31,1
-7.637709,47.46956,31,1
-10.5458,46.51212,31,1
-13.55537,47.16621,31,1
-15.03525,48.39759,31,1
-14.69363,50.31564,31,1
-15.27997,53.07026,31,1
-15.28,56.1016,31,1
-16.84219,58.3107,31,1
-16.87973,58.3868,31,1
-16.48836,59.41366,31,1
-15.66781,58.57076,31,1
-14.64385,56.5946,31,1
-14.64,53.49879,31,1
-14.40827,50.54348,31,1
-11.92382,49.47906,31,1
-10.87748,46.50016,31,1
-11.34284,43.53925,31,1
-10.26588,40.94436,31,1
-10.239,37.82512,31,1
-10.02576,34.83357,31,1
-10.26146,31.91261,31,1
-12.72779,30.03455,31,1
-14.55448,27.88014,31,1
-16.15187,26.0161,31,1
-19.1227,26.29291,31,1
-22.21815,25.9055,31,1
-23.6201,27.74211,31,1
-24.60976,26.82988,31,1
-26.37453,24.96142,31,1
-29.10634,26.3881,31,1
-30.31983,28.75599,31,1
-30.3153,31.75599,31,1
-30.26206,34.73988,31,1
-30.25438,37.73985,31,1
-29.96106,40.67822,31,1
-32.51558,42.12432,31,1
-34.91333,43.80923,31,1
-35.1628,47.02979,31,1
-35.59332,49.99763,31,1
-35.28,52.45993,31,1
-35.12535,55.51875,31,1
-35.79902,57.8132,31,1
-37.22664,57.32201,31,1
-35.94252,58.56569,31,1
-35.37986,60.13517,31,1
-35.63523,57.07799,31,1
-34.64,54.69742,31,1
-35.28,52.28012,31,1
-33.68957,50.14911,31,1
-30.94508,48.93806,31,1
-27.91543,48.5487,31,1
-25.11369,49.55733,31,1
-24.66651,51.6677,31,1
-25.20303,54.74061,31,1
-25.09408,57.77308,31,1
-26.23374,58.81012,31,1
-26.23374,58.81012,31,1
-25.63,58.16934,31,1
-25.0428,56.59186,31,1
-24.88715,53.47598,31,1
-25.49526,50.7454,31,1
-26.74609,48.11235,31,1
-29.38356,46.70059,31,1
-30.42786,44.24892,31,1
-30.26311,41.19207,31,1
-30.09978,38.07993,31,1
-30.14039,34.96015,31,1
-30.90686,32.68455,31,1
-32.24253,30.04482,31,1
-32.43369,27.15722,31,1
-31.29139,24.3853,31,1
-29.14174,22.93877,31,1
-26.22768,24.04067,31,1
-23.40801,23.7844,31,1
-20.20216,24.23561,31,1
-19.86898,23.56839,31,1
-19.68149,20.46947,31,1
-19.73704,17.47911,31,1
-19.98972,14.57124,31,1
-18.74455,11.82489,31,1
-15.81086,11.77006,31,1
-12.84496,11.80186,31,1
-13.66603,10.20807,31,1
-16.51668,9.620965,31,1
-14.49255,10.18946,31,1
-12.37493,11.86487,31,1
-10.01915,9.819244,31,1
-7.741568,7.866842,31,1
-6.581316,5.116995,31,1
-5.350147,6.429848,31,1
-2.46582,7.140594,31,1
-0.5950001,6.798365,31,1
0.2301314,6.641018,31,1
3.218984,6.477199,31,1
6.218896,6.453834,31,1
9.338801,6.429534,31,1
11.75177,4.657096,31,1
14.41833,4.260613,31,1
17.20555,5.662664,31,1
19.70684,5.182395,31,1
22.38951,3.915606,31,1
22.81425,4.597404,31,1
21.08768,6.552428,31,1
20.17985,8.184258,31,1
20.17985,8.184258,31,1
20.17985,8.184258,31,1
20.17985,8.184258,31,1
20.58252,7.73945,31,1
23.35768,7.694336,31,1
26.21087,8.512448,31,1
29.28557,7.995504,31,1
32.39151,7.879202,31,1
35.38136,8.734773,31,1
36.75,10.62185,31,1
34.98194,13.03911,31,1
33.88459,11.31473,31,1
31.36842,11.24186,31,1
28.43574,10.31409,31,1
25.37198,9.724634,31,1
22.33081,10.18674,31,1
20.0188,12.09556,31,1
20.20225,14.96937,31,1
20.33608,18.08267,31,1
20.43102,21.02038,31,1
19.09679,23.20044,31,1
19.67339,24.83268,31,1
22.34899,24.8917,31,1
22.78363,27.46569,31,1
25.71465,28.45571,31,1
28.16131,30.19126,31,1
29.39072,32.6174,31,1
29.72,34.67493,31,1
29.79935,37.75901,31,1
30.00363,40.25153,31,1
28.29038,42.08942,31,1
28.63645,45.09842,31,1
29.89385,47.61068,31,1
32.75749,47.98772,31,1
34.99701,50.0681,31,1
35.09742,52.46598,31,1
34.78822,55.4886,31,1
34.32566,57.72061,31,1
32.29882,57.63456,31,1
32.29882,57.63456,31,1
34.5956,58.97187,31,1
35.90057,58.39828,31,1
35.36,55.66766,31,1
35.36,52.55174,31,1
34.65199,49.7783,31,1
31.6066,49.3165,31,1
29.20535,47.77751,31,1
26.4404,47.70046,31,1
24.73255,49.79324,31,1
24.89647,52.78764,31,1
24.8485,55.78715,31,1
24.76772,58.84551,31,1
23.27405,60.13612,31,1
22.51761,60.79,31,1
22.81558,60.79,31,1
24.79982,59.81209,31,1
27.03638,57.66337,31,1
25.90751,59.06465,31,1
24.70027,60.79,31,1
24.64508,58.15375,31,1
24.78753,55.038,31,1
24.83331,51.91834,31,1
25.64691,49.10087,31,1
27.30965,46.60435,31,1
28.65912,43.85342,31,1
29.36046,41.17745,31,1
29.77078,38.20504,31,1
29.89768,35.0948,31,1
29.22401,32.22558,31,1
27.06285,30.49213,31,1
24.87301,28.46519,31,1
23.14684,25.72359,31,1
21.25307,23.58558,31,1
19.61301,21.65562,31,1
20.08981,18.57262,31,1
20.36,15.59831,31,1
21.71297,13.50494,31,1
21.21419,11.04832,31,1
18.4847,9.722669,31,1
15.84132,8.631303,31,1
12.98472,8.341435,31,1
10.07827,9.042607,31,1
7.081515,9.093211,31,1
4.074678,8.342609,31,1
1.506261,6.804822,31,1
1.33113,3.927623,31,1
0.6092789,3.029382,31,1
0.2755539,1.851308,31,1
0.314452,2.450281,31,1
0.1928114,0.7747595,31,1
0.3619049,-0.1639569,31,1
-0.02433785,-0.5829085,31,1
-0.28,2.269221,31,1
1.68528,4.06344,31,1
4.1434,5.722725,31,1
7.246002,5.479295,31,1
10.21954,5.864994,31,1
13.07012,6.791505,31,1
15.91615,8.067522,31,1
17.69167,10.10239,31,1
19.20662,12.48999,31,1
19.46812,15.06409,31,1
19.97716,17.47247,31,1
20.21135,20.18654,31,1
20.37772,22.99758,31,1
18.66417,24.90351,31,1
15.68748,24.64434,31,1
12.66461,25.35033,31,1
10.49666,27.27746,31,1
10.28451,30.26995,31,1
10.07237,33.26245,31,1
9.860223,36.25499,31,1
9.563277,39.21326,31,1
8.270148,42.17859,31,1
6.298529,44.18543,31,1
4.883196,46.51145,31,1
4.815396,49.39061,31,1
4.72004,52.50856,31,1
4.72,55.42717,31,1
5.542407,58.26553,31,1
7.197724,58.10381,31,1
5.33097,57.9705,31,1
5.215881,55.31689,31,1
4.89116,52.2396,31,1
6.542476,49.71722,31,1
9.542452,48.9087,31,1
12.41397,48.98192,31,1
14.97562,50.30347,31,1
14.72,53.25566,31,1
14.72,56.21795,31,1
15.93844,57.90946,31,1
15.31708,56.10114,31,1
15.06006,53.1122,31,1
14.11208,50.28679,31,1
13.15209,47.77811,31,1
10.86531,45.90902,31,1
10.86198,42.94398,31,1
9.367781,40.63292,31,1
9.888679,37.69658,31,1
10.23159,34.663,31,1
10.07749,31.91801,31,1
12.61904,30.10869,31,1
15.3563,28.89315,31,1
18.24205,28.0913,31,1
21.21925,27.75339,31,1
24.33102,27.87079,31,1
27.12119,28.9298,31,1
29.59246,30.80599,31,1
29.54506,33.11469,31,1
29.72,36.05543,31,1
29.66419,39.04773,31,1
28.12323,41.74041,31,1
26.42346,44.14095,31,1
24.41407,46.22237,31,1
24.55826,49.21885,31,1
24.79235,52.20419,31,1
24.72,54.6904,31,1
24.99025,57.6641,31,1
27.43944,57.63041,31,1
27.93,57.22002,31,1
27.29827,57.22,31,1
27.25077,57.22057,31,1
27.25077,57.22057,31,1
27.25077,57.22057,31,1
26.0152,58.69017,31,1
23.69529,59.5374,31,1
24.64327,57.07711,31,1
25.10888,54.12037,31,1
25.42285,51.22508,31,1
26.79677,48.55828,31,1
28.17666,45.76002,31,1
28.91456,42.86396,31,1
29.64523,39.89821,31,1
30.36,37.20022,31,1
30.36,34.0913,31,1
30.79131,31.30949,31,1
28.60174,29.10012,31,1
26.18916,27.52815,31,1
23.30074,26.84436,31,1
20.66588,25.21976,31,1
20.92079,22.2388,31,1
19.9393,19.78592,31,1
19.72,17.09227,31,1
19.97408,14.2362,31,1
18.57808,11.60039,31,1
15.78259,11.55683,31,1
12.72557,11.95576,31,1
10.06122,10.97749,31,1
8.281593,8.711382,31,1
5.37413,7.973036,31,1
2.572235,6.612202,31,1
0.4683676,4.687424,31,1
0.3482272,2.261868,31,1
0.3599081,1.421973,31,1
0.3341061,2.141856,31,1
-0.7896326,3.310973,31,1
0.988694,4.723804,31,1
3.746858,5.903612,31,1
6.665471,5.978601,31,1
9.648099,5.70612,31,1
12.6399,5.859041,31,1
15.61132,6.783288,31,1
18.27289,8.16402,31,1
19.89841,10.38663,31,1
19.68064,13.49844,31,1
19.72,16.30735,31,1
19.7203,19.42418,31,1
21.41743,21.91562,31,1
23.94661,23.16509,31,1
26.86931,24.22761,31,1
29.37321,25.87305,31,1
29.88847,28.77621,31,1
29.78333,31.77404,31,1
29.72125,34.75574,31,1
29.72,37.73819,31,1
29.08399,40.58099,31,1
26.77836,42.58034,31,1
26.0629,45.61723,31,1
24.89675,48.17021,31,1
25.23498,51.03006,31,1
24.82451,53.94368,31,1
24.75319,56.6103,31,1
26.67886,58.45078,31,1
27.6458,57.86369,31,1
25.6532,59.0169,31,1
25.33458,56.44995,31,1
25.36,53.3302,31,1
25.72305,50.29111,31,1
27.45131,47.8449,31,1
28.55063,45.03271,31,1
30.31453,42.60479,31,1
30.33183,39.73336,31,1
30.24445,36.73489,31,1
30.19351,33.61535,31,1
29.77098,30.93694,31,1
27.92169,30.76621,31,1
24.89323,30.0645,31,1
22.31527,28.54385,31,1
20.07674,26.4218,31,1
20.45245,23.54046,31,1
19.98005,20.69178,31,1
19.99994,17.89824,31,1
20.45235,14.95438,31,1
21.37392,12.269,31,1
18.69305,11.20285,31,1
15.70628,10.92153,31,1
12.73033,10.55641,31,1
9.802643,9.903016,31,1
6.750883,9.254067,31,1
3.903136,8.315279,31,1
1.225731,6.731589,31,1
-0.9293966,4.647554,31,1
-0.3741924,2.890856,31,1
0.3599999,1.502311,31,1
0.36,0.183201,31,1
-0.1476889,1.782529,31,1
-0.2799999,0.8198526,31,1
-0.2286308,0.8326923,31,1
-0.02243474,3.824449,31,1
-0.9189648,6.467259,31,1
1.790542,6.155359,31,1
4.74069,5.636272,31,1
7.857646,5.718165,31,1
10.79601,6.304202,31,1
13.74894,7.302537,31,1
16.48695,8.792339,31,1
19.0428,10.57394,31,1
19.54863,13.37412,31,1
19.72057,15.78003,31,1
19.72,18.76188,31,1
19.88273,21.84079,31,1
22.16014,23.40018,31,1
24.93032,24.54993,31,1
27.70367,25.97851,31,1
29.51187,28.03703,31,1
29.30299,31.02735,31,1
29.75395,33.7635,31,1
29.87895,36.8796,31,1
29.21369,39.6256,31,1
26.61712,41.3553,31,1
25.83705,44.27147,31,1
24.6035,46.75227,31,1
24.86966,49.73656,31,1
24.8851,52.73542,31,1
24.72,55.50613,31,1
25.85268,58.12486,31,1
27.93,57.85059,31,1
25.86253,59.31778,31,1
25.1069,57.04773,31,1
25.36,54.09644,31,1
25.48027,51.05168,31,1
27.14034,48.4166,31,1
29.36998,46.58679,31,1
29.66873,43.60242,31,1
29.9513,40.6158,31,1
30.23387,37.62918,31,1
30.36,34.64225,31,1
29.29136,31.72496,31,1
27.51559,29.16774,31,1
24.54359,28.45634,31,1
22.06239,26.93818,31,1
20.62648,24.44596,31,1
20.8927,21.57918,31,1
19.8077,19.14287,31,1
19.9929,16.1486,31,1
18.51434,13.71252,31,1
15.98421,12.57721,31,1
12.87334,12.35479,31,1
9.793168,11.85838,31,1
6.86416,11.22625,31,1
3.930209,10.17035,31,1
1.423193,8.549053,31,1
-0.3769687,6.117049,31,1
0.2270311,3.178499,31,1
0.262621,1.891052,31,1
0.2151594,2.126329,31,1
0.2832786,0.7193431,31,1
-0.6883209,3.476144,31,1
-1.739136,3.676446,31,1
-1.739136,3.676446,31,1
-1.739136,3.676446,31,1
-1.189759,3.917663,31,1
1.557746,5.122308,31,1
4.344469,6.22962,31,1
7.096528,7.699154,31,1
9.944536,7.688942,31,1
12.93483,7.529943,31,1
15.93446,8.313633,31,1
18.5715,9.743928,31,1
20.00435,12.14764,31,1
19.75121,15.24661,31,1
19.81848,18.24453,31,1
20.22364,21.25313,31,1
22.51398,23.37061,31,1
24.54579,25.57687,31,1
26.54085,27.97509,31,1
28.35726,30.36231,31,1
29.83078,32.96236,31,1
30.36,36.0106,31,1
29.95966,39.09528,31,1
28.69858,41.80965,31,1
27.17385,44.53171,31,1
25.71466,47.15284,31,1
24.82048,50.12943,31,1
25.19093,53.18099,31,1
24.8692,55.99194,31,1
25.92945,58.32298,31,1
27.93,57.77753,31,1
26.62594,59.83157,31,1
24.81197,57.8143,31,1
24.9737,54.93607,31,1
25.36,52.01439,31,1
26.63228,49.46602,31,1
28.23385,46.92744,31,1
30.08033,44.9499,31,1
30.13555,41.95041,31,1
30.19077,38.95091,31,1
30.25637,35.83163,31,1
30.50367,32.73108,31,1
29.79712,30.16001,31,1
26.99444,29.50459,31,1
24.11189,28.34498,31,1
21.59079,26.51449,31,1
19.70841,24.20217,31,1
19.61297,21.29792,31,1
20.33363,18.2623,31,1
20.37067,15.34208,31,1
19.71823,12.62921,31,1
17.54425,10.5619,31,1
14.49124,10.44339,31,1
11.50132,10.19963,31,1
8.427297,9.678138,31,1
5.540842,8.868717,31,1
2.801053,7.654472,31,1
0.3167524,5.782923,31,1
-0.5145007,3.151346,31,1
0,0,32,1
0,0.48,32,1
0.2515298,3.421811,32,1
3.0064,4.356882,32,1
0.3897046,4.977803,32,1
-2.722575,4.953246,32,1
-5.45832,6.148992,32,1
-8.122278,7.528558,32,1
-10.92238,8.593577,32,1
-13.74887,9.895329,32,1
-16.46613,11.42857,32,1
-18.86946,13.19777,32,1
-19.64106,15.90647,32,1
-19.84419,18.96452,32,1
-20.61122,21.84919,32,1
-22.99212,22.91187,32,1
-22.90101,25.07595,32,1
-25.66529,25.82136,32,1
-28.2245,26.26517,32,1
-29.67924,28.84148,32,1
-29.79354,31.80224,32,1
-29.84863,34.91496,32,1
-30.02825,38.02977,32,1
-31.52623,40.27919,32,1
-33.89628,40.64449,32,1
-34.24529,42.92618,32,1
-35.66177,44.79168,32,1
-35.63088,47.87679,32,1
-35.42846,50.86991,32,1
-35.12033,53.91283,32,1
-35.1983,56.89762,32,1
-35.89926,58.69775,32,1
-35.12597,59.22441,32,1
-34.70285,56.25887,32,1
-34.64,53.27512,32,1
-33.95971,50.60257,32,1
-30.87716,50.60826,32,1
-27.7917,50.30856,32,1
-25.29059,51.33468,32,1
-25.16262,54.392,32,1
-24.70744,57.23986,32,1
-23.61308,59.34344,32,1
-24.6944,57.8924,32,1
-25.18462,54.93707,32,1
-25.28,51.94061,32,1
-27.05247,49.82993,32,1
-28.61307,47.31216,32,1
-29.30817,44.2832,32,1
-29.76607,41.3198,32,1
-29.88504,38.20226,32,1
-29.97922,35.20371,32,1
-29.5957,32.47578,32,1
-28.26812,30.22663,32,1
-25.36714,29.70502,32,1
-22.37116,29.85957,32,1
-19.37514,30.00813,32,1
-16.67959,28.69766,32,1
-13.83635,29.65357,32,1
-11.4695,31.41782,32,1
-9.929696,34.07728,32,1
-9.902112,37.19627,32,1
-11.0999,39.53053,32,1
-12.52437,40.71911,32,1
-13.93162,42.00439,32,1
-15.02521,44.47238,32,1
-14.57589,47.7911,32,1
-14.8091,50.78137,32,1
-14.64,53.76599,32,1
-15.10995,56.7559,32,1
-13.5858,58.82219,32,1
-13.69426,58.35491,32,1
-15.10507,56.12217,32,1
-15.02075,53.13086,32,1
-14.20036,50.38433,32,1
-11.28131,50.48605,32,1
-8.477559,49.17879,32,1
-5.586849,49.59172,32,1
-5.197393,52.52075,32,1
-5.231379,55.64052,32,1
-5.538808,58.53436,32,1
-4.748985,60.79802,32,1
-4.329803,58.81665,32,1
-4.682012,55.75703,32,1
-5.199704,52.97367,32,1
-4.40209,50.08155,32,1
-4.576525,48.16656,32,1
-5.174139,45.44969,32,1
-7.26025,44.47458,32,1
-6.959785,42.28931,32,1
-9.104383,40.41593,32,1
-9.667585,37.51758,32,1
-9.64,34.40063,32,1
-8.563393,32.26519,32,1
-7.075854,30.25388,32,1
-8.27182,30.05586,32,1
-8.9415,32.15191,32,1
-9.64,34.71531,32,1
-9.64,37.67833,32,1
-9.893937,40.62277,32,1
-8.634225,43.23481,32,1
-8.786216,44.72232,32,1
-10.98898,46.82528,32,1
-13.62552,47.75287,32,1
-14.75895,50.6597,32,1
-14.83506,53.70592,32,1
-14.94341,56.76271,32,1
-15.67218,58.95806,32,1
-14.93342,57.26256,32,1
-14.96247,54.17896,32,1
-14.55748,51.091,32,1
-12.15213,50.133,32,1
-9.576346,50.54825,32,1
-6.499197,50.49608,32,1
-4.882588,52.64043,32,1
-4.64,55.74284,32,1
-5.739882,58.14907,32,1
-4.699797,56.6474,32,1
-5.173797,53.78258,32,1
-5.283051,50.69632,32,1
-7.451047,48.65871,32,1
-9.042818,45.87252,32,1
-9.760909,42.84504,32,1
-9.757995,39.84574,32,1
-10.13333,36.8718,32,1
-9.884326,33.98484,32,1
-9.994701,31.65653,32,1
-12.11651,30.49518,32,1
-14.56886,29.49014,32,1
-17.41056,28.41195,32,1
-20.27433,28.54861,32,1
-23.28707,29.11923,32,1
-26.005,30.34133,32,1
-28.69446,31.03819,32,1
-30.31091,33.21384,32,1
-30.11389,36.19384,32,1
-30.0894,39.15075,32,1
-30.21269,41.54619,32,1
-29.44042,43.71613,32,1
-27.59591,45.91756,32,1
-25.64111,48.03506,32,1
-25.03231,50.95713,32,1
-24.82029,53.94865,32,1
-24.59109,57.04877,32,1
-25.07093,59.22514,32,1
-26.47917,60.46646,32,1
-25.22448,58.21051,32,1
-25.28,55.22479,32,1
-25.28,52.22637,32,1
-26.92574,50.4426,32,1
-29.68902,50.5439,32,1
-32.37501,49.72268,32,1
-34.66183,51.34601,32,1
-34.77216,54.25746,32,1
-34.9034,57.27092,32,1
-36.19627,58.53739,32,1
-37.6115,58.72668,32,1
-35.62872,59.48926,32,1
-34.06982,57.7365,32,1
-35.28,55.4255,32,1
-34.94801,52.3201,32,1
-33.90889,49.51508,32,1
-32.24208,47.02249,32,1
-31.2091,44.25141,32,1
-30.88359,41.27192,32,1
-30.15339,38.25531,32,1
-30.04651,35.25818,32,1
-29.18462,32.49165,32,1
-27.51157,30.6619,32,1
-24.81285,29.44134,32,1
-22.82217,27.41893,32,1
-20.81883,25.44962,32,1
-20.02278,22.69291,32,1
-19.94948,19.57424,32,1
-20.27819,16.72901,32,1
-20.4159,14.09191,32,1
-19.71837,12.85489,32,1
-18.5601,11.57515,32,1
-15.7556,11.56301,32,1
-12.94087,12.06148,32,1
-9.894679,12.08567,32,1
-7.062337,13.09039,32,1
-4.49529,11.82986,32,1
-2.224443,11.46288,32,1
0.1083801,10.89959,32,1
2.357781,11.7769,32,1
4.186522,11.91772,32,1
6.703034,10.77775,32,1
9.702774,10.79486,32,1
12.67975,11.15715,32,1
15.64868,11.58776,32,1
17.83407,13.42689,32,1
19.90561,15.26577,32,1
20.15232,18.34771,32,1
19.60454,21.27836,32,1
17.66837,23.08756,32,1
16.18269,25.21542,32,1
13.63931,25.54364,32,1
11.80599,27.72306,32,1
10.33345,30.47152,32,1
10.35335,33.55822,32,1
10.27791,36.55614,32,1
9.65568,39.38793,32,1
7.903759,40.95454,32,1
6.039027,42.18084,32,1
4.652953,44.60289,32,1
4.624347,47.83755,32,1
4.766143,50.71402,32,1
4.906369,53.71069,32,1
5.367524,56.71547,32,1
5.351725,58.72146,32,1
4.943023,56.01609,32,1
5.032363,52.91127,32,1
5.896646,50.00209,32,1
8.811607,50.38546,32,1
11.58545,49.60789,32,1
14.42007,50.85318,32,1
14.85119,53.82945,32,1
15.16646,56.67284,32,1
15.76385,58.57947,32,1
16.29324,57.54842,32,1
15.1783,55.07565,32,1
15.234,51.96784,32,1
13.81579,49.27847,32,1
13.77109,47.28259,32,1
12.06871,44.9667,32,1
10.82459,42.2471,32,1
10.27532,39.29816,32,1
9.777855,36.34131,32,1
10.36,33.46032,32,1
12.58314,32.19617,32,1
15.64054,32.39854,32,1
18.58528,31.82865,32,1
21.0738,31.09096,32,1
23.65589,30.74315,32,1
26.56287,30.55269,32,1
28.613,31.67313,32,1
29.78991,34.10083,32,1
30.05925,37.20918,32,1
30.46641,39.15904,32,1
29.80222,40.56339,32,1
29.58888,43.02318,32,1
31.50446,45.00921,32,1
33.29314,47.02829,32,1
34.24935,49.9982,32,1
34.97003,52.99959,32,1
35.35049,55.78146,32,1
35.09639,58.3924,32,1
36.44172,59.2527,32,1
35.38047,56.68425,32,1
35.12411,53.58061,32,1
34.23341,50.74117,32,1
31.32228,50.57192,32,1
28.25549,50.5029,32,1
25.41203,50.99735,32,1
24.9411,53.88829,32,1
25.06069,56.80485,32,1
23.52822,58.97202,32,1
25.09412,60.11531,32,1
27.44696,58.57238,32,1
26.33141,57.56061,32,1
25.1686,55.60319,32,1
25.21498,52.48354,32,1
26.32788,49.78487,32,1
28.48046,47.74337,32,1
29.48302,45.34734,32,1
29.33522,42.28063,32,1
29.98641,39.23803,32,1
30.11724,36.24141,32,1
29.74168,33.49407,32,1
29.04375,30.77118,32,1
26.53085,28.77781,32,1
24.2344,27.3202,32,1
22.56398,24.97438,32,1
21.17133,22.25417,32,1
20.21242,19.84691,32,1
20.36,16.86381,32,1
19.9548,13.98572,32,1
17.75618,12.35391,32,1
15.74876,10.69329,32,1
13.12199,9.32056,32,1
11.45543,7.740469,32,1
9.528289,5.664761,32,1
6.741698,4.55552,32,1
3.662101,4.173515,32,1
0.7839433,3.540135,32,1
0.3599999,0.5454072,32,1
-0.2799999,0.5534197,32,1
0.3241217,3.541101,32,1
2.581724,5.246196,32,1
5.427364,6.195786,32,1
8.345971,7.298191,32,1
11.1586,8.646603,32,1
13.83799,9.995839,32,1
16.36173,11.82053,32,1
18.91644,13.37735,32,1
20.17115,16.17525,32,1
20.01977,19.28658,32,1
20.84655,22.07265,32,1
23.15042,23.69063,32,1
25.10104,26.1257,32,1
26.97761,28.46633,32,1
28.5836,30.9873,32,1
29.93131,33.80083,32,1
29.98887,36.90348,32,1
30.65681,39.81423,32,1
31.66217,42.76784,32,1
32.88981,45.63532,32,1
34.04332,48.53396,32,1
34.84025,51.41526,32,1
34.94714,54.41265,32,1
34.94239,57.22717,32,1
35.83512,57.76687,32,1
35.16478,55.64231,32,1
34.72,52.70747,32,1
33.39646,50.48754,32,1
30.39831,50.54508,32,1
27.33575,50.49759,32,1
25.27742,52.02586,32,1
25.05718,55.01777,32,1
24.86727,57.68549,32,1
26.33467,57.54828,32,1
27.80592,57.31361,32,1
25.59106,56.9898,32,1
25.36,54.3035,32,1
25.41435,51.20857,32,1
27.12216,48.77059,32,1
28.60147,46.16307,32,1
29.73121,43.2548,32,1
30.47555,40.3505,32,1
29.9189,37.41138,32,1
29.72,34.43293,32,1
28.31049,32.19196,32,1
25.53973,30.57424,32,1
24.24307,27.93193,32,1
22.25338,25.78933,32,1
20.70987,23.07837,32,1
20.34371,20.20995,32,1
20.1913,17.21397,32,1
20.02007,14.09866,32,1
18.85816,11.51799,32,1
16.3698,9.850546,32,1
13.5933,8.843958,32,1
10.76805,9.081253,32,1
7.932772,8.530107,32,1
5.22681,6.976989,32,1
2.624925,5.483606,32,1
0.13713,3.7622,32,1
-0.111043,1.035366,32,1
-0.2647354,0.7969792,32,1
0.5398968,3.536798,32,1
3.069366,5.35633,32,1
5.724079,6.753646,32,1
8.378942,8.150683,32,1
11.14,9.603602,32,1
13.83316,10.92113,32,1
16.58572,12.10972,32,1
18.92503,13.82681,32,1
19.78382,16.50412,32,1
19.93279,19.50042,32,1
20.53517,22.16194,32,1
22.69311,23.51843,32,1
24.89456,25.50143,32,1
27.53893,26.73973,32,1
29.17429,28.77058,32,1
29.65907,31.73045,32,1
29.94882,34.83466,32,1
29.81547,37.83058,32,1
28.92585,40.68751,32,1
26.91587,42.97845,32,1
26.11368,46.11335,32,1
24.8497,48.79997,32,1
24.9892,51.79609,32,1
24.87623,54.7935,32,1
25.81211,57.28855,32,1
27.93,57.25502,32,1
25.42241,57.21873,32,1
25.34693,54.56163,32,1
25.36,51.67955,32,1
26.29591,48.74008,32,1
27.62944,46.05273,32,1
28.96353,43.36566,32,1
29.23397,40.34563,32,1
29.84068,37.72559,32,1
29.73388,34.72982,32,1
28.4542,32.22545,32,1
26.27026,30.354,32,1
24.75538,27.63901,32,1
23.05636,25.16651,32,1
21.33588,22.56405,32,1
20.31829,19.72632,32,1
20.11409,16.75042,32,1
18.72903,14.19951,32,1
16.12748,12.48021,32,1
13.57046,10.91406,32,1
10.90476,9.539696,32,1
8.222281,8.19978,32,1
5.49946,6.940482,32,1
2.792317,5.396088,32,1
0.4082933,3.426567,32,1
0.1556662,0.4629565,32,1
-0.211711,1.591025,32,1
-0.1239254,4.661235,32,1
1.762186,6.325658,32,1
4.605421,7.508374,32,1
7.425263,8.515968,32,1
10.41031,9.242351,32,1
13.32342,10.35476,32,1
16.13218,11.40796,32,1
18.42139,13.13419,32,1
19.61891,15.18114,32,1
20.13145,18.20671,32,1
20.67678,21.14326,32,1
22.73204,23.32487,32,1
25.32279,24.27196,32,1
26.99712,26.76127,32,1
28.7474,29.34388,32,1
29.44196,32.24911,32,1
30.35984,35.20032,32,1
30.16577,38.0664,32,1
29.16669,40.89452,32,1
28.10133,43.82702,32,1
27.00454,46.74115,32,1
25.54832,49.59838,32,1
25.30019,52.56926,32,1
25.09215,55.56177,32,1
25.73084,57.82414,32,1
27.92632,57.6805,32,1
25.63532,57.307,32,1
24.72,54.79328,32,1
24.83566,51.68987,32,1
25.98294,48.9222,32,1
27.4004,46.15514,32,1
28.29645,43.30955,32,1
29.41726,40.45756,32,1
30.15895,37.5596,32,1
30.3437,34.49334,32,1
28.76563,31.99846,32,1
26.64334,29.87848,32,1
24.13919,28.66808,32,1
23.80401,25.73872,32,1
21.98322,23.21699,32,1
20.21403,20.81973,32,1
20.1987,17.87263,32,1
19.65529,15.22478,32,1
18.60803,12.66587,32,1
15.73485,11.63439,32,1
13.48045,9.893882,32,1
11.21367,7.754215,32,1
8.656541,6.398482,32,1
5.778221,6.585126,32,1
3.538821,4.935947,32,1
0.8766941,3.706209,32,1
0.2165816,0.8927847,32,1
-0.259939,1.219248,32,1
1.010165,4.049199,32,1
3.805566,4.682193,32,1
6.212732,6.469491,32,1
9.076549,7.646811,32,1
12.02874,8.180187,32,1
14.79493,9.247787,32,1
17.45628,10.87605,32,1
19.14477,13.25572,32,1
19.92023,15.91284,32,1
20.2678,18.85576,32,1
21.17058,21.64684,32,1
23.38231,23.66075,32,1
25.12256,26.24716,32,1
27.27086,28.50493,32,1
29.18916,30.8045,32,1
29.73436,33.54681,32,1
29.77774,36.66586,32,1
29.68031,39.64449,32,1
28.26973,42.29195,32,1
26.89965,45.0944,32,1
25.6448,47.81789,32,1
25.02889,50.73028,32,1
25.18837,53.84495,32,1
25.4413,56.79236,32,1
27.70265,57.21962,32,1
25.55647,57.74693,32,1
25.23672,55.97814,32,1
25.36,53.24047,32,1
25.83164,50.09052,32,1
27.11322,47.24603,32,1
28.28919,44.61704,32,1
29.36748,41.69056,32,1
29.84443,38.74732,32,1
29.72,35.63931,32,1
29.33433,32.63058,32,1
26.82552,31.24682,32,1
24.5843,29.12896,32,1
22.49975,26.64859,32,1
21.19191,23.95704,32,1
19.98313,21.22265,32,1
20.3509,18.13316,32,1
19.64287,15.12099,32,1
17.35769,13.2988,32,1
15.0828,11.44723,32,1
12.89071,9.402053,32,1
9.994561,8.353562,32,1
7.295014,7.212807,32,1
4.367456,7.214211,32,1
2.016706,5.350642,32,1
0.06781769,3.001072,32,1
0,0,33,1
0,0,33,1
0,0,33,1
-0.2186846,1.179905,33,1
-0.8194084,4.022161,33,1
-0.8194084,4.022161,33,1
-2.012503,4.150717,33,1
-2.012503,4.150717,33,1
-2.012503,4.150717,33,1
-2.012503,4.150717,33,1
-3.130705,4.852159,33,1
-5.866954,6.254885,33,1
-7.506402,7.306959,33,1
-6.950983,9.383363,33,1
-5.621163,11.03476,33,1
-4.17308,12.58493,33,1
-2.614965,14.00001,33,1
-0.6133026,14.70201,33,1
1.075674,14.75,33,1
1.461429,14.75,33,1
1.461429,14.75,33,1
4.215485,14.49375,33,1
7.199998,14.74478,33,1
10.16287,14.75,33,1
13.18074,14.75,33,1
16.19635,14.75,33,1
18.92798,14.5717,33,1
19.97118,14.85123,33,1
19.97118,14.85123,33,1
19.93978,15.45041,33,1
19.7815,18.44621,33,1
19.67384,21.44166,33,1
19.67384,21.44166,33,1
19.67384,21.44166,33,1
19.67384,21.44166,33,1
19.67384,21.44166,33,1
21.23994,22.74867,33,1
23.25931,24.96163,33,1
25.29795,27.32345,33,1
27.33659,29.68527,33,1
29.07409,32.22721,33,1
29.98623,34.75751,33,1
30.36,37.70294,33,1
30.41276,38.88197,33,1
30.41276,38.88197,33,1
29.30284,39.16524,33,1
28.20112,39.66932,33,1
28.99321,40.56025,33,1
30.00877,43.37877,33,1
31.23572,46.23409,33,1
32.92285,48.85856,33,1
34.62712,51.18548,33,1
34.91367,54.23434,33,1
34.6599,56.8558,33,1
34.6599,56.8558,33,1
33.90764,57.48198,33,1
33.90764,57.48198,33,1
33.90764,57.48198,33,1
35.09158,56.13796,33,1
35.36,53.47338,33,1
35.48186,50.53735,33,1
33.74548,47.98212,33,1
30.89083,47.9095,33,1
27.88725,48.65853,33,1
25.20017,50.20147,33,1
24.72,52.70982,33,1
24.72,55.49628,33,1
23.26755,57.65591,33,1
23.02913,57.68097,33,1
23.02913,57.68097,33,1
23.12492,58.09427,33,1
23.50807,59.74749,33,1
23.50807,59.74749,33,1
23.7011,57.53984,33,1
24.90342,55.89056,33,1
25.35975,52.8115,33,1
25.90711,49.96654,33,1
27.58449,47.33579,33,1
29.03592,44.72245,33,1
29.76955,41.81361,33,1
30.24573,38.73121,33,1
30.36,35.6401,33,1
30.407,33.0243,33,1
30.407,33.0243,33,1
30.407,33.0243,33,1
30.63519,31.51413,33,1
30.30988,29.22893,33,1
30.42321,28.47378,33,1
30.06542,28.43396,33,1
26.98422,27.9484,33,1
24.03164,27.41706,33,1
20.95939,26.8744,33,1
17.90231,27.39568,33,1
15.03214,28.26678,33,1
12.26881,29.42124,33,1
10.09003,31.41423,33,1
9.720008,34.08824,33,1
9.72,37.0456,33,1
8.952884,39.83216,33,1
8.450192,42.71682,33,1
9.046375,45.88313,33,1
10.27819,48.15598,33,1
12.48613,47.55563,33,1
13.94416,49.83217,33,1
14.7852,52.1596,33,1
14.81419,55.14363,33,1
13.69963,57.7823,33,1
12.87178,58.26821,33,1
12.87178,58.26821,33,1
12.87178,58.26821,33,1
12.87178,58.26821,33,1
12.87178,58.26821,33,1
12.87178,58.26821,33,1
12.87178,58.26821,33,1
13.18702,58.39399,33,1
14.99802,59.12133,33,1
15.52601,56.87324,33,1
15.14086,54.24774,33,1
15.00646,51.25661,33,1
12.36348,49.93027,33,1
9.30969,49.56657,33,1
6.725461,50.52193,33,1
4.720005,51.84825,33,1
4.72,54.27509,33,1
4.72,56.20538,33,1
4.357252,57.07381,33,1
3.173205,57.51421,33,1
3.173205,57.51421,33,1
3.568664,58.72356,33,1
4.136815,59.66435,33,1
4.136815,59.66435,33,1
4.445459,57.64784,33,1
5.040505,54.64275,33,1
5.36,51.6834,33,1
6.275527,48.61127,33,1
8.058447,46.20192,33,1
9.651816,43.68518,33,1
10.37389,40.77355,33,1
10.35995,38.03918,33,1
10.36,34.93593,33,1
10.53395,32.07534,33,1
12.37414,29.59119,33,1
14.73762,27.56544,33,1
17.13843,25.76654,33,1
19.00263,23.47784,33,1
20.38938,20.68605,33,1
20.36,17.83755,33,1
20.4788,14.86826,33,1
21.45034,12.30405,33,1
21.45034,12.30405,33,1
21.45034,12.30405,33,1
21.82074,10.8223,33,1
21.23929,10.67428,33,1
18.33359,9.928103,33,1
15.28099,9.363831,33,1
12.19865,9.838878,33,1
9.243308,10.35455,33,1
6.169745,10.89086,33,1
3.440734,12.00871,33,1
1.19014,13.98846,33,1
0.6434378,14.73441,33,1
0.07797951,14.49902,33,1
-2.032794,14.62546,33,1
-3.423551,14.37391,33,1
-2.975864,11.40751,33,1
-2.232791,8.506902,33,1
-0.9100495,6.818781,33,1
-1.921167,5.457539,33,1
-2.868584,4.41709,33,1
-4.189063,4.990505,33,1
-7.116547,6.069045,33,1
-9.941878,7.077758,33,1
-12.88022,8.126819,33,1
-15.70555,9.13552,33,1
-18.12736,11.03093,33,1
-19.85406,13.32737,33,1
-18.84425,13.93959,33,1
-19.97157,13.93783,33,1
-20.27998,15.9493,33,1
-20.28,18.86066,33,1
-20.67514,21.66709,33,1
-21.03537,22.42241,33,1
-21.03537,22.42241,33,1
-21.03537,22.42241,33,1
-20.88448,23.3105,33,1
-19.319,25.86957,33,1
-17.46061,28.22297,33,1
-15.49503,30.42721,33,1
-12.6385,31.20397,33,1
-11.80503,32.54447,33,1
-10.09749,34.16036,33,1
-10.00023,37.13451,33,1
-10.49372,39.59726,33,1
-10.42542,40.65198,33,1
-10.42542,40.65198,33,1
-10.38478,40.76489,33,1
-9.707772,43.79275,33,1
-8.433023,46.36902,33,1
-6.339788,48.38322,33,1
-6.881747,50.57342,33,1
-6.244375,50.52076,33,1
-5.03285,51.76247,33,1
-5.28,54.73879,33,1
-5.597131,57.80119,33,1
-6.059276,58.33738,33,1
-6.059276,58.33738,33,1
-5.980634,58.11063,33,1
-5.017559,55.22094,33,1
-5.155995,52.12552,33,1
-6.635746,49.39767,33,1
-9.471387,49.26102,33,1
-12.54319,49.76043,33,1
-15.03584,51.26568,33,1
-15.28,53.95087,33,1
-15.28,56.43367,33,1
-16.72627,57.54251,33,1
-16.72627,57.54251,33,1
-16.25019,58.81393,33,1
-14.87766,60.17868,33,1
-15.00589,58.26464,33,1
-15.16611,55.27002,33,1
-14.89157,52.18604,33,1
-14.01553,49.19159,33,1
-13.05073,46.35377,33,1
-11.8185,43.61901,33,1
-10.69609,40.71877,33,1
-10.15479,37.81199,33,1
-9.700838,34.84654,33,1
-10.26713,32.01415,33,1
-13.06483,31.13254,33,1
-16.12921,30.5462,33,1
-19.19771,29.98434,33,1
-22.29747,29.9563,33,1
-25.25724,30.44367,33,1
-28.10286,31.31059,33,1
-30.32928,33.27754,33,1
-30.28,35.95698,33,1
-30.29759,38.67022,33,1
-32.90023,39.5006,33,1
-33.7229,41.6506,33,1
-31.21569,43.06183,33,1
-28.64933,44.48713,33,1
-26.95857,47.08778,33,1
-26.31816,49.99219,33,1
-25.11054,52.10737,33,1
-24.99565,55.19482,33,1
-26.41547,57.76532,33,1
-26.94856,60.26707,33,1
-24.09339,60.44949,33,1
-22.30828,58.52079,33,1
-22.30828,58.52079,33,1
-22.30828,58.52079,33,1
-24.51666,58.28205,33,1
-24.9094,57.82939,33,1
-24.9094,57.82939,33,1
-25.06447,56.88202,33,1
-25.28,53.80955,33,1
-25.48272,50.77026,33,1
-27.21563,49.42236,33,1
-27.21563,49.42236,33,1
-27.50912,47.83215,33,1
-30.61203,48.15806,33,1
-33.46213,48.99454,33,1
-35.42839,51.25593,33,1
-35.28,53.96143,33,1
-35.32288,56.73422,33,1
-36.61632,57.5947,33,1
-37.89768,57.22002,33,1
-37.88,57.22,33,1
-35.88087,58.03802,33,1
-34.80115,58.55972,33,1
-34.82844,58.08051,33,1
-35.02319,54.96663,33,1
-35.05227,51.85298,33,1
-34.04419,49.03697,33,1
-32.76369,45.93057,33,1
-31.6614,43.26986,33,1
-30.42131,40.27657,33,1
-29.87134,37.38915,33,1
-30.14307,34.29054,33,1
-28.88876,31.54645,33,1
-26.70942,29.48509,33,1
-24.42932,27.35541,33,1
-22.23692,25.30763,33,1
-20.29798,22.89475,33,1
-19.64002,20.01692,33,1
-19.64,17.0561,33,1
-19.11951,14.07552,33,1
-17.48115,11.61811,33,1
-14.89293,9.935847,33,1
-12.09317,8.859328,33,1
-9.17286,7.761105,33,1
-6.366459,6.700869,33,1
-3.4478,5.598224,33,1
-0.8779624,4.078038,33,1
-0.03211489,2.41493,33,1
0.3384578,0.776332,33,1
0.36,0.6594331,33,1
0.36,0.6594331,33,1
0.36,0.6594331,33,1
-0.2799999,2.301525,33,1
-2.192384,3.689267,33,1
-5.100991,4.35992,33,1
-7.820512,5.888782,33,1
-10.41477,7.395384,33,1
-13.11279,8.962258,33,1
-15.70705,10.46887,33,1
-18.11303,12.25865,33,1
-19.13581,14.7218,33,1
-20.28,16.6946,33,1
-20.28,19.56195,33,1
-21.53167,21.66583,33,1
-24.27031,23.12983,33,1
-26.42731,25.21151,33,1
-28.513,27.36746,33,1
-29.86006,30.15691,33,1
-30.41801,33.22631,33,1
-30.28,36.05812,33,1
-30.44019,38.96489,33,1
-32.05206,41.6362,33,1
-33.60636,44.20215,33,1
-35.04013,46.96632,33,1
-35.95302,49.81591,33,1
-35.24574,51.85241,33,1
-35.28,54.83332,33,1
-35.84438,57.32107,33,1
-37.88,57.22019,33,1
-37.88,57.22019,33,1
-35.03176,58.16242,33,1
-32.32015,58.24794,33,1
-32.07,60.53846,33,1
-32.07,60.61954,33,1
-33.57661,58.02526,33,1
-34.90944,55.42651,33,1
-34.64003,52.443,33,1
-34.64717,49.33247,33,1
-33.78802,46.46988,33,1
-32.15229,43.95557,33,1
-30.99735,41.13015,33,1
-29.63178,38.63508,33,1
-29.64,35.55946,33,1
-29.22551,32.76079,33,1
-27.40803,30.37403,33,1
-25.18333,28.37448,33,1
-22.76797,26.4003,33,1
-20.81122,24.13459,33,1
-19.5588,21.45236,33,1
-19.64,18.56556,33,1
-19.64,15.56191,33,1
-17.8742,13.06859,33,1
-15.55012,11.18834,33,1
-12.80659,9.702958,33,1
-10.04913,8.243245,33,1
-7.163607,7.093553,33,1
-4.257253,6.349853,33,1
-1.531746,5.151214,33,1
-0.05997083,2.581279,33,1
-0.09132281,2.465447,33,1
0.04535563,0.6706438,33,1
-0.01842764,1.508219,33,1
-0.1030538,3.182873,33,1
-1.149931,3.501847,33,1
-4.150743,3.310002,33,1
-6.896371,4.155434,33,1
-9.492919,5.878412,33,1
-12.39915,6.580624,33,1
-15.30859,7.699237,33,1
-17.52338,9.588428,33,1
-19.90269,11.34172,33,1
-20.35037,14.2933,33,1
-20.28,16.98856,33,1
-20.28,19.95565,33,1
-21.80324,21.95787,33,1
-24.29586,23.6268,33,1
-26.63564,25.50213,33,1
-28.64165,27.8852,33,1
-29.8882,30.58829,33,1
-30.33484,33.25887,33,1
-30.28,36.23747,33,1
-30.47071,39.12804,33,1
-32.30686,41.6196,33,1
-34.3476,43.81609,33,1
-35.6818,46.62749,33,1
-36.45404,49.63559,33,1
-36.75,50.53175,33,1
-36.75,50.53175,33,1
-35.54634,50.10762,33,1
-35.16626,52.9448,33,1
-35.28,55.91378,33,1
-37.19119,57.44145,33,1
-37.42411,57.38357,33,1
-35.12275,58.0603,33,1
-33.66552,59.4098,33,1
-34.59399,56.93846,33,1
-35.03299,53.98015,33,1
-34.84148,50.99866,33,1
-33.85795,48.16872,33,1
-32.64108,45.29581,33,1
-31.19412,42.5323,33,1
-30.40286,39.67058,33,1
-29.91143,36.71581,33,1
-29.64,33.79218,33,1
-27.91294,31.41203,33,1
-25.64603,29.27169,33,1
-23.13816,27.41825,33,1
-21.02697,25.29874,33,1
-20.04254,22.49905,33,1
-19.64,19.46464,33,1
-19.64,16.54744,33,1
-18.25871,14.14812,33,1
-15.6525,12.66233,33,1
-12.87356,11.24468,33,1
-9.974911,10.1219,33,1
-7.095722,9.290441,33,1
-4.376609,8.023112,33,1
-1.84814,6.43955,33,1
0.0843345,4.145529,33,1
0.684835,3.248748,33,1
0.1032512,1.617743,33,1
-0.01484859,1.152499,33,1
-0.2799999,-0.3595457,33,1
-0.28,-0.1580082,33,1
-0.2799999,0.1547519,33,1
-0.28,1.948867,33,1
-1.870586,3.695758,33,1
-4.743815,4.549728,33,1
-7.655247,5.261188,33,1
-10.56342,5.974593,33,1
-13.04733,7.482263,33,1
-15.7844,8.708041,33,1
-18.15042,10.52129,33,1
-19.85119,13.12499,33,1
-20.28373,15.37495,33,1
-20.28,18.30824,33,1
-20.51231,21.00094,33,1
-22.77055,22.95271,33,1
-25.21176,24.6964,33,1
-27.70769,26.56674,33,1
-29.31295,29.17562,33,1
-30.22438,32.03335,33,1
-30.28,34.65857,33,1
-30.28,37.73308,33,1
-31.35673,40.37947,33,1
-33.05488,42.84312,33,1
-34.36941,45.53981,33,1
-35.58976,48.41108,33,1
-35.88729,50.7077,33,1
-35.28,52.72997,33,1
-35.28,55.77362,33,1
-36.78978,57.53289,33,1
-37.88,57.22,33,1
-37.25057,57.22079,33,1
-35.9786,57.53534,33,1
-33.88546,58.38673,33,1
-33.88546,58.38673,33,1
-34.23699,57.24164,33,1
-34.70386,54.58248,33,1
-34.64,51.69729,33,1
-33.63657,48.78599,33,1
-32.10081,46.07017,33,1
-30.57877,43.34675,33,1
-29.49129,40.55888,33,1
-29.64001,37.80003,33,1
-29.64,34.85831,33,1
-28.80914,32.13628,33,1
-26.75412,29.95263,33,1
-24.5843,27.71097,33,1
-22.54281,25.51279,33,1
-20.76357,23.12148,33,1
-20.14992,20.18499,33,1
-19.64,17.12825,33,1
-19.02184,14.34741,33,1
-16.57723,12.45485,33,1
-13.81851,11.28265,33,1
-10.86395,10.28014,33,1
-8.025385,9.309367,33,1
-5.202393,8.294106,33,1
-2.553109,6.913553,33,1
-0.4890879,4.602255,33,1
0.3989247,2.70438,33,1
0.3599999,1.068794,33,1
0.3599999,0.7116381,33,1
0.3599999,0.7116381,33,1
-0.28,2.449329,33,1
-2.57852,4.120645,33,1
-5.55601,5.052305,33,1
-8.416494,5.956531,33,1
-11.27697,6.860757,33,1
-14.25186,7.801153,33,1
-16.47958,9.620487,33,1
-18.1809,12.23546,33,1
-19.86826,14.85827,33,1
-20.28,17.80477,33,1
-20.28,20.59121,33,1
-22.50691,22.68915,33,1
-24.8137,24.60713,33,1
-27.11663,26.52966,33,1
-29.25288,28.79231,33,1
-29.72925,31.8391,33,1
-30.13572,34.80789,33,1
-30.28,37.8147,33,1
-31.43996,40.5622,33,1
-33.01449,43.11576,33,1
-34.58228,45.67337,33,1
-35.69403,48.57468,33,1
-35.47533,51.10117,33,1
-35.28,53.87762,33,1
-35.28,56.41761,33,1
-35.85204,57.32809,33,1
-37.88,57.21614,33,1
-36.71016,57.54317,33,1
-34.64079,55.75721,33,1
-34.64,52.66843,33,1
-34.0385,49.70004,33,1
-32.97923,46.89518,33,1
-31.29639,44.27198,33,1
-30.11625,41.42552,33,1
-29.68427,38.3356,33,1
-29.64,35.36452,33,1
-29.12451,32.5826,33,1
-27.25627,30.23533,33,1
-25.3846,27.89083,33,1
-23.14438,25.55046,33,1
-21.14587,23.31911,33,1
-19.8517,20.51241,33,1
-19.64,17.58306,33,1
-19.26364,14.83655,33,1
-16.89045,12.81571,33,1
-14.39891,11.15377,33,1
-11.56919,9.841834,33,1
-8.822012,8.636414,33,1
-5.964947,7.382776,33,1
-3.21815,6.176493,33,1
-0.7795429,4.53082,33,1
0.3599901,2.015508,33,1
0.36,1.370967,33,1
0,0,34,1
-0.006283524,2.399992,34,1
0.01564876,3.718643,34,1
1.68,3.931359,34,1
0.968262,3.816305,34,1
-1.8548,5.144737,34,1
-4.569283,6.422076,34,1
-7.392342,7.750509,34,1
-10.10683,9.027839,34,1
-13.0127,8.881454,34,1
-15.3973,10.76614,34,1
-18.35113,11.16654,34,1
-20.16515,13.17423,34,1
-20.27983,16.05171,34,1
-20.28,19.16561,34,1
-20.16292,22.07176,34,1
-20.1772,22.37749,34,1
-21.1047,23.75472,34,1
-24.02365,23.57898,34,1
-26.36565,24.97681,34,1
-28.00342,27.28418,34,1
-29.07286,30.00141,34,1
-30.22863,32.5431,34,1
-30.28,35.51945,34,1
-30.28311,38.63234,34,1
-30.10978,39.81035,34,1
-30.56842,40.67596,34,1
-30.66663,41.93816,34,1
-31.33931,43.80689,34,1
-32.70777,46.56976,34,1
-34.55012,48.79721,34,1
-34.8877,51.77727,34,1
-35.18572,54.76246,34,1
-34.73392,57.60727,34,1
-35.7641,58.77515,34,1
-35.68408,59.87584,34,1
-36.71368,57.65303,34,1
-35.24698,56.31667,34,1
-35.12065,53.19921,34,1
-34.41375,50.49248,34,1
-31.46598,50.1128,34,1
-28.34609,50.1041,34,1
-25.23665,50.32243,34,1
-24.64001,52.32234,34,1
-24.88689,55.34339,34,1
-24.64767,57.99567,34,1
-23.87043,60.726,34,1
-24.46109,59.86028,34,1
-24.84769,56.90717,34,1
-24.63949,54.47504,34,1
-25.19062,51.71061,34,1
-25.74826,48.86595,34,1
-27.50871,46.438,34,1
-28.26181,43.43332,34,1
-29.12029,40.77424,34,1
-29.87315,37.95412,34,1
-29.95226,34.95512,34,1
-29.89072,32.09633,34,1
-31.82561,30.99794,34,1
-30.51601,29.77578,34,1
-27.47251,29.09492,34,1
-26.17474,26.56113,34,1
-23.88669,25.70029,34,1
-21.05418,26.30108,34,1
-18.83745,25.64707,34,1
-16.04532,26.63242,34,1
-13.59033,28.52275,34,1
-11.55985,30.73362,34,1
-10.30327,33.07349,34,1
-9.811511,36.0059,34,1
-10.16878,38.99501,34,1
-10.73822,40.44704,34,1
-11.30581,42.32935,34,1
-13.21546,44.00423,34,1
-14.0022,46.88771,34,1
-14.40892,49.79404,34,1
-15.28,52.51095,34,1
-15.24359,55.50604,34,1
-14.46677,58.16791,34,1
-16.11109,59.52664,34,1
-15.83132,58.97078,34,1
-15.31752,56.71527,34,1
-14.66168,56.55766,34,1
-15.13916,54.21322,34,1
-15.02474,51.22803,34,1
-13.13915,49.59197,34,1
-10.23764,49.82254,34,1
-7.323506,48.72369,34,1
-5.64995,50.9599,34,1
-5.279994,53.80861,34,1
-5.176495,56.91206,34,1
-5.706266,59.13369,34,1
-4.405007,60.68658,34,1
-5.684786,59.07062,34,1
-5.080544,56.32651,34,1
-4.794986,53.21963,34,1
-5.453606,50.24243,34,1
-6.648166,47.55603,34,1
-8.03875,45.24751,34,1
-8.822085,42.52701,34,1
-9.697116,39.74372,34,1
-9.869731,36.74871,34,1
-10.04235,33.7537,34,1
-10.11226,31.46372,34,1
-10.49559,28.87861,34,1
-12.68577,27.31476,34,1
-15.16673,25.65475,34,1
-17.93625,24.22499,34,1
-19.38283,21.65779,34,1
-19.79267,18.67721,34,1
-19.64,15.95275,34,1
-19.93911,13.07932,34,1
-20.85855,10.73402,34,1
-21.43087,9.383294,34,1
-19.10427,10.25886,34,1
-16.06715,10.89064,34,1
-12.95755,10.63653,34,1
-9.963988,10.44007,34,1
-6.992739,10.7309,34,1
-4.02528,11.09161,34,1
-1.36063,9.809422,34,1
0.8174224,8.927481,34,1
2.999923,8.607054,34,1
5.436261,9.642993,34,1
8.402768,9.995975,34,1
11.23343,10.98351,34,1
14.15772,12.07114,34,1
16.91397,10.9768,34,1
19.86448,11.41576,34,1
19.98927,14.38877,34,1
19.96107,17.25428,34,1
19.72,20.05013,34,1
20.32313,22.79098,34,1
19.28992,23.51962,34,1
16.52239,22.36196,34,1
14.81844,23.93083,34,1
13.36156,25.97045,34,1
12.43581,28.23857,34,1
10.74986,30.67698,34,1
9.848722,33.33279,34,1
9.72,36.43258,34,1
9.612521,39.40795,34,1
8.063924,41.83624,34,1
5.025894,41.95248,34,1
4.590217,44.64596,34,1
5.466745,46.64833,34,1
4.711397,49.33705,34,1
4.864878,52.33307,34,1
4.956842,55.33167,34,1
5.243489,58.02288,34,1
5.422224,60.14042,34,1
7.14683,59.61519,34,1
6.140092,57.84089,34,1
5.300774,55.53733,34,1
4.723947,52.61742,34,1
5.240057,49.63049,34,1
7.691203,47.92101,34,1
10.59179,47.23444,34,1
13.67769,47.55455,34,1
14.34131,50.31556,34,1
15.34746,52.54309,34,1
15.18694,55.53297,34,1
14.30039,57.89593,34,1
12.12,57.21965,34,1
12.94314,57.39218,34,1
13.00978,57.43411,34,1
14.85483,56.83981,34,1
15.36,54.25891,34,1
15.01939,51.1147,34,1
14.62969,48.01917,34,1
12.74269,46.0399,34,1
10.17745,44.06071,34,1
9.493964,41.06504,34,1
9.75092,38.15269,34,1
9.814766,35.15419,34,1
10.62064,32.40926,34,1
12.52451,30.07079,34,1
13.62762,28.96773,34,1
14.11291,27.39503,34,1
16.6461,27.30906,34,1
18.75634,25.17674,34,1
19.84556,22.50794,34,1
19.82996,19.50797,34,1
19.89903,16.39196,34,1
20.14517,13.51142,34,1
18.1503,11.98475,34,1
15.09566,11.80198,34,1
12.2355,11.78862,34,1
9.312879,10.69657,34,1
6.503814,9.643403,34,1
4.040962,7.967517,34,1
1.771955,6.231015,34,1
1.061805,3.479401,34,1
-0.07025485,0.8809827,34,1
0.36,1.768008,34,1
0.492734,3.700069,34,1
3.048916,4.864377,34,1
6.100715,5.513153,34,1
8.969634,6.691362,34,1
11.43219,8.598862,34,1
14.0295,9.567428,34,1
16.25888,11.57489,34,1
18.65987,12.9756,34,1
19.75019,15.69734,34,1
20.01117,18.80636,34,1
19.63435,21.44673,34,1
17.46304,22.948,34,1
15.68692,25.3657,34,1
13.67292,27.3906,34,1
11.69887,29.43925,34,1
10.08775,31.90146,34,1
10.04222,34.45011,34,1
9.977102,37.56731,34,1
10.2977,40.54632,34,1
11.88904,42.98389,34,1
14.26527,45.00568,34,1
15.23213,47.74595,34,1
15.39901,50.73994,34,1
15.21052,53.72404,34,1
15.36,56.3246,34,1
14.2842,58.44315,34,1
12.74767,57.22001,34,1
13.32955,57.55399,34,1
15.27008,56.18895,34,1
15.17431,53.39477,34,1
14.53332,50.37014,34,1
12.98253,47.94033,34,1
11.14517,45.82595,34,1
10.63786,42.86921,34,1
10.3557,39.88305,34,1
10.12764,36.89179,34,1
9.923693,33.77847,34,1
11.02471,31.25394,34,1
13.41835,29.25269,34,1
15.71992,27.32841,34,1
17.8706,25.23998,34,1
19.74332,22.92428,34,1
20.36,19.90842,34,1
20.34025,16.9122,34,1
19.33315,14.0084,34,1
16.9291,12.21986,34,1
14.101,10.90738,34,1
11.3604,9.687061,34,1
8.635694,8.432555,34,1
5.94475,7.106456,34,1
3.236763,5.55882,34,1
0.8968813,3.688433,34,1
-0.0788219,0.8664196,34,1
-0.2802409,2.002239,34,1
1.405513,4.426994,34,1
3.734375,6.306772,34,1
6.618601,6.660344,34,1
9.090123,8.188356,34,1
11.46405,10.02194,34,1
14.52587,10.02917,34,1
17.23563,10.62464,34,1
19.08312,12.83714,34,1
19.73535,15.50085,34,1
19.72,18.48895,34,1
20.30709,21.31923,34,1
19.91252,24.26851,34,1
20.49296,26.61768,34,1
23.61145,26.71298,34,1
25.99478,28.33295,34,1
26.63645,30.24393,34,1
28.5461,31.58495,34,1
30.09282,33.91074,34,1
30.28042,37.02506,34,1
31.21534,39.65484,34,1
33.46038,41.64478,34,1
33.76297,44.56182,34,1
34.95839,47.06284,34,1
35.02673,50.06155,34,1
35.3594,52.93176,34,1
34.93105,55.77682,34,1
34.69245,56.9922,34,1
35.15064,54.50071,34,1
34.75232,51.5274,34,1
33.78783,48.43789,34,1
32.64875,45.5698,34,1
31.03653,43.21309,34,1
30.4358,40.27451,34,1
29.8834,37.20383,34,1
29.92366,34.46454,34,1
28.41305,32.20776,34,1
25.30127,32.08578,34,1
22.30156,32.12492,34,1
19.34571,31.63578,34,1
16.51063,31.00314,34,1
13.53438,31.36694,34,1
10.69707,31.63166,34,1
10.07585,34.64207,34,1
9.774605,37.6268,34,1
10.69816,40.44506,34,1
11.95956,43.29873,34,1
13.0059,46.10823,34,1
13.91638,49.09185,34,1
14.73527,51.52405,34,1
14.72,54.60621,34,1
14.36286,57.4799,34,1
12.12002,57.21841,34,1
12.60268,57.22,34,1
13.13661,57.4952,34,1
15.04068,56.15096,34,1
14.98258,53.22482,34,1
14.60614,50.31435,34,1
13.42741,47.29662,34,1
12.27903,44.39564,34,1
11.14643,41.48848,34,1
10.55297,38.90091,34,1
9.883914,36.30836,34,1
10.39224,33.26283,34,1
10.6185,30.25328,34,1
13.2284,29.15854,34,1
15.30506,26.93163,34,1
17.00804,24.46186,34,1
18.98601,22.61235,34,1
19.82233,19.63446,34,1
19.88403,16.63681,34,1
19.16462,13.79416,34,1
16.31226,12.8692,34,1
13.51449,11.48964,34,1
10.73094,10.08031,34,1
8.054455,8.725186,34,1
5.392759,7.102345,34,1
3.008634,5.369803,34,1
0.4627743,4.230055,34,1
0.36,1.375904,34,1
0.07356963,2.712485,34,1
0.06743476,2.981163,34,1
-0.2799999,0.8775071,34,1
-0.2451665,0.8674442,34,1
0.4600256,3.688711,34,1
2.335537,6.029517,34,1
4.884198,7.254294,34,1
8.003705,7.216772,34,1
10.89251,7.518546,34,1
13.1165,9.347554,34,1
15.48818,10.84018,34,1
18.17365,12.16964,34,1
19.83373,14.49483,34,1
19.72567,17.4851,34,1
19.93043,20.56922,34,1
21.53543,23.09411,34,1
23.77815,25.26242,34,1
25.94548,27.33666,34,1
27.72578,29.7412,34,1
29.41243,31.97121,34,1
29.82283,34.82998,34,1
30.0267,37.94331,34,1
30.22273,40.93689,34,1
29.20057,40.91023,34,1
28.38517,39.5536,34,1
27.88782,39.35075,34,1
29.51885,39.50812,34,1
30.32444,38.0994,34,1
30.20397,34.98491,34,1
29.37661,32.87164,34,1
27.64534,30.96291,34,1
24.68155,30.49937,34,1
21.70535,30.15001,34,1
18.64046,30.72175,34,1
15.70903,31.35816,34,1
12.70111,30.75457,34,1
10.61818,31.95596,34,1
10.17378,34.88996,34,1
9.813196,37.86819,34,1
10.88138,40.74587,34,1
12.22217,43.4296,34,1
13.37763,46.45353,34,1
14.43431,49.38912,34,1
15.22499,52.38701,34,1
15.36,55.15723,34,1
13.84173,57.509,34,1
12.41131,57.22,34,1
14.52575,56.89456,34,1
15.35083,53.97763,34,1
14.93095,50.95586,34,1
13.66322,48.36991,34,1
12.29585,45.56555,34,1
10.57425,43.00264,34,1
10.0759,40.17573,34,1
10.06132,37.05581,34,1
9.992722,33.93729,34,1
10.95322,31.13482,34,1
12.79899,28.77431,34,1
14.9093,26.64204,34,1
17.09706,24.41766,34,1
19.1747,22.25361,34,1
20.12334,19.36082,34,1
20.35996,16.25076,34,1
18.98022,13.75389,34,1
16.3681,12.04764,34,1
13.78892,10.51775,34,1
11.19092,9.0176,34,1
8.368921,8.368291,34,1
5.767858,6.873995,34,1
2.964072,6.827639,34,1
1.094773,4.339573,34,1
-0.160138,1.869395,34,1
0.36,0.6912203,34,1
0.2259133,2.715752,34,1
1.898125,5.206257,34,1
4.308274,6.982203,34,1
6.944647,8.413827,34,1
9.686467,9.902724,34,1
12.66568,9.49016,34,1
15.76469,9.452065,34,1
17.89227,11.02773,34,1
19.36486,13.39413,34,1
19.72001,16.2589,34,1
19.72,19.25676,34,1
19.94207,22.2439,34,1
17.90034,24.13707,34,1
16.16236,26.58233,34,1
13.62285,27.95835,34,1
11.88487,30.40361,34,1
10.1749,32.62472,34,1
10.1,35.62304,34,1
10.04799,38.74258,34,1
10.89991,41.56668,34,1
12.47315,44.12111,34,1
13.7304,46.96856,34,1
14.31695,49.90515,34,1
15.28763,52.35835,34,1
14.72,55.40833,34,1
15.46108,57.94352,34,1
12.82074,57.30568,34,1
13.21051,57.52471,34,1
14.82139,56.23533,34,1
15.36,53.24723,34,1
14.18458,50.36686,34,1
12.73508,47.74031,34,1
11.55796,44.99027,34,1
10.5378,42.04205,34,1
10.42498,39.0619,34,1
9.964252,36.29597,34,1
10.28245,33.19227,34,1
11.85675,31.41399,34,1
13.90419,29.31248,34,1
15.77462,26.81536,34,1
18.0259,25.15605,34,1
19.49799,22.88255,34,1
19.72506,20.08218,34,1
19.72,16.96317,34,1
19.29651,14.0816,34,1
17.14047,12.39012,34,1
14.25768,11.19955,34,1
11.52098,10.13924,34,1
8.671091,9.291184,34,1
5.86824,7.920666,34,1
3.097016,6.490115,34,1
0.782629,4.595322,34,1
-0.134749,1.794335,34,1
0,0,35,1
0,0,35,1
0,0,35,1
0,0,35,1
0.04931881,2.159436,35,1
0.08450215,3.839067,35,1
0.08450215,3.839067,35,1
0.08450215,3.839067,35,1
0.08450215,3.839067,35,1
0.08450215,3.839067,35,1
2.066821,4.96507,35,1
4.782195,6.240405,35,1
7.500011,7.510639,35,1
10.18808,9.081815,35,1
12.81514,10.50782,35,1
15.81176,11.73987,35,1
18.29842,13.16369,35,1
20.12324,15.61016,35,1
20.36,18.50944,35,1
20.37508,20.90671,35,1
20.37508,20.90671,35,1
20.6736,21.1303,35,1
22.09073,21.86811,35,1
22.09073,21.86811,35,1
22.09073,21.86811,35,1
22.09073,21.86811,35,1
22.09073,21.86811,35,1
22.09073,21.86811,35,1
23.45872,24.26524,35,1
25.63478,26.41985,35,1
27.89087,28.51905,35,1
28.86339,31.35222,35,1
29.94002,34.01546,35,1
30.36,36.72454,35,1
30.59816,39.22247,35,1
30.82422,39.90605,35,1
30.82422,39.90605,35,1
30.82422,39.90605,35,1
30.82422,39.90605,35,1
31.08394,40.44691,35,1
32.38228,43.15139,35,1
33.22567,46.0266,35,1
34.13684,49.00874,35,1
35.15928,51.95636,35,1
35.36,54.73178,35,1
35.36293,56.74031,35,1
35.8673,57.82757,35,1
37.03272,59.6458,35,1
37.54502,60.45715,35,1
37.54502,60.45715,35,1
37.54502,60.45715,35,1
37.54502,60.45715,35,1
37.01795,59.65478,35,1
35.38348,57.13971,35,1
34.94329,54.06668,35,1
34.66185,51.09769,35,1
33.34989,48.53247,35,1
30.41106,47.74684,35,1
27.52059,48.66111,35,1
25.13599,50.85163,35,1
24.72,53.46075,35,1
24.72,56.5357,35,1
24.23966,59.37424,35,1
24.23966,59.37424,35,1
24.23966,59.37424,35,1
24.23966,59.37424,35,1
24.23966,59.37424,35,1
24.23966,59.37424,35,1
24.40224,58.42811,35,1
25.0629,55.50298,35,1
25.36,52.45205,35,1
25.20827,49.34298,35,1
24.6775,47.87605,35,1
24.6775,47.87605,35,1
24.6775,47.87605,35,1
24.6775,47.87605,35,1
24.6775,47.87605,35,1
24.6775,47.87605,35,1
26.4196,46.22723,35,1
27.8591,43.64264,35,1
29.20342,40.84435,35,1
30.38156,38.68464,35,1
29.81504,35.76841,35,1
30.01661,33.01576,35,1
30.01661,33.01576,35,1
30.60814,32.93127,35,1
31.97946,31.82025,35,1
31.97946,31.82025,35,1
31.97946,31.82025,35,1
30.65968,31.79604,35,1
27.82543,30.99482,35,1
25.2106,30.11181,35,1
24.51681,29.659,35,1
24.51681,29.659,35,1
24.51681,29.659,35,1
23.82385,29.46354,35,1
20.9401,28.6368,35,1
17.90247,28.34155,35,1
15.02942,29.20497,35,1
12.00503,29.92777,35,1
11.52586,29.95602,35,1
11.52586,29.95602,35,1
9.486256,31.43588,35,1
9.400537,31.66005,35,1
9.536981,33.1094,35,1
9.72,35.86708,35,1
9.68929,38.84245,35,1
9.62787,39.3185,35,1
9.654489,42.31784,35,1
9.647264,42.43762,35,1
9.647264,42.43762,35,1
9.647264,42.43762,35,1
9.647264,42.43762,35,1
9.647264,42.43762,35,1
9.647264,42.43762,35,1
9.817109,44.22534,35,1
11.05321,46.91302,35,1
12.70525,49.27199,35,1
14.78439,51.33153,35,1
15.35527,53.90663,35,1
15.30997,55.82612,35,1
15.28166,57.02581,35,1
15.22503,59.42517,35,1
15.22503,59.42517,35,1
15.22503,59.42517,35,1
15.22503,59.42517,35,1
15.22503,59.42517,35,1
15.22503,59.42517,35,1
15.22503,59.42517,35,1
15.22503,59.42517,35,1
15.22503,59.42517,35,1
15.22503,59.42517,35,1
15.35124,57.75018,35,1
15.36,54.54495,35,1
15.25833,51.4269,35,1
14.16045,48.9701,35,1
11.33103,48.01833,35,1
8.3336,47.9426,35,1
5.452287,48.53619,35,1
3.441181,49.61018,35,1
3.441181,49.61018,35,1
3.25,50.53175,35,1
3.25,50.53175,35,1
4.613492,51.17069,35,1
4.719974,52.52482,35,1
4.72,55.48495,35,1
4.359809,58.42779,35,1
4.301667,58.66051,35,1
4.301667,58.66051,35,1
4.301667,58.66051,35,1
4.301667,58.66051,35,1
4.301667,58.66051,35,1
4.301667,58.66051,35,1
4.301667,58.66051,35,1
4.301667,58.66051,35,1
4.301667,58.66051,35,1
4.301667,58.66051,35,1
4.301667,58.66051,35,1
4.301667,58.66051,35,1
4.507084,57.97048,35,1
4.968984,54.79866,35,1
4.720019,51.69141,35,1
5.086038,48.91558,35,1
6.825154,46.47751,35,1
8.184614,43.66929,35,1
9.433555,40.94504,35,1
9.779855,37.85634,35,1
9.996907,34.86417,35,1
10.12258,32.94828,35,1
10.222,32.23652,35,1
10.74143,31.5782,35,1
10.74143,31.5782,35,1
11.83189,29.58375,35,1
13.18888,26.91253,35,1
14.75947,24.27837,35,1
17.0761,22.37226,35,1
19.52837,21.19608,35,1
20.58578,20.96535,35,1
20.35985,20.11538,35,1
20.36,17.12871,35,1
20.4052,14.97831,35,1
20.76167,13.2268,35,1
21.39359,12.21686,35,1
21.67929,11.99806,35,1
21.67929,11.99806,35,1
21.67929,11.99806,35,1
21.67929,11.99806,35,1
21.67929,11.99806,35,1
21.67929,11.99806,35,1
20.00259,12.10346,35,1
16.88866,12.29825,35,1
13.89442,12.48395,35,1
10.78856,12.75619,35,1
7.837416,13.22841,35,1
4.841127,13.36137,35,1
1.608618,13.58155,35,1
-1.385381,13.75498,35,1
-4.430518,13.14308,35,1
-7.278007,11.86787,35,1
-10.10844,10.55625,35,1
-12.89542,9.805282,35,1
-13.58999,9.994927,35,1
-15.50355,9.841058,35,1
-16.81832,9.723639,35,1
-17.07285,9.978137,35,1
-18.85475,11.39745,35,1
-20.06167,12.38477,35,1
-20.70352,14.89092,35,1
-20.28,17.20072,35,1
-20.28,20.31268,35,1
-20.33189,21.75075,35,1
-20.38854,23.54985,35,1
-20.38854,23.54985,35,1
-20.38854,23.54985,35,1
-20.38854,23.54985,35,1
-20.38854,23.54985,35,1
-20.38854,23.54985,35,1
-20.38854,23.54985,35,1
-20.38854,23.54985,35,1
-20.38854,23.54985,35,1
-18.6405,25.19417,35,1
-16.87379,27.74917,35,1
-15.15595,30.20463,35,1
-12.69151,32.09416,35,1
-10.65945,32.87888,35,1
-10.65945,32.87888,35,1
-9.935874,35.53504,35,1
-9.64,38.37959,35,1
-9.415005,39.91729,35,1
-8.892623,42.87141,35,1
-8.6509,44.0468,35,1
-8.6509,44.0468,35,1
-8.6509,44.0468,35,1
-8.6509,44.0468,35,1
-8.6509,44.0468,35,1
-8.6509,44.0468,35,1
-8.6509,44.0468,35,1
-8.6509,44.0468,35,1
-8.6509,44.0468,35,1
-8.6509,44.0468,35,1
-7.329474,46.46982,35,1
-6.232475,49.36744,35,1
-4.91702,51.98406,35,1
-4.64,54.88266,35,1
-4.670893,56.9221,35,1
-4.687911,57.64189,35,1
-4.687911,57.64189,35,1
-4.687911,57.64189,35,1
-4.687911,57.64189,35,1
-4.687911,57.64189,35,1
-4.687911,57.64189,35,1
-4.687911,57.64189,35,1
-4.688548,57.76189,35,1
-4.724464,59.20113,35,1
-4.746499,59.80072,35,1
-4.746499,59.80072,35,1
-4.746499,59.80072,35,1
-4.746499,59.80072,35,1
-4.746499,59.80072,35,1
-4.840783,56.92366,35,1
-5.053371,53.81093,35,1
-5.265015,50.8184,35,1
-7.034389,48.53305,35,1
-9.712001,47.48956,35,1
-12.82859,48.09641,35,1
-14.9641,50.34481,35,1
-15.28,53.16785,35,1
-15.28,56.15982,35,1
-15.46957,59.15193,35,1
-15.49597,59.51096,35,1
-15.49597,59.51096,35,1
-15.49597,59.51096,35,1
-15.49597,59.51096,35,1
-15.49597,59.51096,35,1
-13.4705,57.81773,35,1
-12.07,57.22,35,1
-12.07,57.22,35,1
-12.07,57.22,35,1
-12.89673,57.36868,35,1
-14.96478,57.84731,35,1
-15.08294,57.86824,35,1
-15.08294,57.86824,35,1
-15.08294,57.86824,35,1
-15.17099,55.46987,35,1
-15.27925,52.4719,35,1
-14.56351,49.47637,35,1
-13.23361,46.78734,35,1
-12.84773,46.04123,35,1
-12.84773,46.04123,35,1
-12.84773,46.04123,35,1
-12.84773,46.04123,35,1
-11.47252,43.37603,35,1
-10.71645,40.61037,35,1
-10.11802,37.71238,35,1
-9.640028,34.64031,35,1
-9.315171,31.56733,35,1
-9.295769,31.44891,35,1
-9.295769,31.44891,35,1
-9.295769,31.44891,35,1
-9.295769,31.44891,35,1
-11.03874,29.00727,35,1
-13.39988,27.05202,35,1
-15.83065,25.30805,35,1
-17.86113,22.94752,35,1
-19.68625,20.60384,35,1
-20.28,17.61361,35,1
-20.28,15.60489,35,1
-20.36776,14.77417,35,1
-20.36776,14.77417,35,1
-20.36776,14.77417,35,1
-20.36776,14.77417,35,1
-20.36776,14.77417,35,1
-20.36776,14.77417,35,1
-20.36776,14.77417,35,1
-20.36776,14.77417,35,1
-20.36776,14.77417,35,1
-20.00356,14.46151,35,1
-17.7399,12.31766,35,1
-15.20982,10.73871,35,1
-12.49034,9.494332,35,1
-9.520936,8.540367,35,1
-6.56871,8.019069,35,1
-3.971121,6.624024,35,1
-1.47724,4.749942,35,1
0.07963288,2.253313,35,1
0.3512886,-0.8361298,35,1
0.3466084,-1.1961,35,1
0.3466084,-1.1961,35,1
-0.2800035,1.311879,35,1
-1.455529,3.835767,35,1
-4.05808,5.322094,35,1
-6.785238,6.572102,35,1
-9.58329,7.646891,35,1
-12.4592,8.500772,35,1
-15.44136,9.417884,35,1
-18.06034,10.97414,35,1
-19.92877,13.44262,35,1
-20.16873,16.36964,35,1
-19.82107,19.34937,35,1
-18.97046,22.42608,35,1
-18.67373,24.99994,35,1
-21.12216,26.9228,35,1
-22.60923,27.36192,35,1
-21.81528,28.91672,35,1
-21.81528,28.91672,35,1
-18.89953,29.61896,35,1
-15.85549,30.30324,35,1
-12.95283,31.05821,35,1
-10.43476,32.8354,35,1
-9.973346,35.61223,35,1
-10.28,38.5396,35,1
-12.09859,41.03413,35,1
-13.16447,43.80396,35,1
-14.08765,46.78344,35,1
-15.05871,49.62167,35,1
-14.95049,52.72463,35,1
-14.92067,55.71607,35,1
-14.98885,57.97607,35,1
-14.869,57.97012,35,1
-12.05415,57.86615,35,1
-12.07,57.8458,35,1
-12.07,57.8458,35,1
-13.73011,57.54134,35,1
-13.95341,57.46119,35,1
-14.60797,56.7113,35,1
-15.27676,53.79301,35,1
-15.14065,50.80447,35,1
-13.78467,47.99669,35,1
-12.4578,45.04121,35,1
-11.32735,42.00508,35,1
-10.48321,39.25249,35,1
-9.804348,36.22742,35,1
-9.618739,33.27559,35,1
-10.41989,30.58894,35,1
-12.5628,28.32483,35,1
-14.79039,26.31576,35,1
-15.01563,23.84206,35,1
-13.63053,21.59395,35,1
-16.66531,21.31,35,1
-19.42416,21.39847,35,1
-20.28,19.11135,35,1
-20.28,16.01589,35,1
-19.3948,13.18134,35,1
-17.04511,11.32908,35,1
-14.51852,9.711865,35,1
-11.91271,8.225882,35,1
-9.034082,7.141189,35,1
-5.919309,6.96316,35,1
-3.067276,6.179961,35,1
-0.7277749,4.391446,35,1
0.03056484,1.496164,35,1
0.3586878,-0.3955809,35,1
0.3586878,-0.3955809,35,1
0.2627694,0.3180014,35,1
-0.3317287,3.249843,35,1
-3.231178,4.139202,35,1
-6.13663,4.828506,35,1
-8.985771,6.099428,35,1
-11.77855,7.194027,35,1
-14.5806,8.265272,35,1
-17.10267,10.06883,35,1
-19.09631,12.28456,35,1
-20.12514,15.07877,35,1
-20.28,18.02558,35,1
-20.14085,21.11553,35,1
-18.64223,23.67072,35,1
-16.7045,26.11605,35,1
-14.82168,28.45067,35,1
-12.43995,30.46502,35,1
-10.16409,32.57748,35,1
-9.879364,35.51723,35,1
-10.28153,38.46539,35,1
-11.59957,41.25587,35,1
-13.21722,43.78202,35,1
-14.88257,46.56093,35,1
-15.46852,49.46244,35,1
-15.26957,52.27102,35,1
-15.28,55.39077,35,1
-15.22242,57.54114,35,1
-14.98293,57.55686,35,1
-11.99099,57.77656,35,1
-12.07,57.82056,35,1
-12.07,57.82056,35,1
-12.07,57.82056,35,1
-14.33158,57.37972,35,1
-15.28,54.85293,35,1
-15.28,51.62521,35,1
-13.86643,48.93569,35,1
-12.27125,46.41529,35,1
-11.08729,43.65883,35,1
-10.05463,40.5984,35,1
-9.64,37.66447,35,1
-9.64,34.70101,35,1
-9.515933,31.6119,35,1
-11.2224,29.16162,35,1
-13.50263,27.0324,35,1
-15.70538,24.99578,35,1
-17.99624,22.8777,35,1
-19.65405,20.54606,35,1
-19.89883,17.55607,35,1
-19.89238,14.45048,35,1
-18.48545,11.82363,35,1
-15.86304,10.17386,35,1
-13.02023,8.894725,35,1
-9.967376,8.265478,35,1
-7.010507,7.758684,35,1
-4.182719,6.605963,35,1
-1.904568,4.654055,35,1
0.2167418,2.573493,35,1
0.36,-0.1947564,35,1
0.36,-0.1947564,35,1
0.36,0.7292216,35,1
-0.7332355,3.571877,35,1
-3.346093,4.776668,35,1
-6.151092,6.140293,35,1
-8.880313,7.368465,35,1
-11.95238,8.397964,35,1
-14.60394,9.515956,35,1
-17.32604,11.26574,35,1
-19.20512,13.50155,35,1
-19.75754,16.42284,35,1
-19.9792,19.41464,35,1
-18.97518,22.24533,35,1
-17.02151,24.52175,35,1
-15.02282,26.759,35,1
-12.94151,29.08333,35,1
-11.08329,31.43338,35,1
-10.07702,34.22018,35,1
-10.28,37.20438,35,1
-10.87271,40.06024,35,1
-12.37281,42.79591,35,1
-13.88006,45.52766,35,1
-14.71696,48.37078,35,1
-15.07773,51.34901,35,1
-15.28,54.44637,35,1
-14.37009,57.21944,35,1
-12.05089,58.95217,35,1
-12.07,57.61605,35,1
-12.07,57.22,35,1
-12.07,57.22,35,1
-12.66833,57.22,35,1
-15.30413,57.22296,35,1
-15.5979,56.99195,35,1
-15.5979,56.99195,35,1
-15.06139,54.40365,35,1
-14.65216,51.19389,35,1
-12.79761,48.87772,35,1
-11.39224,46.25584,35,1
-10.16694,43.12723,35,1
-9.281516,40.39375,35,1
-9.650015,37.71061,35,1
-9.64146,34.59064,35,1
-8.538336,31.85901,35,1
-9.100022,29.07538,35,1
-11.16079,26.93144,35,1
-13.64057,25.24305,35,1
-16.27188,23.83054,35,1
-18.76001,22.07731,35,1
-20.08473,19.3127,35,1
-20.25947,16.31949,35,1
-18.81828,13.69814,35,1
-16.43044,11.88221,35,1
-14.18639,9.894263,35,1
-11.45099,8.410118,35,1
-8.364765,8.516566,35,1
-5.649421,7.442301,35,1
-2.99211,5.807349,35,1
-0.5793627,3.91486,35,1
0.194653,1.017767,35,1
0.3599999,-0.8514066,35,1
0.2044785,-0.5269119,35,1
-0.2799999,2.342861,35,1
-2.443161,4.273414,35,1
-5.31284,5.134775,35,1
-8.153905,6.086197,35,1
-10.88453,7.328356,35,1
-13.62901,8.539889,35,1
-16.36299,9.772854,35,1
-18.82647,11.66025,35,1
-19.92449,14.39837,35,1
-20.2799,17.37335,35,1
-20.28,20.47596,35,1
-19.57536,23.36647,35,1
-17.66937,25.67407,35,1
-15.4804,27.89338,35,1
-13.09905,29.9092,35,1
-10.95527,31.99064,35,1
-9.659552,34.78031,35,1
-9.829561,37.7664,35,1
-10.75034,40.74068,35,1
-12.12655,43.39928,35,1
-13.7219,45.93993,35,1
-14.86447,48.70421,35,1
-15.26982,51.66306,35,1
-15.28,54.66191,35,1
-15.27909,56.82019,35,1
-15.27909,56.82019,35,1
-14.66461,57.98785,35,1
-14.66461,57.98785,35,1
-12.0699,58.50537,35,1
-12.07,57.62122,35,1
-12.07,57.62122,35,1
-13.33848,57.55365,35,1
-15.64374,57.07654,35,1
-15.64373,57.07654,35,1
-14.949,55.43581,35,1
-14.94883,52.34169,35,1
-14.57238,49.32807,35,1
-13.43797,46.55107,35,1
-12.13285,43.59055,35,1
-10.77438,40.92128,35,1
-10.12587,37.88387,35,1
-10.19895,34.88519,35,1
-10.76549,32.00575,35,1
-13.21903,30.0802,35,1
-15.22873,27.72877,35,1
-17.09199,25.22917,35,1
-18.98874,22.90569,35,1
-19.98281,20.0815,35,1
-19.66864,17.00544,35,1
-19.35866,14.06802,35,1
-17.69491,11.72035,35,1
-15.0884,10.24811,35,1
-12.26003,9.255963,35,1
-9.378084,8.422715,35,1
-6.381181,7.555107,35,1
-3.432338,6.537322,35,1
-0.9024761,5.000353,35,1
0.3789876,2.670078,35,1
0,0,36,0
0,0,36,0
0,0,36,0
0,0,36,0
0,0,36,0
0,0,36,0
0,0,36,0
0,0,36,0
-0.03958892,2.879685,36,0
-0.06221067,4.319506,36,0
0.2771587,4.324837,36,0
2.48306,4.359489,36,0
4.604119,4.392808,36,0
6.725174,4.426127,36,0
8.846234,4.459446,36,0
11.05214,4.494098,36,0
13.17293,4.540299,36,0
15.09571,3.310001,36,0
15.17864,3.310001,36,0
17.12945,3.366197,36,0
17.95055,3.31,36,0
18.42994,3.322217,36,0
20.6352,3.385743,36,0
22.84047,3.449269,36,0
24.96091,3.510352,36,0
27.08136,3.571435,36,0
29.20181,3.632518,36,0
31.31845,3.732682,36,0
32.13647,3.948477,36,0
32.13647,3.948477,36,0
32.13647,3.948477,36,0
32.13647,3.948477,36,0
32.13647,3.948477,36,0
32.13647,3.948477,36,0
32.13647,3.948477,36,0
32.13647,3.948477,36,0
32.13647,3.948477,36,0
32.13647,3.948477,36,0
32.04256,3.807125,36,0
30.86863,3.309999,36,0
29.92949,3.309999,36,0
28.75557,3.309999,36,0
27.53468,3.309999,36,0
26.3138,3.309999,36,0
25.46857,3.309999,36,0
27.36764,3.309999,36,0
27.82647,3.309999,36,0
26.43727,3.309999,36,0
24.50863,3.309999,36,0
22.89618,3.31,36,0
21.76805,3.31,36,0
21.76805,3.31,36,0
21.76805,3.31,36,0
21.31936,3.873085,36,0
19.74891,5.843878,36,0
21.34156,7.113005,36,0
20.33232,9.332625,36,0
19.04519,11.76481,36,0
20.71768,13.20606,36,0
19.72001,15.81228,36,0
19.72,18.15846,36,0
20.28095,20.73149,36,0
20.84507,21.32148,36,0
20.84507,21.32148,36,0
20.84507,21.32148,36,0
20.84507,21.32148,36,0
20.84507,21.32148,36,0
20.84507,21.32148,36,0
20.84507,21.32148,36,0
20.84507,21.32148,36,0
20.84507,21.32148,36,0
20.84507,21.32148,36,0
20.84507,21.32148,36,0
20.84507,21.32148,36,0
20.84507,21.32148,36,0
20.84507,21.32148,36,0
20.84507,21.32148,36,0
21.40586,22.90512,36,0
22.24691,25.02602,36,0
24.43986,24.60954,36,0
27.14762,25.9011,36,0
28.83158,28.11449,36,0
29.87304,31.05553,36,0
30.36458,33.38327,36,0
30.36,34.83942,36,0
30.36,34.83942,36,0
30.36,34.83942,36,0
30.36,36.67315,36,0
30.24057,39.76066,36,0
31.87249,42.35209,36,0
34.6518,43.1138,36,0
34.885,43.05716,36,0
34.885,43.05716,36,0
34.885,43.05716,36,0
34.885,43.05716,36,0
34.885,43.05716,36,0
34.885,43.05716,36,0
34.885,43.05716,36,0
34.885,43.05716,36,0
34.885,43.05716,36,0
34.885,43.05716,36,0
34.62386,46.16623,36,0
34.37275,49.15571,36,0
34.73103,51.58207,36,0
34.72,54.58186,36,0
34.72,57.58184,36,0
34.75953,58.30014,36,0
34.75953,58.30014,36,0
34.75953,58.30014,36,0
34.75953,58.30014,36,0
34.75953,58.30014,36,0
34.75953,58.30014,36,0
34.75953,58.30014,36,0
34.75953,58.30014,36,0
34.75953,58.30014,36,0
34.72005,56.04272,36,0
34.72,52.97799,36,0
34.47989,50.14823,36,0
33.56303,50.32312,36,0
31.48232,50.67159,36,0
29.83086,49.89692,36,0
29.1942,46.97293,36,0
26.4694,46.43903,36,0
23.99331,48.24176,36,0
23.4094,50.50414,36,0
23.40939,50.50411,36,0
24.93281,50.58045,36,0
25.27836,52.58774,36,0
25.09778,55.58228,36,0
25.78335,57.91019,36,0
25.78335,57.91019,36,0
25.78335,57.91019,36,0
25.78335,57.91019,36,0
25.78335,57.91019,36,0
25.78335,57.91019,36,0
25.78335,57.91019,36,0
25.31546,56.80519,36,0
24.72,53.93218,36,0
24.592,51.05647,36,0
24.04256,49.85636,36,0
25.54739,49.07193,36,0
27.39254,48.02565,36,0
28.99196,47.06326,36,0
27.59385,44.96685,36,0
28.02216,43.93664,36,0
29.83045,42.67286,36,0
30.84008,40.41439,36,0
30.34616,38.46253,36,0
30.36,35.39036,36,0
30.36,33.63971,36,0
29.71997,33.89636,36,0
29.72,34.42875,36,0
29.822,31.61335,36,0
28.04352,31.14236,36,0
26.30478,32.35756,36,0
25.67884,32.74928,36,0
25.67884,32.74928,36,0
25.67884,32.74928,36,0
25.67884,32.74928,36,0
25.67884,32.74928,36,0
26.25046,31.51784,36,0
26.572,30.82515,36,0
24.82551,30.02758,36,0
22.02254,28.96504,36,0
22.02254,28.96504,36,0
22.02254,28.96504,36,0
22.02254,28.96504,36,0
22.02254,28.96504,36,0
22.02254,28.96504,36,0
22.02254,28.96504,36,0
20.90726,28.56704,36,0
19.35996,27.53407,36,0
19.35996,27.53407,36,0
19.35996,27.53407,36,0
18.69211,26.45057,36,0
18.06878,25.43931,36,0
18.06878,25.43931,36,0
17.22284,24.06688,36,0
16.15429,22.33328,36,0
16.59952,23.05561,36,0
17.12589,24.82437,36,0
14.46989,26.46147,36,0
13.02606,28.54753,36,0
13.01025,30.35145,36,0
11.45985,32.30386,36,0
12.72511,32.75,36,0
11.71444,32.5192,36,0
9.96126,33.23084,36,0
10.35999,34.2565,36,0
10.36,36.16129,36,0
10.36,37.53592,36,0
10.36,37.53592,36,0
10.36,37.53592,36,0
10.32291,37.65004,36,0
9.469947,40.2749,36,0
9.469947,40.2749,36,0
9.469947,40.2749,36,0
9.469947,40.2749,36,0
9.469947,40.2749,36,0
9.469947,40.2749,36,0
9.469947,40.2749,36,0
9.469947,40.2749,36,0
9.469947,40.2749,36,0
9.469947,40.2749,36,0
9.469947,40.2749,36,0
9.50446,41.47439,36,0
9.587293,44.35318,36,0
11.36847,44.30191,36,0
12.54281,46.76253,36,0
12.64133,49.76087,36,0
12.6633,50.36047,36,0
14.6136,50.28905,36,0
15.35998,52.42274,36,0
15.36,55.42046,36,0
15.4948,57.92953,36,0
15.4948,57.92953,36,0
15.4948,57.92953,36,0
15.4948,57.92953,36,0
15.4948,57.92953,36,0
15.4948,57.92953,36,0
15.4948,57.92953,36,0
15.4948,57.92953,36,0
15.4948,57.92953,36,0
15.4948,57.92953,36,0
15.4948,57.92953,36,0
15.4948,57.92953,36,0
15.34688,56.49997,36,0
15.06964,53.3923,36,0
14.80307,50.40415,36,0
13.20087,50.51906,36,0
10.98815,50.20104,36,0
10.32527,47.54516,36,0
9.541711,45.44649,36,0
7.259743,45.65011,36,0
5.062301,45.8462,36,0
3.248119,46.0349,36,0
3.25,46.29362,36,0
3.25,46.29362,36,0
3.25,46.29362,36,0
3.25,46.29362,36,0
3.25,49.15181,36,0
3.671054,50.27571,36,0
5.136679,51.55992,36,0
4.768358,54.5372,36,0
4.747879,57.65344,36,0
4.756346,58.01334,36,0
4.756346,58.01334,36,0
4.756346,58.01334,36,0
4.756346,58.01334,36,0
4.756346,58.01334,36,0
4.756346,58.01334,36,0
5.271444,56.30751,36,0
5.136592,57.23109,36,0
4.99044,58.23876,36,0
4.307459,58.01086,36,0
3.055326,57.59305,36,0
3.055326,57.59305,36,0
3.055326,57.59305,36,0
3.055326,57.59305,36,0
3.055326,57.59305,36,0
3.055326,57.59305,36,0
3.055326,57.59305,36,0
2.311955,57.22,36,0
2.311955,57.22,36,0
2.589396,57.22,36,0
2.749,57.2203,36,0
2.749,57.2203,36,0
2.749126,57.22045,36,0
2.749126,57.22045,36,0
4.446489,58.62565,36,0
4.57809,58.7328,36,0
4.913055,57.83314,36,0
5.14655,56.90247,36,0
5.36,53.92377,36,0
5.410198,50.9402,36,0
6.944116,48.35365,36,0
9.025959,46.0522,36,0
9.409999,42.96908,36,0
10.24589,40.08794,36,0
10.36,37.37821,36,0
10.36,34.39018,36,0
10.44609,31.63711,36,0
10.44609,31.63711,36,0
12.42822,29.71648,36,0
12.50425,27.11334,36,0
10.28878,24.75064,36,0
10.24892,22.36847,36,0
13.16084,21.69593,36,0
16.00962,22.57961,36,0
17.32612,23.80157,36,0
17.32612,23.80157,36,0
17.32612,23.80157,36,0
17.32612,23.80157,36,0
17.32612,23.80157,36,0
17.32612,23.80157,36,0
17.32612,23.80157,36,0
17.32612,23.80157,36,0
17.32612,23.80157,36,0
17.32612,23.80157,36,0
17.32612,23.80157,36,0
17.32612,23.80157,36,0
17.32612,23.80157,36,0
19.12367,23.70747,36,0
22.23943,23.54436,36,0
25.23497,23.38157,36,0
28.22137,23.10134,36,0
31.29494,22.56538,36,0
34.2089,21.85886,36,0
36.74996,21.31,36,0
36.75,21.31,36,0
36.75,23.55564,36,0
36.56171,26.27127,36,0
35.8202,27.21076,36,0
35.8202,27.21076,36,0
35.8202,27.21076,36,0
34.74021,27.21636,36,0
31.98024,27.23066,36,0
31.98024,27.23066,36,0
31.98024,27.23066,36,0
32.00366,25.44892,36,0
32.03262,23.24296,36,0
31.31826,22.80928,36,0
28.19853,22.76826,36,0
25.1988,22.72883,36,0
24.45147,21.30973,36,0
23.38161,21.31,36,0
20.42523,21.51405,36,0
19.41856,20.95888,36,0
19.60575,20.82423,36,0
19.72,19.44588,36,0
19.72,16.42788,36,0
19.21347,13.53351,36,0
17.17769,11.36074,36,0
14.5463,9.686138,36,0
11.97513,7.918812,36,0
9.522067,6.191879,36,0
6.769939,4.794246,36,0
3.848922,4.115436,36,0
2.158529,3.312553,36,0
2.086556,3.369984,36,0
2.180066,3.310002,36,0
2.662759,3.310002,36,0
3.414494,3.310002,36,0
3.414494,3.310002,36,0
3.414494,3.310002,36,0
3.414494,3.310002,36,0
3.414494,3.310002,36,0
3.414494,3.310002,36,0
3.414494,3.310002,36,0
3.414494,3.310002,36,0
3.414494,3.310002,36,0
3.414494,3.310002,36,0
3.414494,3.310002,36,0
3.414494,3.310002,36,0
3.414494,3.310002,36,0
3.414494,3.310002,36,0
3.414494,3.310002,36,0
1.04345,3.631022,36,0
0.6860545,3.674246,36,0
3.431537,3.391571,36,0
6.411887,3.310002,36,0
9.51123,3.310001,36,0
12.61057,3.310001,36,0
15.4715,3.31,36,0
18.57085,3.31,36,0
21.55098,3.31,36,0
23.69668,3.309999,36,0
21.55098,3.55811,36,0
18.57085,3.902709,36,0
15.59071,4.247307,36,0
12.49137,4.605689,36,0
9.27282,4.977855,36,0
6.569525,4.350842,36,0
3.679352,4.428783,36,0
3.581884,3.585872,36,0
2.03221,3.765063,36,0
0.6548513,3.10065,36,0
0.1946269,1.159889,36,0
-0.04904032,-0.9473904,36,0
-0.2797285,-1.75,36,0
0.1905062,-1.75,36,0
0.36,-1.534823,36,0
0.36,-0.6914385,36,0
0.36,-0.1069186,36,0
0.36,0.3508398,36,0
0.36,0.3508398,36,0
0.36,0.3508398,36,0
0.36,0.3508398,36,0
0.36,0.3508398,36,0
0.36,0.3508398,36,0
0.36,1.665622,36,0
0.5524089,4.773338,36,0
0.818873,7.761486,36,0
0.9148,8.837218,36,0
0.9148,8.837218,36,0
1.994766,8.845776,36,0
4.874675,8.868595,36,0
7.394004,8.924378,36,0
9.793181,8.987378,36,0
9.793181,8.987378,36,0
9.793181,8.987378,36,0
9.793181,8.987378,36,0
9.793181,8.987378,36,0
9.793181,8.987378,36,0
9.793181,8.987378,36,0
9.359576,9.908673,36,0
8.599359,11.52027,36,0
10.228,12.2868,36,0
12.94239,13.56434,36,0
15.65679,14.74959,36,0
18.15973,14.55567,36,0
17.98294,14.64091,36,0
17.42448,14.75,36,0
18.47871,14.49388,36,0
19.58035,14.88109,36,0
19.72001,15.87177,36,0
19.72,17.69854,36,0
19.72,18.81092,36,0
19.72,19.58175,36,0
19.72,19.8201,36,0
19.72,19.66381,36,0
19.72,20.32605,36,0
18.96235,21.54445,36,0
17.46348,23.04402,36,0
15.87106,24.57088,36,0
14.31563,26.01183,36,0
12.44202,26.94601,36,0
10.37298,27.41403,36,0
9.794251,27.54767,36,0
10.48402,30.09596,36,0
10.69448,32.8979,36,0
10.06959,35.76306,36,0
9.722633,38.86357,36,0
9.45318,41.97194,36,0
9.331156,45.0713,36,0
10.92417,47.75177,36,0
12.73497,50.2851,36,0
14.47083,51.03583,36,0
15.36,53.74339,36,0
15.395,56.73283,36,0
16.48903,59.50601,36,0
17.93,60.79,36,0
17.93,59.02224,36,0
16.97208,57.44323,36,0
14.18935,57.24213,36,0
12.11992,58.97237,36,0
12.12376,60.79,36,0
12.86363,60.79,36,0
14.2062,60.79,36,0
16.66006,60.79,36,0
17.93,60.13099,36,0
17.93,58.39922,36,0
17.93,57.90891,36,0
17.93,57.90891,36,0
17.93,57.90891,36,0
17.93,57.90891,36,0
17.93,57.90891,36,0
17.93,57.90891,36,0
17.93,57.90891,36,0
17.93,57.90891,36,0
17.93,57.90891,36,0
17.93,57.90891,36,0
17.93,57.90891,36,0
17.93,57.90891,36,0
17.93,57.90891,36,0
17.93,57.90891,36,0
17.93,57.90891,36,0
17.93,57.90891,36,0
17.93,57.90891,36,0
17.93,57.90891,36,0
17.93,57.90891,36,0
16.16641,58.26917,36,0
14.75555,58.55738,36,0
17.45971,58.00498,36,0
17.25115,57.22016,36,0
17.25112,57.22017,36,0
16.46366,57.59699,36,0
14.58251,57.98127,36,0
14.62158,56.80272,36,0
14.72,54.81827,36,0
14.72,52.65422,36,0
14.62833,50.54377,36,0
14.42094,48.51789,36,0
14.49474,46.66342,36,0
15.50168,44.86961,36,0
16.75,44.78817,36,0
16.75,43.88843,36,0
16.75,42.37172,36,0
16.75,41.24097,36,0
16.08902,40.72261,36,0
14.10607,39.31023,36,0
14.73442,39.31,36,0
13.22361,39.31,36,0
12.11176,39.35175,36,0
11.84073,39.5024,36,0
12.32262,39.30999,36,0
11.59078,39.55992,36,0
10.79449,39.29128,36,0
10.70538,39.16755,36,0
10.56432,38.91302,36,0
11.62364,39.55721,36,0
12.54069,39.39408,36,0
12.13497,39.33264,36,0
11.80381,39.51531,36,0
10.45521,39.10718,36,0
9.72,36.76255,36,0
9.72,34.00275,36,0
9.71473,30.92807,36,0
11.88157,28.89605,36,0
14.93389,28.71517,36,0
17.53094,30.18698,36,0
20.52643,29.40619,36,0
23.55172,28.90179,36,0
26.52155,29.29218,36,0
28.75883,31.2622,36,0
30.36051,33.82477,36,0
30.36,36.6016,36,0
30.73008,39.27512,36,0
32.36004,41.93548,36,0
33.86241,44.52792,36,0
34.91103,47.3384,36,0
35.71295,50.34422,36,0
35.36,52.78984,36,0
35.36,55.83017,36,0
36.74276,58.25942,36,0
37.93,58.31738,36,0
37.93,57.22012,36,0
37.49199,57.22,36,0
35.92624,57.38908,36,0
34.72,55.57455,36,0
34.72,55.52891,36,0
34.72,55.17603,36,0
34.72,56.10864,36,0
34.72,56.10864,36,0
34.02665,57.72009,36,0
32.78872,58.97148,36,0
32.78872,58.97148,36,0
32.78872,58.97148,36,0
32.78872,58.97148,36,0
32.78872,58.97148,36,0
32.78872,58.97148,36,0
32.78872,58.97148,36,0
32.78872,58.97148,36,0
32.78872,58.97148,36,0
32.78872,58.97148,36,0
32.78872,58.97148,36,0
32.78872,58.97148,36,0
32.78872,58.97148,36,0
32.78872,58.97148,36,0
32.78872,58.97148,36,0
32.78872,58.97148,36,0
32.78872,58.97148,36,0
32.78872,58.97148,36,0
32.78872,58.97148,36,0
32.78872,58.97148,36,0
32.78872,58.97148,36,0
32.78872,58.97148,36,0
32.78872,58.97148,36,0
32.78872,58.97148,36,0
32.78872,58.97148,36,0
32.78872,58.97148,36,0
32.78872,58.97148,36,0
32.78872,58.97148,36,0
32.78872,58.97148,36,0
32.78872,58.97148,36,0
32.78872,58.97148,36,0
32.78872,58.97148,36,0
32.78872,58.97148,36,0
32.78872,58.97148,36,0
32.78872,58.97148,36,0
32.78872,58.97148,36,0
32.78872,58.97148,36,0
32.78872,58.97148,36,0
32.78872,58.97148,36,0
32.78872,58.97148,36,0
32.78872,58.97148,36,0
32.78872,58.97148,36,0
32.78872,58.97148,36,0
32.78872,58.97148,36,0
32.78872,58.97148,36,0
32.78872,58.97148,36,0
32.78872,58.97148,36,0
32.78872,58.97148,36,0
32.78872,58.97148,36,0
32.78872,58.97148,36,0
32.78872,58.97148,36,0
32.78872,58.97148,36,0
32.78872,58.97148,36,0
32.78872,58.97148,36,0
32.78872,58.97148,36,0
32.78872,58.97148,36,0
32.78872,58.97148,36,0
32.78872,58.97148,36,0
32.78872,58.97148,36,0
32.78872,58.97148,36,0
32.78872,58.97148,36,0
32.78872,58.97148,36,0
32.78872,58.97148,36,0
32.78872,58.97148,36,0
32.78872,58.97148,36,0
32.78872,58.97148,36,0
32.78872,58.97148,36,0
32.78872,58.97148,36,0
32.78872,58.97148,36,0
32.78872,58.97148,36,0
32.78872,58.97148,36,0
32.78872,58.97148,36,0
32.78872,58.97148,36,0
32.78872,58.97148,36,0
32.78872,58.97148,36,0
32.78872,58.97148,36,0
32.78872,58.97148,36,0
32.78872,58.97148,36,0
32.78872,58.97148,36,0
32.78872,58.97148,36,0
32.78872,58.97148,36,0
32.78872,58.97148,36,0
32.78872,58.97148,36,0
32.78872,58.97148,36,0
32.78872,58.97148,36,0
32.78872,58.97148,36,0
32.78872,58.97148,36,0
32.78872,58.97148,36,0
32.78872,58.97148,36,0
32.78872,58.97148,36,0
32.78872,58.97148,36,0
32.78872,58.97148,36,0
32.78872,58.97148,36,0
32.78872,58.97148,36,0
32.78872,58.97148,36,0
32.78872,58.97148,36,0
32.78872,58.97148,36,0
32.78872,58.97148,36,0
32.78872,58.97148,36,0
32.78872,58.97148,36,0
32.78872,58.97148,36,0
32.78872,58.97148,36,0
32.78872,58.97148,36,0
32.78872,58.97148,36,0
32.78872,58.97148,36,0
32.78872,58.97148,36,0
32.78872,58.97148,36,0
32.78872,58.97148,36,0
32.78872,58.97148,36,0
32.78872,58.97148,36,0
32.78872,58.97148,36,0
32.78872,58.97148,36,0
32.78872,58.97148,36,0
32.78872,58.97148,36,0
32.78872,58.97148,36,0
32.78872,58.97148,36,0
32.78872,58.97148,36,0
32.78872,58.97148,36,0
32.78872,58.97148,36,0
32.78872,58.97148,36,0
32.78872,58.97148,36,0
32.78872,58.97148,36,0
32.78872,58.97148,36,0
32.78872,58.97148,36,0
32.78872,58.97148,36,0
32.78872,58.97148,36,0
32.78872,58.97148,36,0
32.78872,58.97148,36,0
32.78872,58.97148,36,0
32.78872,58.97148,36,0
32.78872,58.97148,36,0
32.78872,58.97148,36,0
32.78872,58.97148,36,0
32.78872,58.97148,36,0
32.78872,58.97148,36,0
32.78872,58.97148,36,0
32.78872,58.97148,36,0
32.78872,58.97148,36,0
32.78872,58.97148,36,0
32.78872,58.97148,36,0
32.78872,58.97148,36,0
32.78872,58.97148,36,0
32.78872,58.97148,36,0
32.78872,58.97148,36,0
32.78872,58.97148,36,0
32.78872,58.97148,36,0
32.78872,58.97148,36,0
32.78872,58.97148,36,0
32.78872,58.97148,36,0
32.78872,58.97148,36,0
32.78872,58.97148,36,0
32.78872,58.97148,36,0
32.78872,58.97148,36,0
32.78872,58.97148,36,0
32.78872,58.97148,36,0
32.78872,58.97148,36,0
32.78872,58.97148,36,0
32.78872,58.97148,36,0
32.78872,58.97148,36,0
32.78872,58.97148,36,0
32.78872,58.97148,36,0
32.78872,58.97148,36,0
32.78872,58.97148,36,0
32.78872,58.97148,36,0
32.78872,58.97148,36,0
32.78872,58.97148,36,0
32.78872,58.97148,36,0
32.78872,58.97148,36,0
32.78872,58.97148,36,0
32.78872,58.97148,36,0
32.78872,58.97148,36,0
32.78872,58.97148,36,0
32.78872,58.97148,36,0
32.78872,58.97148,36,0
32.78872,58.97148,36,0
32.78872,58.97148,36,0
32.78872,58.97148,36,0
32.78872,58.97148,36,0
32.78872,58.97148,36,0
32.78872,58.97148,36,0
32.78872,58.97148,36,0
32.78872,58.97148,36,0
32.78872,58.97148,36,0
32.78872,58.97148,36,0
32.78872,58.97148,36,0
32.78872,58.97148,36,0
32.78872,58.97148,36,0
32.78872,58.97148,36,0
32.78872,58.97148,36,0
32.78872,58.97148,36,0
32.78872,58.97148,36,0
32.78872,58.97148,36,0
32.78872,58.97148,36,0
32.78872,58.97148,36,0
32.78872,58.97148,36,0
32.78872,58.97148,36,0
32.78872,58.97148,36,0
32.78872,58.97148,36,0
32.78872,58.97148,36,0
32.78872,58.97148,36,0
32.78872,58.97148,36,0
32.78872,58.97148,36,0
32.78872,58.97148,36,0
32.78872,58.97148,36,0
32.78872,58.97148,36,0
32.78872,58.97148,36,0
32.78872,58.97148,36,0
32.78872,58.97148,36,0
32.78872,58.97148,36,0
32.78872,58.97148,36,0
32.78872,58.97148,36,0
32.78872,58.97148,36,0
32.78872,58.97148,36,0
32.78872,58.97148,36,0
32.78872,58.97148,36,0
32.78872,58.97148,36,0
32.78872,58.97148,36,0
32.78872,58.97148,36,0
32.78872,58.97148,36,0
32.78872,58.97148,36,0
32.78872,58.97148,36,0
32.78872,58.97148,36,0
32.78872,58.97148,36,0
32.78872,58.97148,36,0
32.78872,58.97148,36,0
32.78872,58.97148,36,0
32.78872,58.97148,36,0
32.78872,58.97148,36,0
32.78872,58.97148,36,0
32.78872,58.97148,36,0
32.78872,58.97148,36,0
32.78872,58.97148,36,0
32.78872,58.97148,36,0
32.78872,58.97148,36,0
32.78872,58.97148,36,0
32.78872,58.97148,36,0
32.78872,58.97148,36,0
32.78872,58.97148,36,0
32.78872,58.97148,36,0
32.78872,58.97148,36,0
32.78872,58.97148,36,0
32.78872,58.97148,36,0
32.78872,58.97148,36,0
32.78872,58.97148,36,0
32.78872,58.97148,36,0
32.78872,58.97148,36,0
32.78872,58.97148,36,0
32.78872,58.97148,36,0
32.78872,58.97148,36,0
32.78872,58.97148,36,0
32.78872,58.97148,36,0
32.78872,58.97148,36,0
32.78872,58.97148,36,0
32.78872,58.97148,36,0
32.78872,58.97148,36,0
32.78872,58.97148,36,0
32.78872,58.97148,36,0
32.78872,58.97148,36,0
32.78872,58.97148,36,0
32.78872,58.97148,36,0
32.78872,58.97148,36,0
32.78872,58.97148,36,0
32.78872,58.97148,36,0
32.78872,58.97148,36,0
32.78872,58.97148,36,0
32.78872,58.97148,36,0
32.78872,58.97148,36,0
32.78872,58.97148,36,0
32.78872,58.97148,36,0
32.78872,58.97148,36,0
32.78872,58.97148,36,0
32.78872,58.97148,36,0
32.78872,58.97148,36,0
32.78872,58.97148,36,0
32.78872,58.97148,36,0
32.78872,58.97148,36,0
32.78872,58.97148,36,0
32.78872,58.97148,36,0
32.78872,58.97148,36,0
32.78872,58.97148,36,0
32.78872,58.97148,36,0
32.78872,58.97148,36,0
32.78872,58.97148,36,0
32.78872,58.97148,36,0
32.78872,58.97148,36,0
32.78872,58.97148,36,0
32.78872,58.97148,36,0
32.78872,58.97148,36,0
32.78872,58.97148,36,0
32.78872,58.97148,36,0
32.78872,58.97148,36,0
32.78872,58.97148,36,0
32.78872,58.97148,36,0
32.78872,58.97148,36,0
32.78872,58.97148,36,0
32.78872,58.97148,36,0
32.78872,58.97148,36,0
32.78872,58.97148,36,0
32.78872,58.97148,36,0
32.78872,58.97148,36,0
32.78872,58.97148,36,0
32.78872,58.97148,36,0
32.78872,58.97148,36,0
32.78872,58.97148,36,0
32.78872,58.97148,36,0
32.78872,58.97148,36,0
32.78872,58.97148,36,0
32.78872,58.97148,36,0
32.78872,58.97148,36,0
32.78872,58.97148,36,0
32.78872,58.97148,36,0
32.78872,58.97148,36,0
32.78872,58.97148,36,0
32.78872,58.97148,36,0
32.78872,58.97148,36,0
32.78872,58.97148,36,0
32.78872,58.97148,36,0
32.78872,58.97148,36,0
32.78872,58.97148,36,0
32.78872,58.97148,36,0
32.78872,58.97148,36,0
32.78872,58.97148,36,0
32.78872,58.97148,36,0
32.78872,58.97148,36,0
32.78872,58.97148,36,0
32.78872,58.97148,36,0
32.78872,58.97148,36,0
32.78872,58.97148,36,0
32.78872,58.97148,36,0
32.78872,58.97148,36,0
32.78872,58.97148,36,0
32.78872,58.97148,36,0
32.78872,58.97148,36,0
32.78872,58.97148,36,0
32.78872,58.97148,36,0
32.78872,58.97148,36,0
32.78872,58.97148,36,0
32.78872,58.97148,36,0
32.78872,58.97148,36,0
32.78872,58.97148,36,0
32.78872,58.97148,36,0
32.78872,58.97148,36,0
32.78872,58.97148,36,0
32.78872,58.97148,36,0
32.78872,58.97148,36,0
32.78872,58.97148,36,0
32.78872,58.97148,36,0
32.78872,58.97148,36,0
32.78872,58.97148,36,0
32.78872,58.97148,36,0
32.78872,58.97148,36,0
32.78872,58.97148,36,0
32.78872,58.97148,36,0
32.78872,58.97148,36,0
32.78872,58.97148,36,0
32.78872,58.97148,36,0
32.78872,58.97148,36,0
32.78872,58.97148,36,0
32.78872,58.97148,36,0
32.78872,58.97148,36,0
32.78872,58.97148,36,0
32.78872,58.97148,36,0
32.78872,58.97148,36,0
32.78872,58.97148,36,0
32.78872,58.97148,36,0
32.78872,58.97148,36,0
32.78872,58.97148,36,0
32.78872,58.97148,36,0
32.78872,58.97148,36,0
32.78872,58.97148,36,0
32.78872,58.97148,36,0
32.78872,58.97148,36,0
32.78872,58.97148,36,0
32.78872,58.97148,36,0
32.78872,58.97148,36,0
32.78872,58.97148,36,0
32.78872,58.97148,36,0
32.78872,58.97148,36,0
32.78872,58.97148,36,0
32.78872,58.97148,36,0
32.78872,58.97148,36,0
32.78872,58.97148,36,0
32.78872,58.97148,36,0
32.78872,58.97148,36,0
32.78872,58.97148,36,0
32.78872,58.97148,36,0
32.78872,58.97148,36,0
32.78872,58.97148,36,0
32.78872,58.97148,36,0
32.78872,58.97148,36,0
32.78872,58.97148,36,0
32.78872,58.97148,36,0
32.78872,58.97148,36,0
32.78872,58.97148,36,0
32.78872,58.97148,36,0
32.78872,58.97148,36,0
32.78872,58.97148,36,0
32.78872,58.97148,36,0
32.78872,58.97148,36,0
32.78872,58.97148,36,0
32.78872,58.97148,36,0
32.78872,58.97148,36,0
32.78872,58.97148,36,0
32.78872,58.97148,36,0
32.78872,58.97148,36,0
32.78872,58.97148,36,0
32.78872,58.97148,36,0
32.78872,58.97148,36,0
32.78872,58.97148,36,0
32.78872,58.97148,36,0
32.78872,58.97148,36,0
32.78872,58.97148,36,0
32.78872,58.97148,36,0
32.78872,58.97148,36,0
32.78872,58.97148,36,0
32.78872,58.97148,36,0
32.78872,58.97148,36,0
32.78872,58.97148,36,0
32.78872,58.97148,36,0
32.78872,58.97148,36,0
32.78872,58.97148,36,0
32.78872,58.97148,36,0
32.78872,58.97148,36,0
32.78872,58.97148,36,0
32.78872,58.97148,36,0
32.78872,58.97148,36,0
32.78872,58.97148,36,0
32.78872,58.97148,36,0
32.78872,58.97148,36,0
32.78872,58.97148,36,0
32.78872,58.97148,36,0
32.78872,58.97148,36,0
32.78872,58.97148,36,0
32.78872,58.97148,36,0
32.78872,58.97148,36,0
32.78872,58.97148,36,0
32.78872,58.97148,36,0
32.78872,58.97148,36,0
32.78872,58.97148,36,0
32.78872,58.97148,36,0
32.78872,58.97148,36,0
32.78872,58.97148,36,0
32.78872,58.97148,36,0
32.78872,58.97148,36,0
32.78872,58.97148,36,0
32.78872,58.97148,36,0
32.78872,58.97148,36,0
32.78872,58.97148,36,0
32.78872,58.97148,36,0
32.78872,58.97148,36,0
32.78872,58.97148,36,0
32.78872,58.97148,36,0
32.78872,58.97148,36,0
32.78872,58.97148,36,0
32.78872,58.97148,36,0
32.78872,58.97148,36,0
32.78872,58.97148,36,0
32.78872,58.97148,36,0
32.78872,58.97148,36,0
32.78872,58.97148,36,0
32.78872,58.97148,36,0
32.78872,58.97148,36,0
32.78872,58.97148,36,0
32.78872,58.97148,36,0
32.78872,58.97148,36,0
32.78872,58.97148,36,0
32.78872,58.97148,36,0
32.78872,58.97148,36,0
32.78872,58.97148,36,0
32.78872,58.97148,36,0
32.78872,58.97148,36,0
32.78872,58.97148,36,0
32.78872,58.97148,36,0
32.78872,58.97148,36,0
32.78872,58.97148,36,0
32.78872,58.97148,36,0
32.78872,58.97148,36,0
32.78872,58.97148,36,0
32.78872,58.97148,36,0
32.78872,58.97148,36,0
32.78872,58.97148,36,0
32.78872,58.97148,36,0
32.78872,58.97148,36,0
32.78872,58.97148,36,0
32.78872,58.97148,36,0
32.78872,58.97148,36,0
32.78872,58.97148,36,0
32.78872,58.97148,36,0
32.78872,58.97148,36,0
32.78872,58.97148,36,0
32.78872,58.97148,36,0
32.78872,58.97148,36,0
32.78872,58.97148,36,0
32.78872,58.97148,36,0
32.78872,58.97148,36,0
32.78872,58.97148,36,0
32.78872,58.97148,36,0
32.78872,58.97148,36,0
32.78872,58.97148,36,0
32.78872,58.97148,36,0
32.78872,58.97148,36,0
32.78872,58.97148,36,0
32.78872,58.97148,36,0
32.78872,58.97148,36,0
32.78872,58.97148,36,0
32.78872,58.97148,36,0
32.78872,58.97148,36,0
32.78872,58.97148,36,0
32.78872,58.97148,36,0
32.78872,58.97148,36,0
32.78872,58.97148,36,0
32.78872,58.97148,36,0
32.78872,58.97148,36,0
32.78872,58.97148,36,0
32.78872,58.97148,36,0
32.78872,58.97148,36,0
32.78872,58.97148,36,0
32.78872,58.97148,36,0
32.78872,58.97148,36,0
32.78872,58.97148,36,0
32.78872,58.97148,36,0
32.78872,58.97148,36,0
32.78872,58.97148,36,0
32.78872,58.97148,36,0
32.78872,58.97148,36,0
32.78872,58.97148,36,0
32.78872,58.97148,36,0
32.78872,58.97148,36,0
32.78872,58.97148,36,0
32.78872,58.97148,36,0
32.78872,58.97148,36,0
32.78872,58.97148,36,0
32.78872,58.97148,36,0
32.78872,58.97148,36,0
32.78872,58.97148,36,0
32.78872,58.97148,36,0
32.78872,58.97148,36,0
32.78872,58.97148,36,0
32.78872,58.97148,36,0
32.78872,58.97148,36,0
32.78872,58.97148,36,0
32.78872,58.97148,36,0
32.78872,58.97148,36,0
32.78872,58.97148,36,0
32.78872,58.97148,36,0
32.78872,58.97148,36,0
32.78872,58.97148,36,0
32.78872,58.97148,36,0
32.78872,58.97148,36,0
32.78872,58.97148,36,0
32.78872,58.97148,36,0
32.78872,58.97148,36,0
32.78872,58.97148,36,0
32.78872,58.97148,36,0
32.78872,58.97148,36,0
32.78872,58.97148,36,0
32.78872,58.97148,36,0
32.78872,58.97148,36,0
32.78872,58.97148,36,0
32.78872,58.97148,36,0
32.78872,58.97148,36,0
32.78872,58.97148,36,0
32.78872,58.97148,36,0
32.78872,58.97148,36,0
32.78872,58.97148,36,0
32.78872,58.97148,36,0
32.78872,58.97148,36,0
32.78872,58.97148,36,0
32.78872,58.97148,36,0
32.78872,58.97148,36,0
32.78872,58.97148,36,0
32.78872,58.97148,36,0
32.78872,58.97148,36,0
32.78872,58.97148,36,0
32.78872,58.97148,36,0
32.78872,58.97148,36,0
32.78872,58.97148,36,0
32.78872,58.97148,36,0
32.78872,58.97148,36,0
32.78872,58.97148,36,0
32.78872,58.97148,36,0
32.78872,58.97148,36,0
32.78872,58.97148,36,0
32.78872,58.97148,36,0
32.78872,58.97148,36,0
32.78872,58.97148,36,0
32.78872,58.97148,36,0
32.78872,58.97148,36,0
32.78872,58.97148,36,0
32.78872,58.97148,36,0
32.78872,58.97148,36,0
32.78872,58.97148,36,0
32.78872,58.97148,36,0
32.78872,58.97148,36,0
32.78872,58.97148,36,0
32.78872,58.97148,36,0
32.78872,58.97148,36,0
32.78872,58.97148,36,0
32.78872,58.97148,36,0
32.78872,58.97148,36,0
32.78872,58.97148,36,0
32.78872,58.97148,36,0
32.78872,58.97148,36,0
32.78872,58.97148,36,0
32.78872,58.97148,36,0
32.78872,58.97148,36,0
32.78872,58.97148,36,0
32.78872,58.97148,36,0
32.78872,58.97148,36,0
32.78872,58.97148,36,0
32.78872,58.97148,36,0
32.78872,58.97148,36,0
32.78872,58.97148,36,0
32.78872,58.97148,36,0
32.78872,58.97148,36,0
32.78872,58.97148,36,0
32.78872,58.97148,36,0
32.78872,58.97148,36,0
32.78872,58.97148,36,0
32.78872,58.97148,36,0
32.78872,58.97148,36,0
32.78872,58.97148,36,0
32.78872,58.97148,36,0
32.78872,58.97148,36,0
32.78872,58.97148,36,0
32.78872,58.97148,36,0
32.78872,58.97148,36,0
32.78872,58.97148,36,0
32.78872,58.97148,36,0
32.78872,58.97148,36,0
32.78872,58.97148,36,0
32.78872,58.97148,36,0
32.78872,58.97148,36,0
32.78872,58.97148,36,0
32.78872,58.97148,36,0
32.78872,58.97148,36,0
32.78872,58.97148,36,0
32.78872,58.97148,36,0
32.78872,58.97148,36,0
32.78872,58.97148,36,0
32.78872,58.97148,36,0
32.78872,58.97148,36,0
32.78872,58.97148,36,0
32.78872,58.97148,36,0
32.78872,58.97148,36,0
32.78872,58.97148,36,0
32.78872,58.97148,36,0
32.78872,58.97148,36,0
32.78872,58.97148,36,0
32.78872,58.97148,36,0
32.78872,58.97148,36,0
32.78872,58.97148,36,0
32.78872,58.97148,36,0
32.78872,58.97148,36,0
32.78872,58.97148,36,0
32.78872,58.97148,36,0
32.78872,58.97148,36,0
32.78872,58.97148,36,0
32.78872,58.97148,36,0
32.78872,58.97148,36,0
32.78872,58.97148,36,0
32.78872,58.97148,36,0
32.78872,58.97148,36,0
32.78872,58.97148,36,0
32.78872,58.97148,36,0
32.78872,58.97148,36,0
32.78872,58.97148,36,0
32.78872,58.97148,36,0
32.78872,58.97148,36,0
32.78872,58.97148,36,0
32.78872,58.97148,36,0
32.78872,58.97148,36,0
32.78872,58.97148,36,0
32.78872,58.97148,36,0
32.78872,58.97148,36,0
32.78872,58.97148,36,0
32.78872,58.97148,36,0
32.78872,58.97148,36,0
32.78872,58.97148,36,0
32.78872,58.97148,36,0
32.78872,58.97148,36,0
32.78872,58.97148,36,0
32.78872,58.97148,36,0
32.78872,58.97148,36,0
32.78872,58.97148,36,0
32.78872,58.97148,36,0
32.78872,58.97148,36,0
32.78872,58.97148,36,0
32.78872,58.97148,36,0
32.78872,58.97148,36,0
32.78872,58.97148,36,0
32.78872,58.97148,36,0
32.78872,58.97148,36,0
32.78872,58.97148,36,0
32.78872,58.97148,36,0
32.78872,58.97148,36,0
32.78872,58.97148,36,0
32.78872,58.97148,36,0
32.78872,58.97148,36,0
32.78872,58.97148,36,0
32.78872,58.97148,36,0
32.78872,58.97148,36,0
32.78872,58.97148,36,0
32.78872,58.97148,36,0
32.78872,58.97148,36,0
32.78872,58.97148,36,0
32.78872,58.97148,36,0
32.78872,58.97148,36,0
32.78872,58.97148,36,0
32.78872,58.97148,36,0
32.78872,58.97148,36,0
32.78872,58.97148,36,0
32.78872,58.97148,36,0
32.78872,58.97148,36,0
32.78872,58.97148,36,0
32.78872,58.97148,36,0
32.78872,58.97148,36,0
32.78872,58.97148,36,0
32.78872,58.97148,36,0
32.78872,58.97148,36,0
32.78872,58.97148,36,0
32.78872,58.97148,36,0
32.78872,58.97148,36,0
32.78872,58.97148,36,0
32.78872,58.97148,36,0
32.78872,58.97148,36,0
32.78872,58.97148,36,0
32.78872,58.97148,36,0
32.78872,58.97148,36,0
32.78872,58.97148,36,0
32.78872,58.97148,36,0
32.78872,58.97148,36,0
32.78872,58.97148,36,0
32.78872,58.97148,36,0
32.78872,58.97148,36,0
32.78872,58.97148,36,0
32.78872,58.97148,36,0
32.78872,58.97148,36,0
32.78872,58.97148,36,0
32.78872,58.97148,36,0
32.78872,58.97148,36,0
32.78872,58.97148,36,0
32.78872,58.97148,36,0
32.78872,58.97148,36,0
32.78872,58.97148,36,0
32.78872,58.97148,36,0
32.78872,58.97148,36,0
32.78872,58.97148,36,0
32.78872,58.97148,36,0
32.78872,58.97148,36,0
32.78872,58.97148,36,0
32.78872,58.97148,36,0
32.78872,58.97148,36,0
32.78872,58.97148,36,0
32.78872,58.97148,36,0
32.78872,58.97148,36,0
32.78872,58.97148,36,0
32.78872,58.97148,36,0
32.78872,58.97148,36,0
32.78872,58.97148,36,0
32.78872,58.97148,36,0
32.78872,58.97148,36,0
32.78872,58.97148,36,0
32.78872,58.97148,36,0
32.78872,58.97148,36,0
32.78872,58.97148,36,0
32.78872,58.97148,36,0
32.78872,58.97148,36,0
32.78872,58.97148,36,0
32.78872,58.97148,36,0
32.78872,58.97148,36,0
32.78872,58.97148,36,0
32.78872,58.97148,36,0
32.78872,58.97148,36,0
32.78872,58.97148,36,0
32.78872,58.97148,36,0
32.78872,58.97148,36,0
32.78872,58.97148,36,0
32.78872,58.97148,36,0
32.78872,58.97148,36,0
32.78872,58.97148,36,0
32.78872,58.97148,36,0
32.78872,58.97148,36,0
32.78872,58.97148,36,0
32.78872,58.97148,36,0
32.78872,58.97148,36,0
32.78872,58.97148,36,0
32.78872,58.97148,36,0
32.78872,58.97148,36,0
32.78872,58.97148,36,0
32.78872,58.97148,36,0
32.78872,58.97148,36,0
32.78872,58.97148,36,0
32.78872,58.97148,36,0
32.78872,58.97148,36,0
32.78872,58.97148,36,0
32.78872,58.97148,36,0
32.78872,58.97148,36,0
32.78872,58.97148,36,0
32.78872,58.97148,36,0
32.78872,58.97148,36,0
32.78872,58.97148,36,0
32.78872,58.97148,36,0
32.78872,58.97148,36,0
32.78872,58.97148,36,0
32.78872,58.97148,36,0
32.78872,58.97148,36,0
32.78872,58.97148,36,0
32.78872,58.97148,36,0
32.78872,58.97148,36,0
32.78872,58.97148,36,0
32.78872,58.97148,36,0
32.78872,58.97148,36,0
32.78872,58.97148,36,0
32.78872,58.97148,36,0
32.78872,58.97148,36,0
32.78872,58.97148,36,0
32.78872,58.97148,36,0
32.78872,58.97148,36,0
32.78872,58.97148,36,0
32.78872,58.97148,36,0
32.78872,58.97148,36,0
32.78872,58.97148,36,0
32.78872,58.97148,36,0
32.78872,58.97148,36,0
32.78872,58.97148,36,0
32.78872,58.97148,36,0
32.78872,58.97148,36,0
32.78872,58.97148,36,0
32.78872,58.97148,36,0
32.78872,58.97148,36,0
32.78872,58.97148,36,0
32.78872,58.97148,36,0
32.78872,58.97148,36,0
32.78872,58.97148,36,0
32.78872,58.97148,36,0
32.78872,58.97148,36,0
32.78872,58.97148,36,0
32.78872,58.97148,36,0
32.78872,58.97148,36,0
32.78872,58.97148,36,0
32.78872,58.97148,36,0
32.78872,58.97148,36,0
32.78872,58.97148,36,0
32.78872,58.97148,36,0
32.78872,58.97148,36,0
32.78872,58.97148,36,0
32.78872,58.97148,36,0
32.78872,58.97148,36,0
32.78872,58.97148,36,0
32.78872,58.97148,36,0
32.78872,58.97148,36,0
32.78872,58.97148,36,0
32.78872,58.97148,36,0
32.78872,58.97148,36,0
32.78872,58.97148,36,0
32.78872,58.97148,36,0
32.78872,58.97148,36,0
32.78872,58.97148,36,0
32.78872,58.97148,36,0
32.78872,58.97148,36,0
32.78872,58.97148,36,0
32.78872,58.97148,36,0
32.78872,58.97148,36,0
32.78872,58.97148,36,0
32.78872,58.97148,36,0
32.78872,58.97148,36,0
32.78872,58.97148,36,0
32.78872,58.97148,36,0
32.78872,58.97148,36,0
32.78872,58.97148,36,0
32.78872,58.97148,36,0
32.78872,58.97148,36,0
32.78872,58.97148,36,0
32.78872,58.97148,36,0
32.78872,58.97148,36,0
32.78872,58.97148,36,0
32.78872,58.97148,36,0
32.78872,58.97148,36,0
32.78872,58.97148,36,0
32.78872,58.97148,36,0
32.78872,58.97148,36,0
32.78872,58.97148,36,0
32.78872,58.97148,36,0
32.78872,58.97148,36,0
32.78872,58.97148,36,0
32.78872,58.97148,36,0
32.78872,58.97148,36,0
32.78872,58.97148,36,0
32.78872,58.97148,36,0
32.78872,58.97148,36,0
32.78872,58.97148,36,0
32.78872,58.97148,36,0
32.78872,58.97148,36,0
32.78872,58.97148,36,0
32.78872,58.97148,36,0
32.78872,58.97148,36,0
32.78872,58.97148,36,0
32.78872,58.97148,36,0
32.78872,58.97148,36,0
32.78872,58.97148,36,0
32.78872,58.97148,36,0
32.78872,58.97148,36,0
32.78872,58.97148,36,0
32.78872,58.97148,36,0
32.78872,58.97148,36,0
32.78872,58.97148,36,0
32.78872,58.97148,36,0
32.78872,58.97148,36,0
32.78872,58.97148,36,0
32.78872,58.97148,36,0
32.78872,58.97148,36,0
32.78872,58.97148,36,0
32.78872,58.97148,36,0
32.78872,58.97148,36,0
32.78872,58.97148,36,0
32.78872,58.97148,36,0
32.78872,58.97148,36,0
32.78872,58.97148,36,0
32.78872,58.97148,36,0
32.78872,58.97148,36,0
32.78872,58.97148,36,0
32.78872,58.97148,36,0
32.78872,58.97148,36,0
32.78872,58.97148,36,0
32.78872,58.97148,36,0
32.78872,58.97148,36,0
32.78872,58.97148,36,0
32.78872,58.97148,36,0
32.78872,58.97148,36,0
32.78872,58.97148,36,0
32.78872,58.97148,36,0
32.78872,58.97148,36,0
32.78872,58.97148,36,0
32.78872,58.97148,36,0
32.78872,58.97148,36,0
32.78872,58.97148,36,0
32.78872,58.97148,36,0
32.78872,58.97148,36,0
32.78872,58.97148,36,0
32.78872,58.97148,36,0
32.78872,58.97148,36,0
32.78872,58.97148,36,0
32.78872,58.97148,36,0
32.78872,58.97148,36,0
32.78872,58.97148,36,0
32.78872,58.97148,36,0
32.78872,58.97148,36,0
32.78872,58.97148,36,0
32.78872,58.97148,36,0
32.78872,58.97148,36,0
32.78872,58.97148,36,0
32.78872,58.97148,36,0
32.78872,58.97148,36,0
32.78872,58.97148,36,0
32.78872,58.97148,36,0
32.78872,58.97148,36,0
32.78872,58.97148,36,0
32.78872,58.97148,36,0
32.78872,58.97148,36,0
32.78872,58.97148,36,0
32.78872,58.97148,36,0
32.78872,58.97148,36,0
32.78872,58.97148,36,0
32.78872,58.97148,36,0
32.78872,58.97148,36,0
32.78872,58.97148,36,0
32.78872,58.97148,36,0
32.78872,58.97148,36,0
32.78872,58.97148,36,0
32.78872,58.97148,36,0
32.78872,58.97148,36,0
32.78872,58.97148,36,0
32.78872,58.97148,36,0
32.78872,58.97148,36,0
32.78872,58.97148,36,0
32.78872,58.97148,36,0
32.78872,58.97148,36,0
32.78872,58.97148,36,0
32.78872,58.97148,36,0
32.78872,58.97148,36,0
32.78872,58.97148,36,0
32.78872,58.97148,36,0
32.78872,58.97148,36,0
32.78872,58.97148,36,0
32.78872,58.97148,36,0
32.78872,58.97148,36,0
32.78872,58.97148,36,0
32.78872,58.97148,36,0
32.78872,58.97148,36,0
32.78872,58.97148,36,0
32.78872,58.97148,36,0
32.78872,58.97148,36,0
32.78872,58.97148,36,0
32.78872,58.97148,36,0
32.78872,58.97148,36,0
32.78872,58.97148,36,0
32.78872,58.97148,36,0
32.78872,58.97148,36,0
32.78872,58.97148,36,0
32.78872,58.97148,36,0
32.78872,58.97148,36,0
32.78872,58.97148,36,0
32.78872,58.97148,36,0
32.78872,58.97148,36,0
32.78872,58.97148,36,0
32.78872,58.97148,36,0
32.78872,58.97148,36,0
32.78872,58.97148,36,0
32.78872,58.97148,36,0
32.78872,58.97148,36,0
32.78872,58.97148,36,0
32.78872,58.97148,36,0
32.78872,58.97148,36,0
32.78872,58.97148,36,0
32.78872,58.97148,36,0
32.78872,58.97148,36,0
32.78872,58.97148,36,0
32.78872,58.97148,36,0
32.78872,58.97148,36,0
32.78872,58.97148,36,0
32.78872,58.97148,36,0
32.78872,58.97148,36,0
32.78872,58.97148,36,0
32.78872,58.97148,36,0
32.78872,58.97148,36,0
32.78872,58.97148,36,0
32.78872,58.97148,36,0
32.78872,58.97148,36,0
32.78872,58.97148,36,0
32.78872,58.97148,36,0
32.78872,58.97148,36,0
32.78872,58.97148,36,0
32.78872,58.97148,36,0
32.78872,58.97148,36,0
32.78872,58.97148,36,0
32.78872,58.97148,36,0
32.78872,58.97148,36,0
32.78872,58.97148,36,0
32.78872,58.97148,36,0
32.78872,58.97148,36,0
32.78872,58.97148,36,0
32.78872,58.97148,36,0
32.78872,58.97148,36,0
32.78872,58.97148,36,0
32.78872,58.97148,36,0
32.78872,58.97148,36,0
32.78872,58.97148,36,0
32.78872,58.97148,36,0
32.78872,58.97148,36,0
32.78872,58.97148,36,0
32.78872,58.97148,36,0
32.78872,58.97148,36,0
32.78872,58.97148,36,0
32.78872,58.97148,36,0
32.78872,58.97148,36,0
32.78872,58.97148,36,0
32.78872,58.97148,36,0
32.78872,58.97148,36,0
32.78872,58.97148,36,0
32.78872,58.97148,36,0
32.78872,58.97148,36,0
32.78872,58.97148,36,0
32.78872,58.97148,36,0
32.78872,58.97148,36,0
32.78872,58.97148,36,0
32.78872,58.97148,36,0
32.78872,58.97148,36,0
32.78872,58.97148,36,0
32.78872,58.97148,36,0
32.78872,58.97148,36,0
32.78872,58.97148,36,0
32.78872,58.97148,36,0
32.78872,58.97148,36,0
32.78872,58.97148,36,0
32.78872,58.97148,36,0
32.78872,58.97148,36,0
32.78872,58.97148,36,0
32.78872,58.97148,36,0
32.78872,58.97148,36,0
32.78872,58.97148,36,0
32.78872,58.97148,36,0
32.78872,58.97148,36,0
32.78872,58.97148,36,0
32.78872,58.97148,36,0
32.78872,58.97148,36,0
32.78872,58.97148,36,0
32.78872,58.97148,36,0
32.78872,58.97148,36,0
32.78872,58.97148,36,0
32.78872,58.97148,36,0
32.78872,58.97148,36,0
32.78872,58.97148,36,0
32.78872,58.97148,36,0
32.78872,58.97148,36,0
32.78872,58.97148,36,0
32.78872,58.97148,36,0
32.78872,58.97148,36,0
32.78872,58.97148,36,0
32.78872,58.97148,36,0
32.78872,58.97148,36,0
32.78872,58.97148,36,0
32.78872,58.97148,36,0
32.78872,58.97148,36,0
32.78872,58.97148,36,0
32.78872,58.97148,36,0
32.78872,58.97148,36,0
32.78872,58.97148,36,0
32.78872,58.97148,36,0
32.78872,58.97148,36,0
32.78872,58.97148,36,0
32.78872,58.97148,36,0
32.78872,58.97148,36,0
32.78872,58.97148,36,0
32.78872,58.97148,36,0
32.78872,58.97148,36,0
32.78872,58.97148,36,0
32.78872,58.97148,36,0
32.78872,58.97148,36,0
32.78872,58.97148,36,0
32.78872,58.97148,36,0
32.78872,58.97148,36,0
32.78872,58.97148,36,0
32.78872,58.97148,36,0
32.78872,58.97148,36,0
32.78872,58.97148,36,0
32.78872,58.97148,36,0
32.78872,58.97148,36,0
32.78872,58.97148,36,0
32.78872,58.97148,36,0
32.78872,58.97148,36,0
32.78872,58.97148,36,0
32.78872,58.97148,36,0
32.78872,58.97148,36,0
32.78872,58.97148,36,0
32.78872,58.97148,36,0
32.78872,58.97148,36,0
32.78872,58.97148,36,0
32.78872,58.97148,36,0
32.78872,58.97148,36,0
32.78872,58.97148,36,0
32.78872,58.97148,36,0
32.78872,58.97148,36,0
32.78872,58.97148,36,0
32.78872,58.97148,36,0
32.78872,58.97148,36,0
32.78872,58.97148,36,0
32.78872,58.97148,36,0
32.78872,58.97148,36,0
32.78872,58.97148,36,0
32.78872,58.97148,36,0
32.78872,58.97148,36,0
32.78872,58.97148,36,0
32.78872,58.97148,36,0
32.78872,58.97148,36,0
32.78872,58.97148,36,0
32.78872,58.97148,36,0
32.78872,58.97148,36,0
32.78872,58.97148,36,0
32.78872,58.97148,36,0
32.78872,58.97148,36,0
32.78872,58.97148,36,0
32.78872,58.97148,36,0
32.78872,58.97148,36,0
32.78872,58.97148,36,0
32.78872,58.97148,36,0
32.78872,58.97148,36,0
32.78872,58.97148,36,0
32.78872,58.97148,36,0
32.78872,58.97148,36,0
32.78872,58.97148,36,0
32.78872,58.97148,36,0
32.78872,58.97148,36,0
32.78872,58.97148,36,0
32.78872,58.97148,36,0
32.78872,58.97148,36,0
32.78872,58.97148,36,0
32.78872,58.97148,36,0
32.78872,58.97148,36,0
32.78872,58.97148,36,0
32.78872,58.97148,36,0
32.78872,58.97148,36,0
32.78872,58.97148,36,0
32.78872,58.97148,36,0
32.78872,58.97148,36,0
32.78872,58.97148,36,0
32.78872,58.97148,36,0
32.78872,58.97148,36,0
32.78872,58.97148,36,0
32.78872,58.97148,36,0
32.78872,58.97148,36,0
32.78872,58.97148,36,0
32.78872,58.97148,36,0
32.78872,58.97148,36,0
32.78872,58.97148,36,0
32.78872,58.97148,36,0
32.78872,58.97148,36,0
32.78872,58.97148,36,0
32.78872,58.97148,36,0
32.78872,58.97148,36,0
32.78872,58.97148,36,0
32.78872,58.97148,36,0
32.78872,58.97148,36,0
32.78872,58.97148,36,0
32.78872,58.97148,36,0
32.78872,58.97148,36,0
32.78872,58.97148,36,0
32.78872,58.97148,36,0
32.78872,58.97148,36,0
32.78872,58.97148,36,0
32.78872,58.97148,36,0
32.78872,58.97148,36,0
32.78872,58.97148,36,0
32.78872,58.97148,36,0
32.78872,58.97148,36,0
32.78872,58.97148,36,0
32.78872,58.97148,36,0
32.78872,58.97148,36,0
32.78872,58.97148,36,0
32.78872,58.97148,36,0
32.78872,58.97148,36,0
32.78872,58.97148,36,0
32.78872,58.97148,36,0
32.78872,58.97148,36,0
32.78872,58.97148,36,0
32.78872,58.97148,36,0
32.78872,58.97148,36,0
32.78872,58.97148,36,0
32.78872,58.97148,36,0
32.78872,58.97148,36,0
32.78872,58.97148,36,0
0,0,37,1
0,0,37,1
0,0,37,1
-0.03391688,0.7192007,37,1
-0.1535829,3.836884,37,1
-1.914734,5.885999,37,1
-4.232418,7.193097,37,1
-4.928075,9.991184,37,1
-6.083927,9.794085,37,1
-6.779486,9.16713,37,1
-9.768911,9.032931,37,1
-12.60973,8.25421,37,1
-15.13207,9.878752,37,1
-17.212,11.46575,37,1
-18.62823,13.90127,37,1
-19.93875,16.35298,37,1
-20.14267,19.34157,37,1
-20.57077,22.24243,37,1
-22.43138,24.22191,37,1
-24.66062,24.37078,37,1
-26.40934,26.40119,37,1
-28.11353,29.0138,37,1
-28.54155,30.51947,37,1
-26.44311,30.01963,37,1
-23.5799,30.50051,37,1
-24.79587,29.91958,37,1
-27.26263,30.4695,37,1
-29.13586,31.6689,37,1
-29.01187,31.55398,37,1
-29.01187,31.55398,37,1
-29.01187,31.55398,37,1
-30.26311,32.77837,37,1
-30.28,35.778,37,1
-30.28849,38.89726,37,1
-30.83153,40.11624,37,1
-32.02185,41.32006,37,1
-33.68493,43.60426,37,1
-33.64978,46.60645,37,1
-32.4279,46.15054,37,1
-32.28045,45.50289,37,1
-31.37181,46.029,37,1
-29.36644,47.71479,37,1
-27.15412,47.13193,37,1
-26.74787,47.63102,37,1
-26.32003,50.51489,37,1
-25.18811,52.09607,37,1
-25.08155,55.20791,37,1
-24.95457,56.97636,37,1
-24.58862,58.31053,37,1
-26.18126,60.02447,37,1
-25.16061,60.78202,37,1
-24.43132,58.53086,37,1
-24.64524,55.97226,37,1
-24.80223,52.85627,37,1
-26.06458,50.27782,37,1
-28.68983,49.28442,37,1
-31.19256,50.21995,37,1
-33.75269,50.5264,37,1
-34.64,53.07229,37,1
-34.64,56.03683,37,1
-34.24439,57.23674,37,1
-32.50023,57.8935,37,1
-33.43413,57.68442,37,1
-35.25238,58.55635,37,1
-34.74221,56.99178,37,1
-34.98588,53.89272,37,1
-35.49897,51.00669,37,1
-35.46256,48.52821,37,1
-33.36794,46.58627,37,1
-31.77684,43.7639,37,1
-30.35759,40.98754,37,1
-29.95292,38.07202,37,1
-29.98556,34.95215,37,1
-30.15911,32.03742,37,1
-30.54474,29.94345,37,1
-28.88791,27.45526,37,1
-26.46485,26.15771,37,1
-24.09767,24.12527,37,1
-21.82154,22.171,37,1
-19.80888,20.75483,37,1
-19.74456,22.38543,37,1
-17.42516,24.47219,37,1
-14.72786,25.22729,37,1
-12.68195,27.43929,37,1
-11.38327,29.71811,37,1
-11.54733,32.50425,37,1
-10.399,33.16216,37,1
-9.949663,36.1962,37,1
-10.4149,39.11383,37,1
-9.98856,41.59595,37,1
-8.752036,40.9096,37,1
-9.308429,41.1291,37,1
-11.67988,41.20876,37,1
-12.29637,43.95257,37,1
-13.49095,46.60821,37,1
-13.86723,49.38148,37,1
-14.64002,52.02324,37,1
-14.86657,55.11405,37,1
-14.66674,56.90375,37,1
-13.53197,58.92354,37,1
-12.21885,59.82682,37,1
-14.65095,59.07487,37,1
-15.15801,58.56467,37,1
-15.13503,56.285,37,1
-15.07213,53.28569,37,1
-14.23481,50.61002,37,1
-11.32479,49.67138,37,1
-8.806088,49.75449,37,1
-6.193567,50.54184,37,1
-5.172767,52.92931,37,1
-5.099335,56.04849,37,1
-3.843847,57.51215,37,1
-2.07,57.93059,37,1
-3.999254,60.07914,37,1
-6.958541,59.70254,37,1
-7.607905,58.20557,37,1
-5.861629,57.96049,37,1
-5.218914,55.35798,37,1
-5.28,52.24062,37,1
-5.987644,49.29958,37,1
-7.806066,47.42301,37,1
-8.975561,45.65649,37,1
-10.15357,43.8947,37,1
-10.06796,43.34744,37,1
-9.883975,40.35412,37,1
-9.869003,37.36377,37,1
-10.14614,34.36348,37,1
-9.293904,31.82718,37,1
-10.52882,29.31774,37,1
-10.19476,27.04827,37,1
-7.297484,26.42579,37,1
-8.78008,24.88248,37,1
-11.52748,25.73625,37,1
-13.93601,27.52481,37,1
-16.1876,29.65868,37,1
-18.00377,32.03478,37,1
-18.15994,32.74868,37,1
-15.6889,32.75,37,1
-13.04826,32.22194,37,1
-11.66511,30.32062,37,1
-8.985004,31.20037,37,1
-6.458512,30.85419,37,1
-6.054005,28.54843,37,1
-7.06127,26.31007,37,1
-9.266735,24.65759,37,1
-12.15784,23.76657,37,1
-15.08895,23.12737,37,1
-17.90593,22.68345,37,1
-19.29133,21.17867,37,1
-19.64,18.36098,37,1
-19.63811,15.36139,37,1
-21.09612,12.93624,37,1
-23.22239,11.64652,37,1
-26.29036,12.21403,37,1
-29.24017,12.76061,37,1
-31.69027,14.37471,37,1
-34.64476,13.88659,37,1
-35.15388,11.07683,37,1
-33.99966,9.408927,37,1
-30.88976,9.158951,37,1
-27.90042,8.9068,37,1
-24.91953,9.411855,37,1
-22.13177,9.294384,37,1
-19.19913,9.827121,37,1
-16.10743,9.407878,37,1
-13.01627,8.984593,37,1
-10.09062,8.755262,37,1
-7.677805,10.48034,37,1
-4.911119,9.483456,37,1
-3.458604,6.897985,37,1
-1.339526,5.124112,37,1
-0.2701287,2.370675,37,1
-0.2799999,-0.7406613,37,1
0.3561483,-1.75,37,1
-0.01088272,-1.75,37,1
-0.2799999,-1.75,37,1
-0.1484824,-1.75,37,1
0.3599999,-1.75,37,1
-0.2799999,0.8713547,37,1
-0.6578796,3.53275,37,1
-1.083766,6.133481,37,1
-0.701157,4.374631,37,1
-0.03301477,1.457958,37,1
0.02459864,-1.541217,37,1
0.07331516,-1.030197,37,1
0.1517107,1.968778,37,1
-1.227705,4.051796,37,1
0.9535391,4.331505,37,1
3.723363,5.767637,37,1
5.874735,6.600996,37,1
6.707943,8.551829,37,1
9.101152,9.837354,37,1
11.67245,10.29307,37,1
14.41465,10.22239,37,1
17.19022,10.3223,37,1
18.82659,12.7176,37,1
19.61726,15.18444,37,1
19.72,18.11002,37,1
19.70504,21.22941,37,1
19.85607,22.1334,37,1
19.97607,22.13404,37,1
22.91341,22.69604,37,1
25.19595,23.72939,37,1
25.58319,25.88873,37,1
22.87198,26.85511,37,1
19.94592,27.51706,37,1
16.90281,28.20548,37,1
14.05444,29.12921,37,1
11.963,30.24724,37,1
10.4509,32.76936,37,1
9.906902,35.60537,37,1
9.97209,38.72464,37,1
9.986174,39.80438,37,1
9.469748,41.14783,37,1
8.922525,42.32521,37,1
7.899738,43.65801,37,1
7.899738,43.65801,37,1
8.078168,43.09977,37,1
7.858415,43.22854,37,1
6.723205,45.74299,37,1
5.882296,48.49656,37,1
5.18768,51.26517,37,1
5.2428,54.38467,37,1
4.541883,57.15586,37,1
4.194409,59.35303,37,1
2.119765,59.49531,37,1
2.324685,60.79,37,1
2.527126,60.79,37,1
5.378999,60.79,37,1
6.421052,59.81039,37,1
5.017954,58.33188,37,1
5.135836,55.1035,37,1
5.36,52.00081,37,1
7.435622,50.19976,37,1
10.11992,50.24051,37,1
12.66105,50.50773,37,1
14.89577,51.90185,37,1
15.04972,54.89344,37,1
15.70199,57.72921,37,1
17.16563,58.07227,37,1
17.93,57.22,37,1
16.78869,58.76394,37,1
14.85884,57.04134,37,1
14.84027,54.34359,37,1
14.69255,51.26017,37,1
13.40771,48.47935,37,1
12.30325,45.72659,37,1
11.34161,42.88531,37,1
10.31078,40.10402,37,1
9.955379,37.36721,37,1
9.955379,37.36721,37,1
9.955379,37.36721,37,1
10.36072,35.64571,37,1
10.34373,32.90823,37,1
11.01568,30.30276,37,1
13.8008,28.89654,37,1
16.44099,27.47755,37,1
18.17198,24.89718,37,1
19.49081,22.48885,37,1
19.49081,22.48885,37,1
19.49081,22.48885,37,1
19.49081,22.48885,37,1
19.49081,22.48885,37,1
19.82983,21.34427,37,1
20.14902,18.50534,37,1
20.07663,15.38628,37,1
20.93372,12.65635,37,1
20.77027,9.990645,37,1
18.22359,8.473458,37,1
15.30764,7.363698,37,1
12.5244,7.037507,37,1
9.60721,5.930978,37,1
6.694504,4.812699,37,1
4.003919,3.496433,37,1
1.691033,3.543979,37,1
0.285935,1.920869,37,1
0.36,-0.5853131,37,1
0.191448,1.99374,37,1
0.3964579,2.725238,37,1
2.084561,5.144164,37,1
5.174111,5.171127,37,1
7.982389,6.225431,37,1
10.85982,7.428352,37,1
13.43589,8.961156,37,1
15.85993,10.70738,37,1
18.05647,12.54622,37,1
17.83173,14.74993,37,1
18.97982,14.6024,37,1
20.16823,16.87727,37,1
19.7563,19.96405,37,1
18.07762,22.16852,37,1
15.58249,24.04168,37,1
13.24498,26.08018,37,1
12.12942,28.73387,37,1
10.93238,31.3271,37,1
10.35998,34.35799,37,1
10.36,37.35098,37,1
10.45408,40.34685,37,1
8.698664,42.89095,37,1
11.03153,44.08585,37,1
12.83814,46.04631,37,1
13.62957,48.94004,37,1
14.7626,51.58002,37,1
14.72,54.6856,37,1
15.02428,57.74021,37,1
17.81187,58.61206,37,1
17.23036,57.2433,37,1
15.21919,56.7018,37,1
14.88564,53.65279,37,1
15.02464,50.5359,37,1
14.71927,47.61225,37,1
12.67936,45.25592,37,1
11.29703,42.98698,37,1
10.28207,40.42819,37,1
10.04074,37.38328,37,1
9.967419,34.2641,37,1
9.880329,31.33361,37,1
12.03837,29.10377,37,1
14.26267,27.09071,37,1
16.48697,25.07764,37,1
18.57898,22.79483,37,1
19.73656,20.51679,37,1
20.12055,17.42117,37,1
19.4638,14.52227,37,1
17.55537,12.4566,37,1
14.91899,11.02497,37,1
12.11674,9.661361,37,1
9.231181,8.474746,37,1
6.460255,7.325084,37,1
3.663826,5.95086,37,1
1.63908,3.755446,37,1
0.3599995,1.605029,37,1
-0.2203887,-1.047223,37,1
-0.2799976,1.637357,37,1
0.1337662,4.3644,37,1
2.99064,4.951832,37,1
5.806013,5.973856,37,1
8.775558,6.931004,37,1
11.74279,7.895327,37,1
14.50352,9.037,37,1
17.12311,10.32678,37,1
18.01792,13.06189,37,1
19.65401,15.2323,37,1
19.86874,18.194,37,1
19.99573,21.19105,37,1
18.3065,23.58244,37,1
16.3278,25.83699,37,1
14.30136,28.20933,37,1
12.12455,30.3653,37,1
11.04629,32.5995,37,1
10.36,35.17894,37,1
10.36,38.20675,37,1
11.44695,40.93698,37,1
13.03684,43.62143,37,1
14.00341,46.44181,37,1
14.64919,49.36897,37,1
14.8154,52.48438,37,1
14.97032,55.60049,37,1
16.61599,57.57316,37,1
17.5615,57.22,37,1
16.74157,57.5354,37,1
15.20988,55.45621,37,1
15.32816,52.33896,37,1
15.01045,49.35626,37,1
13.86319,46.531,37,1
12.12299,44.36618,37,1
10.81004,41.85576,37,1
10.46876,38.97699,37,1
10.35366,35.92074,37,1
10.19842,32.92985,37,1
10.88312,30.12353,37,1
13.32163,28.80528,37,1
15.70843,27.14644,37,1
17.84567,25.25205,37,1
19.46253,22.78187,37,1
19.73646,19.72007,37,1
19.72,16.61518,37,1
18.71546,14.10305,37,1
15.93653,12.68511,37,1
13.28531,11.28114,37,1
10.44245,10.8042,37,1
7.778053,9.87857,37,1
5.430234,8.84593,37,1
3.619413,6.755106,37,1
1.389793,5.142929,37,1
0.5418218,2.874367,37,1
-0.2720211,-0.06750688,37,1
-0.2768667,0.2413438,37,1
-0.02108085,3.229815,37,1
1.88582,5.418258,37,1
4.559958,6.627174,37,1
7.52306,6.158062,37,1
10.60986,5.704674,37,1
13.14254,6.978983,37,1
15.50142,8.830413,37,1
17.45001,11.07288,37,1
19.4489,13.17648,37,1
19.72001,16.08588,37,1
19.72,19.07021,37,1
18.93403,21.92724,37,1
16.29588,22.72395,37,1
14.33014,24.9839,37,1
12.44813,27.32017,37,1
10.81938,29.93134,37,1
10.53523,32.9992,37,1
10.36,35.79738,37,1
10.16851,38.90125,37,1
11.32769,41.67023,37,1
13.73473,43.21093,37,1
14.04995,46.19175,37,1
14.9537,48.84428,37,1
15.20452,51.83377,37,1
15.36,54.94283,37,1
16.23135,57.53281,37,1
17.8593,57.22,37,1
15.83404,57.31788,37,1
15.21571,54.50605,37,1
14.93043,51.39907,37,1
14.6809,48.40975,37,1
13.14481,45.70359,37,1
11.69751,42.81264,37,1
10.80711,40.30027,37,1
9.812619,38.15582,37,1
9.72,35.0898,37,1
9.48912,32.11549,37,1
10.59277,29.58726,37,1
12.78952,27.37218,37,1
15.44899,26.55858,37,1
17.68401,24.38164,37,1
19.3837,21.95646,37,1
19.72,19.03284,37,1
19.72921,15.91715,37,1
18.13457,13.72337,37,1
15.31508,12.38736,37,1
12.60405,11.10274,37,1
9.725125,10.95922,37,1
6.985208,10.41789,37,1
4.87346,8.317901,37,1
2.261046,7.282373,37,1
1.054404,4.829359,37,1
0.03367867,2.242312,37,1
0.1334042,-0.8246917,37,1
-0.2799999,1.05554,37,1
0.09553203,3.999053,37,1
2.453835,6.038735,37,1
5.174998,6.501897,37,1
8.015851,5.53778,37,1
10.8567,4.573663,37,1
13.61939,4.800959,37,1
16.23005,6.433268,37,1
17.58675,9.060596,37,1
18.38616,12.07645,37,1
19.59291,14.64202,37,1
20.24955,17.59025,37,1
19.72,20.47734,37,1
17.91483,22.8141,37,1
15.46509,24.71761,37,1
13.58919,27.05878,37,1
11.31057,28.81905,37,1
10.93378,31.77823,37,1
9.900119,34.36016,37,1
9.734779,37.47412,37,1
10.72766,40.28794,37,1
13.18542,41.77772,37,1
14.07125,44.76903,37,1
14.72544,47.69384,37,1
14.72604,50.80853,37,1
14.72,53.79848,37,1
14.85023,56.78217,37,1
17.60247,57.29815,37,1
17.91,57.22,37,1
17.25087,57.22045,37,1
17.93031,57.22,37,1
17.93,57.6721,37,1
17.93,59.85936,37,1
15.6183,59.42778,37,1
13.00899,60.74612,37,1
12.83122,58.93122,37,1
14.73199,56.57108,37,1
15.0813,53.59441,37,1
14.59308,50.61303,37,1
12.63512,48.03157,37,1
11.72723,45.19089,37,1
11.06281,42.14243,37,1
10.58625,39.06377,37,1
10.34887,36.20916,37,1
10.41664,33.17641,37,1
11.63985,30.55041,37,1
14.03879,28.55556,37,1
16.20196,26.50794,37,1
18.29819,24.68948,37,1
18.86889,21.702,37,1
19.80191,19.26742,37,1
19.72,16.15115,37,1
18.10376,13.87226,37,1
15.28171,12.85436,37,1
12.36965,11.74208,37,1
9.771022,10.01565,37,1
7.276734,8.348743,37,1
4.782447,6.681849,37,1
1.802406,6.337653,37,1
0.9893792,3.885586,37,1
0.3290177,1.860197,37,1
