x,y,DISTANCE,n,risk,safe_first
1999,2188,188.9,1,1,risky first
1906,2368,202.6,1,1,risky first
1933,2431,68.5,1,1,risky first
1867,2293,153,1,1,risky first
1867,2113,180,1,1,risky first
1933,1933,191.7,1,1,risky first
2044,1753,211.5,1,1,risky first
2074,1573,182.5,1,1,risky first
2095,1393,181.2,1,1,risky first
2122,1213,182,1,1,risky first
2164,1339,132.8,1,1,risky first
2194,1519,182.5,1,1,risky first
2302,1699,209.9,1,1,risky first
2443,1879,228.7,1,1,risky first
2428,1894,21.2,1,1,risky first
2257,1843,178.4,1,1,risky first
2152,1663,208.4,1,1,risky first
2098,1483,187.9,1,1,risky first
2098,1303,180,1,1,risky first
2098,1261,42,1,1,risky first
2098,1441,180,1,1,risky first
2098,1621,180,1,1,risky first
2047,1801,187.1,1,1,risky first
2020,1981,182,1,1,risky first
2107,1903,116.8,1,1,risky first
2107,1723,180,1,1,risky first
2107,1543,180,1,1,risky first
2191,1363,198.6,1,1,risky first
2179,1207,156.5,1,1,risky first
2032,1219,147.5,1,1,risky first
1939,1276,109.1,1,1,risky first
2083,1456,230.5,1,1,risky first
2089,1615,159.1,1,1,risky first
2080,1615,9,1,1,risky first
2080,1615,0,1,1,risky first
2080,1615,0,1,1,risky first
2080,1615,0,1,1,risky first
2080,1594,21,1,1,risky first
2146,1426,180.5,1,1,risky first
2251,1246,208.4,1,1,risky first
2110,1195,149.9,1,1,risky first
1978,1267,150.4,1,1,risky first
2035,1447,188.8,1,1,risky first
2086,1627,187.1,1,1,risky first
2086,1807,180,1,1,risky first
2086,1987,180,1,1,risky first
2152,1906,104.5,1,1,risky first
2152,1726,180,1,1,risky first
2152,1546,180,1,1,risky first
2272,1369,213.8,1,1,risky first
2452,1408,184.2,1,1,risky first
2632,1447,184.2,1,1,risky first
2812,1447,180,1,1,risky first
2992,1381,191.7,1,1,risky first
3172,1291,201.2,1,1,risky first
3184,1186,105.7,1,1,risky first
3004,1015,248.3,1,1,risky first
2824,970,185.5,1,1,risky first
2644,937,183,1,1,risky first
2464,937,180,1,1,risky first
2284,904,183,1,1,risky first
2122,1039,210.9,1,1,risky first
2122,1081,42,1,1,risky first
2227,973,150.6,1,1,risky first
2356,1054,152.3,1,1,risky first
2356,1084,30,1,1,risky first
2392,1102,40.2,1,1,risky first
2473,1228,149.8,1,1,risky first
2356,1408,214.7,1,1,risky first
2176,1525,214.7,1,1,risky first
2047,1702,219,1,1,risky first
2083,1882,183.6,1,1,risky first
2026,2029,157.7,1,1,risky first
1846,1894,225,1,1,risky first
1744,1714,206.9,1,1,risky first
1723,1534,181.2,1,1,risky first
1792,1354,192.8,1,1,risky first
1888,1174,204,1,1,risky first
1999,1030,181.8,1,1,risky first
2047,1072,63.8,1,1,risky first
1906,1054,142.1,1,1,risky first
1807,1234,205.4,1,1,risky first
1873,1414,191.7,1,1,risky first
2050,1594,252.4,1,1,risky first
2086,1774,183.6,1,1,risky first
2086,1954,180,1,1,risky first
1963,2134,218,1,1,risky first
1783,2233,205.4,1,1,risky first
1603,2413,254.6,1,1,risky first
1429,2593,250.4,1,1,risky first
1555,2734,189.1,1,1,risky first
1735,2818,198.6,1,1,risky first
1915,2845,182,1,1,risky first
2095,2692,236.2,1,1,risky first
2275,2551,228.7,1,1,risky first
2275,2371,180,1,1,risky first
2248,2191,182,1,1,risky first
2179,2011,192.8,1,1,risky first
2059,1831,216.3,1,1,risky first
2059,1651,180,1,1,risky first
2047,1471,180.4,1,1,risky first
1933,1291,213.1,1,1,risky first
1933,1111,180,1,1,risky first
1933,931,180,1,1,risky first
1960,751,182,1,1,risky first
2140,712,184.2,1,1,risky first
2320,886,250.4,1,1,risky first
2500,1066,254.6,1,1,risky first
2680,1171,208.4,1,1,risky first
2860,1282,211.5,1,1,risky first
3040,1396,213.1,1,1,risky first
3115,1576,195,1,1,risky first
3250,1756,225,1,1,risky first
3136,1936,213.1,1,1,risky first
3136,2116,180,1,1,risky first
3001,2296,225,1,1,risky first
3145,2476,230.5,1,1,risky first
3196,2656,187.1,1,1,risky first
3169,2836,182,1,1,risky first
3205,3016,183.6,1,1,risky first
3205,3196,180,1,1,risky first
3094,3280,139.2,1,1,risky first
2914,3175,208.4,1,1,risky first
2734,3175,180,1,1,risky first
2554,3130,185.5,1,1,risky first
2374,2950,254.6,1,1,risky first
2194,2770,254.6,1,1,risky first
2098,2590,204,1,1,risky first
2062,2410,183.6,1,1,risky first
2071,2230,180.2,1,1,risky first
1966,2050,208.4,1,1,risky first
2116,1870,234.3,1,1,risky first
2200,1690,198.6,1,1,risky first
2221,1540,151.5,1,1,risky first
2401,1537,180,1,1,risky first
2488,1357,199.9,1,1,risky first
2488,1177,180,1,1,risky first
2488,997,180,1,1,risky first
2356,817,223.2,1,1,risky first
2176,745,193.9,1,1,risky first
2131,742,45.1,1,1,risky first
1951,742,180,1,1,risky first
1771,847,208.4,1,1,risky first
1591,955,209.9,1,1,risky first
1411,955,180,1,1,risky first
1294,1063,159.2,1,1,risky first
1114,1243,254.6,1,1,risky first
1135,1411,169.3,1,1,risky first
1309,1525,208,1,1,risky first
1462,1399,198.2,1,1,risky first
1642,1264,225,1,1,risky first
1822,1369,208.4,1,1,risky first
2002,1549,254.6,1,1,risky first
2086,1729,198.6,1,1,risky first
2086,1909,180,1,1,risky first
2011,2041,151.8,1,1,risky first
1831,2041,180,1,1,risky first
1651,1921,216.3,1,1,risky first
1471,1741,254.6,1,1,risky first
1291,1561,254.6,1,1,risky first
1234,1489,91.8,1,1,risky first
1414,1669,254.6,1,1,risky first
1594,1849,254.6,1,1,risky first
1774,2029,254.6,1,1,risky first
1954,2056,182,1,1,risky first
1891,2005,81.1,1,1,risky first
1711,1825,254.6,1,1,risky first
1531,1708,214.7,1,1,risky first
1351,1597,211.5,1,1,risky first
1171,1489,209.9,1,1,risky first
1126,1639,156.6,1,1,risky first
1189,1819,190.7,1,1,risky first
1261,1999,193.9,1,1,risky first
1441,2179,254.6,1,1,risky first
1621,2047,223.2,1,1,risky first
1801,2035,180.4,1,1,risky first
1981,2035,180,1,1,risky first
1990,1990,45.9,1,1,risky first
1885,2098,150.6,1,1,risky first
1705,2149,187.1,1,1,risky first
1525,2095,187.9,1,1,risky first
1345,2005,201.2,1,1,risky first
1237,1825,209.9,1,1,risky first
1084,1789,157.2,1,1,risky first
943,1609,228.7,1,1,risky first
1057,1429,213.1,1,1,risky first
1237,1312,214.7,1,1,risky first
1417,1297,180.6,1,1,risky first
1597,1309,180.4,1,1,risky first
1777,1489,254.6,1,1,risky first
1933,1669,238.2,1,1,risky first
1972,1849,184.2,1,1,risky first
2044,2029,193.9,1,1,risky first
1864,1984,185.5,1,1,risky first
1684,1867,214.7,1,1,risky first
1504,1765,206.9,1,1,risky first
1324,1651,213.1,1,1,risky first
1144,1471,254.6,1,1,risky first
1324,1609,226.8,1,1,risky first
1504,1789,254.6,1,1,risky first
1684,1882,202.6,1,1,risky first
1864,2002,216.3,1,1,risky first
1981,2089,145.8,1,1,risky first
1801,1924,244.2,1,1,risky first
1621,1762,242.2,1,1,risky first
1441,1654,209.9,1,1,risky first
1261,1546,209.9,1,1,risky first
1114,1600,156.6,1,1,risky first
1147,1780,183,1,1,risky first
1327,1960,254.6,1,1,risky first
1273,2140,187.9,1,1,risky first
1093,2119,181.2,1,1,risky first
985,1939,209.9,1,1,risky first
985,1759,180,1,1,risky first
1057,1579,193.9,1,1,risky first
1153,1411,193.5,1,1,risky first
1159,1447,36.5,1,1,risky first
1321,1627,242.2,1,1,risky first
1492,1807,248.3,1,1,risky first
1492,1987,180,1,1,risky first
1672,2023,183.6,1,1,risky first
1660,1987,37.9,1,1,risky first
1489,2113,212.4,1,1,risky first
1534,2293,185.5,1,1,risky first
1714,2416,218,1,1,risky first
1894,2416,180,1,1,risky first
2074,2416,180,1,1,risky first
2188,2275,181.3,1,1,risky first
2059,2095,221.5,1,1,risky first
1879,1915,254.6,1,1,risky first
1699,1795,216.3,1,1,risky first
1519,1615,254.6,1,1,risky first
1339,1537,196.2,1,1,risky first
1159,1447,201.2,1,1,risky first
1147,1627,180.4,1,1,risky first
1228,1807,197.4,1,1,risky first
1309,1987,197.4,1,1,risky first
1465,2167,238.2,1,1,risky first
1645,2209,184.8,1,1,risky first
1804,2209,159,1,1,risky first
1984,2128,197.4,1,1,risky first
1924,1948,189.7,1,1,risky first
1744,1852,204,1,1,risky first
1564,1927,195,1,1,risky first
1384,1777,234.3,1,1,risky first
1252,1597,223.2,1,1,risky first
1120,1459,191,1,1,risky first
940,1639,254.6,1,1,risky first
886,1750,123.4,1,1,risky first
1033,1930,232.4,1,1,risky first
1213,2050,216.3,1,1,risky first
1393,2050,180,1,1,risky first
1573,2050,180,1,1,risky first
1753,2050,180,1,1,risky first
1933,2026,181.6,1,1,risky first
2050,1942,144,1,1,risky first
1882,1801,219.3,1,1,risky first
1702,1669,223.2,1,1,risky first
1522,1588,197.4,1,1,risky first
1420,1630,110.3,1,1,risky first
1240,1630,180,1,1,risky first
1132,1795,197.2,1,1,risky first
1273,1975,228.7,1,1,risky first
1453,1939,183.6,1,1,risky first
1573,1876,135.5,1,1,risky first
1573,1888,12,1,1,risky first
1465,2017,168.2,1,1,risky first
1285,2023,180.1,1,1,risky first
1105,1897,219.7,1,1,risky first
1123,1717,180.9,1,1,risky first
1168,1537,185.5,1,1,risky first
1273,1429,150.6,1,1,risky first
1453,1609,254.6,1,1,risky first
1633,1789,254.6,1,1,risky first
1813,1924,225,1,1,risky first
1993,2014,201.2,1,1,risky first
1888,1924,138.3,1,1,risky first
1966,1810,138.1,1,1,risky first
1966,1672,138,1,1,risky first
1924,1492,184.8,1,1,risky first
1744,1474,180.9,1,1,risky first
1564,1474,180,1,1,risky first
1384,1474,180,1,1,risky first
1204,1447,182,1,1,risky first
1153,1606,167,1,1,risky first
1243,1786,201.2,1,1,risky first
1423,1906,216.3,1,1,risky first
1603,1867,184.2,1,1,risky first
1783,1867,180,1,1,risky first
2209,2233,168.4,1,0,risky first
2233,2302,73.1,1,0,risky first
2206,2371,74.1,1,0,risky first
2140,2551,191.7,1,0,risky first
1960,2731,254.6,1,0,risky first
1780,2854,218,1,0,risky first
1600,2848,180.1,1,0,risky first
1447,2668,236.2,1,0,risky first
1315,2488,223.2,1,0,risky first
1453,2308,226.8,1,0,risky first
1495,2128,184.8,1,0,risky first
1561,1948,191.7,1,0,risky first
1621,1768,189.7,1,0,risky first
1765,1588,230.5,1,0,risky first
1915,1408,234.3,1,0,risky first
1990,1228,195,1,0,risky first
1990,1279,51,1,0,risky first
2056,1459,191.7,1,0,risky first
2056,1639,180,1,0,risky first
2116,1819,189.7,1,0,risky first
2059,1999,188.8,1,0,risky first
2059,1912,87,1,0,risky first
2059,1732,180,1,0,risky first
1963,1552,204,1,0,risky first
2026,1372,190.7,1,0,risky first
2083,1192,188.8,1,0,risky first
2101,1207,23.4,1,0,risky first
2071,1387,182.5,1,0,risky first
2062,1567,180.2,1,0,risky first
2095,1747,183,1,0,risky first
2095,1927,180,1,0,risky first
2095,1978,51,1,0,risky first
2128,1798,183,1,0,risky first
2152,1618,181.6,1,0,risky first
2152,1438,180,1,0,risky first
2152,1258,180,1,0,risky first
2140,1078,180.4,1,0,risky first
2020,1150,139.9,1,0,risky first
2056,1057,99.7,1,0,risky first
2143,1171,143.4,1,0,risky first
2143,1351,180,1,0,risky first
2101,1531,184.8,1,0,risky first
2110,1711,180.2,1,0,risky first
2077,1891,183,1,0,risky first
2077,1993,102,1,0,risky first
2158,1813,197.4,1,0,risky first
2158,1633,180,1,0,risky first
2158,1453,180,1,0,risky first
2158,1273,180,1,0,risky first
2158,1093,180,1,0,risky first
2128,1069,38.4,1,0,risky first
2260,1237,213.7,1,0,risky first
2440,1294,188.8,1,0,risky first
2620,1180,213.1,1,0,risky first
2800,1285,208.4,1,0,risky first
2887,1441,178.6,1,0,risky first
2707,1441,180,1,0,risky first
2527,1441,180,1,0,risky first
2347,1465,181.6,1,0,risky first
2167,1552,199.9,1,0,risky first
2086,1732,197.4,1,0,risky first
2086,1912,180,1,0,risky first
2167,2053,162.6,1,0,risky first
2347,2053,180,1,0,risky first
2527,1888,244.2,1,0,risky first
2707,1843,185.5,1,0,risky first
2887,1663,254.6,1,0,risky first
2917,1483,182.5,1,0,risky first
2749,1567,187.8,1,0,risky first
2569,1747,254.6,1,0,risky first
2389,1927,254.6,1,0,risky first
2209,1999,193.9,1,0,risky first
2134,2038,84.5,1,0,risky first
2314,1870,246.2,1,0,risky first
2494,1690,254.6,1,0,risky first
2674,1573,214.7,1,0,risky first
2854,1462,211.5,1,0,risky first
2899,1432,54.1,1,0,risky first
2719,1606,250.4,1,0,risky first
2539,1765,240.2,1,0,risky first
2359,1927,242.2,1,0,risky first
2179,2011,198.6,1,0,risky first
2167,2005,13.4,1,0,risky first
2347,1825,254.6,1,0,risky first
2527,1705,216.3,1,0,risky first
2707,1531,250.4,1,0,risky first
2887,1423,209.9,1,0,risky first
2776,1528,152.8,1,0,risky first
2596,1708,254.6,1,0,risky first
2416,1888,254.6,1,0,risky first
2236,1993,208.4,1,0,risky first
2194,2068,86,1,0,risky first
2374,1903,244.2,1,0,risky first
2554,1723,254.6,1,0,risky first
2734,1603,216.3,1,0,risky first
2914,1441,242.2,1,0,risky first
2761,1588,212.2,1,0,risky first
2581,1756,246.2,1,0,risky first
2401,1879,218,1,0,risky first
2221,1918,184.2,1,0,risky first
2140,2044,149.8,1,0,risky first
2320,1867,252.4,1,0,risky first
2500,1687,254.6,1,0,risky first
2680,1507,254.6,1,0,risky first
2860,1462,185.5,1,0,risky first
2821,1528,76.7,1,0,risky first
2641,1627,205.4,1,0,risky first
2461,1807,254.6,1,0,risky first
2281,1909,206.9,1,0,risky first
2101,1996,199.9,1,0,risky first
2137,1906,96.9,1,0,risky first
2137,1726,180,1,0,risky first
2137,1546,180,1,0,risky first
2227,1579,95.9,1,0,risky first
2407,1579,180,1,0,risky first
2587,1579,180,1,0,risky first
2767,1624,185.5,1,0,risky first
2920,1462,222.8,1,0,risky first
2740,1612,234.3,1,0,risky first
2560,1792,254.6,1,0,risky first
2380,1966,250.4,1,0,risky first
2200,1966,180,1,0,risky first
2170,2032,72.5,1,0,risky first
2350,1852,254.6,1,0,risky first
2530,1672,254.6,1,0,risky first
2710,1555,214.7,1,0,risky first
2890,1444,211.5,1,0,risky first
2758,1546,166.8,1,0,risky first
2578,1726,254.6,1,0,risky first
2398,1906,254.6,1,0,risky first
2218,1990,198.6,1,0,risky first
2179,2020,49.2,1,0,risky first
2359,1840,254.6,1,0,risky first
2539,1702,226.8,1,0,risky first
2719,1585,214.7,1,0,risky first
2899,1459,219.7,1,0,risky first
2776,1552,154.2,1,0,risky first
2596,1669,214.7,1,0,risky first
2416,1849,254.6,1,0,risky first
2236,1933,198.6,1,0,risky first
2128,1999,126.6,1,0,risky first
2308,1849,234.3,1,0,risky first
2488,1732,214.7,1,0,risky first
2668,1621,211.5,1,0,risky first
2848,1525,204,1,0,risky first
2833,1501,28.3,1,0,risky first
2653,1609,209.9,1,0,risky first
2473,1789,254.6,1,0,risky first
2293,1894,208.4,1,0,risky first
2113,2044,234.3,1,0,risky first
2272,1921,201,1,0,risky first
2452,1780,228.7,1,0,risky first
2632,1630,234.3,1,0,risky first
2812,1510,216.3,1,0,risky first
2869,1432,96.6,1,0,risky first
2911,1471,57.3,1,0,risky first
3007,1618,175.6,1,0,risky first
3073,1798,191.7,1,0,risky first
3253,1804,180.1,1,0,risky first
3211,1954,155.8,1,0,risky first
3145,2134,191.7,1,0,risky first
2965,2248,213.1,1,0,risky first
2785,2368,216.3,1,0,risky first
2647,2548,226.8,1,0,risky first
2743,2728,204,1,0,risky first
2695,2908,186.3,1,0,risky first
2569,3031,176.1,1,0,risky first
2389,2890,228.7,1,0,risky first
2209,2710,254.6,1,0,risky first
2179,2530,182.5,1,0,risky first
2062,2350,214.7,1,0,risky first
2062,2449,99,1,0,risky first
2062,2629,180,1,0,risky first
2062,2809,180,1,0,risky first
2062,2989,180,1,0,risky first
2062,3169,180,1,0,risky first
2005,3349,188.8,1,0,risky first
1825,3361,180.4,1,0,risky first
1645,3202,240.2,1,0,risky first
1495,3022,234.3,1,0,risky first
1345,2842,234.3,1,0,risky first
1342,2662,180,1,0,risky first
1213,2482,221.5,1,0,risky first
1033,2302,254.6,1,0,risky first
919,2122,213.1,1,0,risky first
757,1942,242.2,1,0,risky first
874,1762,214.7,1,0,risky first
877,1582,180,1,0,risky first
805,1402,193.9,1,0,risky first
820,1222,180.6,1,0,risky first
787,1042,183,1,0,risky first
772,862,180.6,1,0,risky first
952,799,190.7,1,0,risky first
1132,937,226.8,1,0,risky first
1312,1063,219.7,1,0,risky first
1492,1222,240.2,1,0,risky first
1672,1402,254.6,1,0,risky first
1792,1312,150,1,0,risky first
1843,1189,133.2,1,0,risky first
1843,1075,114,1,0,risky first
1954,1108,115.8,1,0,risky first
1909,1090,48.5,1,0,risky first
1822,1132,96.6,1,0,risky first
1840,1312,180.9,1,0,risky first
1978,1492,226.8,1,0,risky first
1978,1672,180,1,0,risky first
1978,1852,180,1,0,risky first
2023,2020,173.9,1,0,risky first
1891,1870,199.8,1,0,risky first
1858,1690,183,1,0,risky first
1855,1510,180,1,0,risky first
1822,1330,183,1,0,risky first
1822,1150,180,1,0,risky first
1822,970,180,1,0,risky first
1822,790,180,1,0,risky first
1993,727,182.2,1,0,risky first
2047,898,179.3,1,0,risky first
1957,994,131.6,1,0,risky first
1966,1120,126.3,1,0,risky first
1921,1075,63.6,1,0,risky first
2032,955,163.5,1,0,risky first
2029,775,180,1,0,risky first
1849,733,184.8,1,0,risky first
1819,904,173.6,1,0,risky first
1819,1084,180,1,0,risky first
1819,1264,180,1,0,risky first
1909,1444,201.2,1,0,risky first
1939,1624,182.5,1,0,risky first
1939,1804,180,1,0,risky first
2080,1984,228.7,1,0,risky first
2119,1855,134.8,1,0,risky first
2056,1675,190.7,1,0,risky first
1957,1495,205.4,1,0,risky first
1828,1315,221.5,1,0,risky first
1828,1135,180,1,0,risky first
1828,955,180,1,0,risky first
1828,775,180,1,0,risky first
1996,721,176.5,1,0,risky first
2029,901,183,1,0,risky first
1918,1021,163.5,1,0,risky first
1930,1150,129.6,1,0,risky first
1939,973,177.2,1,0,risky first
2053,853,165.5,1,0,risky first
2140,865,87.8,1,0,risky first
2140,1045,180,1,0,risky first
2140,1225,180,1,0,risky first
2059,1405,197.4,1,0,risky first
1993,1585,191.7,1,0,risky first
1993,1765,180,1,0,risky first
2092,1927,189.9,1,0,risky first
2080,2032,105.7,1,0,risky first
2131,1852,187.1,1,0,risky first
2185,1672,187.9,1,0,risky first
2185,1492,180,1,0,risky first
2152,1312,183,1,0,risky first
2152,1132,180,1,0,risky first
2152,952,180,1,0,risky first
2113,772,184.2,1,0,risky first
2050,901,143.6,1,0,risky first
1951,994,135.8,1,0,risky first
1978,1129,137.7,1,0,risky first
1930,1057,86.5,1,0,risky first
2023,925,161.5,1,0,risky first
2077,772,162.2,1,0,risky first
2146,910,154.3,1,0,risky first
2146,1090,180,1,0,risky first
2146,1270,180,1,0,risky first
2071,1450,195,1,0,risky first
2041,1630,182.5,1,0,risky first
2059,1810,180.9,1,0,risky first
2059,1990,180,1,0,risky first
2230,1909,189.2,1,0,risky first
2410,1729,254.6,1,0,risky first
2590,1549,254.6,1,0,risky first
2770,1435,213.1,1,0,risky first
2947,1441,177.1,1,0,risky first
2770,1327,210.5,1,0,risky first
2590,1147,254.6,1,0,risky first
2410,1030,214.7,1,0,risky first
2230,952,196.2,1,0,risky first
2125,850,146.4,1,0,risky first
2056,886,77.8,1,0,risky first
1957,994,146.5,1,0,risky first
1984,1144,152.4,1,0,risky first
2068,1081,105,1,0,risky first
1966,1081,102,1,0,risky first
1903,1015,91.2,1,0,risky first
2020,901,163.4,1,0,risky first
2107,766,160.6,1,0,risky first
2173,916,163.9,1,0,risky first
2173,1096,180,1,0,risky first
2173,1276,180,1,0,risky first
2011,1456,242.2,1,0,risky first
2002,1636,180.2,1,0,risky first
2002,1816,180,1,0,risky first
2053,1996,187.1,1,0,risky first
2116,1900,114.8,1,0,risky first
2173,1720,188.8,1,0,risky first
2173,1540,180,1,0,risky first
2176,1825,180,2,1,risky first
2149,1645,182.0137357,2,1,risky first
2005,1465,230.5124725,2,1,risky first
2035,1285,182.4828759,2,1,risky first
1918,1123,199.8324298,2,1,risky first
1903,1012,112.0089282,2,1,risky first
1909,1012,6,2,1,risky first
1909,1012,0,2,1,risky first
1801,1030,109.4897255,2,1,risky first
1897,1132,140.0714104,2,1,risky first
2077,1132,180,2,1,risky first
2098,1309,178.2414093,2,1,risky first
2152,1489,187.9255172,2,1,risky first
2089,1669,190.7065809,2,1,risky first
2032,1849,188.8094277,2,1,risky first
1987,2029,185.5397532,2,1,risky first
2110,2134,161.7219837,2,1,risky first
2170,2311,186.8930175,2,1,risky first
2221,2329,54.08326913,2,1,risky first
2254,2329,33,2,1,risky first
2254,2329,0,2,1,risky first
2164,2329,90,2,1,risky first
2065,2182,177.2286659,2,1,risky first
1963,2002,206.8912758,2,1,risky first
1783,1822,254.5584412,2,1,risky first
1735,1723,110.0227249,2,1,risky first
1885,1624,179.7247896,2,1,risky first
1951,1624,66,2,1,risky first
1951,1624,0,2,1,risky first
1951,1498,126,2,1,risky first
1951,1318,180,2,1,risky first
2071,1201,167.5977327,2,1,risky first
2164,1099,138.0326048,2,1,risky first
2302,1099,138,2,1,risky first
2311,1099,9,2,1,risky first
2362,1099,51,2,1,risky first
2362,1054,45,2,1,risky first
2332,1054,30,2,1,risky first
2392,1054,60,2,1,risky first
2572,1054,180,2,1,risky first
2752,1054,180,2,1,risky first
2908,1159,188.0452073,2,1,risky first
2908,1339,180,2,1,risky first
2908,1519,180,2,1,risky first
2908,1570,51,2,1,risky first
2845,1639,93.43446901,2,1,risky first
2737,1759,161.4434886,2,1,risky first
2560,1756,177.0254219,2,1,risky first
2485,1867,133.9626814,2,1,risky first
2305,1873,180.0999722,2,1,risky first
2278,2047,176.0823671,2,1,risky first
2239,1900,152.0855023,2,1,risky first
2059,1900,180,2,1,risky first
1879,1942,184.8350616,2,1,risky first
1858,2122,181.2208597,2,1,risky first
1792,2302,191.7185437,2,1,risky first
1666,2467,207.6078033,2,1,risky first
1609,2383,101.5135459,2,1,risky first
1609,2299,84,2,1,risky first
1609,2299,0,2,1,risky first
1609,2299,0,2,1,risky first
1645,2230,77.82673063,2,1,risky first
1558,2260,92.0271699,2,1,risky first
1600,2329,80.77747211,2,1,risky first
1600,2329,0,2,1,risky first
1600,2329,0,2,1,risky first
1600,2329,0,2,1,risky first
1681,2443,139.8463442,2,1,risky first
1756,2572,149.2179614,2,1,risky first
1756,2752,180,2,1,risky first
1756,2836,84,2,1,risky first
1756,2821,15,2,1,risky first
1888,2857,136.821051,2,1,risky first
2068,2839,180.8977612,2,1,risky first
2128,2686,164.3441511,2,1,risky first
2128,2644,42,2,1,risky first
2128,2548,96,2,1,risky first
2236,2443,150.6286825,2,1,risky first
2332,2329,149.0369082,2,1,risky first
2263,2275,87.6184912,2,1,risky first
2263,2275,0,2,1,risky first
2263,2275,0,2,1,risky first
2263,2179,96,2,1,risky first
2263,1999,180,2,1,risky first
2263,1819,180,2,1,risky first
2188,1639,195,2,1,risky first
2095,1459,202.6055281,2,1,risky first
1915,1279,254.5584412,2,1,risky first
2002,1195,120.9338662,2,1,risky first
2146,1177,145.1206395,2,1,risky first
2236,1069,140.5844942,2,1,risky first
2278,1129,73.23933369,2,1,risky first
2302,1132,24.18677324,2,1,risky first
2302,1132,0,2,1,risky first
2338,1132,36,2,1,risky first
2242,1132,96,2,1,risky first
2137,1153,107.0794098,2,1,risky first
2137,1219,66,2,1,risky first
2230,1288,115.8015544,2,1,risky first
2131,1468,205.4288198,2,1,risky first
1993,1648,226.8126981,2,1,risky first
1954,1675,47.4341649,2,1,risky first
1894,1828,164.3441511,2,1,risky first
1831,1957,143.5618334,2,1,risky first
1831,1942,15,2,1,risky first
1831,1774,168,2,1,risky first
1831,1594,180,2,1,risky first
1867,1414,183.5647025,2,1,risky first
1903,1234,183.5647025,2,1,risky first
2017,1096,178.9972067,2,1,risky first
2128,1180,139.2012931,2,1,risky first
2230,1297,155.2191998,2,1,risky first
2170,1477,189.7366596,2,1,risky first
1993,1657,252.4460338,2,1,risky first
1894,1663,99.18165153,2,1,risky first
1714,1663,180,2,1,risky first
1579,1753,162.2498074,2,1,risky first
1579,1867,114,2,1,risky first
1633,2032,173.6116356,2,1,risky first
1813,2032,180,2,1,risky first
1993,2065,183,2,1,risky first
2110,2047,118.3765179,2,1,risky first
2110,1867,180,2,1,risky first
2110,1687,180,2,1,risky first
2152,1552,141.38246,2,1,risky first
2026,1729,217.2671167,2,1,risky first
1903,1699,126.6056871,2,1,risky first
1930,1660,47.4341649,2,1,risky first
1930,1660,0,2,1,risky first
1930,1516,144,2,1,risky first
1930,1336,180,2,1,risky first
1930,1156,180,2,1,risky first
2011,1012,165.2180378,2,1,risky first
2032,1030,27.65863337,2,1,risky first
2167,943,160.6051058,2,1,risky first
2281,994,124.8879498,2,1,risky first
2281,1009,15,2,1,risky first
2113,1048,172.4673882,2,1,risky first
2044,1153,125.6423495,2,1,risky first
2014,1072,86.37708029,2,1,risky first
1861,1072,153,2,1,risky first
1681,1252,254.5584412,2,1,risky first
1624,1432,188.8094277,2,1,risky first
1504,1525,151.8189711,2,1,risky first
1324,1525,180,2,1,risky first
1144,1525,180,2,1,risky first
964,1525,180,2,1,risky first
871,1525,93,2,1,risky first
871,1525,0,2,1,risky first
871,1630,105,2,1,risky first
889,1723,94.72592042,2,1,risky first
994,1723,105,2,1,risky first
1174,1723,180,2,1,risky first
1354,1723,180,2,1,risky first
1384,1855,135.3661701,2,1,risky first
1204,2035,254.5584412,2,1,risky first
1024,1969,191.7185437,2,1,risky first
844,1789,254.5584412,2,1,risky first
748,1834,106.0235823,2,1,risky first
928,1834,180,2,1,risky first
1108,1834,180,2,1,risky first
1288,1834,180,2,1,risky first
1468,1834,180,2,1,risky first
1597,1756,150.7481343,2,1,risky first
1669,1576,193.8659331,2,1,risky first
1849,1396,254.5584412,2,1,risky first
1765,1372,87.36131867,2,1,risky first
1837,1552,193.8659331,2,1,risky first
1837,1732,180,2,1,risky first
1837,1912,180,2,1,risky first
1888,2092,187.0855419,2,1,risky first
2023,2107,135.8307771,2,1,risky first
2029,1975,132.1362933,2,1,risky first
2029,1795,180,2,1,risky first
2029,1615,180,2,1,risky first
1963,1435,191.7185437,2,1,risky first
1909,1255,187.9255172,2,1,risky first
1921,1075,180.3995565,2,1,risky first
1990,1039,77.82673063,2,1,risky first
2059,1165,143.6558387,2,1,risky first
2014,1186,49.65883607,2,1,risky first
1981,1021,168.2676439,2,1,risky first
1801,1069,186.2900964,2,1,risky first
1621,1249,254.5584412,2,1,risky first
1477,1429,230.5124725,2,1,risky first
1297,1456,182.0137357,2,1,risky first
1117,1504,186.2900964,2,1,risky first
937,1504,180,2,1,risky first
859,1504,78,2,1,risky first
844,1522,23.43074903,2,1,risky first
844,1582,60,2,1,risky first
844,1690,108,2,1,risky first
913,1870,192.7718859,2,1,risky first
1093,2050,254.5584412,2,1,risky first
1273,2230,254.5584412,2,1,risky first
1453,2320,201.246118,2,1,risky first
1528,2239,110.390217,2,1,risky first
1612,2059,198.6353443,2,1,risky first
1792,1879,254.5584412,2,1,risky first
1882,1933,104.9571341,2,1,risky first
1966,2035,132.1362933,2,1,risky first
1963,2128,93.04837452,2,1,risky first
1783,2128,180,2,1,risky first
1603,2083,185.5397532,2,1,risky first
1444,1915,231.3114783,2,1,risky first
1576,1849,147.5804865,2,1,risky first
1576,1873,24,2,1,risky first
1576,1873,0,2,1,risky first
1576,1723,150,2,1,risky first
1576,1543,180,2,1,risky first
1672,1363,204,2,1,risky first
1852,1183,254.5584412,2,1,risky first
1873,1003,181.2208597,2,1,risky first
1879,823,180.0999722,2,1,risky first
2047,649,241.8677324,2,1,risky first
2089,769,127.1377206,2,1,risky first
2173,790,86.58521814,2,1,risky first
2158,970,180.6239187,2,1,risky first
2080,994,81.60882305,2,1,risky first
2029,1141,155.5956298,2,1,risky first
2029,1147,6,2,1,risky first
2074,1147,45,2,1,risky first
2113,1075,81.88406438,2,1,risky first
2017,967,144.4991349,2,1,risky first
2038,886,83.67795409,2,1,risky first
2137,988,142.1442929,2,1,risky first
2179,877,118.6802427,2,1,risky first
2098,745,154.870914,2,1,risky first
1918,745,180,2,1,risky first
1738,856,211.4734026,2,1,risky first
1558,988,223.2129029,2,1,risky first
1378,988,180,2,1,risky first
1198,988,180,2,1,risky first
1084,988,114,2,1,risky first
1084,1096,108,2,1,risky first
1054,1012,89.19641248,2,1,risky first
1054,937,75,2,1,risky first
1054,937,0,2,1,risky first
1024,937,30,2,1,risky first
1024,937,0,2,1,risky first
1024,931,6,2,1,risky first
955,865,95.48298278,2,1,risky first
850,1021,188.0452073,2,1,risky first
850,1201,180,2,1,risky first
850,1381,180,2,1,risky first
850,1534,153,2,1,risky first
904,1534,54,2,1,risky first
997,1597,112.3298714,2,1,risky first
1156,1642,165.2452722,2,1,risky first
1279,1738,156.0288435,2,1,risky first
1285,1918,180.0999722,2,1,risky first
1447,2038,201.6035714,2,1,risky first
1537,1972,111.6064514,2,1,risky first
1681,2074,176.465294,2,1,risky first
1759,2254,196.1733927,2,1,risky first
1804,2284,54.08326913,2,1,risky first
1909,2104,208.3866598,2,1,risky first
1981,2032,101.8233765,2,1,risky first
1990,1852,180.2248596,2,1,risky first
1990,1711,141,2,1,risky first
1990,1558,153,2,1,risky first
2002,1378,180.3995565,2,1,risky first
1831,1300,187.9494613,2,1,risky first
1705,1183,171.9447586,2,1,risky first
1561,1102,165.2180378,2,1,risky first
1381,1042,189.7366596,2,1,risky first
1201,949,202.6055281,2,1,risky first
1081,949,120,2,1,risky first
1060,949,21,2,1,risky first
967,1069,151.8189711,2,1,risky first
934,1051,37.58989226,2,1,risky first
901,949,107.2054103,2,1,risky first
892,922,28.46049894,2,1,risky first
892,922,0,2,1,risky first
892,922,0,2,1,risky first
892,922,0,2,1,risky first
892,973,51,2,1,risky first
892,1063,90,2,1,risky first
835,943,132.849539,2,1,risky first
835,964,21,2,1,risky first
838,1144,180.0249983,2,1,risky first
2206,2098,44.598,2,0,risky first
2134,2215,137.3790377,2,0,risky first
1957,2242,179.0474797,2,0,risky first
1777,2242,180,2,0,risky first
1597,2242,180,2,0,risky first
1489,2311,128.1600562,2,0,risky first
1489,2491,180,2,0,risky first
1489,2671,180,2,0,risky first
1603,2761,145.2446212,2,0,risky first
1636,2923,165.3269488,2,0,risky first
1816,2923,180,2,0,risky first
1996,2923,180,2,0,risky first
2176,2923,180,2,0,risky first
2206,2767,158.8584275,2,0,risky first
2293,2659,138.683092,2,0,risky first
2293,2479,180,2,0,risky first
2383,2371,140.5844942,2,0,risky first
2419,2206,168.8816153,2,0,risky first
2599,2206,180,2,0,risky first
2779,2206,180,2,0,risky first
2839,2341,147.732867,2,0,risky first
2839,2521,180,2,0,risky first
2839,2701,180,2,0,risky first
2821,2755,56.92099788,2,0,risky first
2821,2935,180,2,0,risky first
2830,3115,180.2248596,2,0,risky first
3010,3121,180.0999722,2,0,risky first
3190,3121,180,2,0,risky first
3214,3292,172.6759972,2,0,risky first
3133,3400,135,2,0,risky first
2953,3400,180,2,0,risky first
2842,3436,116.691902,2,0,risky first
2692,3391,156.6045976,2,0,risky first
2512,3391,180,2,0,risky first
2332,3391,180,2,0,risky first
2152,3391,180,2,0,risky first
1972,3322,192.7718859,2,0,risky first
1792,3202,216.3330765,2,0,risky first
1612,3133,192.7718859,2,0,risky first
1432,3100,183,2,0,risky first
1252,3148,186.2900964,2,0,risky first
1072,3220,193.8659331,2,0,risky first
892,3220,180,2,0,risky first
712,3220,180,2,0,risky first
571,3070,205.8664616,2,0,risky first
571,2890,180,2,0,risky first
571,2710,180,2,0,risky first
631,2566,156,2,0,risky first
721,2461,138.2931669,2,0,risky first
721,2281,180,2,0,risky first
721,2101,180,2,0,risky first
721,1921,180,2,0,risky first
721,1741,180,2,0,risky first
721,1561,180,2,0,risky first
721,1381,180,2,0,risky first
721,1201,180,2,0,risky first
721,1021,180,2,0,risky first
769,871,157.492857,2,0,risky first
949,829,184.8350616,2,0,risky first
1021,682,163.6856744,2,0,risky first
1201,682,180,2,0,risky first
1381,682,180,2,0,risky first
1561,682,180,2,0,risky first
1741,682,180,2,0,risky first
1921,682,180,2,0,risky first
2101,682,180,2,0,risky first
2281,682,180,2,0,risky first
2461,682,180,2,0,risky first
2641,682,180,2,0,risky first
2821,706,181.5929514,2,0,risky first
2905,820,141.6050847,2,0,risky first
3085,820,180,2,0,risky first
3265,820,180,2,0,risky first
3283,994,174.9285568,2,0,risky first
3283,1174,180,2,0,risky first
3133,1243,165.1090549,2,0,risky first
3076,1387,154.870914,2,0,risky first
2992,1468,116.691902,2,0,risky first
2863,1468,129,2,0,risky first
2803,1318,161.5549442,2,0,risky first
2623,1249,192.7718859,2,0,risky first
2443,1123,219.7180011,2,0,risky first
2263,943,254.5584412,2,0,risky first
2083,886,188.8094277,2,0,risky first
1903,736,234.3074903,2,0,risky first
1723,916,254.5584412,2,0,risky first
1735,1003,87.82368701,2,0,risky first
1777,1150,152.8823077,2,0,risky first
1648,1291,191.1072997,2,0,risky first
1468,1291,180,2,0,risky first
1288,1291,180,2,0,risky first
1108,1291,180,2,0,risky first
928,1291,180,2,0,risky first
748,1291,180,2,0,risky first
778,1288,30.14962686,2,0,risky first
859,1408,144.7791421,2,0,risky first
1039,1408,180,2,0,risky first
1153,1495,143.4050208,2,0,risky first
1225,1615,139.9428455,2,0,risky first
1405,1615,180,2,0,risky first
1435,1786,173.6116356,2,0,risky first
1480,1939,159.4804063,2,0,risky first
1660,1939,180,2,0,risky first
1840,1939,180,2,0,risky first
1921,2053,139.8463442,2,0,risky first
2065,2116,157.1782428,2,0,risky first
2194,2113,129.034879,2,0,risky first
2206,1933,180.3995565,2,0,risky first
2206,1753,180,2,0,risky first
2206,1573,180,2,0,risky first
2284,1435,158.5181378,2,0,risky first
2140,1369,158.4045454,2,0,risky first
2062,1237,153.3231881,2,0,risky first
1981,1201,88.63972022,2,0,risky first
1981,1381,180,2,0,risky first
1981,1561,180,2,0,risky first
1981,1741,180,2,0,risky first
1942,1921,184.1765457,2,0,risky first
1930,2101,180.3995565,2,0,risky first
1948,2179,80.04998438,2,0,risky first
1981,1999,183,2,0,risky first
2161,1819,254.5584412,2,0,risky first
2197,1639,183.5647025,2,0,risky first
2209,1459,180.3995565,2,0,risky first
2170,1279,184.1765457,2,0,risky first
2044,1174,164.0152432,2,0,risky first
2089,1354,185.5397532,2,0,risky first
2218,1534,221.4520264,2,0,risky first
2335,1714,214.683488,2,0,risky first
2275,1894,189.7366596,2,0,risky first
2200,2074,195,2,0,risky first
2095,2176,146.3864748,2,0,risky first
2155,2071,120.9338662,2,0,risky first
2263,1948,163.6856744,2,0,risky first
2443,1936,180.3995565,2,0,risky first
2458,1756,180.6239187,2,0,risky first
2458,1576,180,2,0,risky first
2458,1396,180,2,0,risky first
2470,1216,180.3995565,2,0,risky first
2530,1210,60.29925373,2,0,risky first
2350,1210,180,2,0,risky first
2302,1153,74.51845409,2,0,risky first
2482,1153,180,2,0,risky first
2662,1153,180,2,0,risky first
2842,1153,180,2,0,risky first
2923,1252,127.9140336,2,0,risky first
2923,1432,180,2,0,risky first
2767,1495,168.2408987,2,0,risky first
2587,1498,180.0249983,2,0,risky first
2407,1498,180,2,0,risky first
2227,1498,180,2,0,risky first
2047,1498,180,2,0,risky first
1867,1498,180,2,0,risky first
1687,1498,180,2,0,risky first
1756,1621,141.0319113,2,0,risky first
1894,1708,163.1349135,2,0,risky first
2074,1708,180,2,0,risky first
2254,1708,180,2,0,risky first
2434,1708,180,2,0,risky first
2614,1708,180,2,0,risky first
2794,1690,180.8977612,2,0,risky first
2644,1663,152.4106296,2,0,risky first
2464,1483,254.5584412,2,0,risky first
2326,1489,138.1303732,2,0,risky first
2152,1429,184.0543398,2,0,risky first
2074,1552,145.6468331,2,0,risky first
2074,1732,180,2,0,risky first
2050,1912,181.5929514,2,0,risky first
2050,2008,96,2,0,risky first
2050,1828,180,2,0,risky first
2050,1648,180,2,0,risky first
2050,1468,180,2,0,risky first
1996,1288,187.9255172,2,0,risky first
1996,1168,120,2,0,risky first
1996,1348,180,2,0,risky first
1996,1528,180,2,0,risky first
1996,1708,180,2,0,risky first
1996,1888,180,2,0,risky first
1996,2017,129,2,0,risky first
2017,1837,181.2208597,2,0,risky first
2047,1657,182.4828759,2,0,risky first
2047,1477,180,2,0,risky first
2029,1297,180.8977612,2,0,risky first
2029,1330,33,2,0,risky first
2029,1510,180,2,0,risky first
2029,1690,180,2,0,risky first
2029,1870,180,2,0,risky first
2029,1954,84,2,0,risky first
2029,1774,180,2,0,risky first
2029,1594,180,2,0,risky first
2029,1414,180,2,0,risky first
2029,1276,138,2,0,risky first
2029,1267,9,2,0,risky first
2029,1447,180,2,0,risky first
2029,1627,180,2,0,risky first
2029,1807,180,2,0,risky first
2029,1987,180,2,0,risky first
2029,1825,162,2,0,risky first
2029,1645,180,2,0,risky first
2029,1465,180,2,0,risky first
2029,1285,180,2,0,risky first
2029,1282,3,2,0,risky first
2029,1462,180,2,0,risky first
2029,1642,180,2,0,risky first
2029,1822,180,2,0,risky first
2029,2002,180,2,0,risky first
2029,1846,156,2,0,risky first
2029,1666,180,2,0,risky first
2029,1486,180,2,0,risky first
2029,1306,180,2,0,risky first
2029,1300,6,2,0,risky first
2029,1480,180,2,0,risky first
2029,1660,180,2,0,risky first
2029,1840,180,2,0,risky first
2029,1942,102,2,0,risky first
2029,1762,180,2,0,risky first
2029,1582,180,2,0,risky first
2029,1402,180,2,0,risky first
2029,1222,180,2,0,risky first
2029,1375,153,2,0,risky first
2029,1555,180,2,0,risky first
2029,1735,180,2,0,risky first
2029,1915,180,2,0,risky first
2029,1903,12,2,0,risky first
2029,1723,180,2,0,risky first
2029,1543,180,2,0,risky first
2029,1363,180,2,0,risky first
2029,1255,108,2,0,risky first
2029,1435,180,2,0,risky first
2029,1615,180,2,0,risky first
2029,1795,180,2,0,risky first
2029,1975,180,2,0,risky first
2029,1903,72,2,0,risky first
2086,1723,188.8094277,2,0,risky first
2086,1543,180,2,0,risky first
2050,1402,145.523194,2,0,risky first
2017,1255,150.6585544,2,0,risky first
2017,1327,72,2,0,risky first
2017,1507,180,2,0,risky first
2017,1687,180,2,0,risky first
2017,1867,180,2,0,risky first
2017,2029,162,2,0,risky first
2017,1852,177,2,0,risky first
2017,1672,180,2,0,risky first
2017,1492,180,2,0,risky first
2017,1312,180,2,0,risky first
2017,1312,0,2,0,risky first
2017,1252,60,2,0,risky first
2017,1183,69,2,0,risky first
2050,1183,33,2,0,risky first
2116,1306,139.5886815,2,0,risky first
2251,1390,159,2,0,risky first
2317,1555,177.7104386,2,0,risky first
2497,1555,180,2,0,risky first
2665,1570,168.6683136,2,0,risky first
2704,1459,117.6520293,2,0,risky first
2764,1324,147.732867,2,0,risky first
2896,1387,146.2634609,2,0,risky first
2845,1432,68.01470429,2,0,risky first
2845,1450,18,2,0,risky first
2845,1333,117,2,0,risky first
2758,1291,96.60745313,2,0,risky first
2578,1291,180,2,0,risky first
2398,1417,219.7180011,2,0,risky first
2218,1462,185.5397532,2,0,risky first
2110,1642,209.9142682,2,0,risky first
2110,1822,180,2,0,risky first
2122,1990,168.4280262,2,0,risky first
2302,1990,180,2,0,risky first
2359,1843,157.6642001,2,0,risky first
2374,1669,174.6453549,2,0,risky first
2506,1594,151.8189711,2,0,risky first
2686,1585,180.2248596,2,0,risky first
2689,1405,180.0249983,2,0,risky first
2788,1327,126.0357092,2,0,risky first
2842,1324,54.08326913,2,0,risky first
2887,1429,114.2365966,2,0,risky first
2926,1387,57.31491952,2,0,risky first
2845,1330,99.04544412,2,0,risky first
2740,1273,119.4738465,2,0,risky first
2560,1273,180,2,0,risky first
2476,1384,139.2012931,2,0,risky first
2347,1447,143.5618334,2,0,risky first
2269,1567,143.1223253,2,0,risky first
2269,1747,180,2,0,risky first
2269,1927,180,2,0,risky first
2137,1987,144.9965517,2,0,risky first
2221,1987,84,2,0,risky first
2401,1987,180,2,0,risky first
2581,1987,180,2,0,risky first
2662,1882,132.6122166,2,0,risky first
2803,1786,170.5784277,2,0,risky first
2704,1705,127.9140336,2,0,risky first
2704,1525,180,2,0,risky first
2704,1345,180,2,0,risky first
2722,1165,180.8977612,2,0,risky first
2668,1015,159.4239631,2,0,risky first
2848,1000,180.6239187,2,0,risky first
2962,1087,143.4050208,2,0,risky first
2137,1792,184.17,3,0,safe first
2083,1612,187.9255172,3,0,safe first
2038,1432,185.5397532,3,0,safe first
2011,1252,182.0137357,3,0,safe first
1969,1345,102.0441081,3,0,safe first
1969,1525,180,3,0,safe first
1969,1705,180,3,0,safe first
2035,1885,191.7185437,3,0,safe first
2089,2056,179.3237296,3,0,safe first
1987,1888,196.5400722,3,0,safe first
1987,1708,180,3,0,safe first
1987,1528,180,3,0,safe first
2107,1348,216.3330765,3,0,safe first
2074,1177,174.1551033,3,0,safe first
1894,1216,184.1765457,3,0,safe first
1891,1360,144.0312466,3,0,safe first
2041,1540,234.3074903,3,0,safe first
2041,1720,180,3,0,safe first
2062,1900,181.2208597,3,0,safe first
2062,2023,123,3,0,safe first
2032,1843,182.4828759,3,0,safe first
1972,1663,189.7366596,3,0,safe first
1930,1483,184.8350616,3,0,safe first
1822,1303,209.9142682,3,0,safe first
1822,1123,180,3,0,safe first
1936,1066,127.4558747,3,0,safe first
1921,1078,19.20937271,3,0,safe first
1801,1150,139.9428455,3,0,safe first
1816,1330,180.6239187,3,0,safe first
1996,1510,254.5584412,3,0,safe first
2176,1690,254.5584412,3,0,safe first
2104,1870,193.8659331,3,0,safe first
2086,2035,165.9789143,3,0,safe first
1906,1891,230.5124725,3,0,safe first
1726,1711,254.5584412,3,0,safe first
1546,1531,254.5584412,3,0,safe first
1366,1402,221.4520264,3,0,safe first
1186,1354,186.2900964,3,0,safe first
1006,1405,187.0855419,3,0,safe first
826,1543,226.8126981,3,0,safe first
745,1402,162.6099628,3,0,safe first
925,1222,254.5584412,3,0,safe first
1105,1042,254.5584412,3,0,safe first
1213,862,209.9142682,3,0,safe first
1180,811,60.74537019,3,0,safe first
1162,991,180.8977612,3,0,safe first
1165,1171,180.0249983,3,0,safe first
1165,1351,180,3,0,safe first
1165,1531,180,3,0,safe first
1054,1711,211.4734026,3,0,safe first
910,1891,230.5124725,3,0,safe first
1018,2071,209.9142682,3,0,safe first
1177,2251,240.1686907,3,0,safe first
1138,2431,184.1765457,3,0,safe first
958,2611,254.5584412,3,0,safe first
778,2791,254.5584412,3,0,safe first
655,2719,142.5236822,3,0,safe first
655,2539,180,3,0,safe first
712,2359,188.8094277,3,0,safe first
880,2179,246.2194143,3,0,safe first
1060,1999,254.5584412,3,0,safe first
934,1819,219.7180011,3,0,safe first
901,1639,183,3,0,safe first
997,1459,204,3,0,safe first
1177,1300,240.1686907,3,0,safe first
1357,1180,216.3330765,3,0,safe first
1318,1000,184.1765457,3,0,safe first
1222,820,204,3,0,safe first
1324,751,123.1462545,3,0,safe first
1504,868,214.683488,3,0,safe first
1684,868,180,3,0,safe first
1864,1009,228.6503881,3,0,safe first
1894,1069,67.08203932,3,0,safe first
2005,1117,120.9338662,3,0,safe first
1930,1117,75,3,0,safe first
1972,970,152.8823077,3,0,safe first
2152,970,180,3,0,safe first
2164,1147,177.4063133,3,0,safe first
2164,1327,180,3,0,safe first
2164,1507,180,3,0,safe first
2164,1687,180,3,0,safe first
2128,1867,183.5647025,3,0,safe first
2095,2047,183,3,0,safe first
2062,2227,183,3,0,safe first
1882,2407,254.5584412,3,0,safe first
1702,2587,254.5584412,3,0,safe first
1522,2767,254.5584412,3,0,safe first
1342,2947,254.5584412,3,0,safe first
1162,3127,254.5584412,3,0,safe first
994,3307,246.2194143,3,0,safe first
1174,3220,199.922485,3,0,safe first
1354,3262,184.8350616,3,0,safe first
1534,3160,206.8912758,3,0,safe first
1714,3196,183.5647025,3,0,safe first
1894,3205,180.2248596,3,0,safe first
2074,3301,204,3,0,safe first
2254,3220,197.3854098,3,0,safe first
2434,3217,180.0249983,3,0,safe first
2614,3127,201.246118,3,0,safe first
2794,3277,234.3074903,3,0,safe first
2974,3208,192.7718859,3,0,safe first
3154,3154,187.9255172,3,0,safe first
3295,3193,146.2942241,3,0,safe first
3343,3013,186.2900964,3,0,safe first
3163,2833,254.5584412,3,0,safe first
3265,2653,206.8912758,3,0,safe first
3085,2473,254.5584412,3,0,safe first
3211,2293,219.7180011,3,0,safe first
3166,2113,185.5397532,3,0,safe first
3277,1933,211.4734026,3,0,safe first
3097,1753,254.5584412,3,0,safe first
3055,1573,184.8350616,3,0,safe first
2908,1480,173.9482682,3,0,safe first
2728,1660,254.5584412,3,0,safe first
2548,1840,254.5584412,3,0,safe first
2368,2020,254.5584412,3,0,safe first
2188,2038,180.8977612,3,0,safe first
2170,1954,85.90692638,3,0,safe first
2350,1774,254.5584412,3,0,safe first
2530,1594,254.5584412,3,0,safe first
2710,1414,254.5584412,3,0,safe first
2890,1477,190.7065809,3,0,safe first
2824,1510,73.79024326,3,0,safe first
2644,1690,254.5584412,3,0,safe first
2464,1870,254.5584412,3,0,safe first
2284,2050,254.5584412,3,0,safe first
2104,2080,182.4828759,3,0,safe first
2245,1909,221.6348348,3,0,safe first
2395,1729,234.3074903,3,0,safe first
2557,1699,164.7543626,3,0,safe first
2737,1636,190.7065809,3,0,safe first
2917,1465,248.276056,3,0,safe first
2761,1612,214.3478481,3,0,safe first
2581,1792,254.5584412,3,0,safe first
2401,1972,254.5584412,3,0,safe first
2221,2065,202.6055281,3,0,safe first
2143,2020,90.04998612,3,0,safe first
2308,1840,244.1823089,3,0,safe first
2488,1777,190.7065809,3,0,safe first
2668,1597,254.5584412,3,0,safe first
2848,1492,208.3866598,3,0,safe first
2821,1522,40.36087214,3,0,safe first
2641,1702,254.5584412,3,0,safe first
2461,1882,254.5584412,3,0,safe first
2281,2062,254.5584412,3,0,safe first
2101,2062,180,3,0,safe first
2257,2023,160.8011194,3,0,safe first
2437,1843,254.5584412,3,0,safe first
2617,1663,254.5584412,3,0,safe first
2797,1525,226.8126981,3,0,safe first
2875,1477,91.58602513,3,0,safe first
2695,1657,254.5584412,3,0,safe first
2515,1837,254.5584412,3,0,safe first
2335,2017,254.5584412,3,0,safe first
2155,2062,185.5397532,3,0,safe first
2176,2038,31.89043744,3,0,safe first
2356,1858,254.5584412,3,0,safe first
2536,1678,254.5584412,3,0,safe first
2716,1498,254.5584412,3,0,safe first
2896,1495,180.0249983,3,0,safe first
2806,1579,123.1097072,3,0,safe first
2626,1759,254.5584412,3,0,safe first
2446,1939,254.5584412,3,0,safe first
2266,2056,214.683488,3,0,safe first
2086,2056,180,3,0,safe first
2254,1945,201.3578903,3,0,safe first
2434,1765,254.5584412,3,0,safe first
2614,1585,254.5584412,3,0,safe first
2794,1468,214.683488,3,0,safe first
2902,1525,122.1187946,3,0,safe first
2722,1705,254.5584412,3,0,safe first
2542,1885,254.5584412,3,0,safe first
2362,2023,226.8126981,3,0,safe first
2182,2053,182.4828759,3,0,safe first
2161,2026,34.20526275,3,0,safe first
2341,1846,254.5584412,3,0,safe first
2521,1690,238.1931989,3,0,safe first
2701,1600,201.246118,3,0,safe first
2881,1450,234.3074903,3,0,safe first
2818,1588,151.7003626,3,0,safe first
2638,1768,254.5584412,3,0,safe first
2458,1948,254.5584412,3,0,safe first
2278,2044,204,3,0,safe first
2098,2068,181.5929514,3,0,safe first
2245,1957,184.2009772,3,0,safe first
2425,1777,254.5584412,3,0,safe first
2605,1609,246.2194143,3,0,safe first
2785,1522,199.922485,3,0,safe first
2920,1462,147.732867,3,0,safe first
2740,1642,254.5584412,3,0,safe first
2560,1822,254.5584412,3,0,safe first
2380,2002,254.5584412,3,0,safe first
2200,2062,189.7366596,3,0,safe first
2164,2062,36,3,0,safe first
2344,1882,254.5584412,3,0,safe first
2524,1702,254.5584412,3,0,safe first
2704,1621,197.3854098,3,0,safe first
2884,1483,226.8126981,3,0,safe first
2818,1561,102.1763182,3,0,safe first
2638,1741,254.5584412,3,0,safe first
2458,1921,254.5584412,3,0,safe first
2278,2083,242.1652328,3,0,safe first
2098,2083,180,3,0,safe first
2230,2008,151.8189711,3,0,safe first
2410,1837,248.276056,3,0,safe first
2590,1657,254.5584412,3,0,safe first
2770,1477,254.5584412,3,0,safe first
2932,1474,162.0277754,3,0,safe first
2842,1462,90.7964757,3,0,safe first
2662,1312,234.3074903,3,0,safe first
2482,1132,254.5584412,3,0,safe first
2302,952,254.5584412,3,0,safe first
2122,772,254.5584412,3,0,safe first
2059,913,154.4344521,3,0,safe first
1933,994,149.7898528,3,0,safe first
1936,1165,171.0263138,3,0,safe first
1900,1156,37.10795063,3,0,safe first
1945,991,171.0263138,3,0,safe first
2053,880,154.870914,3,0,safe first
2161,820,123.5475617,3,0,safe first
2170,1000,180.2248596,3,0,safe first
2170,1180,180,3,0,safe first
2170,1360,180,3,0,safe first
2170,1540,180,3,0,safe first
2170,1720,180,3,0,safe first
2137,1900,183,3,0,safe first
2101,2017,122.4132346,3,0,safe first
2101,1837,180,3,0,safe first
2101,1657,180,3,0,safe first
2137,1477,183.5647025,3,0,safe first
2152,1297,180.6239187,3,0,safe first
2152,1117,180,3,0,safe first
2152,937,180,3,0,safe first
2125,778,161.2761607,3,0,safe first
2023,883,146.3864748,3,0,safe first
1918,976,140.2640367,3,0,safe first
1939,1156,181.2208597,3,0,safe first
1918,1111,49.65883607,3,0,safe first
1963,964,153.7335357,3,0,safe first
2029,829,150.2697574,3,0,safe first
2155,817,126.5701387,3,0,safe first
2155,997,180,3,0,safe first
2155,1177,180,3,0,safe first
2155,1357,180,3,0,safe first
2155,1537,180,3,0,safe first
2155,1717,180,3,0,safe first
2125,1897,182.4828759,3,0,safe first
2104,2002,107.0794098,3,0,safe first
2104,1822,180,3,0,safe first
2128,1642,181.5929514,3,0,safe first
2161,1462,183,3,0,safe first
2182,1282,181.2208597,3,0,safe first
2182,1102,180,3,0,safe first
2182,922,180,3,0,safe first
2137,781,148.0067566,3,0,safe first
2050,889,138.683092,3,0,safe first
1939,967,135.6650287,3,0,safe first
1933,1126,159.1131673,3,0,safe first
1930,1147,21.21320344,3,0,safe first
1945,973,174.6453549,3,0,safe first
2023,862,135.6650287,3,0,safe first
2131,784,133.2216199,3,0,safe first
2164,940,159.4521872,3,0,safe first
2164,1120,180,3,0,safe first
2164,1300,180,3,0,safe first
2110,1480,187.9255172,3,0,safe first
2110,1660,180,3,0,safe first
2110,1840,180,3,0,safe first
2095,2020,180.6239187,3,0,safe first
2095,1876,144,3,0,safe first
2140,1696,185.5397532,3,0,safe first
2140,1516,180,3,0,safe first
2158,1336,180.8977612,3,0,safe first
2158,1156,180,3,0,safe first
2158,976,180,3,0,safe first
2158,796,180,3,0,safe first
2029,868,147.732867,3,0,safe first
1933,973,142.2708684,3,0,safe first
1912,1141,169.3074127,3,0,safe first
1909,1165,24.18677324,3,0,safe first
1939,985,182.4828759,3,0,safe first
2041,880,146.3864748,3,0,safe first
2119,769,135.6650287,3,0,safe first
2158,922,157.8923684,3,0,safe first
2158,1102,180,3,0,safe first
2158,1282,180,3,0,safe first
2158,1462,180,3,0,safe first
2158,1642,180,3,0,safe first
2158,1822,180,3,0,safe first
2116,2002,184.8350616,3,0,safe first
2122,1894,108.1665383,3,0,safe first
2122,1714,180,3,0,safe first
2140,1534,180.8977612,3,0,safe first
2155,1354,180.6239187,3,0,safe first
2155,1174,180,3,0,safe first
2155,994,180,3,0,safe first
2155,814,180,3,0,safe first
2044,883,130.6981255,3,0,safe first
1921,985,159.7904878,3,0,safe first
1954,2065,156,3,1,safe first
1912,2065,42,3,1,safe first
1861,2065,51,3,1,safe first
1723,2065,138,3,1,safe first
1723,2221,156,3,1,safe first
1624,2278,114.2365966,3,1,safe first
1444,2278,180,3,1,safe first
1309,2155,182.6307751,3,1,safe first
1129,1975,254.5584412,3,1,safe first
949,1795,254.5584412,3,1,safe first
898,1687,119.4361754,3,1,safe first
1078,1579,209.9142682,3,1,safe first
1171,1450,159.0282994,3,1,safe first
1351,1462,180.3995565,3,1,safe first
1531,1525,190.7065809,3,1,safe first
1711,1696,248.276056,3,1,safe first
1891,1876,254.5584412,3,1,safe first
2071,2056,254.5584412,3,1,safe first
2251,2077,181.2208597,3,1,safe first
2236,2218,141.7956276,3,1,safe first
2413,2398,252.4460338,3,1,safe first
2593,2578,254.5584412,3,1,safe first
2773,2758,254.5584412,3,1,safe first
2953,2938,254.5584412,3,1,safe first
3133,3118,254.5584412,3,1,safe first
3313,3070,186.2900964,3,1,safe first
3379,2962,126.5701387,3,1,safe first
3292,2791,191.8593235,3,1,safe first
3112,2611,254.5584412,3,1,safe first
3058,2431,187.9255172,3,1,safe first
2983,2251,195,3,1,safe first
2887,2071,204,3,1,safe first
2707,1891,254.5584412,3,1,safe first
2611,1711,204,3,1,safe first
2524,1654,104.0096149,3,1,safe first
2359,1741,186.5314987,3,1,safe first
2179,1759,180.8977612,3,1,safe first
1999,1579,254.5584412,3,1,safe first
1912,1414,186.5314987,3,1,safe first
2092,1234,254.5584412,3,1,safe first
2272,1192,184.8350616,3,1,safe first
2452,1267,195,3,1,safe first
2632,1447,254.5584412,3,1,safe first
2575,1627,188.8094277,3,1,safe first
2398,1804,250.3158005,3,1,safe first
2218,1900,204,3,1,safe first
2125,2068,192.0234361,3,1,safe first
2032,1963,140.2640367,3,1,safe first
2032,1783,180,3,1,safe first
2080,1603,186.2900964,3,1,safe first
2092,1423,180.3995565,3,1,safe first
2104,1243,180.3995565,3,1,safe first
1963,1270,143.5618334,3,1,safe first
1783,1450,254.5584412,3,1,safe first
1753,1630,182.4828759,3,1,safe first
1777,1810,181.5929514,3,1,safe first
1957,1990,254.5584412,3,1,safe first
2137,2068,196.1733927,3,1,safe first
2317,1888,254.5584412,3,1,safe first
2497,1798,201.246118,3,1,safe first
2449,1618,186.2900964,3,1,safe first
2269,1438,254.5584412,3,1,safe first
2149,1258,216.3330765,3,1,safe first
2023,1252,126.1427762,3,1,safe first
1843,1432,254.5584412,3,1,safe first
1909,1612,191.7185437,3,1,safe first
2080,1792,248.276056,3,1,safe first
2062,1972,180.8977612,3,1,safe first
1939,2032,136.8539367,3,1,safe first
1759,1858,250.3517525,3,1,safe first
1717,1678,184.8350616,3,1,safe first
1771,1498,187.9255172,3,1,safe first
1867,1318,204,3,1,safe first
1996,1165,200.124961,3,1,safe first
2014,1183,25.45584412,3,1,safe first
2065,1183,51,3,1,safe first
2110,1342,165.2452722,3,1,safe first
2110,1522,180,3,1,safe first
2110,1702,180,3,1,safe first
2110,1882,180,3,1,safe first
2110,2047,165,3,1,safe first
2122,1873,174.4133022,3,1,safe first
2122,1693,180,3,1,safe first
2122,1513,180,3,1,safe first
2122,1333,180,3,1,safe first
2071,1195,147.122398,3,1,safe first
1891,1351,238.1931989,3,1,safe first
1825,1531,191.7185437,3,1,safe first
1915,1711,201.246118,3,1,safe first
1990,1891,195,3,1,safe first
2038,2071,186.2900964,3,1,safe first
1858,2005,191.7185437,3,1,safe first
1678,1825,254.5584412,3,1,safe first
1498,1645,254.5584412,3,1,safe first
1318,1465,254.5584412,3,1,safe first
1141,1468,177.0254219,3,1,safe first
1237,1471,96.04686356,3,1,safe first
1318,1603,154.870914,3,1,safe first
1477,1783,240.1686907,3,1,safe first
1657,1963,254.5584412,3,1,safe first
1837,2143,254.5584412,3,1,safe first
2017,2155,180.3995565,3,1,safe first
1993,1993,163.7681288,3,1,safe first
1900,1813,202.6055281,3,1,safe first
1819,1696,142.3024947,3,1,safe first
1708,1552,181.8158409,3,1,safe first
1528,1696,230.5124725,3,1,safe first
1363,1579,202.272094,3,1,safe first
1363,1399,180,3,1,safe first
1528,1234,233.3452378,3,1,safe first
1708,1234,180,3,1,safe first
1888,1234,180,3,1,safe first
2068,1210,181.5929514,3,1,safe first
2146,1318,133.2216199,3,1,safe first
2146,1498,180,3,1,safe first
2146,1678,180,3,1,safe first
2146,1858,180,3,1,safe first
2116,2038,182.4828759,3,1,safe first
2005,2170,172.4673882,3,1,safe first
2005,2350,180,3,1,safe first
2005,2530,180,3,1,safe first
1984,2710,181.2208597,3,1,safe first
1972,2890,180.3995565,3,1,safe first
1792,3070,254.5584412,3,1,safe first
1612,3250,254.5584412,3,1,safe first
1432,3184,191.7185437,3,1,safe first
1252,3004,254.5584412,3,1,safe first
1072,2836,246.2194143,3,1,safe first
892,2752,198.6353443,3,1,safe first
745,2572,232.3983649,3,1,safe first
775,2392,182.4828759,3,1,safe first
862,2212,199.922485,3,1,safe first
1042,2032,254.5584412,3,1,safe first
1165,1852,218.0114676,3,1,safe first
1327,1672,242.1652328,3,1,safe first
1315,1615,58.24946352,3,1,safe first
1135,1669,187.9255172,3,1,safe first
970,1603,177.7104386,3,1,safe first
1000,1423,182.4828759,3,1,safe first
1009,1333,90.44888059,3,1,safe first
907,1474,174.0258601,3,1,safe first
862,1543,82.37718131,3,1,safe first
853,1543,9,3,1,safe first
979,1681,186.868938,3,1,safe first
1159,1741,189.7366596,3,1,safe first
1339,1723,180.8977612,3,1,safe first
1519,1543,254.5584412,3,1,safe first
1699,1447,204,3,1,safe first
1879,1267,254.5584412,3,1,safe first
2059,1252,180.6239187,3,1,safe first
2158,1315,117.3456433,3,1,safe first
2158,1495,180,3,1,safe first
2158,1675,180,3,1,safe first
2128,1855,182.4828759,3,1,safe first
2086,2035,184.8350616,3,1,safe first
2101,1930,106.0660172,3,1,safe first
2101,1750,180,3,1,safe first
2101,1570,180,3,1,safe first
2101,1390,180,3,1,safe first
2101,1219,171,3,1,safe first
2101,1387,168,3,1,safe first
2101,1567,180,3,1,safe first
2101,1747,180,3,1,safe first
2101,1927,180,3,1,safe first
2101,1990,63,3,1,safe first
2101,1810,180,3,1,safe first
2101,1630,180,3,1,safe first
2101,1450,180,3,1,safe first
2101,1270,180,3,1,safe first
2101,1321,51,3,1,safe first
2101,1501,180,3,1,safe first
2101,1681,180,3,1,safe first
2101,1861,180,3,1,safe first
2101,2035,174,3,1,safe first
2101,1867,168,3,1,safe first
2101,1687,180,3,1,safe first
2101,1507,180,3,1,safe first
2101,1327,180,3,1,safe first
2101,1279,48,3,1,safe first
2101,1459,180,3,1,safe first
2101,1639,180,3,1,safe first
2101,1819,180,3,1,safe first
2101,1999,180,3,1,safe first
2185,2179,198.6353443,3,1,safe first
2365,2128,187.0855419,3,1,safe first
2401,1966,165.9518002,3,1,safe first
2401,1786,180,3,1,safe first
2317,1606,198.6353443,3,1,safe first
2275,1426,184.8350616,3,1,safe first
2155,1246,216.3330765,3,1,safe first
2041,1243,114.0394669,3,1,safe first
2059,1198,48.46648326,3,1,safe first
1879,1198,180,3,1,safe first
1699,1198,180,3,1,safe first
1519,1198,180,3,1,safe first
1339,1258,189.7366596,3,1,safe first
1207,1351,161.4713597,3,1,safe first
1141,1354,66.06814664,3,1,safe first
1003,1312,144.2497834,3,1,safe first
955,1492,186.2900964,3,1,safe first
1090,1672,225,3,1,safe first
1270,1852,254.5584412,3,1,safe first
1450,1978,219.7180011,3,1,safe first
1630,1978,180,3,1,safe first
1810,2020,184.8350616,3,1,safe first
1990,2059,184.1765457,3,1,safe first
1981,2059,9,3,1,safe first
1801,2023,183.5647025,3,1,safe first
1621,1843,254.5584412,3,1,safe first
1441,1663,254.5584412,3,1,safe first
1390,1483,187.0855419,3,1,safe first
1354,1333,154.2595216,3,1,safe first
1396,1513,184.8350616,3,1,safe first
1576,1663,234.3074903,3,1,safe first
1756,1549,213.0633709,3,1,safe first
1789,1369,183,3,1,safe first
1963,1312,183.0983342,3,1,safe first
2134,1219,194.6535384,3,1,safe first
2035,1192,102.6157883,3,1,safe first
1855,1111,197.3854098,3,1,safe first
1675,1111,180,3,1,safe first
1495,1159,186.2900964,3,1,safe first
1315,1282,218.0114676,3,1,safe first
1273,1321,57.31491952,3,1,safe first
1186,1207,143.4050208,3,1,safe first
1090,1249,104.7854952,3,1,safe first
952,1348,169.8381583,3,1,safe first
850,1288,118.3384975,3,1,safe first
754,1108,204,3,1,safe first
754,928,180,3,1,safe first
793,775,157.8923684,3,1,safe first
973,850,195,3,1,safe first
1048,922,103.9663407,3,1,safe first
1033,1102,180.6239187,3,1,safe first
1093,1282,189.7366596,3,1,safe first
1162,1447,178.8463027,3,1,safe first
1243,1447,81,3,1,safe first
1126,1432,117.9576195,3,1,safe first
1087,1252,184.1765457,3,1,safe first
1195,1099,187.2778684,3,1,safe first
1375,1237,226.8126981,3,1,safe first
1555,1417,254.5584412,3,1,safe first
1552,1582,165.0272705,3,1,safe first
1687,1762,225,3,1,safe first
1867,1861,205.4288198,3,1,safe first
2047,2023,242.1652328,3,1,safe first
2119,2203,193.8659331,3,1,safe first
1954,2239,168.8816153,3,1,safe first
1774,2143,204,3,1,safe first
1735,1966,181.2456896,3,1,safe first
1558,1786,252.4460338,3,1,safe first
1378,1606,254.5584412,3,1,safe first
1363,1426,180.6239187,3,1,safe first
1300,1282,157.1782428,3,1,safe first
1417,1144,180.9226354,3,1,safe first
1597,964,254.5584412,3,1,safe first
1777,892,193.8659331,3,1,safe first
1957,1009,214.683488,3,1,safe first
2056,1126,153.2644773,3,1,safe first
2185,1048,150.7481343,3,1,safe first
2365,1162,213.0633709,3,1,safe first
2545,1342,254.5584412,3,1,safe first
2662,1522,214.683488,3,1,safe first
2659,1702,180.0249983,3,1,safe first
2596,1882,190.7065809,3,1,safe first
2416,2062,254.5584412,3,1,safe first
2236,2242,254.5584412,3,1,safe first
2197,2422,184.1765457,3,1,safe first
2035,2602,242.1652328,3,1,safe first
2095,2782,189.7366596,3,1,safe first
2134,2962,184.1765457,3,1,safe first
2068,3142,191.7185437,3,1,safe first
1987,3322,197.3854098,3,1,safe first
1807,3211,211.4734026,3,1,safe first
1627,3280,192.7718859,3,1,safe first
1447,3298,180.8977612,3,1,safe first
1267,3205,202.6055281,3,1,safe first
1087,3268,190.7065809,3,1,safe first
907,3244,181.5929514,3,1,safe first
727,3322,196.1733927,3,1,safe first
703,3142,181.5929514,3,1,safe first
709,2962,180.0999722,3,1,safe first
682,2782,182.0137357,3,1,safe first
664,2602,180.8977612,3,1,safe first
670,2422,180.0999722,3,1,safe first
706,2242,183.5647025,3,1,safe first
706,2062,180,3,1,safe first
769,1882,190.7065809,3,1,safe first
865,1702,204,3,1,safe first
916,1522,187.0855419,3,1,safe first
916,1342,180,3,1,safe first
946,1162,182.4828759,3,1,safe first
1033,982,199.922485,3,1,safe first
2176,2101,36,4,0,safe first
2176,2266,165,4,0,safe first
2176,2422,156,4,0,safe first
2176,2551,129,4,0,safe first
2116,2560,60.67124525,4,0,safe first
2116,2707,147,4,0,safe first
1978,2728,139.5886815,4,0,safe first
1927,2821,106.0660172,4,0,safe first
1930,2755,66.06814664,4,0,safe first
2098,2737,168.9615341,4,0,safe first
2098,2557,180,4,0,safe first
2221,2482,144.0624864,4,0,safe first
2170,2377,116.7304588,4,0,safe first
2155,2452,76.4852927,4,0,safe first
2155,2626,174,4,0,safe first
2026,2806,221.4520264,4,0,safe first
1861,2986,244.1823089,4,0,safe first
1861,3166,180,4,0,safe first
1807,3211,70.29224708,4,0,safe first
1627,3211,180,4,0,safe first
1447,3211,180,4,0,safe first
1267,3211,180,4,0,safe first
1087,3211,180,4,0,safe first
940,3211,147,4,0,safe first
778,3211,162,4,0,safe first
631,3262,155.5956298,4,0,safe first
718,3337,114.8651383,4,0,safe first
898,3337,180,4,0,safe first
1078,3337,180,4,0,safe first
1258,3337,180,4,0,safe first
1438,3337,180,4,0,safe first
1618,3364,182.0137357,4,0,safe first
1798,3361,180.0249983,4,0,safe first
1978,3376,180.6239187,4,0,safe first
2158,3313,190.7065809,4,0,safe first
2338,3379,191.7185437,4,0,safe first
2518,3379,180,4,0,safe first
2698,3244,225,4,0,safe first
2878,3376,223.2129029,4,0,safe first
3058,3310,191.7185437,4,0,safe first
3238,3268,184.8350616,4,0,safe first
3418,3229,184.1765457,4,0,safe first
3412,3202,27.65863337,4,0,safe first
3364,3181,52.39274759,4,0,safe first
3364,3022,159,4,0,safe first
3364,2899,123,4,0,safe first
3211,2899,153,4,0,safe first
3031,2878,181.2208597,4,0,safe first
2851,2698,254.5584412,4,0,safe first
2686,2605,189.4043294,4,0,safe first
2692,2578,27.65863337,4,0,safe first
2737,2476,111.4854251,4,0,safe first
2737,2335,141,4,0,safe first
2806,2266,97.5807358,4,0,safe first
2878,2122,160.9968944,4,0,safe first
2878,1942,180,4,0,safe first
2851,1822,123,4,0,safe first
2677,1774,180.4993075,4,0,safe first
2677,1594,180,4,0,safe first
2761,1534,103.2279032,4,0,safe first
2848,1453,118.8696765,4,0,safe first
2935,1453,87,4,0,safe first
3076,1453,141,4,0,safe first
3187,1351,150.7481343,4,0,safe first
3310,1288,138.1955137,4,0,safe first
3232,1207,112.4499889,4,0,safe first
3139,1093,147.122398,4,0,safe first
3013,1027,142.2392351,4,0,safe first
3013,847,180,4,0,safe first
2902,838,111.3642672,4,0,safe first
2869,985,150.6585544,4,0,safe first
2896,1012,38.18376618,4,0,safe first
2896,1192,180,4,0,safe first
3010,1219,117.1537451,4,0,safe first
3190,1219,180,4,0,safe first
3358,1102,204.726647,4,0,safe first
3358,1264,162,4,0,safe first
3349,1408,144.2809759,4,0,safe first
3169,1408,180,4,0,safe first
2989,1408,180,4,0,safe first
2866,1408,123,4,0,safe first
2815,1513,116.7304588,4,0,safe first
2791,1645,134.1640786,4,0,safe first
2671,1675,123.6931688,4,0,safe first
2671,1855,180,4,0,safe first
2614,1963,122.1187946,4,0,safe first
2434,1963,180,4,0,safe first
2254,1963,180,4,0,safe first
2227,2071,111.3238519,4,0,safe first
2071,2071,156,4,0,safe first
2071,2101,30,4,0,safe first
2125,2254,162.2498074,4,0,safe first
2305,2254,180,4,0,safe first
2353,2350,107.3312629,4,0,safe first
2533,2359,180.2248596,4,0,safe first
2713,2359,180,4,0,safe first
2893,2359,180,4,0,safe first
3073,2359,180,4,0,safe first
3253,2359,180,4,0,safe first
3313,2491,144.9965517,4,0,safe first
3175,2521,141.2232276,4,0,safe first
2995,2521,180,4,0,safe first
2929,2638,134.3316791,4,0,safe first
2929,2818,180,4,0,safe first
2794,2887,151.6113452,4,0,safe first
2614,2887,180,4,0,safe first
2434,2887,180,4,0,safe first
2254,2794,202.6055281,4,0,safe first
2074,2800,180.0999722,4,0,safe first
1894,2773,182.0137357,4,0,safe first
1714,2764,180.2248596,4,0,safe first
1534,2686,196.1733927,4,0,safe first
1354,2764,196.1733927,4,0,safe first
1174,2689,195,4,0,safe first
994,2689,180,4,0,safe first
814,2542,232.3983649,4,0,safe first
634,2533,180.2248596,4,0,safe first
589,2581,65.7951366,4,0,safe first
589,2749,168,4,0,safe first
589,2929,180,4,0,safe first
589,3109,180,4,0,safe first
616,3256,149.4590245,4,0,safe first
796,3256,180,4,0,safe first
976,3256,180,4,0,safe first
1156,3256,180,4,0,safe first
1336,3256,180,4,0,safe first
1516,3256,180,4,0,safe first
1696,3256,180,4,0,safe first
1876,3304,186.2900964,4,0,safe first
2056,3247,188.8094277,4,0,safe first
2236,3295,186.2900964,4,0,safe first
2416,3256,184.1765457,4,0,safe first
2596,3289,183,4,0,safe first
2776,3289,180,4,0,safe first
2956,3112,252.4460338,4,0,safe first
3136,2968,230.5124725,4,0,safe first
3316,2935,183,4,0,safe first
3445,2827,168.2408987,4,0,safe first
3412,2827,33,4,0,safe first
3232,2827,180,4,0,safe first
3052,2827,180,4,0,safe first
2872,2782,185.5397532,4,0,safe first
2752,2692,150,4,0,safe first
2851,2605,131.7952958,4,0,safe first
2851,2425,180,4,0,safe first
2851,2272,153,4,0,safe first
2680,2272,171,4,0,safe first
2500,2272,180,4,0,safe first
2320,2272,180,4,0,safe first
2194,2272,126,4,0,safe first
2194,2158,114,4,0,safe first
2194,1978,180,4,0,safe first
2194,1798,180,4,0,safe first
2194,1618,180,4,0,safe first
2194,1438,180,4,0,safe first
2104,1426,90.7964757,4,0,safe first
2059,1384,61.55485359,4,0,safe first
2059,1207,177,4,0,safe first
1993,1225,68.41052551,4,0,safe first
2014,1405,181.2208597,4,0,safe first
2083,1585,192.7718859,4,0,safe first
2152,1765,192.7718859,4,0,safe first
2152,1945,180,4,0,safe first
2152,2053,108,4,0,safe first
2071,2053,81,4,0,safe first
2071,1927,126,4,0,safe first
2071,1747,180,4,0,safe first
2071,1567,180,4,0,safe first
2071,1387,180,4,0,safe first
2041,1282,109.2016483,4,0,safe first
2017,1189,96.04686356,4,0,safe first
2017,1324,135,4,0,safe first
2083,1477,166.6283289,4,0,safe first
2098,1612,135.8307771,4,0,safe first
2098,1792,180,4,0,safe first
2167,1855,93.43446901,4,0,safe first
2167,2035,180,4,0,safe first
2071,2062,99.72462083,4,0,safe first
2071,1963,99,4,0,safe first
2071,1783,180,4,0,safe first
2071,1603,180,4,0,safe first
2071,1423,180,4,0,safe first
2071,1258,165,4,0,safe first
2023,1219,61.84658438,4,0,safe first
2023,1279,60,4,0,safe first
2095,1459,193.8659331,4,0,safe first
2095,1639,180,4,0,safe first
2095,1819,180,4,0,safe first
2095,1999,180,4,0,safe first
2095,1957,42,4,0,safe first
2095,1777,180,4,0,safe first
2071,1597,181.5929514,4,0,safe first
2035,1417,183.5647025,4,0,safe first
2005,1237,182.4828759,4,0,safe first
2005,1210,27,4,0,safe first
2005,1390,180,4,0,safe first
2029,1570,181.5929514,4,0,safe first
2068,1708,143.4050208,4,0,safe first
2068,1882,174,4,0,safe first
2068,2035,153,4,0,safe first
2068,1864,171,4,0,safe first
2068,1684,180,4,0,safe first
2068,1504,180,4,0,safe first
2029,1324,184.1765457,4,0,safe first
2005,1177,148.946299,4,0,safe first
2005,1336,159,4,0,safe first
2035,1516,182.4828759,4,0,safe first
2059,1696,181.5929514,4,0,safe first
2059,1876,180,4,0,safe first
2059,2056,180,4,0,safe first
2059,1939,117,4,0,safe first
2032,1759,182.0137357,4,0,safe first
2032,1579,180,4,0,safe first
2032,1399,180,4,0,safe first
2014,1219,180.8977612,4,0,safe first
2014,1237,18,4,0,safe first
2035,1417,181.2208597,4,0,safe first
2047,1597,180.3995565,4,0,safe first
2047,1777,180,4,0,safe first
2047,1957,180,4,0,safe first
2047,1993,36,4,0,safe first
2047,1813,180,4,0,safe first
2047,1633,180,4,0,safe first
2023,1453,181.5929514,4,0,safe first
2023,1273,180,4,0,safe first
2023,1222,51,4,0,safe first
2023,1396,174,4,0,safe first
2023,1576,180,4,0,safe first
2023,1756,180,4,0,safe first
2047,1936,181.5929514,4,0,safe first
2053,2041,105.1712889,4,0,safe first
2053,1861,180,4,0,safe first
2053,1681,180,4,0,safe first
2002,1501,187.0855419,4,0,safe first
2002,1321,180,4,0,safe first
2002,1249,72,4,0,safe first
2002,1429,180,4,0,safe first
2032,1576,150.029997,4,0,safe first
2032,1756,180,4,0,safe first
2032,1900,144,4,0,safe first
2077,2008,117,4,0,safe first
2077,1915,93,4,0,safe first
2047,1735,182.4828759,4,0,safe first
2029,1555,180.8977612,4,0,safe first
2023,1375,180.0999722,4,0,safe first
2023,1204,171,4,0,safe first
2023,1327,123,4,0,safe first
2023,1507,180,4,0,safe first
2050,1687,182.0137357,4,0,safe first
2050,1867,180,4,0,safe first
2071,2044,178.2414093,4,0,safe first
2071,1891,153,4,0,safe first
2026,1711,185.5397532,4,0,safe first
2026,1531,180,4,0,safe first
2002,1351,181.5929514,4,0,safe first
2002,1249,102,4,0,safe first
2002,1429,180,4,0,safe first
2026,1609,181.5929514,4,0,safe first
2026,1789,180,4,0,safe first
2047,1969,181.2208597,4,0,safe first
2056,2017,48.83646179,4,0,safe first
2056,1837,180,4,0,safe first
2056,1657,180,4,0,safe first
2056,1477,180,4,0,safe first
2029,1297,182.0137357,4,0,safe first
2029,1186,111,4,0,safe first
2029,1171,15,4,0,safe first
1993,1189,40.24922359,4,0,safe first
1993,1273,84,4,0,safe first
1993,1213,60,4,0,safe first
1993,1210,3,4,0,safe first
1993,1066,144,4,0,safe first
2149,1060,156.115342,4,0,safe first
2329,1060,180,4,0,safe first
2509,1060,180,4,0,safe first
2584,1105,87.46427842,4,0,safe first
2584,1285,180,4,0,safe first
2584,1420,135,4,0,safe first
2539,1573,159.4804063,4,0,safe first
2413,1720,193.6104336,4,0,safe first
2413,1660,60,4,0,safe first
2296,1618,124.3100961,4,0,safe first
2116,1618,180,4,0,safe first
2017,1705,131.7952958,4,0,safe first
2017,1885,180,4,0,safe first
1879,1963,158.5181378,4,0,safe first
1699,1975,180.3995565,4,0,safe first
1687,2155,180.3995565,4,0,safe first
1633,2335,187.9255172,4,0,safe first
1657,2464,131.2135664,4,0,safe first
1837,2464,180,4,0,safe first
2017,2497,183,4,0,safe first
2197,2554,188.8094277,4,0,safe first
2377,2686,223.2129029,4,0,safe first
2476,2686,99,4,0,safe first
2656,2836,234.3074903,4,0,safe first
2725,2836,69,4,0,safe first
2905,2932,204,4,0,safe first
2866,2932,39,4,0,safe first
2176,2236,156,4,1,safe first
2176,2416,180,4,1,safe first
2155,2488,75,4,1,safe first
2155,2488,0,4,1,safe first
2155,2560,72,4,1,safe first
2062,2599,100.8464179,4,1,safe first
2059,2752,153.0294089,4,1,safe first
1888,2752,171,4,1,safe first
1870,2881,130.2497601,4,1,safe first
1834,2992,116.691902,4,1,safe first
1831,3142,150.029997,4,1,safe first
1714,3187,125.3554945,4,1,safe first
1786,3274,112.9291813,4,1,safe first
1819,3400,130.2497601,4,1,safe first
1819,3436,36,4,1,safe first
1657,3436,162,4,1,safe first
1531,3433,126.0357092,4,1,safe first
1531,3268,165,4,1,safe first
1531,3088,180,4,1,safe first
1609,3016,106.1508361,4,1,safe first
1660,2905,122.1556384,4,1,safe first
1660,2851,54,4,1,safe first
1633,2851,27,4,1,safe first
1462,2851,171,4,1,safe first
1282,2851,180,4,1,safe first
1246,2851,36,4,1,safe first
1402,2851,156,4,1,safe first
1570,2851,168,4,1,safe first
1570,2755,96,4,1,safe first
1444,2710,133.7946187,4,1,safe first
1264,2530,254.5584412,4,1,safe first
1153,2434,146.7548977,4,1,safe first
1075,2527,121.3795699,4,1,safe first
895,2518,180.2248596,4,1,safe first
730,2479,169.5464538,4,1,safe first
622,2407,129.7998459,4,1,safe first
538,2407,84,4,1,safe first
502,2407,36,4,1,safe first
502,2347,60,4,1,safe first
502,2167,180,4,1,safe first
502,1987,180,4,1,safe first
502,1807,180,4,1,safe first
565,1627,190.7065809,4,1,safe first
691,1447,219.7180011,4,1,safe first
835,1267,230.5124725,4,1,safe first
835,1294,27,4,1,safe first
1015,1294,180,4,1,safe first
1051,1396,108.1665383,4,1,safe first
1147,1399,96.04686356,4,1,safe first
1147,1435,36,4,1,safe first
1147,1339,96,4,1,safe first
1147,1285,54,4,1,safe first
1147,1105,180,4,1,safe first
1147,925,180,4,1,safe first
1147,790,135,4,1,safe first
1192,694,106.0235823,4,1,safe first
1372,694,180,4,1,safe first
1552,694,180,4,1,safe first
1732,694,180,4,1,safe first
1897,724,167.7050983,4,1,safe first
1732,724,165,4,1,safe first
1552,724,180,4,1,safe first
1372,724,180,4,1,safe first
1249,742,124.3100961,4,1,safe first
1180,835,115.8015544,4,1,safe first
1150,886,59.16924877,4,1,safe first
1150,886,0,4,1,safe first
1150,886,0,4,1,safe first
1150,1048,162,4,1,safe first
1150,1228,180,4,1,safe first
1150,1363,135,4,1,safe first
1150,1423,60,4,1,safe first
1150,1474,51,4,1,safe first
1150,1528,54,4,1,safe first
1150,1624,96,4,1,safe first
1021,1798,216.6033241,4,1,safe first
997,1681,119.4361754,4,1,safe first
937,1777,113.2077736,4,1,safe first
937,1786,9,4,1,safe first
937,1933,147,4,1,safe first
1087,1945,150.4792344,4,1,safe first
1210,1945,123,4,1,safe first
1210,1801,144,4,1,safe first
1210,1621,180,4,1,safe first
1210,1453,168,4,1,safe first
1048,1453,162,4,1,safe first
913,1468,135.8307771,4,1,safe first
844,1537,97.5807358,4,1,safe first
844,1537,0,4,1,safe first
844,1498,39,4,1,safe first
844,1318,180,4,1,safe first
844,1138,180,4,1,safe first
844,988,150,4,1,safe first
898,922,85.27602242,4,1,safe first
1030,922,132,4,1,safe first
1117,880,96.60745313,4,1,safe first
1198,862,82.97590012,4,1,safe first
1327,847,129.8691649,4,1,safe first
1318,751,96.42095208,4,1,safe first
1138,751,180,4,1,safe first
979,850,187.3018953,4,1,safe first
979,850,0,4,1,safe first
1033,850,54,4,1,safe first
1033,934,84,4,1,safe first
1033,1024,90,4,1,safe first
1033,1204,180,4,1,safe first
1033,1384,180,4,1,safe first
892,1510,189.0952141,4,1,safe first
853,1642,137.640837,4,1,safe first
1000,1642,147,4,1,safe first
1180,1642,180,4,1,safe first
1360,1642,180,4,1,safe first
1540,1669,182.0137357,4,1,safe first
1720,1717,186.2900964,4,1,safe first
1900,1699,180.8977612,4,1,safe first
1921,1519,181.2208597,4,1,safe first
1942,1339,181.2208597,4,1,safe first
2023,1246,123.3288287,4,1,safe first
2080,1177,89.49860334,4,1,safe first
2149,1177,69,4,1,safe first
2095,1177,54,4,1,safe first
2212,1162,117.9576195,4,1,safe first
2263,1084,93.1933474,4,1,safe first
2275,943,141.509717,4,1,safe first
2275,763,180,4,1,safe first
2299,649,116.498927,4,1,safe first
2479,649,180,4,1,safe first
2659,649,180,4,1,safe first
2839,634,180.6239187,4,1,safe first
3019,595,184.1765457,4,1,safe first
3199,646,187.0855419,4,1,safe first
3205,802,156.115342,4,1,safe first
3328,802,123,4,1,safe first
3328,943,141,4,1,safe first
3148,943,180,4,1,safe first
3103,943,45,4,1,safe first
3070,1084,144.8102206,4,1,safe first
2980,1039,100.623059,4,1,safe first
2980,886,153,4,1,safe first
2980,706,180,4,1,safe first
2980,625,81,4,1,safe first
2896,625,84,4,1,safe first
3076,625,180,4,1,safe first
3256,625,180,4,1,safe first
3325,643,71.30918594,4,1,safe first
3178,643,147,4,1,safe first
2998,643,180,4,1,safe first
2818,601,184.8350616,4,1,safe first
2638,601,180,4,1,safe first
2458,601,180,4,1,safe first
2278,601,180,4,1,safe first
2098,601,180,4,1,safe first
1918,601,180,4,1,safe first
1738,601,180,4,1,safe first
1558,601,180,4,1,safe first
1378,601,180,4,1,safe first
1198,601,180,4,1,safe first
1018,607,180.0999722,4,1,safe first
838,772,244.1823089,4,1,safe first
721,847,138.9748179,4,1,safe first
610,931,139.2012931,4,1,safe first
502,904,111.3238519,4,1,safe first
502,904,0,4,1,safe first
502,904,0,4,1,safe first
502,904,0,4,1,safe first
502,904,0,4,1,safe first
502,928,24,4,1,safe first
502,1108,180,4,1,safe first
502,1288,180,4,1,safe first
502,1468,180,4,1,safe first
598,1648,204,4,1,safe first
685,1828,199.922485,4,1,safe first
733,1762,81.60882305,4,1,safe first
835,1750,102.7034566,4,1,safe first
892,1669,99.04544412,4,1,safe first
1072,1669,180,4,1,safe first
1234,1603,174.9285568,4,1,safe first
1414,1603,180,4,1,safe first
1594,1681,196.1733927,4,1,safe first
1699,1741,120.9338662,4,1,safe first
1879,1606,225,4,1,safe first
1741,1606,138,4,1,safe first
1561,1606,180,4,1,safe first
1381,1606,180,4,1,safe first
1330,1498,119.4361754,4,1,safe first
1198,1459,137.640837,4,1,safe first
1138,1459,60,4,1,safe first
1138,1621,162,4,1,safe first
1138,1801,180,4,1,safe first
1138,1981,180,4,1,safe first
1138,2161,180,4,1,safe first
1138,2341,180,4,1,safe first
1126,2521,180.3995565,4,1,safe first
946,2539,180.8977612,4,1,safe first
931,2707,168.6683136,4,1,safe first
931,2887,180,4,1,safe first
931,3067,180,4,1,safe first
931,3247,180,4,1,safe first
931,3361,114,4,1,safe first
997,3412,83.40863265,4,1,safe first
1177,3412,180,4,1,safe first
1357,3412,180,4,1,safe first
1537,3343,192.7718859,4,1,safe first
1717,3304,184.1765457,4,1,safe first
1897,3376,193.8659331,4,1,safe first
2077,3376,180,4,1,safe first
2257,3376,180,4,1,safe first
2437,3376,180,4,1,safe first
2617,3412,183.5647025,4,1,safe first
2797,3412,180,4,1,safe first
2977,3352,189.7366596,4,1,safe first
3136,3247,190.5413341,4,1,safe first
3136,3130,117,4,1,safe first
3250,3130,114,4,1,safe first
3430,3082,186.2900964,4,1,safe first
3430,2902,180,4,1,safe first
3430,2722,180,4,1,safe first
3430,2542,180,4,1,safe first
3337,2527,94.20191081,4,1,safe first
3226,2491,116.691902,4,1,safe first
3166,2416,96.04686356,4,1,safe first
3106,2329,105.6834897,4,1,safe first
3253,2299,150.029997,4,1,safe first
3382,2233,144.9034161,4,1,safe first
3382,2053,180,4,1,safe first
3382,1873,180,4,1,safe first
3355,1741,134.7330694,4,1,safe first
3175,1741,180,4,1,safe first
3034,1741,141,4,1,safe first
3196,1741,162,4,1,safe first
3370,1741,174,4,1,safe first
3370,1582,159,4,1,safe first
3388,1402,180.8977612,4,1,safe first
3427,1222,184.1765457,4,1,safe first
3427,1042,180,4,1,safe first
3355,964,106.1508361,4,1,safe first
3175,964,180,4,1,safe first
3157,889,77.12976079,4,1,safe first
3157,709,180,4,1,safe first
3106,616,106.0660172,4,1,safe first
2926,616,180,4,1,safe first
2746,616,180,4,1,safe first
2566,616,180,4,1,safe first
2386,589,182.0137357,4,1,safe first
2206,652,190.7065809,4,1,safe first
2026,586,191.7185437,4,1,safe first
1846,586,180,4,1,safe first
1666,586,180,4,1,safe first
1486,586,180,4,1,safe first
1306,742,238.1931989,4,1,safe first
1141,835,189.4043294,4,1,safe first
1099,835,42,4,1,safe first
1099,922,87,4,1,safe first
1039,922,60,4,1,safe first
1039,934,12,4,1,safe first
1039,1069,135,4,1,safe first
1039,1249,180,4,1,safe first
1039,1429,180,4,1,safe first
925,1480,124.8879498,4,1,safe first
895,1600,123.6931688,4,1,safe first
895,1696,96,4,1,safe first
895,1876,180,4,1,safe first
895,2056,180,4,1,safe first
895,2143,87,4,1,safe first
778,2143,117,4,1,safe first
682,2203,113.2077736,4,1,safe first
814,2272,148.946299,4,1,safe first
994,2272,180,4,1,safe first
1174,2272,180,4,1,safe first
1354,2272,180,4,1,safe first
1534,2272,180,4,1,safe first
1573,2347,84.53401682,4,1,safe first
1573,2299,48,4,1,safe first
1630,2272,63.07138812,4,1,safe first
1702,2329,91.83136719,4,1,safe first
1882,2320,180.2248596,4,1,safe first
1996,2182,178.9972067,4,1,safe first
2041,2095,97.9489663,4,1,safe first
2071,2095,30,4,1,safe first
2071,2161,66,4,1,safe first
2071,2161,0,4,1,safe first
2071,2161,0,4,1,safe first
2071,2161,0,4,1,safe first
2098,2128,42.63801121,4,1,safe first
2098,2095,33,4,1,safe first
1993,2095,105,4,1,safe first
2011,2203,109.4897255,4,1,safe first
2176,2203,165,4,1,safe first
2176,2359,156,4,1,safe first
2176,2539,180,4,1,safe first
2317,2542,141.0319113,4,1,safe first
2407,1966,205.42,5,1,risky first
2587,1786,254.5584412,5,1,risky first
2767,1612,250.3517525,5,1,risky first
2947,1522,201.246118,5,1,risky first
3127,1342,254.5584412,5,1,risky first
3259,1183,206.6518812,5,1,risky first
3151,1084,146.5093854,5,1,risky first
3100,952,141.509717,5,1,risky first
3019,874,112.4499889,5,1,risky first
2854,847,167.1944975,5,1,risky first
2674,847,180,5,1,risky first
2494,847,180,5,1,risky first
2362,922,151.8189711,5,1,risky first
2362,1102,180,5,1,risky first
2185,1114,177.4063133,5,1,risky first
2113,1177,95.67131231,5,1,risky first
1960,1153,154.870914,5,1,risky first
1840,1261,161.4434886,5,1,risky first
1840,1171,90,5,1,risky first
1999,1171,159,5,1,risky first
2179,1171,180,5,1,risky first
2185,1330,159.1131673,5,1,risky first
2185,1510,180,5,1,risky first
2089,1690,204,5,1,risky first
1927,1870,242.1652328,5,1,risky first
1939,2050,180.3995565,5,1,risky first
2092,2068,154.0551849,5,1,risky first
2029,2200,146.2634609,5,1,risky first
1981,2029,177.6091214,5,1,risky first
1981,1849,180,5,1,risky first
1981,1669,180,5,1,risky first
1981,1489,180,5,1,risky first
1981,1309,180,5,1,risky first
2053,1195,134.8332303,5,1,risky first
2233,1195,180,5,1,risky first
2248,1369,174.6453549,5,1,risky first
2248,1549,180,5,1,risky first
2248,1729,180,5,1,risky first
2248,1909,180,5,1,risky first
2197,2050,149.939988,5,1,risky first
2017,2050,180,5,1,risky first
1837,2050,180,5,1,risky first
1657,2050,180,5,1,risky first
1477,2050,180,5,1,risky first
1297,2050,180,5,1,risky first
1117,2074,181.5929514,5,1,risky first
937,2176,206.8912758,5,1,risky first
757,2356,254.5584412,5,1,risky first
841,2470,141.6050847,5,1,risky first
841,2650,180,5,1,risky first
841,2830,180,5,1,risky first
841,3010,180,5,1,risky first
841,3190,180,5,1,risky first
928,3295,136.3598181,5,1,risky first
1108,3295,180,5,1,risky first
1288,3238,188.8094277,5,1,risky first
1468,3058,254.5584412,5,1,risky first
1648,2878,254.5584412,5,1,risky first
1828,2845,183,5,1,risky first
2008,2728,214.683488,5,1,risky first
2176,2701,170.1558109,5,1,risky first
2176,2701,0,5,1,risky first
2023,2701,153,5,1,risky first
1906,2848,187.8776197,5,1,risky first
1777,2878,132.4424403,5,1,risky first
1717,2878,60,5,1,risky first
1537,2782,204,5,1,risky first
1357,2602,254.5584412,5,1,risky first
1441,2521,116.691902,5,1,risky first
1528,2395,153.1176019,5,1,risky first
1642,2320,136.458785,5,1,risky first
1648,2320,6,5,1,risky first
1828,2320,180,5,1,risky first
1870,2284,55.31726674,5,1,risky first
1747,2284,123,5,1,risky first
1567,2113,248.276056,5,1,risky first
1708,2080,144.8102206,5,1,risky first
1888,1903,252.4460338,5,1,risky first
2068,1723,254.5584412,5,1,risky first
2248,1543,254.5584412,5,1,risky first
2317,1411,148.946299,5,1,risky first
2137,1411,180,5,1,risky first
1957,1411,180,5,1,risky first
1903,1252,167.9196236,5,1,risky first
1921,1072,180.8977612,5,1,risky first
2071,1051,151.4628667,5,1,risky first
2092,1150,101.2027668,5,1,risky first
2176,1045,134.465609,5,1,risky first
2350,1081,177.6851147,5,1,risky first
2350,1261,180,5,1,risky first
2350,1441,180,5,1,risky first
2350,1621,180,5,1,risky first
2350,1801,180,5,1,risky first
2293,1951,160.4649494,5,1,risky first
2113,1993,184.8350616,5,1,risky first
2113,2086,93,5,1,risky first
2230,2005,142.3024947,5,1,risky first
2341,1918,141.0319113,5,1,risky first
2521,1918,180,5,1,risky first
2701,1918,180,5,1,risky first
2881,1918,180,5,1,risky first
3061,1801,214.683488,5,1,risky first
3241,1621,254.5584412,5,1,risky first
3382,1465,210.2783869,5,1,risky first
3277,1303,193.0518065,5,1,risky first
3097,1123,254.5584412,5,1,risky first
2917,1006,214.683488,5,1,risky first
2737,997,180.2248596,5,1,risky first
2557,997,180,5,1,risky first
2377,997,180,5,1,risky first
2212,997,165,5,1,risky first
2212,1030,33,5,1,risky first
2212,1069,39,5,1,risky first
2212,1069,0,5,1,risky first
2116,961,144.4991349,5,1,risky first
2020,1075,149.0369082,5,1,risky first
2101,1156,114.5512986,5,1,risky first
1975,1066,154.8418548,5,1,risky first
1918,1201,146.5400969,5,1,risky first
1918,1381,180,5,1,risky first
1930,1561,180.3995565,5,1,risky first
1999,1741,192.7718859,5,1,risky first
2092,1921,202.6055281,5,1,risky first
2092,2101,180,5,1,risky first
2008,2218,144.0312466,5,1,risky first
1828,2218,180,5,1,risky first
1666,2149,176.0823671,5,1,risky first
1639,1990,161.2761607,5,1,risky first
1573,1843,161.136588,5,1,risky first
1738,1843,165,5,1,risky first
1918,1666,252.4460338,5,1,risky first
2098,1486,254.5584412,5,1,risky first
1936,1465,163.3554407,5,1,risky first
1756,1285,254.5584412,5,1,risky first
1810,1162,134.3316791,5,1,risky first
1810,982,180,5,1,risky first
1843,814,171.2103969,5,1,risky first
1969,730,151.4331536,5,1,risky first
2092,760,126.6056871,5,1,risky first
2164,862,124.8519123,5,1,risky first
2089,982,141.509717,5,1,risky first
2014,940,85.95929269,5,1,risky first
2056,850,99.31767214,5,1,risky first
2056,883,33,5,1,risky first
2056,1063,180,5,1,risky first
2125,1150,111.0405331,5,1,risky first
2038,1093,104.0096149,5,1,risky first
2125,985,138.683092,5,1,risky first
2158,817,171.2103969,5,1,risky first
2011,760,157.6642001,5,1,risky first
1939,880,139.9428455,5,1,risky first
1939,910,30,5,1,risky first
1939,1066,156,5,1,risky first
1939,928,138,5,1,risky first
1942,748,180.0249983,5,1,risky first
2122,742,180.0999722,5,1,risky first
2137,922,180.6239187,5,1,risky first
2038,1030,146.5093854,5,1,risky first
2083,1174,150.8674915,5,1,risky first
2050,1072,107.2054103,5,1,risky first
2053,967,105.0428484,5,1,risky first
2176,883,148.946299,5,1,risky first
2107,736,162.3884232,5,1,risky first
1927,736,180,5,1,risky first
1900,901,167.1944975,5,1,risky first
1900,1081,180,5,1,risky first
1900,1261,180,5,1,risky first
1900,1441,180,5,1,risky first
1849,1621,187.0855419,5,1,risky first
1669,1801,254.5584412,5,1,risky first
1615,1981,187.9255172,5,1,risky first
1615,2161,180,5,1,risky first
1615,2341,180,5,1,risky first
1615,2521,180,5,1,risky first
1795,2551,182.4828759,5,1,risky first
1975,2551,180,5,1,risky first
2155,2551,180,5,1,risky first
2212,2431,132.849539,5,1,risky first
2089,2314,169.7586522,5,1,risky first
2089,2134,180,5,1,risky first
1975,2050,141.6050847,5,1,risky first
1861,2050,114,5,1,risky first
1681,2050,180,5,1,risky first
1501,2050,180,5,1,risky first
1321,2212,242.1652328,5,1,risky first
1141,2377,244.1823089,5,1,risky first
988,2377,153,5,1,risky first
808,2377,180,5,1,risky first
703,2263,154.9870962,5,1,risky first
667,2083,183.5647025,5,1,risky first
847,1903,254.5584412,5,1,risky first
943,1774,160.8011194,5,1,risky first
958,1651,123.9112586,5,1,risky first
1111,1606,159.4804063,5,1,risky first
1183,1450,171.8138528,5,1,risky first
1219,1450,36,5,1,risky first
1306,1450,87,5,1,risky first
1486,1450,180,5,1,risky first
1666,1450,180,5,1,risky first
1846,1348,206.8912758,5,1,risky first
1918,1210,155.6534613,5,1,risky first
1918,1030,180,5,1,risky first
1918,850,180,5,1,risky first
1957,763,95.34149149,5,1,risky first
2101,715,151.7893277,5,1,risky first
2215,820,154.9870962,5,1,risky first
2155,934,128.8254633,5,1,risky first
2059,994,113.2077736,5,1,risky first
2059,994,0,5,1,risky first
2014,1111,125.3554945,5,1,risky first
2062,1159,67.88225099,5,1,risky first
2053,1003,156.2593997,5,1,risky first
2134,964,89.89994438,5,1,risky first
2179,829,142.3024947,5,1,risky first
2179,808,21,5,1,risky first
2257,808,78,5,1,risky first
2257,988,180,5,1,risky first
2278,1162,175.26266,5,1,risky first
2344,1087,99.90495483,5,1,risky first
2344,1201,114,5,1,risky first
2344,1381,180,5,1,risky first
2344,1561,180,5,1,risky first
2344,1741,180,5,1,risky first
2344,1921,180,5,1,risky first
2170,2101,250.3517525,5,1,risky first
2014,2047,165.0817979,5,1,risky first
1975,2083,53.07541804,5,1,risky first
1975,2188,105,5,1,risky first
1849,2263,146.6321929,5,1,risky first
1669,2263,180,5,1,risky first
1489,2110,236.2392855,5,1,risky first
1309,1930,254.5584412,5,1,risky first
1129,1750,254.5584412,5,1,risky first
1117,1618,132.5443322,5,1,risky first
1144,1456,164.2345883,5,1,risky first
1297,1417,157.8923684,5,1,risky first
1414,1531,163.3554407,5,1,risky first
1534,1606,141.509717,5,1,risky first
1714,1639,183,5,1,risky first
1837,1810,210.6418762,5,1,risky first
1909,1990,193.8659331,5,1,risky first
2089,2038,186.2900964,5,1,risky first
2050,2098,71.56116265,5,1,risky first
1966,2098,84,5,1,risky first
1897,2044,87.6184912,5,1,risky first
1717,2044,180,5,1,risky first
1537,2044,180,5,1,risky first
1357,2044,180,5,1,risky first
1177,1879,244.1823089,5,1,risky first
1117,1699,189.7366596,5,1,risky first
1144,1519,182.0137357,5,1,risky first
1042,1438,130.2497601,5,1,risky first
886,1513,173.0924608,5,1,risky first
886,1693,180,5,1,risky first
907,1867,175.26266,5,1,risky first
1087,1900,183,5,1,risky first
1267,2038,226.8126981,5,1,risky first
1447,2038,180,5,1,risky first
1627,2089,187.0855419,5,1,risky first
1807,2089,180,5,1,risky first
1987,2089,180,5,1,risky first
2080,2176,127.3499117,5,1,risky first
1903,2185,177.2286659,5,1,risky first
1723,2203,180.8977612,5,1,risky first
1621,2308,146.3864748,5,1,risky first
1477,2287,145.523194,5,1,risky first
1297,2287,180,5,1,risky first
1117,2287,180,5,1,risky first
937,2149,226.8126981,5,1,risky first
757,1978,248.276056,5,1,risky first
814,1873,119.4738465,5,1,risky first
814,1693,180,5,1,risky first
847,1600,98.68130522,5,1,risky first
901,1600,54,5,1,risky first
1081,1600,180,5,1,risky first
1159,1459,161.136588,5,1,risky first
1132,1279,182.0137357,5,1,risky first
952,1240,184.1765457,5,1,risky first
862,1387,172.3629891,5,1,risky first
862,1543,156,5,1,risky first
934,1660,137.3790377,5,1,risky first
1114,1660,180,5,1,risky first
1294,1660,180,5,1,risky first
2419,2065,180,5,0,risky first
2599,1987,196.1733927,5,0,risky first
2779,1939,186.2900964,5,0,risky first
2854,2032,119.4738465,5,0,risky first
2854,2212,180,5,0,risky first
2743,2293,137.4117899,5,0,risky first
2623,2377,146.4786674,5,0,risky first
2548,2509,151.8189711,5,0,risky first
2368,2509,180,5,0,risky first
2188,2509,180,5,0,risky first
2008,2572,190.7065809,5,0,risky first
1828,2752,254.5584412,5,0,risky first
1648,2857,208.3866598,5,0,risky first
1468,2857,180,5,0,risky first
1288,2746,211.4734026,5,0,risky first
1108,2644,206.8912758,5,0,risky first
928,2824,254.5584412,5,0,risky first
748,2890,191.7185437,5,0,risky first
568,2737,236.2392855,5,0,risky first
502,2632,124.0201597,5,0,risky first
592,2452,201.246118,5,0,risky first
697,2272,208.3866598,5,0,risky first
697,2092,180,5,0,risky first
697,1912,180,5,0,risky first
697,1732,180,5,0,risky first
697,1552,180,5,0,risky first
697,1372,180,5,0,risky first
697,1192,180,5,0,risky first
697,1012,180,5,0,risky first
736,844,172.4673882,5,0,risky first
916,793,187.0855419,5,0,risky first
1096,748,185.5397532,5,0,risky first
1276,862,213.0633709,5,0,risky first
1456,1042,254.5584412,5,0,risky first
1636,1222,254.5584412,5,0,risky first
1816,1396,250.3517525,5,0,risky first
1864,1261,143.2794472,5,0,risky first
1969,1195,124.0201597,5,0,risky first
2146,1210,177.6344561,5,0,risky first
2173,1378,170.1558109,5,0,risky first
2353,1378,180,5,0,risky first
2500,1447,162.3884232,5,0,risky first
2569,1564,135.8307771,5,0,risky first
2746,1624,186.8930175,5,0,risky first
2926,1630,180.0999722,5,0,risky first
2941,1468,162.6929624,5,0,risky first
3049,1492,110.6345335,5,0,risky first
3154,1588,142.2708684,5,0,risky first
3298,1624,148.4318025,5,0,risky first
3166,1690,147.5804865,5,0,risky first
2986,1690,180,5,0,risky first
2806,1699,180.2248596,5,0,risky first
2719,1837,163.1349135,5,0,risky first
2539,1837,180,5,0,risky first
2359,1837,180,5,0,risky first
2329,1990,155.9134375,5,0,risky first
2155,2005,174.6453549,5,0,risky first
2188,2092,93.04837452,5,0,risky first
2266,1966,148.1890684,5,0,risky first
2446,1957,180.2248596,5,0,risky first
2626,1957,180,5,0,risky first
2704,1843,138.1303732,5,0,risky first
2704,1663,180,5,0,risky first
2866,1627,165.9518002,5,0,risky first
2929,1495,146.2634609,5,0,risky first
2929,1315,180,5,0,risky first
2929,1135,180,5,0,risky first
2929,955,180,5,0,risky first
2971,856,107.54069,5,0,risky first
3055,856,84,5,0,risky first
2875,856,180,5,0,risky first
2695,856,180,5,0,risky first
2515,856,180,5,0,risky first
2335,856,180,5,0,risky first
2155,856,180,5,0,risky first
1978,931,192.2342321,5,0,risky first
1900,1111,196.1733927,5,0,risky first
2014,1174,130.2497601,5,0,risky first
1834,1174,180,5,0,risky first
1654,1174,180,5,0,risky first
1630,1354,181.5929514,5,0,risky first
1672,1501,152.8823077,5,0,risky first
1771,1582,127.9140336,5,0,risky first
1816,1729,153.7335357,5,0,risky first
1996,1729,180,5,0,risky first
2176,1729,180,5,0,risky first
2335,1759,161.8054387,5,0,risky first
2365,1939,182.4828759,5,0,risky first
2239,2020,149.7898528,5,0,risky first
2065,2035,174.6453549,5,0,risky first
1999,1900,150.2697574,5,0,risky first
1819,1900,180,5,0,risky first
1714,1993,140.2640367,5,0,risky first
1549,1972,166.3309953,5,0,risky first
1549,1792,180,5,0,risky first
1549,1612,180,5,0,risky first
1549,1432,180,5,0,risky first
1549,1252,180,5,0,risky first
1549,1072,180,5,0,risky first
1549,892,180,5,0,risky first
1726,790,204.2865634,5,0,risky first
1837,856,129.1394595,5,0,risky first
1873,1003,151.3439791,5,0,risky first
1921,1144,148.946299,5,0,risky first
2014,1096,104.6565813,5,0,risky first
1924,1003,129.4179277,5,0,risky first
1744,1003,180,5,0,risky first
1564,1003,180,5,0,risky first
1384,1003,180,5,0,risky first
1279,1111,150.6286825,5,0,risky first
1099,1111,180,5,0,risky first
919,1111,180,5,0,risky first
838,982,152.3220273,5,0,risky first
733,913,125.6423495,5,0,risky first
733,868,45,5,0,risky first
733,874,6,5,0,risky first
733,1054,180,5,0,risky first
733,1234,180,5,0,risky first
892,1414,240.1686907,5,0,risky first
1072,1594,254.5584412,5,0,risky first
985,1720,153.1176019,5,0,risky first
985,1900,180,5,0,risky first
982,2080,180.0249983,5,0,risky first
802,2200,216.3330765,5,0,risky first
727,2317,138.9748179,5,0,risky first
751,2497,181.5929514,5,0,risky first
823,2677,193.8659331,5,0,risky first
823,2857,180,5,0,risky first
823,3037,180,5,0,risky first
730,3160,154.2011673,5,0,risky first
769,3313,157.8923684,5,0,risky first
949,3313,180,5,0,risky first
1129,3268,185.5397532,5,0,risky first
1309,3088,254.5584412,5,0,risky first
1489,2908,254.5584412,5,0,risky first
1669,2728,254.5584412,5,0,risky first
1849,2719,180.2248596,5,0,risky first
2029,2719,180,5,0,risky first
2209,2719,180,5,0,risky first
2254,2569,156.6045976,5,0,risky first
2356,2464,146.3864748,5,0,risky first
2536,2464,180,5,0,risky first
2716,2464,180,5,0,risky first
2896,2464,180,5,0,risky first
2995,2599,167.4096771,5,0,risky first
3040,2779,185.5397532,5,0,risky first
3220,2959,254.5584412,5,0,risky first
3322,2893,121.4907404,5,0,risky first
3322,2713,180,5,0,risky first
3322,2533,180,5,0,risky first
3322,2353,180,5,0,risky first
3322,2173,180,5,0,risky first
3310,1993,180.3995565,5,0,risky first
3130,1834,240.1686907,5,0,risky first
2950,1834,180,5,0,risky first
2770,1834,180,5,0,risky first
2590,1834,180,5,0,risky first
2410,1834,180,5,0,risky first
2296,1903,133.2553939,5,0,risky first
2272,2068,166.7363188,5,0,risky first
2092,2068,180,5,0,risky first
2224,2068,132,5,0,risky first
2404,1972,204,5,0,risky first
2584,1792,254.5584412,5,0,risky first
2764,1612,254.5584412,5,0,risky first
2944,1432,254.5584412,5,0,risky first
3121,1363,189.9736824,5,0,risky first
3283,1183,242.1652328,5,0,risky first
3184,1087,137.9021392,5,0,risky first
3100,979,136.821051,5,0,risky first
3040,799,189.7366596,5,0,risky first
2878,817,162.9969325,5,0,risky first
2878,997,180,5,0,risky first
2707,1015,171.9447586,5,0,risky first
2551,1057,161.5549442,5,0,risky first
2467,1195,161.5549442,5,0,risky first
2287,1267,193.8659331,5,0,risky first
2125,1192,178.5189066,5,0,risky first
2125,1081,111,5,0,risky first
2074,931,158.4329511,5,0,risky first
1942,982,141.509717,5,0,risky first
1942,1162,180,5,0,risky first
1918,1129,40.80441153,5,0,risky first
1813,1045,134.465609,5,0,risky first
1765,1204,166.0873264,5,0,risky first
1765,1384,180,5,0,risky first
1828,1564,190.7065809,5,0,risky first
2008,1744,254.5584412,5,0,risky first
2053,1924,185.5397532,5,0,risky first
2053,2104,180,5,0,risky first
1942,2191,141.0319113,5,0,risky first
1816,2134,138.2931669,5,0,risky first
1816,1954,180,5,0,risky first
1816,1774,180,5,0,risky first
1816,1594,180,5,0,risky first
1816,1414,180,5,0,risky first
1816,1234,180,5,0,risky first
1816,1054,180,5,0,risky first
1816,874,180,5,0,risky first
1843,784,93.96275858,5,0,risky first
1969,727,138.2931669,5,0,risky first
2053,850,148.946299,5,0,risky first
1960,952,138.0326048,5,0,risky first
1918,1102,155.7690598,5,0,risky first
1951,1183,87.46427842,5,0,risky first
1921,1015,170.6575518,5,0,risky first
2068,955,158.7734235,5,0,risky first
2068,835,120,5,0,risky first
2155,769,109.2016483,5,0,risky first
2335,769,180,5,0,risky first
2515,892,218.0114676,5,0,risky first
2695,1072,254.5584412,5,0,risky first
2659,1252,183.5647025,5,0,risky first
2812,1393,208.0624906,5,0,risky first
2923,1471,135.6650287,5,0,risky first
2749,1495,175.647374,5,0,risky first
2569,1495,180,5,0,risky first
2515,1639,153.7920674,5,0,risky first
2515,1819,180,5,0,risky first
2386,1999,221.4520264,5,0,risky first
2221,2083,185.1512895,5,0,risky first
2104,2062,118.8696765,5,0,risky first
2026,1957,130.8013761,5,0,risky first
1846,1957,180,5,0,risky first
1978,1957,132,5,0,risky first
2158,1957,180,5,0,risky first
2272,1882,136.458785,5,0,risky first
2272,1702,180,5,0,risky first
2386,1603,150.9867544,5,0,risky first
2566,1603,180,5,0,risky first
2746,1603,180,5,0,risky first
2875,1537,144.9034161,5,0,risky first
2929,1453,99.85990186,5,0,risky first
2749,1453,180,5,0,risky first
2569,1453,180,5,0,risky first
2464,1546,140.2640367,5,0,risky first
2464,1726,180,5,0,risky first
2464,1906,180,5,0,risky first
2293,2086,248.276056,5,0,risky first
2113,2092,180.0999722,5,0,risky first
1933,2092,180,5,0,risky first
1879,1930,170.7629936,5,0,risky first
1873,1750,180.0999722,5,0,risky first
1810,1570,190.7065809,5,0,risky first
1810,1390,180,5,0,risky first
1810,1210,180,5,0,risky first
1810,1030,180,5,0,risky first
1810,850,180,5,0,risky first
1909,748,142.1442929,5,0,risky first
2029,823,141.509717,5,0,risky first
1960,955,148.946299,5,0,risky first
1933,1111,158.3192976,5,0,risky first
1921,1138,29.54657341,5,0,risky first
1957,991,151.3439791,5,0,risky first
2056,886,144.3121616,5,0,risky first
2140,769,144.0312466,5,0,risky first
2314,841,188.3082579,5,0,risky first
2395,1021,197.3854098,5,0,risky first
2575,1201,254.5584412,5,0,risky first
2755,1381,254.5584412,5,0,risky first
2935,1399,180.8977612,5,0,risky first
2788,1438,152.0855023,5,0,risky first
2788,1618,180,5,0,risky first
2764,1798,181.5929514,5,0,risky first
2584,1807,180.2248596,5,0,risky first
2404,1840,183,5,0,risky first
2224,2020,254.5584412,5,0,risky first
2044,2014,180.0999722,5,0,risky first
1972,2128,134.8332303,5,0,risky first
1888,2017,139.2012931,5,0,risky first
2029,1966,149.939988,5,0,risky first
2209,1966,180,5,0,risky first
2389,1966,180,5,0,risky first
2569,1966,180,5,0,risky first
2749,1885,197.3854098,5,0,risky first
2929,1705,254.5584412,5,0,risky first
2977,1567,146.1095479,5,0,risky first
2896,1462,132.6122166,5,0,risky first
2716,1462,180,5,0,risky first
2554,1486,163.7681288,5,0,risky first
2530,1648,163.7681288,5,0,risky first
2350,1648,180,5,0,risky first
2170,1648,180,5,0,risky first
1990,1648,180,5,0,risky first
1810,1648,180,5,0,risky first
1630,1819,248.276056,5,0,risky first
1450,1927,209.9142682,5,0,risky first
1270,1747,254.5584412,5,0,risky first
1090,1567,254.5584412,5,0,risky first
910,1483,198.6353443,5,0,risky first
730,1483,180,5,0,risky first
817,1390,127.3499117,5,0,risky first
997,1390,180,5,0,risky first
1177,1390,180,5,0,risky first
1357,1390,180,5,0,risky first
1537,1390,180,5,0,risky first
1717,1390,180,5,0,risky first
1897,1453,190.7065809,5,0,risky first
2077,1633,254.5584412,5,0,risky first
2455,1876,254.56,6,0,safe first
2494,1696,184.1765457,6,0,safe first
2314,1516,254.5584412,6,0,safe first
2134,1336,254.5584412,6,0,safe first
1954,1252,198.6353443,6,0,safe first
2008,1432,187.9255172,6,0,safe first
2011,1612,180.0249983,6,0,safe first
2104,1792,202.6055281,6,0,safe first
2077,1972,182.0137357,6,0,safe first
2077,1957,15,6,0,safe first
2077,1777,180,6,0,safe first
2047,1597,182.4828759,6,0,safe first
1978,1417,192.7718859,6,0,safe first
1894,1255,182.4828759,6,0,safe first
1945,1129,135.9301291,6,0,safe first
2125,1198,192.7718859,6,0,safe first
2056,1378,192.7718859,6,0,safe first
2056,1558,180,6,0,safe first
2056,1738,180,6,0,safe first
2056,1918,180,6,0,safe first
2056,1951,33,6,0,safe first
2056,1771,180,6,0,safe first
2095,1591,184.1765457,6,0,safe first
2128,1411,183,6,0,safe first
2152,1231,181.5929514,6,0,safe first
2137,1051,180.6239187,6,0,safe first
1969,1132,186.5073725,6,0,safe first
2023,1078,76.36753237,6,0,safe first
2158,1120,141.38246,6,0,safe first
2143,1300,180.6239187,6,0,safe first
2071,1480,193.8659331,6,0,safe first
2071,1660,180,6,0,safe first
2071,1840,180,6,0,safe first
2071,1981,141,6,0,safe first
2125,1801,187.9255172,6,0,safe first
2125,1621,180,6,0,safe first
2155,1441,182.4828759,6,0,safe first
2155,1261,180,6,0,safe first
2140,1081,180.6239187,6,0,safe first
2122,988,94.72592042,6,0,safe first
1942,976,180.3995565,6,0,safe first
1969,1147,173.1184566,6,0,safe first
1900,1093,87.6184912,6,0,safe first
1807,1144,106.0660172,6,0,safe first
1843,1315,174.7483906,6,0,safe first
1954,1495,211.4734026,6,0,safe first
2023,1675,192.7718859,6,0,safe first
2023,1855,180,6,0,safe first
2050,2023,170.1558109,6,0,safe first
2077,1849,176.0823671,6,0,safe first
1948,1669,221.4520264,6,0,safe first
1882,1489,191.7185437,6,0,safe first
1804,1309,196.1733927,6,0,safe first
1804,1129,180,6,0,safe first
1723,1051,112.4499889,6,0,safe first
1543,1231,254.5584412,6,0,safe first
1363,1351,216.3330765,6,0,safe first
1183,1441,201.246118,6,0,safe first
1003,1534,202.6055281,6,0,safe first
823,1687,236.2392855,6,0,safe first
712,1528,193.9123513,6,0,safe first
841,1348,221.4520264,6,0,safe first
808,1168,183,6,0,safe first
799,988,180.2248596,6,0,safe first
748,808,187.0855419,6,0,safe first
910,820,162.4438364,6,0,safe first
1090,925,208.3866598,6,0,safe first
1270,745,254.5584412,6,0,safe first
1450,775,182.4828759,6,0,safe first
1630,766,180.2248596,6,0,safe first
1810,736,182.4828759,6,0,safe first
1990,703,183,6,0,safe first
2023,883,183,6,0,safe first
1951,994,132.3064624,6,0,safe first
1924,1153,161.2761607,6,0,safe first
2029,1075,130.8013761,6,0,safe first
2008,1075,21,6,0,safe first
1969,976,106.4048871,6,0,safe first
2068,886,133.7946187,6,0,safe first
2182,826,128.8254633,6,0,safe first
2245,1006,190.7065809,6,0,safe first
2245,1186,180,6,0,safe first
2245,1366,180,6,0,safe first
2245,1546,180,6,0,safe first
2185,1726,189.7366596,6,0,safe first
2110,1906,195,6,0,safe first
2191,2086,197.3854098,6,0,safe first
2371,2266,254.5584412,6,0,safe first
2551,2446,254.5584412,6,0,safe first
2671,2626,216.3330765,6,0,safe first
2815,2806,230.5124725,6,0,safe first
2941,2986,219.7180011,6,0,safe first
3106,3166,244.1823089,6,0,safe first
3286,3268,206.8912758,6,0,safe first
3268,3088,180.8977612,6,0,safe first
3343,2908,195,6,0,safe first
3190,2728,236.2392855,6,0,safe first
3184,2548,180.0999722,6,0,safe first
3184,2368,180,6,0,safe first
3187,2188,180.0249983,6,0,safe first
3226,2008,184.1765457,6,0,safe first
3142,1828,198.6353443,6,0,safe first
3190,1648,186.2900964,6,0,safe first
3010,1468,254.5584412,6,0,safe first
2830,1564,204,6,0,safe first
2650,1744,254.5584412,6,0,safe first
2470,1915,248.276056,6,0,safe first
2290,1957,184.8350616,6,0,safe first
2110,2056,205.4288198,6,0,safe first
2239,1936,176.1845623,6,0,safe first
2419,1756,254.5584412,6,0,safe first
2599,1651,208.3866598,6,0,safe first
2779,1642,180.2248596,6,0,safe first
2959,1465,252.4460338,6,0,safe first
2812,1630,220.9841623,6,0,safe first
2632,1810,254.5584412,6,0,safe first
2452,1990,254.5584412,6,0,safe first
2272,2080,201.246118,6,0,safe first
2095,2080,177,6,0,safe first
2260,1918,231.2336481,6,0,safe first
2440,1738,254.5584412,6,0,safe first
2620,1693,185.5397532,6,0,safe first
2800,1582,211.4734026,6,0,safe first
2914,1501,139.8463442,6,0,safe first
2734,1681,254.5584412,6,0,safe first
2554,1861,254.5584412,6,0,safe first
2374,2041,254.5584412,6,0,safe first
2194,2080,184.1765457,6,0,safe first
2179,2014,67.68308504,6,0,safe first
2359,1834,254.5584412,6,0,safe first
2539,1699,225,6,0,safe first
2719,1642,188.8094277,6,0,safe first
2899,1513,221.4520264,6,0,safe first
2830,1573,91.43850392,6,0,safe first
2650,1753,254.5584412,6,0,safe first
2470,1837,198.6353443,6,0,safe first
2290,1963,219.7180011,6,0,safe first
2134,2053,180.0999722,6,0,safe first
2314,1984,192.7718859,6,0,safe first
2494,1804,254.5584412,6,0,safe first
2674,1669,225,6,0,safe first
2854,1594,195,6,0,safe first
2929,1534,96.04686356,6,0,safe first
2749,1714,254.5584412,6,0,safe first
2569,1867,236.2392855,6,0,safe first
2389,1978,211.4734026,6,0,safe first
2209,2026,186.2900964,6,0,safe first
2203,1960,66.2721661,6,0,safe first
2383,1858,206.8912758,6,0,safe first
2563,1768,201.246118,6,0,safe first
2743,1669,205.4288198,6,0,safe first
2923,1489,254.5584412,6,0,safe first
2830,1627,166.412139,6,0,safe first
2650,1807,254.5584412,6,0,safe first
2470,1987,254.5584412,6,0,safe first
2290,2038,187.0855419,6,0,safe first
2137,2068,155.9134375,6,0,safe first
2317,1945,218.0114676,6,0,safe first
2497,1807,226.8126981,6,0,safe first
2677,1681,219.7180011,6,0,safe first
2857,1504,252.4460338,6,0,safe first
2812,1576,84.90583019,6,0,safe first
2632,1756,254.5584412,6,0,safe first
2452,1936,254.5584412,6,0,safe first
2272,2035,205.4288198,6,0,safe first
2167,2020,106.0660172,6,0,safe first
2347,1903,214.683488,6,0,safe first
2527,1735,246.2194143,6,0,safe first
2707,1642,202.6055281,6,0,safe first
2887,1462,254.5584412,6,0,safe first
2782,1588,164.0152432,6,0,safe first
2602,1768,254.5584412,6,0,safe first
2422,1948,254.5584412,6,0,safe first
2242,2020,193.8659331,6,0,safe first
2134,2044,110.6345335,6,0,safe first
2314,1930,213.0633709,6,0,safe first
2494,1792,226.8126981,6,0,safe first
2674,1666,219.7180011,6,0,safe first
2854,1570,204,6,0,safe first
2890,1510,69.97142274,6,0,safe first
2710,1687,252.4460338,6,0,safe first
2530,1777,201.246118,6,0,safe first
2350,1957,254.5584412,6,0,safe first
2170,2044,199.922485,6,0,safe first
2227,2002,70.80254233,6,0,safe first
2407,1861,228.6503881,6,0,safe first
2587,1735,219.7180011,6,0,safe first
2767,1624,211.4734026,6,0,safe first
2923,1489,206.303175,6,0,safe first
2746,1618,219.020547,6,0,safe first
2566,1777,240.1686907,6,0,safe first
2386,1939,242.1652328,6,0,safe first
2206,1969,182.4828759,6,0,safe first
2218,2038,70.03570518,6,0,safe first
2398,1909,221.4520264,6,0,safe first
2578,1792,214.683488,6,0,safe first
2758,1693,205.4288198,6,0,safe first
2938,1513,254.5584412,6,0,safe first
2881,1513,57,6,0,safe first
2872,1441,72.56031973,6,0,safe first
2920,1510,84.05355436,6,0,safe first
2923,1366,144.0312466,6,0,safe first
2743,1312,187.9255172,6,0,safe first
2731,1420,108.6646217,6,0,safe first
2911,1435,180.6239187,6,0,safe first
2860,1435,51,6,0,safe first
2680,1255,254.5584412,6,0,safe first
2500,1114,228.6503881,6,0,safe first
2320,1039,195,6,0,safe first
2179,859,228.6503881,6,0,safe first
2269,679,201.246118,6,0,safe first
2257,673,13.41640786,6,0,safe first
2077,790,214.683488,6,0,safe first
2008,952,176.0823671,6,0,safe first
1921,1090,163.1349135,6,0,safe first
1945,1162,75.89466384,6,0,safe first
1933,991,171.4205355,6,0,safe first
2053,889,157.492857,6,0,safe first
2176,865,125.3195914,6,0,safe first
2185,1045,180.2248596,6,0,safe first
2185,1225,180,6,0,safe first
2113,1405,193.8659331,6,0,safe first
2113,1585,180,6,0,safe first
2113,1765,180,6,0,safe first
2113,1945,180,6,0,safe first
2113,1924,21,6,0,safe first
2191,1744,196.1733927,6,0,safe first
2191,1564,180,6,0,safe first
2191,1384,180,6,0,safe first
2191,1204,180,6,0,safe first
2191,1024,180,6,0,safe first
2191,844,180,6,0,safe first
2035,823,157.4071155,6,0,safe first
1966,961,154.2886904,6,0,safe first
1924,1123,167.3559082,6,0,safe first
1936,1168,46.57252409,6,0,safe first
1927,988,180.2248596,6,0,safe first
2044,895,149.4590245,6,0,safe first
2146,802,138.0326048,6,0,safe first
2176,982,182.4828759,6,0,safe first
2176,1162,180,6,0,safe first
2122,1342,187.9255172,6,0,safe first
2095,1522,182.0137357,6,0,safe first
2095,1702,180,6,0,safe first
2095,1882,180,6,0,safe first
2164,1927,82.37718131,6,0,safe first
2212,1747,186.2900964,6,0,safe first
2212,1567,180,6,0,safe first
2212,1387,180,6,0,safe first
2212,1207,180,6,0,safe first
2212,1027,180,6,0,safe first
2131,847,197.3854098,6,0,safe first
2059,883,80.49844719,6,0,safe first
1999,994,126.1784451,6,0,safe first
1960,1105,117.6520293,6,0,safe first
1900,1135,67.08203932,6,0,safe first
1945,970,171.0263138,6,0,safe first
2044,865,144.3121616,6,0,safe first
2155,862,111.0405331,6,0,safe first
2155,1042,180,6,0,safe first
2155,1222,180,6,0,safe first
2155,1402,180,6,0,safe first
2092,1582,190.7065809,6,0,safe first
2092,1762,180,6,0,safe first
2092,1942,180,6,0,safe first
2170,1912,83.57032966,6,0,safe first
2173,1732,180.0249983,6,0,safe first
2173,1552,180,6,0,safe first
2173,1372,180,6,0,safe first
2173,1192,180,6,0,safe first
2173,1012,180,6,0,safe first
2173,832,180,6,0,safe first
2035,856,140.0714104,6,0,safe first
1942,970,147.122398,6,0,safe first
1978,1147,180.6239187,6,0,safe first
1900,1090,96.60745313,6,0,safe first
2008,952,175.2369824,6,0,safe first
2086,796,174.4133022,6,0,safe first
2155,925,146.2942241,6,0,safe first
2155,1105,180,6,0,safe first
2155,1285,180,6,0,safe first
2155,1465,180,6,0,safe first
2140,1645,180.6239187,6,0,safe first
2086,1825,187.9255172,6,0,safe first
2086,1999,174,6,0,safe first
2200,1831,203.0270918,6,0,safe first
2200,1651,180,6,0,safe first
2200,1471,180,6,0,safe first
2200,1291,180,6,0,safe first
2200,1111,180,6,0,safe first
2200,931,180,6,0,safe first
2059,811,185.1512895,6,0,safe first
2050,910,99.40824915,6,0,safe first
1939,985,133.9626814,6,0,safe first
2002,1162,187.8776197,6,0,safe first
1900,1063,142.1442929,6,0,safe first
2011,967,146.7548977,6,0,safe first
2077,811,169.3871306,6,0,safe first
2152,946,154.4344521,6,0,safe first
2473,2146,197.38,6,1,safe first
2653,2152,180.0999722,6,1,safe first
2833,2182,182.4828759,6,1,safe first
2950,2317,178.6448992,6,1,safe first
2995,2449,139.4596716,6,1,safe first
2995,2629,180,6,1,safe first
2824,2809,248.276056,6,1,safe first
2797,2989,182.0137357,6,1,safe first
2632,3169,244.1823089,6,1,safe first
2452,3181,180.3995565,6,1,safe first
2272,3043,226.8126981,6,1,safe first
2248,2863,181.5929514,6,1,safe first
2152,2683,204,6,1,safe first
2152,2503,180,6,1,safe first
2152,2323,180,6,1,safe first
2008,2176,205.7790077,6,1,safe first
1936,2014,177.2794404,6,1,safe first
1936,1834,180,6,1,safe first
1936,1654,180,6,1,safe first
1954,1474,180.8977612,6,1,safe first
2134,1378,204,6,1,safe first
2098,1198,183.5647025,6,1,safe first
2278,1117,197.3854098,6,1,safe first
2383,1168,116.7304588,6,1,safe first
2425,1348,184.8350616,6,1,safe first
2410,1528,180.6239187,6,1,safe first
2251,1708,240.1686907,6,1,safe first
2164,1888,199.922485,6,1,safe first
2092,2059,185.5397532,6,1,safe first
2041,1894,172.7020556,6,1,safe first
1990,1714,187.0855419,6,1,safe first
1948,1534,184.8350616,6,1,safe first
1966,1354,180.8977612,6,1,safe first
2017,1210,152.7645247,6,1,safe first
1897,1273,135.532284,6,1,safe first
1933,1450,180.6239187,6,1,safe first
2062,1543,159.0282994,6,1,safe first
1972,1645,136.0294086,6,1,safe first
1972,1645,0,6,1,safe first
1912,1495,161.5549442,6,1,safe first
1843,1315,192.7718859,6,1,safe first
1969,1165,195.8979326,6,1,safe first
2149,1132,183,6,1,safe first
2326,1084,183.3930206,6,1,safe first
2377,1084,51,6,1,safe first
2401,1084,24,6,1,safe first
2581,1213,221.4520264,6,1,safe first
2644,1393,190.7065809,6,1,safe first
2464,1573,254.5584412,6,1,safe first
2284,1753,254.5584412,6,1,safe first
2146,1933,226.8126981,6,1,safe first
1972,2011,190.682983,6,1,safe first
2101,2083,147.732867,6,1,safe first
2101,2116,33,6,1,safe first
1978,2041,144.0624864,6,1,safe first
1897,1885,175.7754249,6,1,safe first
1897,1705,180,6,1,safe first
2011,1525,213.0633709,6,1,safe first
1972,1345,184.1765457,6,1,safe first
1936,1165,183.5647025,6,1,safe first
1840,985,204,6,1,safe first
1957,805,214.683488,6,1,safe first
2137,667,226.8126981,6,1,safe first
2317,838,248.276056,6,1,safe first
2467,1018,234.3074903,6,1,safe first
2302,1120,193.9819579,6,1,safe first
2239,1084,72.56031973,6,1,safe first
2107,1138,142.6183719,6,1,safe first
2014,1126,93.77099765,6,1,safe first
1900,1087,120.4865138,6,1,safe first
1885,1267,180.6239187,6,1,safe first
2065,1447,254.5584412,6,1,safe first
2074,1627,180.2248596,6,1,safe first
2044,1666,49.2036584,6,1,safe first
2044,1507,159,6,1,safe first
1960,1327,198.6353443,6,1,safe first
1882,1219,133.2216199,6,1,safe first
1885,1039,180.0249983,6,1,safe first
2026,1060,142.5552524,6,1,safe first
2134,1120,123.5475617,6,1,safe first
2257,1036,148.946299,6,1,safe first
2278,1216,181.2208597,6,1,safe first
2278,1396,180,6,1,safe first
2215,1576,190.7065809,6,1,safe first
2209,1756,180.0999722,6,1,safe first
2155,1936,187.9255172,6,1,safe first
2050,2011,129.034879,6,1,safe first
2050,1831,180,6,1,safe first
2050,1651,180,6,1,safe first
2050,1471,180,6,1,safe first
1966,1300,190.5177157,6,1,safe first
1885,1270,86.37708029,6,1,safe first
1885,1090,180,6,1,safe first
2050,1051,169.5464538,6,1,safe first
2101,1180,138.7155363,6,1,safe first
2176,1075,129.034879,6,1,safe first
2077,1075,99,6,1,safe first
2008,1033,80.77747211,6,1,safe first
1918,1135,136.0294086,6,1,safe first
1918,1315,180,6,1,safe first
2029,1495,211.4734026,6,1,safe first
2029,1675,180,6,1,safe first
2029,1855,180,6,1,safe first
2041,2035,180.3995565,6,1,safe first
2221,2197,242.1652328,6,1,safe first
2401,2197,180,6,1,safe first
2581,2197,180,6,1,safe first
2761,2197,180,6,1,safe first
2812,2341,152.7645247,6,1,safe first
2965,2383,158.6600139,6,1,safe first
3118,2443,164.3441511,6,1,safe first
3298,2515,193.8659331,6,1,safe first
3352,2656,150.9867544,6,1,safe first
3268,2836,198.6353443,6,1,safe first
3160,3016,209.9142682,6,1,safe first
3250,3196,201.246118,6,1,safe first
3088,3343,218.7532857,6,1,safe first
2908,3235,209.9142682,6,1,safe first
2728,3235,180,6,1,safe first
2548,3235,180,6,1,safe first
2368,3235,180,6,1,safe first
2188,3235,180,6,1,safe first
2008,3214,181.2208597,6,1,safe first
1828,3133,197.3854098,6,1,safe first
1648,3274,228.6503881,6,1,safe first
1468,3274,180,6,1,safe first
1288,3232,184.8350616,6,1,safe first
1108,3283,187.0855419,6,1,safe first
928,3283,180,6,1,safe first
748,3283,180,6,1,safe first
625,3121,203.4035398,6,1,safe first
625,2941,180,6,1,safe first
703,2761,196.1733927,6,1,safe first
883,2581,254.5584412,6,1,safe first
826,2401,188.8094277,6,1,safe first
793,2221,183,6,1,safe first
757,2041,183.5647025,6,1,safe first
757,1861,180,6,1,safe first
757,1681,180,6,1,safe first
757,1501,180,6,1,safe first
757,1321,180,6,1,safe first
760,1141,180.0249983,6,1,safe first
754,961,180.0999722,6,1,safe first
763,781,180.2248596,6,1,safe first
943,787,180.0999722,6,1,safe first
1123,967,254.5584412,6,1,safe first
1171,931,60,6,1,safe first
991,1033,206.8912758,6,1,safe first
1153,1213,242.1652328,6,1,safe first
1165,1393,180.3995565,6,1,safe first
1279,1573,213.0633709,6,1,safe first
1459,1609,183.5647025,6,1,safe first
1636,1639,179.5243716,6,1,safe first
1594,1819,184.8350616,6,1,safe first
1630,1852,48.83646179,6,1,safe first
1810,1852,180,6,1,safe first
1951,1903,149.939988,6,1,safe first
2053,2026,159.7904878,6,1,safe first
1873,1927,205.4288198,6,1,safe first
1693,1804,218.0114676,6,1,safe first
1513,1711,202.6055281,6,1,safe first
1333,1606,208.3866598,6,1,safe first
1153,1465,228.6503881,6,1,safe first
1084,1636,184.3963123,6,1,safe first
1264,1792,238.1931989,6,1,safe first
1444,1843,187.0855419,6,1,safe first
1573,1849,129.1394595,6,1,safe first
1675,1849,102,6,1,safe first
1855,1993,230.5124725,6,1,safe first
2035,2020,182.0137357,6,1,safe first
1921,2077,127.4558747,6,1,safe first
1741,2017,189.7366596,6,1,safe first
1591,1903,188.4038216,6,1,safe first
1450,1777,189.0952141,6,1,safe first
1270,1762,180.6239187,6,1,safe first
1231,1591,175.3909918,6,1,safe first
1141,1420,193.238195,6,1,safe first
961,1546,219.7180011,6,1,safe first
889,1684,155.6534613,6,1,safe first
1069,1864,254.5584412,6,1,safe first
1249,2044,254.5584412,6,1,safe first
1429,2074,182.4828759,6,1,safe first
1609,2074,180,6,1,safe first
1789,2074,180,6,1,safe first
1969,2074,180,6,1,safe first
1954,2059,21.21320344,6,1,safe first
1774,1879,254.5584412,6,1,safe first
1594,1804,195,6,1,safe first
1414,1804,180,6,1,safe first
1234,1804,180,6,1,safe first
1108,1633,212.407627,6,1,safe first
1264,1597,160.0999688,6,1,safe first
1099,1663,177.7104386,6,1,safe first
919,1738,195,6,1,safe first
874,1708,54.08326913,6,1,safe first
880,1669,39.45883931,6,1,safe first
916,1612,67.41661516,6,1,safe first
955,1489,129.034879,6,1,safe first
883,1582,117.6137747,6,1,safe first
883,1582,0,6,1,safe first
946,1582,63,6,1,safe first
985,1501,89.89994438,6,1,safe first
853,1516,132.849539,6,1,safe first
877,1552,43.26661531,6,1,safe first
871,1552,6,6,1,safe first
877,1651,99.18165153,6,1,safe first
907,1666,33.54101966,6,1,safe first
1063,1579,178.6197078,6,1,safe first
1081,1522,59.77457654,6,1,safe first
1057,1702,181.5929514,6,1,safe first
1237,1882,254.5584412,6,1,safe first
1417,1918,183.5647025,6,1,safe first
1597,1876,184.8350616,6,1,safe first
1696,1876,99,6,1,safe first
1876,1978,206.8912758,6,1,safe first
2050,2068,195.8979326,6,1,safe first
1873,1996,191.0837513,6,1,safe first
1693,1900,204,6,1,safe first
1513,1975,195,6,1,safe first
1477,1975,36,6,1,safe first
1657,2149,250.3517525,6,1,safe first
1837,2059,201.246118,6,1,safe first
1966,2041,130.2497601,6,1,safe first
1933,2068,42.63801121,6,1,safe first
1753,2248,254.5584412,6,1,safe first
1627,2290,132.8156617,6,1,safe first
1564,2233,84.95881355,6,1,safe first
1384,2053,254.5584412,6,1,safe first
1204,1873,254.5584412,6,1,safe first
1117,1693,199.922485,6,1,safe first
1135,1513,180.8977612,6,1,safe first
1255,1486,123,6,1,safe first
1435,1666,254.5584412,6,1,safe first
1465,1846,182.4828759,6,1,safe first
1405,2026,189.7366596,6,1,safe first
1585,2206,254.5584412,6,1,safe first
1636,2314,119.4361754,6,1,safe first
1717,2392,112.4499889,6,1,safe first
1897,2245,232.3983649,6,1,safe first
2068,2065,248.276056,6,1,safe first
1948,2104,126.1784451,6,1,safe first
1768,2284,254.5584412,6,1,safe first
1633,2305,136.6235704,6,1,safe first
1507,2197,165.9518002,6,1,safe first
1327,2017,254.5584412,6,1,safe first
1147,1837,254.5584412,6,1,safe first
1114,1657,183,6,1,safe first
1138,1477,181.5929514,6,1,safe first
1285,1498,148.492424,6,1,safe first
1465,1678,254.5584412,6,1,safe first
1552,1858,199.922485,6,1,safe first
1552,1996,138,6,1,safe first
1672,2176,216.3330765,6,1,safe first
1852,2296,216.3330765,6,1,safe first
2032,2389,202.6055281,6,1,safe first
2212,2365,181.5929514,6,1,safe first
2200,2185,180.3995565,6,1,safe first
2020,2062,218.0114676,6,1,safe first
1957,2062,63,6,1,safe first
1777,2062,180,6,1,safe first
1597,1951,211.4734026,6,1,safe first
1417,1870,197.3854098,6,1,safe first
1237,1768,206.8912758,6,1,safe first
1177,1588,189.7366596,6,1,safe first
1180,1462,126.0357092,6,1,safe first
1291,1642,211.4734026,6,1,safe first
1471,1822,254.5584412,6,1,safe first
1600,2002,221.4520264,6,1,safe first
1780,2167,244.1823089,6,1,safe first
1960,2308,228.6503881,6,1,safe first
2140,2488,254.5584412,6,1,safe first
2077,2551,89.09545443,6,1,safe first
1945,2371,223.2129029,6,1,safe first
1981,2218,157.1782428,6,1,safe first
1801,2299,197.3854098,6,1,safe first
1639,2317,162.9969325,6,1,safe first
1639,2296,21,6,1,safe first
1717,2266,83.57032966,6,1,safe first
1555,2089,239.9437434,6,1,safe first
1630,1909,195,6,1,safe first
1810,1729,254.5584412,6,1,safe first
1990,1813,198.6353443,6,1,safe first
2140,1993,234.3074903,6,1,safe first
1960,2173,254.5584412,6,1,safe first
1780,2266,202.6055281,6,1,safe first
1600,2086,254.5584412,6,1,safe first
1420,1906,254.5584412,6,1,safe first
1240,1726,254.5584412,6,1,safe first
1177,1546,190.7065809,6,1,safe first
1276,1369,202.8053254,6,1,safe first
1456,1531,242.1652328,6,1,safe first
1630,1711,250.3517525,6,1,safe first
2176,2065,0,7,1,risky first
2188,2065,12,7,1,risky first
2368,2065,180,7,1,risky first
2482,1930,176.6946519,7,1,risky first
2662,1759,248.276056,7,1,risky first
2806,1672,168.2408987,7,1,risky first
2836,1501,173.6116356,7,1,risky first
2851,1333,168.6683136,7,1,risky first
3031,1306,182.0137357,7,1,risky first
3211,1126,254.5584412,7,1,risky first
3313,946,206.8912758,7,1,risky first
3415,820,162.111073,7,1,risky first
3268,814,147.122398,7,1,risky first
3106,814,162,7,1,risky first
2926,814,180,7,1,risky first
2746,775,184.1765457,7,1,risky first
2566,859,198.6353443,7,1,risky first
2386,964,208.3866598,7,1,risky first
2206,964,180,7,1,risky first
2065,1102,197.2941966,7,1,risky first
2146,1225,147.2752525,7,1,risky first
2146,1405,180,7,1,risky first
2146,1585,180,7,1,risky first
2167,1765,181.2208597,7,1,risky first
2266,1780,100.1299156,7,1,risky first
2221,1948,173.9223965,7,1,risky first
2125,2038,131.5902732,7,1,risky first
2026,2005,104.3551628,7,1,risky first
2026,1825,180,7,1,risky first
2026,1720,105,7,1,risky first
2026,1813,93,7,1,risky first
2026,1825,12,7,1,risky first
2026,1645,180,7,1,risky first
2026,1465,180,7,1,risky first
1975,1285,187.0855419,7,1,risky first
2041,1120,177.7104386,7,1,risky first
2107,1135,67.68308504,7,1,risky first
2203,1216,125.6065285,7,1,risky first
2215,1366,150.4792344,7,1,risky first
2215,1546,180,7,1,risky first
2215,1726,180,7,1,risky first
2215,1906,180,7,1,risky first
2167,2086,186.2900964,7,1,risky first
1987,2095,180.2248596,7,1,risky first
1945,2062,53.41348144,7,1,risky first
1945,2047,15,7,1,risky first
1945,1867,180,7,1,risky first
1945,1687,180,7,1,risky first
1945,1507,180,7,1,risky first
1945,1327,180,7,1,risky first
1945,1147,180,7,1,risky first
2029,1012,159,7,1,risky first
2065,1192,183.5647025,7,1,risky first
2101,1090,108.1665383,7,1,risky first
1972,1033,141.0319113,7,1,risky first
1924,1177,151.7893277,7,1,risky first
1924,1357,180,7,1,risky first
1924,1537,180,7,1,risky first
1933,1714,177.2286659,7,1,risky first
2005,1834,139.9428455,7,1,risky first
2005,1915,81,7,1,risky first
2005,1792,123,7,1,risky first
2005,1612,180,7,1,risky first
1978,1453,161.2761607,7,1,risky first
1912,1321,147.5804865,7,1,risky first
1912,1141,180,7,1,risky first
1987,1030,133.9626814,7,1,risky first
2041,1162,142.6183719,7,1,risky first
2056,1186,28.3019434,7,1,risky first
2050,1075,111.1620439,7,1,risky first
2050,1003,72,7,1,risky first
2194,1003,144,7,1,risky first
2308,1063,128.8254633,7,1,risky first
2383,1096,81.9390017,7,1,risky first
2542,1120,160.8011194,7,1,risky first
2542,1300,180,7,1,risky first
2542,1480,180,7,1,risky first
2488,1660,187.9255172,7,1,risky first
2344,1840,230.5124725,7,1,risky first
2230,2020,213.0633709,7,1,risky first
2128,2116,140.0714104,7,1,risky first
2029,2044,122.4132346,7,1,risky first
1951,1966,110.3086579,7,1,risky first
1951,1786,180,7,1,risky first
1951,1606,180,7,1,risky first
1951,1426,180,7,1,risky first
1951,1246,180,7,1,risky first
1951,1081,165,7,1,risky first
1969,1036,48.46648326,7,1,risky first
2056,1042,87.20665112,7,1,risky first
1903,1042,153,7,1,risky first
1813,1177,162.2498074,7,1,risky first
1903,1357,201.246118,7,1,risky first
2083,1528,248.276056,7,1,risky first
2089,1447,81.22191822,7,1,risky first
2089,1447,0,7,1,risky first
2038,1468,55.15432893,7,1,risky first
1939,1363,144.3121616,7,1,risky first
1939,1183,180,7,1,risky first
1978,1051,137.640837,7,1,risky first
2056,1147,123.6931688,7,1,risky first
2137,1147,81,7,1,risky first
2029,1078,128.1600562,7,1,risky first
1957,1015,95.67131231,7,1,risky first
1903,1129,126.1427762,7,1,risky first
1903,1309,180,7,1,risky first
1903,1489,180,7,1,risky first
1903,1669,180,7,1,risky first
1903,1849,180,7,1,risky first
1903,1915,66,7,1,risky first
1903,1816,99,7,1,risky first
1903,1636,180,7,1,risky first
1903,1456,180,7,1,risky first
1903,1276,180,7,1,risky first
1768,1243,138.9748179,7,1,risky first
1591,1228,177.6344561,7,1,risky first
1591,1048,180,7,1,risky first
1591,868,180,7,1,risky first
1684,688,202.6055281,7,1,risky first
1858,514,246.0731599,7,1,risky first
1858,619,105,7,1,risky first
2038,619,180,7,1,risky first
2218,619,180,7,1,risky first
2398,619,180,7,1,risky first
2578,706,199.922485,7,1,risky first
2692,886,213.0633709,7,1,risky first
2665,1066,182.0137357,7,1,risky first
2620,1246,185.5397532,7,1,risky first
2620,1426,180,7,1,risky first
2503,1606,214.683488,7,1,risky first
2470,1786,183,7,1,risky first
2470,1966,180,7,1,risky first
2470,2146,180,7,1,risky first
2470,2326,180,7,1,risky first
2404,2506,191.7185437,7,1,risky first
2224,2656,234.3074903,7,1,risky first
2044,2542,213.0633709,7,1,risky first
1864,2401,228.6503881,7,1,risky first
1684,2221,254.5584412,7,1,risky first
1504,2071,234.3074903,7,1,risky first
1333,2071,171,7,1,risky first
1153,2020,187.0855419,7,1,risky first
973,1840,254.5584412,7,1,risky first
793,1660,254.5584412,7,1,risky first
934,1645,141.7956276,7,1,risky first
1021,1567,116.8460526,7,1,risky first
1105,1468,129.8345101,7,1,risky first
1177,1558,115.2562363,7,1,risky first
1213,1732,177.6851147,7,1,risky first
1393,1732,180,7,1,risky first
1573,1786,187.9255172,7,1,risky first
1594,1687,101.2027668,7,1,risky first
1735,1630,152.0855023,7,1,risky first
1915,1630,180,7,1,risky first
1987,1696,97.67292358,7,1,risky first
2065,1696,78,7,1,risky first
2230,1720,166.7363188,7,1,risky first
2230,1900,180,7,1,risky first
2161,2026,143.6558387,7,1,risky first
1990,2044,171.9447586,7,1,risky first
1810,2044,180,7,1,risky first
1630,1909,225,7,1,risky first
1450,1729,254.5584412,7,1,risky first
1270,1549,254.5584412,7,1,risky first
1162,1435,157.0350279,7,1,risky first
1342,1603,246.2194143,7,1,risky first
1522,1783,254.5584412,7,1,risky first
1702,1963,254.5584412,7,1,risky first
1849,2056,173.9482682,7,1,risky first
2029,2056,180,7,1,risky first
1930,1987,120.6731122,7,1,risky first
1750,1807,254.5584412,7,1,risky first
1570,1669,226.8126981,7,1,risky first
1390,1534,225,7,1,risky first
1225,1426,197.2029412,7,1,risky first
1246,1474,52.39274759,7,1,risky first
1426,1654,254.5584412,7,1,risky first
1606,1834,254.5584412,7,1,risky first
1786,2014,254.5584412,7,1,risky first
1966,2020,180.0999722,7,1,risky first
1990,2020,24,7,1,risky first
1810,1876,230.5124725,7,1,risky first
1630,1846,182.4828759,7,1,risky first
1450,1669,252.4460338,7,1,risky first
1270,1489,254.5584412,7,1,risky first
1156,1474,114.9826074,7,1,risky first
1063,1654,202.6055281,7,1,risky first
1213,1825,227.466481,7,1,risky first
1354,2005,228.6503881,7,1,risky first
1534,2152,232.3983649,7,1,risky first
1714,1972,254.5584412,7,1,risky first
1879,2050,182.5075341,7,1,risky first
2059,2050,180,7,1,risky first
2074,1912,138.8128236,7,1,risky first
1966,1876,113.8419958,7,1,risky first
1795,1756,208.9042843,7,1,risky first
1639,1627,202.4277649,7,1,risky first
1525,1627,114,7,1,risky first
1399,1561,142.2392351,7,1,risky first
1354,1567,45.39823785,7,1,risky first
1354,1747,180,7,1,risky first
1354,1927,180,7,1,risky first
1267,2107,199.922485,7,1,risky first
1156,2287,211.4734026,7,1,risky first
1156,2461,174,7,1,risky first
1150,2527,66.2721661,7,1,risky first
970,2527,180,7,1,risky first
790,2404,218.0114676,7,1,risky first
610,2269,225,7,1,risky first
535,2275,75.23961722,7,1,risky first
535,2338,63,7,1,risky first
535,2158,180,7,1,risky first
643,2083,131.487642,7,1,risky first
823,2083,180,7,1,risky first
859,1999,91.38927727,7,1,risky first
859,1819,180,7,1,risky first
898,1717,109.2016483,7,1,risky first
898,1669,48,7,1,risky first
898,1669,0,7,1,risky first
898,1669,0,7,1,risky first
997,1669,99,7,1,risky first
916,1657,81.88406438,7,1,risky first
883,1657,33,7,1,risky first
901,1657,18,7,1,risky first
904,1684,27.16615541,7,1,risky first
904,1684,0,7,1,risky first
904,1684,0,7,1,risky first
1018,1684,114,7,1,risky first
1171,1666,154.0551849,7,1,risky first
1171,1486,180,7,1,risky first
1177,1591,105.1712889,7,1,risky first
1357,1771,254.5584412,7,1,risky first
1537,1951,254.5584412,7,1,risky first
1717,2131,254.5584412,7,1,risky first
1897,2092,184.1765457,7,1,risky first
2050,2092,153,7,1,risky first
1870,2146,187.9255172,7,1,risky first
1777,2173,96.84007435,7,1,risky first
1885,2110,125.0319959,7,1,risky first
1954,2014,118.224363,7,1,risky first
1954,2014,0,7,1,risky first
1951,2014,3,7,1,risky first
1771,1843,248.276056,7,1,risky first
1591,1834,180.2248596,7,1,risky first
1411,1654,254.5584412,7,1,risky first
1231,1528,219.7180011,7,1,risky first
1066,1459,178.8463027,7,1,risky first
1066,1459,0,7,1,risky first
1159,1459,93,7,1,risky first
1228,1552,115.8015544,7,1,risky first
1357,1732,221.4520264,7,1,risky first
1537,1855,218.0114676,7,1,risky first
1717,1963,209.9142682,7,1,risky first
1897,2056,202.6055281,7,1,risky first
2059,2056,162,7,1,risky first
1882,1906,232.0107756,7,1,risky first
1702,1759,232.3983649,7,1,risky first
1522,1747,180.3995565,7,1,risky first
1342,1636,211.4734026,7,1,risky first
1162,1456,254.5584412,7,1,risky first
1309,1486,150.029997,7,1,risky first
1489,1663,252.4460338,7,1,risky first
1669,1843,254.5584412,7,1,risky first
1849,2023,254.5584412,7,1,risky first
2029,2053,182.4828759,7,1,risky first
1927,1960,138.0326048,7,1,risky first
1747,1780,254.5584412,7,1,risky first
1567,1600,254.5584412,7,1,risky first
1387,1498,206.8912758,7,1,risky first
1207,1468,182.4828759,7,1,risky first
1210,1543,75.05997602,7,1,risky first
1390,1723,254.5584412,7,1,risky first
1570,1891,246.2194143,7,1,risky first
1750,1912,181.2208597,7,1,risky first
1894,2053,201.5365972,7,1,risky first
2056,2080,164.2345883,7,1,risky first
2056,2053,27,7,1,risky first
1912,1918,197.3854098,7,1,risky first
1732,1738,254.5584412,7,1,risky first
1552,1657,197.3854098,7,1,risky first
1381,1531,212.407627,7,1,risky first
1201,1531,180,7,1,risky first
1021,1531,180,7,1,risky first
865,1531,156,7,1,risky first
829,1531,36,7,1,risky first
2281,2065,105,7,0,risky first
2461,2065,180,7,0,risky first
2596,2065,135,7,0,risky first
2596,2128,63,7,0,risky first
2593,2230,102.0441081,7,0,risky first
2554,2242,40.80441153,7,0,risky first
2554,2392,150,7,0,risky first
2698,2392,144,7,0,risky first
2782,2347,95.29428105,7,0,risky first
2782,2167,180,7,0,risky first
2914,2137,135.3661701,7,0,risky first
2986,2059,106.1508361,7,0,risky first
3073,1960,131.7952958,7,0,risky first
3178,1867,140.2640367,7,0,risky first
3283,1777,138.2931669,7,0,risky first
3271,1678,99.72462083,7,0,risky first
3103,1678,168,7,0,risky first
3058,1627,68.01470429,7,0,risky first
3043,1528,100.1299156,7,0,risky first
3043,1444,84,7,0,risky first
2914,1426,130.2497601,7,0,risky first
2914,1492,66,7,0,risky first
2914,1627,135,7,0,risky first
2914,1807,180,7,0,risky first
2737,1813,177.1016657,7,0,risky first
2557,1813,180,7,0,risky first
2377,1813,180,7,0,risky first
2290,1930,145.8012346,7,0,risky first
2170,2011,144.7791421,7,0,risky first
2068,2041,106.3202709,7,0,risky first
2083,1978,64.76109943,7,0,risky first
2263,1798,254.5584412,7,0,risky first
2443,1618,254.5584412,7,0,risky first
2623,1438,254.5584412,7,0,risky first
2773,1321,190.2340663,7,0,risky first
2848,1444,144.0624864,7,0,risky first
2878,1444,30,7,0,risky first
2698,1444,180,7,0,risky first
2518,1624,254.5584412,7,0,risky first
2386,1804,223.2129029,7,0,risky first
2206,1975,248.276056,7,0,risky first
2044,2044,176.0823671,7,0,risky first
2020,2044,24,7,0,risky first
2119,1969,124.2014493,7,0,risky first
2299,1819,234.3074903,7,0,risky first
2479,1639,254.5584412,7,0,risky first
2659,1459,254.5584412,7,0,risky first
2689,1387,78,7,0,risky first
2776,1249,163.1349135,7,0,risky first
2872,1288,103.6194962,7,0,risky first
2947,1399,133.9626814,7,0,risky first
2851,1336,114.8259553,7,0,risky first
2818,1300,48.83646179,7,0,risky first
2698,1372,139.9428455,7,0,risky first
2518,1552,254.5584412,7,0,risky first
2443,1648,121.823643,7,0,risky first
2443,1828,180,7,0,risky first
2308,2008,225,7,0,risky first
2155,2092,174.5422585,7,0,risky first
2065,2038,104.9571341,7,0,risky first
2065,1858,180,7,0,risky first
1933,1798,144.9965517,7,0,risky first
1813,1726,139.9428455,7,0,risky first
1633,1726,180,7,0,risky first
1453,1753,182.0137357,7,0,risky first
1273,1879,219.7180011,7,0,risky first
1093,1990,211.4734026,7,0,risky first
913,2125,225,7,0,risky first
844,2029,118.224363,7,0,risky first
745,1924,144.3121616,7,0,risky first
697,1837,99.36297097,7,0,risky first
700,2017,180.0249983,7,0,risky first
700,2197,180,7,0,risky first
772,2377,193.8659331,7,0,risky first
865,2539,186.7966809,7,0,risky first
763,2617,128.4056074,7,0,risky first
895,2788,216.0208323,7,0,risky first
895,2896,108,7,0,risky first
958,3025,143.5618334,7,0,risky first
874,3157,156.4608577,7,0,risky first
748,3169,126.5701387,7,0,risky first
928,3169,180,7,0,risky first
1108,3169,180,7,0,risky first
1288,3169,180,7,0,risky first
1468,3169,180,7,0,risky first
1648,3169,180,7,0,risky first
1828,3169,180,7,0,risky first
1921,3274,140.2640367,7,0,risky first
1978,3094,188.8094277,7,0,risky first
1903,2914,195,7,0,risky first
1909,2857,57.31491952,7,0,risky first
1909,2689,168,7,0,risky first
1909,2509,180,7,0,risky first
1804,2389,159.4521872,7,0,risky first
1903,2389,99,7,0,risky first
2026,2488,157.8923684,7,0,risky first
2206,2668,254.5584412,7,0,risky first
2386,2848,254.5584412,7,0,risky first
2566,3028,254.5584412,7,0,risky first
2719,3130,183.883115,7,0,risky first
2899,3187,188.8094277,7,0,risky first
3079,3187,180,7,0,risky first
3226,3112,165.0272705,7,0,risky first
3085,2932,228.6503881,7,0,risky first
3082,2752,180.0249983,7,0,risky first
3085,2572,180.0249983,7,0,risky first
3139,2392,187.9255172,7,0,risky first
3139,2212,180,7,0,risky first
3139,2032,180,7,0,risky first
3055,1852,198.6353443,7,0,risky first
3076,1672,181.2208597,7,0,risky first
3127,1621,72.12489168,7,0,risky first
3127,1441,180,7,0,risky first
3112,1324,117.9576195,7,0,risky first
3043,1240,108.7060256,7,0,risky first
2890,1240,153,7,0,risky first
2881,1363,123.3288287,7,0,risky first
2923,1414,66.06814664,7,0,risky first
2836,1309,136.3598181,7,0,risky first
2740,1375,116.498927,7,0,risky first
2566,1555,250.3517525,7,0,risky first
2386,1735,254.5584412,7,0,risky first
2206,1915,254.5584412,7,0,risky first
2053,2062,212.1744565,7,0,risky first
2233,1972,201.246118,7,0,risky first
2413,1792,254.5584412,7,0,risky first
2593,1612,254.5584412,7,0,risky first
2701,1513,146.5093854,7,0,risky first
2770,1579,95.48298278,7,0,risky first
2950,1609,182.4828759,7,0,risky first
3130,1516,202.6055281,7,0,risky first
3142,1429,87.82368701,7,0,risky first
3082,1315,128.8254633,7,0,risky first
3082,1135,180,7,0,risky first
3070,1036,99.72462083,7,0,risky first
2956,1063,117.1537451,7,0,risky first
2920,1243,183.5647025,7,0,risky first
2845,1345,126.6056871,7,0,risky first
2977,1435,159.7623235,7,0,risky first
2845,1387,140.4563989,7,0,risky first
2887,1267,127.1377206,7,0,risky first
2896,1231,37.10795063,7,0,risky first
2980,1174,101.5135459,7,0,risky first
2974,1021,153.1176019,7,0,risky first
2794,1021,180,7,0,risky first
2629,1162,217.039167,7,0,risky first
2449,1342,254.5584412,7,0,risky first
2269,1522,254.5584412,7,0,risky first
2173,1684,188.3082579,7,0,risky first
2173,1864,180,7,0,risky first
2107,2032,180.4993075,7,0,risky first
2101,2110,78.23042886,7,0,risky first
2194,2029,123.3288287,7,0,risky first
2374,1849,254.5584412,7,0,risky first
2554,1669,254.5584412,7,0,risky first
2734,1489,254.5584412,7,0,risky first
2731,1372,117.0384552,7,0,risky first
2731,1192,180,7,0,risky first
2731,1012,180,7,0,risky first
2902,997,171.656634,7,0,risky first
2980,1117,143.1223253,7,0,risky first
2899,1222,132.6122166,7,0,risky first
2851,1360,146.1095479,7,0,risky first
2965,1429,133.2553939,7,0,risky first
2845,1357,139.9428455,7,0,risky first
2911,1234,139.5886815,7,0,risky first
2950,1183,64.20280368,7,0,risky first
2944,1027,156.115342,7,0,risky first
2776,1030,168.0267836,7,0,risky first
2596,1210,254.5584412,7,0,risky first
2416,1390,254.5584412,7,0,risky first
2236,1570,254.5584412,7,0,risky first
2179,1729,168.9082591,7,0,risky first
2146,1909,183,7,0,risky first
2122,2089,181.5929514,7,0,risky first
2221,2035,112.7696768,7,0,risky first
2401,1855,254.5584412,7,0,risky first
2551,1675,234.3074903,7,0,risky first
2650,1495,205.4288198,7,0,risky first
2716,1315,191.7185437,7,0,risky first
2716,1135,180,7,0,risky first
2776,964,181.2208597,7,0,risky first
2932,991,158.3192976,7,0,risky first
2977,1102,119.7747887,7,0,risky first
2929,1240,146.1095479,7,0,risky first
2872,1375,146.5400969,7,0,risky first
2935,1459,105,7,0,risky first
2878,1342,130.1460718,7,0,risky first
2950,1222,139.9428455,7,0,risky first
2944,1156,66.2721661,7,0,risky first
2914,1003,155.9134375,7,0,risky first
2734,1039,183.5647025,7,0,risky first
2554,1219,254.5584412,7,0,risky first
2374,1399,254.5584412,7,0,risky first
2290,1579,198.6353443,7,0,risky first
2230,1759,189.7366596,7,0,risky first
2194,1939,183.5647025,7,0,risky first
2131,2119,190.7065809,7,0,risky first
2209,2038,112.4499889,7,0,risky first
2389,1858,254.5584412,7,0,risky first
2569,1678,254.5584412,7,0,risky first
2749,1498,254.5584412,7,0,risky first
2767,1318,180.8977612,7,0,risky first
2767,1138,180,7,0,risky first
2830,1003,148.9765082,7,0,risky first
2986,1036,159.4521872,7,0,risky first
2986,1216,180,7,0,risky first
2878,1249,112.9291813,7,0,risky first
2863,1408,159.7059799,7,0,risky first
2947,1423,85.32877592,7,0,risky first
2863,1336,120.9338662,7,0,risky first
2869,1288,48.37354649,7,0,risky first
2980,1222,129.1394595,7,0,risky first
2986,1123,99.18165153,7,0,risky first
2950,976,151.3439791,7,0,risky first
2770,976,180,7,0,risky first
2755,1147,171.656634,7,0,risky first
2677,1327,196.1733927,7,0,risky first
2629,1507,186.2900964,7,0,risky first
2449,1687,254.5584412,7,0,risky first
2269,1867,254.5584412,7,0,risky first
2089,2038,248.276056,7,0,risky first
2239,1900,203.823453,7,0,risky first
2419,1720,254.5584412,7,0,risky first
2599,1540,254.5584412,7,0,risky first
2668,1360,192.7718859,7,0,risky first
2737,1180,192.7718859,7,0,risky first
2806,1012,181.6177304,7,0,risky first
2956,1045,153.5871088,7,0,risky first
2950,1225,180.0999722,7,0,risky first
2863,1327,134.0634178,7,0,risky first
2959,1411,127.5617498,7,0,risky first
2863,1318,133.6600165,7,0,risky first
2950,1207,141.0319113,7,0,risky first
2980,1090,120.7849328,7,0,risky first
2875,1009,132.6122166,7,0,risky first
2776,1102,135.8307771,7,0,risky first
2605,1282,248.276056,7,0,risky first
2425,1462,254.5584412,7,0,risky first
2299,1585,176.0823671,7,0,risky first
2251,1759,180.4993075,7,0,risky first
2071,1939,254.5584412,7,0,risky first
2062,1972,34.20526275,7,0,risky first
2062,1828,144,7,0,risky first
2062,1696,132,7,0,risky first
2173,1516,211.4734026,7,0,risky first
2353,1336,254.5584412,7,0,risky first
2533,1156,254.5584412,7,0,risky first
2713,1033,218.0114676,7,0,risky first
2788,1012,77.88452991,7,0,risky first
2917,958,139.8463442,7,0,risky first
2953,1090,136.821051,7,0,risky first
2944,1195,105.3850084,7,0,risky first
2866,1258,100.2646498,7,0,risky first
2872,1435,177.1016657,7,0,risky first
2860,1435,12,7,0,risky first
2845,1258,177.6344561,7,0,risky first
3010,1189,178.8463027,7,0,risky first
2944,1069,136.9525465,7,0,risky first
2941,1003,66.06814664,7,0,risky first
2764,1012,177.2286659,7,0,risky first
2764,1192,180,7,0,risky first
2671,1372,202.6055281,7,0,risky first
2491,1552,254.5584412,7,0,risky first
2311,1732,254.5584412,7,0,risky first
2155,1912,238.1931989,7,0,risky first
2128,2089,179.0474797,7,0,risky first
2185,1936,163.2727779,7,0,risky first
2365,1756,254.5584412,7,0,risky first
2545,1576,254.5584412,7,0,risky first
2725,1396,254.5584412,7,0,risky first
2737,1234,162.4438364,7,0,risky first
2737,1054,180,7,0,risky first
2875,1000,148.1890684,7,0,risky first
2947,1126,145.1206395,7,0,risky first
2893,1246,131.5902732,7,0,risky first
2905,1381,135.532284,7,0,risky first
2959,1420,66.61080993,7,0,risky first
2956,1447,27.16615541,7,0,risky first
2866,1447,90,7,0,risky first
2932,1432,67.68308504,7,0,risky first
2932,1462,30,7,0,risky first
2911,1414,52.39274759,7,0,risky first
2878,1336,84.69356528,7,0,risky first
2974,1390,110.1453585,7,0,risky first
2845,1438,137.640837,7,0,risky first
2992,1438,147,7,0,risky first
2878,1438,114,7,0,risky first
2950,1438,72,7,0,risky first
2926,1438,24,7,0,risky first
2926,1333,105,7,0,risky first
2926,1474,141,7,0,risky first
2926,1438,36,7,0,risky first
3004,1390,91.58602513,7,0,risky first
2935,1465,101.9117265,7,0,risky first
2845,1381,123.1097072,7,0,risky first
2845,1270,111,7,0,risky first
2845,1411,141,7,0,risky first
2950,1411,105,7,0,risky first
2197,1876,184.17,8,1,safe first
2017,1696,254.5584412,8,1,safe first
1837,1516,254.5584412,8,1,safe first
1855,1414,103.576059,8,1,safe first
1918,1285,143.5618334,8,1,safe first
1951,1258,42.63801121,8,1,safe first
1951,1438,180,8,1,safe first
1951,1618,180,8,1,safe first
1951,1798,180,8,1,safe first
1951,1978,180,8,1,safe first
2005,1912,85.27602242,8,1,safe first
2005,1732,180,8,1,safe first
2005,1552,180,8,1,safe first
1948,1372,188.8094277,8,1,safe first
1921,1192,182.0137357,8,1,safe first
1861,1243,78.74642849,8,1,safe first
1861,1423,180,8,1,safe first
1906,1603,185.5397532,8,1,safe first
1996,1783,201.246118,8,1,safe first
1996,1963,180,8,1,safe first
1996,1801,162,8,1,safe first
1996,1621,180,8,1,safe first
1882,1441,213.0633709,8,1,safe first
1831,1261,187.0855419,8,1,safe first
1831,1081,180,8,1,safe first
1969,1120,143.4050208,8,1,safe first
1921,1027,104.6565813,8,1,safe first
1816,1099,127.314571,8,1,safe first
1816,1279,180,8,1,safe first
1930,1459,213.0633709,8,1,safe first
1972,1639,184.8350616,8,1,safe first
2020,1819,186.2900964,8,1,safe first
2059,1999,184.1765457,8,1,safe first
1930,2029,132.4424403,8,1,safe first
1750,2011,180.8977612,8,1,safe first
1570,1831,254.5584412,8,1,safe first
1390,1651,254.5584412,8,1,safe first
1210,1471,254.5584412,8,1,safe first
1030,1291,254.5584412,8,1,safe first
850,1111,254.5584412,8,1,safe first
724,949,205.2315765,8,1,safe first
904,769,254.5584412,8,1,safe first
1012,826,122.1187946,8,1,safe first
1012,1006,180,8,1,safe first
1012,1186,180,8,1,safe first
1012,1366,180,8,1,safe first
1012,1546,180,8,1,safe first
1012,1726,180,8,1,safe first
1012,1906,180,8,1,safe first
1012,2086,180,8,1,safe first
1012,2266,180,8,1,safe first
1012,2446,180,8,1,safe first
1012,2626,180,8,1,safe first
1012,2806,180,8,1,safe first
1012,2986,180,8,1,safe first
1012,3166,180,8,1,safe first
1063,3292,135.9301291,8,1,safe first
1243,3193,205.4288198,8,1,safe first
1423,3193,180,8,1,safe first
1603,3193,180,8,1,safe first
1783,3193,180,8,1,safe first
1963,3193,180,8,1,safe first
2143,3193,180,8,1,safe first
2323,3112,197.3854098,8,1,safe first
2503,3112,180,8,1,safe first
2683,3112,180,8,1,safe first
2863,3112,180,8,1,safe first
3043,3052,189.7366596,8,1,safe first
3223,3022,182.4828759,8,1,safe first
3190,2914,112.9291813,8,1,safe first
3154,2734,183.5647025,8,1,safe first
3154,2554,180,8,1,safe first
3154,2374,180,8,1,safe first
3154,2194,180,8,1,safe first
3154,2014,180,8,1,safe first
3154,1834,180,8,1,safe first
3154,1654,180,8,1,safe first
3040,1474,213.0633709,8,1,safe first
2938,1435,109.2016483,8,1,safe first
2785,1483,160.3527362,8,1,safe first
2605,1483,180,8,1,safe first
2425,1483,180,8,1,safe first
2245,1483,180,8,1,safe first
2173,1642,174.5422585,8,1,safe first
2155,1822,180.8977612,8,1,safe first
2125,2002,182.4828759,8,1,safe first
2257,1969,136.0624856,8,1,safe first
2437,1789,254.5584412,8,1,safe first
2617,1609,254.5584412,8,1,safe first
2797,1483,219.7180011,8,1,safe first
2848,1519,62.42595614,8,1,safe first
2668,1699,254.5584412,8,1,safe first
2488,1879,254.5584412,8,1,safe first
2308,2032,236.2392855,8,1,safe first
2128,2032,180,8,1,safe first
2269,1900,193.1450232,8,1,safe first
2449,1720,254.5584412,8,1,safe first
2629,1624,204,8,1,safe first
2809,1564,189.7366596,8,1,safe first
2824,1516,50.28916384,8,1,safe first
2644,1696,254.5584412,8,1,safe first
2464,1876,254.5584412,8,1,safe first
2284,2020,230.5124725,8,1,safe first
2104,2008,180.3995565,8,1,safe first
2104,1828,180,8,1,safe first
2131,1648,182.0137357,8,1,safe first
2215,1468,198.6353443,8,1,safe first
2116,1300,195,8,1,safe first
2065,1300,51,8,1,safe first
1885,1300,180,8,1,safe first
1801,1309,84.48076704,8,1,safe first
1771,1147,164.7543626,8,1,safe first
1882,1045,150.7481343,8,1,safe first
1942,1135,108.1665383,8,1,safe first
1912,1063,78,8,1,safe first
1822,1120,106.5316854,8,1,safe first
1822,1300,180,8,1,safe first
1822,1480,180,8,1,safe first
1822,1660,180,8,1,safe first
1822,1840,180,8,1,safe first
1867,2008,173.9223965,8,1,safe first
2047,2008,180,8,1,safe first
2227,1870,226.8126981,8,1,safe first
2407,1690,254.5584412,8,1,safe first
2587,1603,199.922485,8,1,safe first
2767,1516,199.922485,8,1,safe first
2899,1501,132.849539,8,1,safe first
2719,1639,226.8126981,8,1,safe first
2539,1792,236.2392855,8,1,safe first
2359,1879,199.922485,8,1,safe first
2179,1987,209.9142682,8,1,safe first
2170,1882,105.3850084,8,1,safe first
2350,1807,195,8,1,safe first
2530,1627,254.5584412,8,1,safe first
2710,1492,225,8,1,safe first
2890,1492,180,8,1,safe first
2764,1585,156.6045976,8,1,safe first
2584,1765,254.5584412,8,1,safe first
2404,1945,254.5584412,8,1,safe first
2224,1987,184.8350616,8,1,safe first
2218,1987,6,8,1,safe first
2398,1813,250.3517525,8,1,safe first
2578,1633,254.5584412,8,1,safe first
2758,1555,196.1733927,8,1,safe first
2905,1489,161.136588,8,1,safe first
2725,1609,216.3330765,8,1,safe first
2545,1789,254.5584412,8,1,safe first
2365,1969,254.5584412,8,1,safe first
2185,1972,180.0249983,8,1,safe first
2197,1972,12,8,1,safe first
2377,1798,250.3517525,8,1,safe first
2557,1618,254.5584412,8,1,safe first
2737,1465,236.2392855,8,1,safe first
2899,1465,162,8,1,safe first
2719,1609,230.5124725,8,1,safe first
2539,1789,254.5584412,8,1,safe first
2359,1969,254.5584412,8,1,safe first
2179,2056,199.922485,8,1,safe first
2248,2026,75.23961722,8,1,safe first
2428,1846,254.5584412,8,1,safe first
2608,1666,254.5584412,8,1,safe first
2788,1486,254.5584412,8,1,safe first
2860,1384,124.8519123,8,1,safe first
2842,1462,80.04998438,8,1,safe first
2662,1552,201.246118,8,1,safe first
2482,1732,254.5584412,8,1,safe first
2302,1912,254.5584412,8,1,safe first
2149,2008,180.6239187,8,1,safe first
2329,1999,180.2248596,8,1,safe first
2509,1888,211.4734026,8,1,safe first
2689,1708,254.5584412,8,1,safe first
2839,1528,234.3074903,8,1,safe first
2854,1495,36.24913792,8,1,safe first
2806,1492,48.09365863,8,1,safe first
2626,1654,242.1652328,8,1,safe first
2446,1834,254.5584412,8,1,safe first
2266,1930,204,8,1,safe first
2089,2008,193.4244038,8,1,safe first
2140,1843,172.7020556,8,1,safe first
2209,1663,192.7718859,8,1,safe first
2029,1483,254.5584412,8,1,safe first
1849,1303,254.5584412,8,1,safe first
1843,1144,159.1131673,8,1,safe first
1843,964,180,8,1,safe first
1843,790,174,8,1,safe first
1891,745,65.7951366,8,1,safe first
2011,832,148.2194319,8,1,safe first
1966,952,128.1600562,8,1,safe first
1921,1096,150.8674915,8,1,safe first
1924,1135,39.11521443,8,1,safe first
1936,979,156.4608577,8,1,safe first
2026,877,136.0294086,8,1,safe first
1957,736,156.9777054,8,1,safe first
1816,790,150.9867544,8,1,safe first
1816,970,180,8,1,safe first
1816,1150,180,8,1,safe first
1816,1330,180,8,1,safe first
1816,1510,180,8,1,safe first
1816,1690,180,8,1,safe first
1816,1870,180,8,1,safe first
1816,2044,174,8,1,safe first
1993,2044,177,8,1,safe first
2173,2029,180.6239187,8,1,safe first
2314,1849,228.6503881,8,1,safe first
2248,1669,191.7185437,8,1,safe first
2182,1489,191.7185437,8,1,safe first
2182,1309,180,8,1,safe first
2182,1129,180,8,1,safe first
2260,1021,133.2216199,8,1,safe first
2440,1189,246.2194143,8,1,safe first
2620,1369,254.5584412,8,1,safe first
2800,1465,204,8,1,safe first
2860,1507,73.23933369,8,1,safe first
2680,1687,254.5584412,8,1,safe first
2500,1867,254.5584412,8,1,safe first
2368,2047,223.2129029,8,1,safe first
2218,2125,169.0680336,8,1,safe first
2173,2125,45,8,1,safe first
2353,1978,232.3983649,8,1,safe first
2533,1879,205.4288198,8,1,safe first
2713,1699,254.5584412,8,1,safe first
2893,1519,254.5584412,8,1,safe first
2869,1477,48.37354649,8,1,safe first
2893,1417,64.62197769,8,1,safe first
2797,1237,204,8,1,safe first
2617,1057,254.5584412,8,1,safe first
2437,877,254.5584412,8,1,safe first
2257,742,225,8,1,safe first
2077,742,180,8,1,safe first
2056,922,181.2208597,8,1,safe first
1969,994,112.9291813,8,1,safe first
1939,1150,158.8584275,8,1,safe first
1924,1093,58.94064811,8,1,safe first
1990,979,131.7269904,8,1,safe first
2047,844,146.5400969,8,1,safe first
2176,838,129.1394595,8,1,safe first
2176,1018,180,8,1,safe first
2164,1198,180.3995565,8,1,safe first
2164,1378,180,8,1,safe first
2164,1558,180,8,1,safe first
2164,1738,180,8,1,safe first
2164,1918,180,8,1,safe first
2113,2098,187.0855419,8,1,safe first
2140,1933,167.1944975,8,1,safe first
2182,1753,184.8350616,8,1,safe first
2182,1573,180,8,1,safe first
2182,1393,180,8,1,safe first
2182,1213,180,8,1,safe first
2182,1033,180,8,1,safe first
2182,853,180,8,1,safe first
2059,784,141.0319113,8,1,safe first
2038,949,166.3309953,8,1,safe first
1918,1021,139.9428455,8,1,safe first
1966,1159,146.1095479,8,1,safe first
1924,1072,96.60745313,8,1,safe first
2002,949,145.6468331,8,1,safe first
2059,808,152.0855023,8,1,safe first
2161,907,142.1442929,8,1,safe first
2161,1087,180,8,1,safe first
2161,1267,180,8,1,safe first
2161,1447,180,8,1,safe first
2161,1627,180,8,1,safe first
2161,1807,180,8,1,safe first
2140,1987,181.2208597,8,1,safe first
2125,1906,82.37718131,8,1,safe first
2125,1726,180,8,1,safe first
2125,1546,180,8,1,safe first
2155,1366,182.4828759,8,1,safe first
2155,1186,180,8,1,safe first
2155,1006,180,8,1,safe first
2155,826,180,8,1,safe first
2035,823,120.0374941,8,1,safe first
1987,961,146.1095479,8,1,safe first
1921,1084,139.5886815,8,1,safe first
1942,1183,101.2027668,8,1,safe first
1909,1027,159.4521872,8,1,safe first
2020,952,133.9626814,8,1,safe first
2089,820,148.946299,8,1,safe first
2170,934,139.8463442,8,1,safe first
2170,1114,180,8,1,safe first
2170,1294,180,8,1,safe first
2170,1474,180,8,1,safe first
2170,1654,180,8,1,safe first
2170,1834,180,8,1,safe first
2146,2014,181.5929514,8,1,safe first
2116,1939,80.77747211,8,1,safe first
2149,1759,183,8,1,safe first
2149,1579,180,8,1,safe first
2149,1399,180,8,1,safe first
2149,1219,180,8,1,safe first
2149,1039,180,8,1,safe first
2149,859,180,8,1,safe first
2026,820,129.034879,8,1,safe first
1972,955,145.3994498,8,1,safe first
1933,1105,154.9870962,8,1,safe first
1948,1159,56.04462508,8,1,safe first
1942,985,174.1034175,8,1,safe first
1957,979,16.15549442,8,1,safe first
2047,865,145.2446212,8,1,safe first
2377,2002,190.71,8,0,safe first
2557,1822,254.5584412,8,0,safe first
2644,1642,199.922485,8,0,safe first
2644,1462,180,8,0,safe first
2644,1282,180,8,0,safe first
2566,1165,140.6164997,8,0,safe first
2386,1165,180,8,0,safe first
2206,1165,180,8,0,safe first
2143,1291,140.8722826,8,0,safe first
2143,1471,180,8,0,safe first
2143,1651,180,8,0,safe first
2143,1831,180,8,0,safe first
2098,2011,185.5397532,8,0,safe first
2098,2191,180,8,0,safe first
2098,2371,180,8,0,safe first
2098,2551,180,8,0,safe first
2221,2614,138.1955137,8,0,safe first
2401,2614,180,8,0,safe first
2581,2614,180,8,0,safe first
2761,2614,180,8,0,safe first
2941,2614,180,8,0,safe first
2971,2782,170.6575518,8,0,safe first
2971,2962,180,8,0,safe first
2971,3142,180,8,0,safe first
2971,3322,180,8,0,safe first
2815,3355,159.4521872,8,0,safe first
2635,3331,181.5929514,8,0,safe first
2455,3151,254.5584412,8,0,safe first
2425,2971,182.4828759,8,0,safe first
2386,2791,184.1765457,8,0,safe first
2206,2611,254.5584412,8,0,safe first
2026,2431,254.5584412,8,0,safe first
1846,2251,254.5584412,8,0,safe first
2014,2095,229.2596781,8,0,safe first
2194,1915,254.5584412,8,0,safe first
2227,1735,183,8,0,safe first
2329,1555,206.8912758,8,0,safe first
2437,1375,209.9142682,8,0,safe first
2287,1195,234.3074903,8,0,safe first
2107,1195,180,8,0,safe first
1927,1216,181.2208597,8,0,safe first
1747,1396,254.5584412,8,0,safe first
1735,1576,180.3995565,8,0,safe first
1915,1756,254.5584412,8,0,safe first
2095,1936,254.5584412,8,0,safe first
2143,2065,137.640837,8,0,safe first
2323,1945,216.3330765,8,0,safe first
2428,1765,208.3866598,8,0,safe first
2593,1585,244.1823089,8,0,safe first
2587,1405,180.0999722,8,0,safe first
2407,1225,254.5584412,8,0,safe first
2227,1045,254.5584412,8,0,safe first
2158,1069,73.05477397,8,0,safe first
2179,1129,63.5688603,8,0,safe first
2191,1027,102.7034566,8,0,safe first
2371,847,254.5584412,8,0,safe first
2515,721,191.3426246,8,0,safe first
2626,640,137.4117899,8,0,safe first
2806,733,202.6055281,8,0,safe first
2893,820,123.0365799,8,0,safe first
2887,820,6,8,0,safe first
2707,928,209.9142682,8,0,safe first
2527,949,181.2208597,8,0,safe first
2347,949,180,8,0,safe first
2167,949,180,8,0,safe first
2119,1102,160.3527362,8,0,safe first
2119,1045,57,8,0,safe first
2290,919,212.407627,8,0,safe first
2428,1099,226.8126981,8,0,safe first
2248,1279,254.5584412,8,0,safe first
2317,1426,162.3884232,8,0,safe first
2317,1606,180,8,0,safe first
2317,1786,180,8,0,safe first
2221,1798,96.74709298,8,0,safe first
2221,1636,162,8,0,safe first
2242,1456,181.2208597,8,0,safe first
2275,1276,183,8,0,safe first
2275,1096,180,8,0,safe first
2137,1024,155.6534613,8,0,safe first
2113,1132,110.6345335,8,0,safe first
2218,1021,152.7939789,8,0,safe first
2347,1171,197.8408451,8,0,safe first
2326,1351,181.2208597,8,0,safe first
2326,1531,180,8,0,safe first
2224,1711,206.8912758,8,0,safe first
2044,1891,254.5584412,8,0,safe first
2074,2071,182.4828759,8,0,safe first
1894,2209,226.8126981,8,0,safe first
1714,2107,206.8912758,8,0,safe first
1588,1927,219.7180011,8,0,safe first
1495,1747,202.6055281,8,0,safe first
1459,1567,183.5647025,8,0,safe first
1279,1447,216.3330765,8,0,safe first
1171,1543,144.4991349,8,0,safe first
1348,1723,252.4460338,8,0,safe first
1321,1903,182.0137357,8,0,safe first
1459,2083,226.8126981,8,0,safe first
1528,2191,128.1600562,8,0,safe first
1624,2011,204,8,0,safe first
1804,1831,254.5584412,8,0,safe first
1819,1906,76.4852927,8,0,safe first
1870,2071,172.7020556,8,0,safe first
2050,2071,180,8,0,safe first
1930,2071,120,8,0,safe first
1750,1915,238.1931989,8,0,safe first
1570,1735,254.5584412,8,0,safe first
1390,1555,254.5584412,8,0,safe first
1210,1426,221.4520264,8,0,safe first
1231,1606,181.2208597,8,0,safe first
1411,1786,254.5584412,8,0,safe first
1591,1966,254.5584412,8,0,safe first
1708,2122,195,8,0,safe first
1888,2122,180,8,0,safe first
2050,2122,162,8,0,safe first
1870,2050,193.8659331,8,0,safe first
1747,1870,218.0114676,8,0,safe first
1591,1690,238.1931989,8,0,safe first
1528,1510,190.7065809,8,0,safe first
1348,1375,225,8,0,safe first
1180,1405,170.6575518,8,0,safe first
1276,1585,204,8,0,safe first
1456,1765,254.5584412,8,0,safe first
1636,1921,238.1931989,8,0,safe first
1816,1921,180,8,0,safe first
1969,1972,161.2761607,8,0,safe first
1969,2014,42,8,0,safe first
1789,1834,254.5584412,8,0,safe first
1645,1882,151.7893277,8,0,safe first
1465,1984,206.8912758,8,0,safe first
1285,1984,180,8,0,safe first
1105,1831,236.2392855,8,0,safe first
991,1651,213.0633709,8,0,safe first
1153,1489,229.1025971,8,0,safe first
1258,1651,193.0518065,8,0,safe first
1438,1831,254.5584412,8,0,safe first
1618,1906,195,8,0,safe first
1747,2041,186.7243958,8,0,safe first
1927,2221,254.5584412,8,0,safe first
2107,2167,187.9255172,8,0,safe first
2233,2092,146.6321929,8,0,safe first
2413,2092,180,8,0,safe first
2593,2092,180,8,0,safe first
2773,1948,230.5124725,8,0,safe first
2890,1768,214.683488,8,0,safe first
2710,1588,254.5584412,8,0,safe first
2530,1408,254.5584412,8,0,safe first
2350,1228,254.5584412,8,0,safe first
2311,1048,184.1765457,8,0,safe first
2212,1039,99.40824915,8,0,safe first
2212,1060,21,8,0,safe first
2203,964,96.42095208,8,0,safe first
2041,1000,165.9518002,8,0,safe first
2035,1132,132.1362933,8,0,safe first
2014,1219,89.49860334,8,0,safe first
2005,1063,156.2593997,8,0,safe first
1954,1180,127.6322843,8,0,safe first
1954,1117,63,8,0,safe first
2062,937,209.9142682,8,0,safe first
2242,757,254.5584412,8,0,safe first
2338,886,160.8011194,8,0,safe first
2518,1066,254.5584412,8,0,safe first
2698,1246,254.5584412,8,0,safe first
2842,1426,230.5124725,8,0,safe first
2662,1606,254.5584412,8,0,safe first
2482,1786,254.5584412,8,0,safe first
2302,1966,254.5584412,8,0,safe first
2149,2146,236.2392855,8,0,safe first
2032,2326,214.683488,8,0,safe first
1915,2389,132.8834075,8,0,safe first
1915,2209,180,8,0,safe first
1978,2068,154.4344521,8,0,safe first
1924,2068,54,8,0,safe first
1744,2068,180,8,0,safe first
1564,2068,180,8,0,safe first
1384,1963,208.3866598,8,0,safe first
1204,1837,219.7180011,8,0,safe first
1036,1756,186.5073725,8,0,safe first
1036,1576,180,8,0,safe first
1165,1489,155.5956298,8,0,safe first
1207,1657,173.1704363,8,0,safe first
1387,1837,254.5584412,8,0,safe first
1567,1876,184.1765457,8,0,safe first
1747,1876,180,8,0,safe first
1906,1981,190.5413341,8,0,safe first
2047,2062,162.6099628,8,0,safe first
1867,2062,180,8,0,safe first
1687,1954,209.9142682,8,0,safe first
1507,1870,198.6353443,8,0,safe first
1327,1690,254.5584412,8,0,safe first
1177,1510,234.3074903,8,0,safe first
1267,1534,93.14504818,8,0,safe first
1354,1714,199.922485,8,0,safe first
1429,1894,195,8,0,safe first
1609,1939,185.5397532,8,0,safe first
1789,1954,180.6239187,8,0,safe first
1969,2050,204,8,0,safe first
1921,2041,48.83646179,8,0,safe first
1741,1945,204,8,0,safe first
1561,1765,254.5584412,8,0,safe first
1381,1585,254.5584412,8,0,safe first
1201,1414,248.276056,8,0,safe first
1021,1414,180,8,0,safe first
841,1546,223.2129029,8,0,safe first
799,1675,135.6650287,8,0,safe first
799,1684,9,8,0,safe first
799,1684,0,8,0,safe first
841,1786,110.3086579,8,0,safe first
1021,1966,254.5584412,8,0,safe first
1201,2116,234.3074903,8,0,safe first
1381,2116,180,8,0,safe first
1561,2116,180,8,0,safe first
1741,2116,180,8,0,safe first
1921,2116,180,8,0,safe first
2008,2047,111.0405331,8,0,safe first
1828,1897,234.3074903,8,0,safe first
1648,1897,180,8,0,safe first
1468,1741,238.1931989,8,0,safe first
1288,1561,254.5584412,8,0,safe first
1255,1561,33,8,0,safe first
1435,1741,254.5584412,8,0,safe first
1615,1876,225,8,0,safe first
1795,1921,185.5397532,8,0,safe first
1975,2032,211.4734026,8,0,safe first
2155,2050,180.8977612,8,0,safe first
2335,1891,240.1686907,8,0,safe first
2299,1711,183.5647025,8,0,safe first
2254,1531,185.5397532,8,0,safe first
2149,1444,136.3598181,8,0,safe first
1969,1345,205.4288198,8,0,safe first
1945,1165,181.5929514,8,0,safe first
1945,985,180,8,0,safe first
1945,805,180,8,0,safe first
1954,730,75.53806987,8,0,safe first
2116,760,164.7543626,8,0,safe first
2116,940,180,8,0,safe first
2035,1078,160.0156242,8,0,safe first
2041,1180,102.1763182,8,0,safe first
2023,1006,174.9285568,8,0,safe first
2137,901,154.9870962,8,0,safe first
2224,796,136.3598181,8,0,safe first
2281,943,157.6642001,8,0,safe first
2281,1123,180,8,0,safe first
2281,1303,180,8,0,safe first
2203,1483,196.1733927,8,0,safe first
2023,1663,254.5584412,8,0,safe first
1939,1843,198.6353443,8,0,safe first
1945,2017,174.1034175,8,0,safe first
2002,2017,57,8,0,safe first
1822,1855,242.1652328,8,0,safe first
1642,1675,254.5584412,8,0,safe first
1462,1495,254.5584412,8,0,safe first
1282,1357,226.8126981,8,0,safe first
1102,1357,180,8,0,safe first
922,1357,180,8,0,safe first
895,1531,176.0823671,8,0,safe first
895,1588,57,8,0,safe first
895,1588,0,8,0,safe first
1018,1588,123,8,0,safe first
868,1588,150,8,0,safe first
868,1588,0,8,0,safe first
961,1588,93,8,0,safe first
985,1588,24,8,0,safe first
850,1588,135,8,0,safe first
850,1588,0,8,0,safe first
850,1588,0,8,0,safe first
970,1588,120,8,0,safe first
1051,1591,81.05553652,8,0,safe first
1123,1771,193.8659331,8,0,safe first
1303,1951,254.5584412,8,0,safe first
1483,2014,190.7065809,8,0,safe first
1663,2143,221.4520264,8,0,safe first
1843,1963,254.5584412,8,0,safe first
2014,1783,248.276056,8,0,safe first
1849,1657,207.6078033,8,0,safe first
1669,1477,254.5584412,8,0,safe first
1729,1297,189.7366596,8,0,safe first
1882,1117,236.2392855,8,0,safe first
1864,937,180.8977612,8,0,safe first
1891,757,182.0137357,8,0,safe first
2071,754,180.0249983,8,0,safe first
2122,898,152.7645247,8,0,safe first
2113,976,78.51751397,8,0,safe first
2173,811,175.5704987,8,0,safe first
2338,643,235.4761134,8,0,safe first
2518,817,250.3517525,8,0,safe first
2698,997,254.5584412,8,0,safe first
2878,1177,254.5584412,8,0,safe first
3058,1357,254.5584412,8,0,safe first
3238,1537,254.5584412,8,0,safe first
3190,1717,186.2900964,8,0,safe first
3010,1897,254.5584412,8,0,safe first
2332,2065,156,9,0,risky first
2512,2065,180,9,0,risky first
2608,2146,125.6065285,9,0,risky first
2620,2311,165.4357881,9,0,risky first
2779,2284,161.2761607,9,0,risky first
2905,2236,134.8332303,9,0,risky first
3085,2236,180,9,0,risky first
3265,2236,180,9,0,risky first
3295,2083,155.9134375,9,0,risky first
3295,1903,180,9,0,risky first
3295,1723,180,9,0,risky first
3280,1552,171.656634,9,0,risky first
3100,1552,180,9,0,risky first
2992,1471,135,9,0,risky first
2812,1471,180,9,0,risky first
2632,1531,189.7366596,9,0,risky first
2452,1585,187.9255172,9,0,risky first
2272,1585,180,9,0,risky first
2092,1561,181.5929514,9,0,risky first
1912,1561,180,9,0,risky first
1732,1558,180.0249983,9,0,risky first
1552,1534,181.5929514,9,0,risky first
1372,1564,182.4828759,9,0,risky first
1192,1561,180.0249983,9,0,risky first
1012,1489,193.8659331,9,0,risky first
832,1426,190.7065809,9,0,risky first
652,1516,201.246118,9,0,risky first
646,1696,180.0999722,9,0,risky first
721,1876,195,9,0,risky first
877,2056,238.1931989,9,0,risky first
910,2236,183,9,0,risky first
910,2314,78,9,0,risky first
1018,2134,209.9142682,9,0,risky first
1078,1957,186.8930175,9,0,risky first
1078,1822,135,9,0,risky first
1078,1756,66,9,0,risky first
1216,1576,226.8126981,9,0,risky first
1396,1396,254.5584412,9,0,risky first
1576,1216,254.5584412,9,0,risky first
1732,1081,206.303175,9,0,risky first
1912,1081,180,9,0,risky first
1930,1216,136.1947136,9,0,risky first
1930,1396,180,9,0,risky first
1993,1489,112.3298714,9,0,risky first
2173,1489,180,9,0,risky first
2353,1489,180,9,0,risky first
2533,1489,180,9,0,risky first
2695,1489,162,9,0,risky first
2728,1603,118.6802427,9,0,risky first
2731,1750,147.0306091,9,0,risky first
2857,1852,162.111073,9,0,risky first
2857,2032,180,9,0,risky first
2857,2212,180,9,0,risky first
3016,2236,160.8011194,9,0,risky first
3196,2236,180,9,0,risky first
3280,2317,116.691902,9,0,risky first
3280,2497,180,9,0,risky first
3280,2677,180,9,0,risky first
3280,2857,180,9,0,risky first
3280,3037,180,9,0,risky first
3280,3217,180,9,0,risky first
3214,3298,104.4844486,9,0,risky first
3034,3298,180,9,0,risky first
2854,3298,180,9,0,risky first
2674,3298,180,9,0,risky first
2494,3298,180,9,0,risky first
2314,3298,180,9,0,risky first
2134,3298,180,9,0,risky first
1954,3298,180,9,0,risky first
1774,3298,180,9,0,risky first
1594,3298,180,9,0,risky first
1414,3298,180,9,0,risky first
1234,3298,180,9,0,risky first
1054,3232,191.7185437,9,0,risky first
874,3127,208.3866598,9,0,risky first
694,3106,181.2208597,9,0,risky first
514,2926,254.5584412,9,0,risky first
643,2857,146.2942241,9,0,risky first
682,2677,184.1765457,9,0,risky first
715,2497,183,9,0,risky first
832,2317,214.683488,9,0,risky first
1012,2137,254.5584412,9,0,risky first
1192,1957,254.5584412,9,0,risky first
1372,1777,254.5584412,9,0,risky first
1552,1597,254.5584412,9,0,risky first
1732,1417,254.5584412,9,0,risky first
1816,1237,198.6353443,9,0,risky first
1897,1057,197.3854098,9,0,risky first
1996,877,205.4288198,9,0,risky first
2068,718,174.5422585,9,0,risky first
1888,718,180,9,0,risky first
1708,718,180,9,0,risky first
1528,760,184.8350616,9,0,risky first
1348,802,184.8350616,9,0,risky first
1168,853,187.0855419,9,0,risky first
988,961,209.9142682,9,0,risky first
808,961,180,9,0,risky first
628,913,186.2900964,9,0,risky first
730,817,140.0714104,9,0,risky first
910,784,183,9,0,risky first
1090,835,187.0855419,9,0,risky first
1270,985,234.3074903,9,0,risky first
1450,1165,254.5584412,9,0,risky first
1630,1345,254.5584412,9,0,risky first
1810,1414,192.7718859,9,0,risky first
1990,1378,183.5647025,9,0,risky first
2170,1387,180.2248596,9,0,risky first
2350,1420,183,9,0,risky first
2530,1420,180,9,0,risky first
2710,1420,180,9,0,risky first
2890,1420,180,9,0,risky first
3028,1459,143.4050208,9,0,risky first
3208,1459,180,9,0,risky first
3235,1576,120.0749766,9,0,risky first
3235,1756,180,9,0,risky first
3235,1936,180,9,0,risky first
3235,2116,180,9,0,risky first
3235,2296,180,9,0,risky first
3172,2476,190.7065809,9,0,risky first
3145,2656,182.0137357,9,0,risky first
3181,2836,183.5647025,9,0,risky first
3181,2947,111,9,0,risky first
3118,2767,190.7065809,9,0,risky first
3010,2587,209.9142682,9,0,risky first
3010,2530,57,9,0,risky first
2941,2653,141.0319113,9,0,risky first
2761,2812,240.1686907,9,0,risky first
2581,2752,189.7366596,9,0,risky first
2401,2776,181.5929514,9,0,risky first
2221,2827,187.0855419,9,0,risky first
2041,2827,180,9,0,risky first
1861,2788,184.1765457,9,0,risky first
1681,2773,180.6239187,9,0,risky first
1519,2914,214.7673159,9,0,risky first
1588,2968,87.6184912,9,0,risky first
1768,3148,254.5584412,9,0,risky first
1684,3223,112.6099463,9,0,risky first
1609,3328,129.034879,9,0,risky first
1429,3328,180,9,0,risky first
1249,3328,180,9,0,risky first
1069,3328,180,9,0,risky first
889,3328,180,9,0,risky first
709,3307,181.2208597,9,0,risky first
574,3127,225,9,0,risky first
754,2947,254.5584412,9,0,risky first
934,2767,254.5584412,9,0,risky first
973,2587,184.1765457,9,0,risky first
973,2407,180,9,0,risky first
973,2227,180,9,0,risky first
973,2047,180,9,0,risky first
973,1867,180,9,0,risky first
973,1687,180,9,0,risky first
973,1507,180,9,0,risky first
973,1327,180,9,0,risky first
973,1147,180,9,0,risky first
973,967,180,9,0,risky first
940,787,183,9,0,risky first
772,625,233.3838041,9,0,risky first
808,625,36,9,0,risky first
988,661,183.5647025,9,0,risky first
1168,580,197.3854098,9,0,risky first
1339,562,171.9447586,9,0,risky first
1519,742,254.5584412,9,0,risky first
1699,922,254.5584412,9,0,risky first
1879,1102,254.5584412,9,0,risky first
1966,1282,199.922485,9,0,risky first
2146,1459,252.4460338,9,0,risky first
2296,1615,216.4162656,9,0,risky first
2470,1795,250.3517525,9,0,risky first
2650,1975,254.5584412,9,0,risky first
2782,2155,223.2129029,9,0,risky first
2962,2266,211.4734026,9,0,risky first
3139,2434,244.0348336,9,0,risky first
3001,2437,138.0326048,9,0,risky first
2974,2305,134.7330694,9,0,risky first
3106,2305,132,9,0,risky first
3286,2428,218.0114676,9,0,risky first
3277,2503,75.53806987,9,0,risky first
3130,2683,232.3983649,9,0,risky first
3289,2863,240.1686907,9,0,risky first
3145,3043,230.5124725,9,0,risky first
3100,3190,153.7335357,9,0,risky first
2929,3178,171.4205355,9,0,risky first
3007,2998,196.1733927,9,0,risky first
2827,2818,254.5584412,9,0,risky first
2647,2866,186.2900964,9,0,risky first
2467,2923,188.8094277,9,0,risky first
2287,3010,199.922485,9,0,risky first
2107,3094,198.6353443,9,0,risky first
1927,3139,185.5397532,9,0,risky first
1747,3073,191.7185437,9,0,risky first
1738,3067,10.81665383,9,0,risky first
1789,2980,100.8464179,9,0,risky first
1789,2800,180,9,0,risky first
1648,2749,149.939988,9,0,risky first
1468,2749,180,9,0,risky first
1288,2749,180,9,0,risky first
1108,2749,180,9,0,risky first
928,2749,180,9,0,risky first
748,2749,180,9,0,risky first
730,2581,168.9615341,9,0,risky first
841,2401,211.4734026,9,0,risky first
910,2221,192.7718859,9,0,risky first
1090,2191,182.4828759,9,0,risky first
1168,2191,78,9,0,risky first
1291,2191,123,9,0,risky first
1291,2302,111,9,0,risky first
1399,2482,209.9142682,9,0,risky first
1444,2518,57.62811814,9,0,risky first
1444,2479,39,9,0,risky first
1585,2503,143.0279693,9,0,risky first
1765,2647,230.5124725,9,0,risky first
1945,2827,254.5584412,9,0,risky first
2125,3007,254.5584412,9,0,risky first
2305,3187,254.5584412,9,0,risky first
2437,3322,188.8094277,9,0,risky first
2437,3241,81,9,0,risky first
2551,3061,213.0633709,9,0,risky first
2731,2881,254.5584412,9,0,risky first
2728,2701,180.0249983,9,0,risky first
2752,2521,181.5929514,9,0,risky first
2803,2341,187.0855419,9,0,risky first
2971,2161,246.2194143,9,0,risky first
3091,2242,144.7791421,9,0,risky first
3154,2242,63,9,0,risky first
3301,2062,232.3983649,9,0,risky first
3139,2041,163.3554407,9,0,risky first
3136,1861,180.0249983,9,0,risky first
3166,1681,182.4828759,9,0,risky first
3235,1501,192.7718859,9,0,risky first
3292,1321,188.8094277,9,0,risky first
3268,1141,181.5929514,9,0,risky first
3226,961,184.8350616,9,0,risky first
3106,781,216.3330765,9,0,risky first
3208,601,206.8912758,9,0,risky first
3208,703,102,9,0,risky first
3139,814,130.6981255,9,0,risky first
3211,994,193.8659331,9,0,risky first
3067,1174,230.5124725,9,0,risky first
2956,1285,156.9777054,9,0,risky first
2887,1372,111.0405331,9,0,risky first
2734,1480,187.2778684,9,0,risky first
2554,1300,254.5584412,9,0,risky first
2374,1312,180.3995565,9,0,risky first
2194,1135,252.4460338,9,0,risky first
2014,1273,226.8126981,9,0,risky first
1834,1093,254.5584412,9,0,risky first
1654,913,254.5584412,9,0,risky first
1474,814,205.4288198,9,0,risky first
1294,994,254.5584412,9,0,risky first
1462,1174,246.2194143,9,0,risky first
1627,1354,244.1823089,9,0,risky first
1675,1534,186.2900964,9,0,risky first
1855,1714,254.5584412,9,0,risky first
1702,1894,236.2392855,9,0,risky first
1522,2074,254.5584412,9,0,risky first
1342,2254,254.5584412,9,0,risky first
1162,2344,201.246118,9,0,risky first
982,2164,254.5584412,9,0,risky first
802,1984,254.5584412,9,0,risky first
706,1804,204,9,0,risky first
643,1849,77.4209274,9,0,risky first
643,2029,180,9,0,risky first
643,2209,180,9,0,risky first
649,2389,180.0999722,9,0,risky first
685,2569,183.5647025,9,0,risky first
652,2749,183,9,0,risky first
679,2929,182.0137357,9,0,risky first
649,3109,182.4828759,9,0,risky first
658,3289,180.2248596,9,0,risky first
751,3436,173.9482682,9,0,risky first
766,3298,138.8128236,9,0,risky first
856,3136,185.3213425,9,0,risky first
856,3133,3,9,0,risky first
880,3280,148.946299,9,0,risky first
1060,3130,234.3074903,9,0,risky first
1240,3085,185.5397532,9,0,risky first
1420,3133,186.2900964,9,0,risky first
1600,2977,238.1931989,9,0,risky first
1780,3157,254.5584412,9,0,risky first
1960,3166,180.2248596,9,0,risky first
2140,2998,246.2194143,9,0,risky first
2320,3166,246.2194143,9,0,risky first
2500,3292,219.7180011,9,0,risky first
2680,3112,254.5584412,9,0,risky first
2860,3202,201.246118,9,0,risky first
3028,3271,181.6177304,9,0,risky first
3112,3091,198.6353443,9,0,risky first
3082,2911,182.4828759,9,0,risky first
3007,2779,151.8189711,9,0,risky first
3007,2911,132,9,0,risky first
3004,3082,171.0263138,9,0,risky first
2824,3082,180,9,0,risky first
2989,3082,165,9,0,risky first
3070,3145,102.6157883,9,0,risky first
3070,3325,180,9,0,risky first
2908,3376,169.8381583,9,0,risky first
2728,3376,180,9,0,risky first
2548,3376,180,9,0,risky first
2176,2065,0,9,1,risky first
2176,2065,0,9,1,risky first
2176,2065,0,9,1,risky first
2245,2065,69,9,1,risky first
2425,2065,180,9,1,risky first
2605,1978,199.922485,9,1,risky first
2785,1975,180.0249983,9,1,risky first
2785,2149,174,9,1,risky first
2785,2329,180,9,1,risky first
2785,2509,180,9,1,risky first
2923,2596,163.1349135,9,1,risky first
3103,2596,180,9,1,risky first
3283,2596,180,9,1,risky first
3331,2437,166.0873264,9,1,risky first
3331,2257,180,9,1,risky first
3331,2077,180,9,1,risky first
3331,1897,180,9,1,risky first
3331,1717,180,9,1,risky first
3331,1537,180,9,1,risky first
3331,1357,180,9,1,risky first
3331,1177,180,9,1,risky first
3331,997,180,9,1,risky first
3331,817,180,9,1,risky first
3205,730,153.1176019,9,1,risky first
3094,556,206.3904068,9,1,risky first
2968,619,140.8722826,9,1,risky first
2788,799,254.5584412,9,1,risky first
2608,979,254.5584412,9,1,risky first
2428,1159,254.5584412,9,1,risky first
2266,1288,207.0869383,9,1,risky first
2149,1186,155.2191998,9,1,risky first
1969,1186,180,9,1,risky first
1789,1186,180,9,1,risky first
1609,1186,180,9,1,risky first
1429,1186,180,9,1,risky first
1249,1186,180,9,1,risky first
1069,1150,183.5647025,9,1,risky first
889,1150,180,9,1,risky first
709,1117,183,9,1,risky first
709,1297,180,9,1,risky first
709,1477,180,9,1,risky first
697,1657,180.3995565,9,1,risky first
763,1837,191.7185437,9,1,risky first
718,2017,185.5397532,9,1,risky first
718,2197,180,9,1,risky first
718,2377,180,9,1,risky first
718,2557,180,9,1,risky first
718,2737,180,9,1,risky first
718,2917,180,9,1,risky first
700,3097,180.8977612,9,1,risky first
694,3277,180.0999722,9,1,risky first
826,3337,144.9965517,9,1,risky first
1006,3337,180,9,1,risky first
1186,3337,180,9,1,risky first
1366,3430,202.6055281,9,1,risky first
1519,3376,162.2498074,9,1,risky first
1699,3436,189.7366596,9,1,risky first
1879,3415,181.2208597,9,1,risky first
2059,3403,180.3995565,9,1,risky first
2239,3403,180,9,1,risky first
2419,3403,180,9,1,risky first
2599,3403,180,9,1,risky first
2779,3403,180,9,1,risky first
2959,3274,221.4520264,9,1,risky first
2980,3274,21,9,1,risky first
2932,3142,140.4563989,9,1,risky first
3046,3121,115.9180745,9,1,risky first
3226,3121,180,9,1,risky first
3301,3241,141.509717,9,1,risky first
3301,3223,18,9,1,risky first
3301,3043,180,9,1,risky first
3301,2863,180,9,1,risky first
3301,2683,180,9,1,risky first
3187,2503,213.0633709,9,1,risky first
3007,2323,254.5584412,9,1,risky first
3013,2158,165.1090549,9,1,risky first
3193,1978,254.5584412,9,1,risky first
3148,1945,55.80322571,9,1,risky first
2968,2029,198.6353443,9,1,risky first
2812,1849,238.1931989,9,1,risky first
2845,1669,183,9,1,risky first
2980,1489,225,9,1,risky first
3160,1309,254.5584412,9,1,risky first
3259,1129,205.4288198,9,1,risky first
3259,949,180,9,1,risky first
3259,769,180,9,1,risky first
3127,589,223.2129029,9,1,risky first
3127,622,33,9,1,risky first
2998,676,139.8463442,9,1,risky first
2818,688,180.3995565,9,1,risky first
2638,694,180.0999722,9,1,risky first
2458,781,199.922485,9,1,risky first
2278,766,180.6239187,9,1,risky first
2098,784,180.8977612,9,1,risky first
1918,736,186.2900964,9,1,risky first
1780,847,177.1016657,9,1,risky first
1780,1027,180,9,1,risky first
1609,1114,191.8593235,9,1,risky first
1429,1057,188.8094277,9,1,risky first
1249,898,240.1686907,9,1,risky first
1069,736,242.1652328,9,1,risky first
889,715,181.2208597,9,1,risky first
709,727,180.3995565,9,1,risky first
664,886,165.2452722,9,1,risky first
664,1066,180,9,1,risky first
664,1246,180,9,1,risky first
706,1426,184.8350616,9,1,risky first
724,1606,180.8977612,9,1,risky first
742,1786,180.8977612,9,1,risky first
754,1966,180.3995565,9,1,risky first
754,2146,180,9,1,risky first
754,2326,180,9,1,risky first
754,2506,180,9,1,risky first
754,2686,180,9,1,risky first
775,2866,181.2208597,9,1,risky first
775,3046,180,9,1,risky first
775,3226,180,9,1,risky first
703,3397,185.5397532,9,1,risky first
613,3397,90,9,1,risky first
502,3436,117.6520293,9,1,risky first
505,3436,3,9,1,risky first
565,3385,78.74642849,9,1,risky first
637,3415,78,9,1,risky first
712,3409,75.23961722,9,1,risky first
718,3286,123.1462545,9,1,risky first
844,3286,126,9,1,risky first
910,3307,69.26037828,9,1,risky first
958,3268,61.84658438,9,1,risky first
931,3250,32.44996148,9,1,risky first
1045,3337,143.4050208,9,1,risky first
1135,3172,187.9494613,9,1,risky first
1315,3268,204,9,1,risky first
1495,3295,182.0137357,9,1,risky first
1675,3328,183,9,1,risky first
1801,3328,126,9,1,risky first
1843,3328,42,9,1,risky first
2023,3328,180,9,1,risky first
2203,3295,183,9,1,risky first
2383,3247,186.2900964,9,1,risky first
2563,3268,181.2208597,9,1,risky first
2743,3268,180,9,1,risky first
2923,3178,201.246118,9,1,risky first
3103,3172,180.0999722,9,1,risky first
3283,3208,183.5647025,9,1,risky first
3376,3052,181.6177304,9,1,risky first
3334,2872,184.8350616,9,1,risky first
3334,2692,180,9,1,risky first
3334,2512,180,9,1,risky first
3334,2332,180,9,1,risky first
3334,2152,180,9,1,risky first
3334,1972,180,9,1,risky first
3334,1792,180,9,1,risky first
3289,1612,185.5397532,9,1,risky first
3151,1432,226.8126981,9,1,risky first
3100,1252,187.0855419,9,1,risky first
3013,1072,199.922485,9,1,risky first
2947,892,191.7185437,9,1,risky first
3025,712,196.1733927,9,1,risky first
3205,673,184.1765457,9,1,risky first
3358,763,177.5077463,9,1,risky first
3277,628,157.4357012,9,1,risky first
3097,625,180.0249983,9,1,risky first
2917,595,182.4828759,9,1,risky first
2737,613,180.8977612,9,1,risky first
2557,649,183.5647025,9,1,risky first
2377,649,180,9,1,risky first
2197,649,180,9,1,risky first
2017,649,180,9,1,risky first
1984,631,37.58989226,9,1,risky first
1909,760,149.2179614,9,1,risky first
1729,748,180.3995565,9,1,risky first
1549,748,180,9,1,risky first
1369,727,181.2208597,9,1,risky first
1189,727,180,9,1,risky first
1009,727,180,9,1,risky first
829,727,180,9,1,risky first
661,742,168.6683136,9,1,risky first
661,922,180,9,1,risky first
769,1102,209.9142682,9,1,risky first
769,1282,180,9,1,risky first
769,1462,180,9,1,risky first
820,1642,187.0855419,9,1,risky first
979,1822,240.1686907,9,1,risky first
1003,1780,48.37354649,9,1,risky first
1003,1600,180,9,1,risky first
1066,1474,140.8722826,9,1,risky first
1162,1384,131.5902732,9,1,risky first
1258,1240,173.0664612,9,1,risky first
1381,1354,167.7050983,9,1,risky first
1381,1534,180,9,1,risky first
1381,1714,180,9,1,risky first
1381,1894,180,9,1,risky first
1381,2074,180,9,1,risky first
1381,1999,75,9,1,risky first
1435,1819,187.9255172,9,1,risky first
1576,1639,228.6503881,9,1,risky first
1651,1486,170.3936619,9,1,risky first
1831,1486,180,9,1,risky first
1939,1579,142.5236822,9,1,risky first
1966,1666,91.0933587,9,1,risky first
1966,1645,21,9,1,risky first
1966,1645,0,9,1,risky first
1966,1645,0,9,1,risky first
1966,1648,3,9,1,risky first
1966,1828,180,9,1,risky first
1966,2008,180,9,1,risky first
2074,2062,120.7476708,9,1,risky first
2152,2029,84.69356528,9,1,risky first
2008,1987,150,9,1,risky first
1828,1966,181.2208597,9,1,risky first
1648,1906,189.7366596,9,1,risky first
1468,1828,196.1733927,9,1,risky first
1288,1759,192.7718859,9,1,risky first
1213,1603,173.0924608,9,1,risky first
1168,1489,122.5601893,9,1,risky first
1168,1513,24,9,1,risky first
1291,1693,218.0114676,9,1,risky first
1471,1858,244.1823089,9,1,risky first
1651,1936,196.1733927,9,1,risky first
1831,1936,180,9,1,risky first
2011,1936,180,9,1,risky first
2032,2083,148.492424,9,1,risky first
1945,1939,168.2408987,9,1,risky first
1765,1759,254.5584412,9,1,risky first
1726,1579,184.1765457,9,1,risky first
1573,1399,236.2392855,9,1,risky first
1486,1219,199.922485,9,1,risky first
1372,1081,178.9972067,9,1,risky first
1192,1051,182.4828759,9,1,risky first
1111,1174,147.2752525,9,1,risky first
1111,1354,180,9,1,risky first
1150,1534,184.1765457,9,1,risky first
1327,1714,252.4460338,9,1,risky first
1375,1747,58.24946352,9,1,risky first
1447,1900,169.0946481,9,1,risky first
1606,2044,214.5157337,9,1,risky first
1717,2140,146.7548977,9,1,risky first
1897,2155,180.6239187,9,1,risky first
2074,2140,177.6344561,9,1,risky first
2074,2011,129,9,1,risky first
2074,1831,180,9,1,risky first
2074,1657,174,9,1,risky first
1984,1477,201.246118,9,1,risky first
1936,1297,186.2900964,9,1,risky first
2092,1117,238.1931989,9,1,risky first
2272,988,221.4520264,9,1,risky first
2437,1168,244.1823089,9,1,risky first
2437,1348,180,9,1,risky first
2437,1528,180,9,1,risky first
2302,1708,225,9,1,risky first
2182,1888,216.3330765,9,1,risky first
2104,2068,196.1733927,9,1,risky first
1969,2248,225,9,1,risky first
1969,2314,66,9,1,risky first
1858,2221,144.8102206,9,1,risky first
1678,2095,219.7180011,9,1,risky first
1498,1942,236.2392855,9,1,risky first
1318,1963,181.2208597,9,1,risky first
1138,1954,180.2248596,9,1,risky first
991,1774,232.3983649,9,1,risky first
1072,1594,197.3854098,9,1,risky first
1177,1414,208.3866598,9,1,risky first
1081,1366,107.3312629,9,1,risky first
967,1546,213.0633709,9,1,risky first
1045,1726,196.1733927,9,1,risky first
1225,1906,254.5584412,9,1,risky first
1237,1981,75.95393341,9,1,risky first
1306,1846,151.6113452,9,1,risky first
1486,1891,185.5397532,9,1,risky first
1666,1882,180.2248596,9,1,risky first
1846,1894,180.3995565,9,1,risky first
1966,1987,151.8189711,9,1,risky first
2077,2167,211.4734026,9,1,risky first
1978,2086,127.9140336,9,1,risky first
1891,2050,94.15412896,9,1,risky first
1711,2026,181.5929514,9,1,risky first
1531,1945,197.3854098,9,1,risky first
1351,1858,199.922485,9,1,risky first
1258,1696,186.7966809,9,1,risky first
1213,1516,185.5397532,9,1,risky first
1171,1579,75.71657678,9,1,risky first
1180,1759,180.2248596,9,1,risky first
1288,1939,209.9142682,9,1,risky first
1468,2065,219.7180011,9,1,risky first
1648,2029,183.5647025,9,1,risky first
1828,1996,183,9,1,risky first
2008,2026,182.4828759,9,1,risky first
2059,2116,103.4456379,9,1,risky first
1957,2074,110.3086579,9,1,risky first
1777,2029,185.5397532,9,1,risky first
1597,1927,206.8912758,9,1,risky first
1417,1846,197.3854098,9,1,risky first
1237,1729,214.683488,9,1,risky first
1234,1549,180.0249983,9,1,risky first
2158,2110,48.47,10,1,safe first
2251,2056,107.54069,10,1,safe first
2431,2056,180,10,1,safe first
2611,2038,180.8977612,10,1,safe first
2791,2071,183,10,1,safe first
2971,2104,183,10,1,safe first
3151,2239,225,10,1,safe first
3322,2119,208.9042843,10,1,safe first
3250,1948,185.5397532,10,1,safe first
3106,1777,223.5553623,10,1,safe first
3106,1954,177,10,1,safe first
3106,2134,180,10,1,safe first
3106,2314,180,10,1,safe first
3094,2494,180.3995565,10,1,safe first
2935,2560,172.1540008,10,1,safe first
2755,2560,180,10,1,safe first
2575,2560,180,10,1,safe first
2395,2560,180,10,1,safe first
2215,2560,180,10,1,safe first
2086,2410,197.8408451,10,1,safe first
1939,2266,205.7790077,10,1,safe first
1759,2089,252.4460338,10,1,safe first
1648,1966,165.6804153,10,1,safe first
1540,2146,209.9142682,10,1,safe first
1468,2290,160.9968944,10,1,safe first
1570,2386,140.0714104,10,1,safe first
1504,2509,139.5886815,10,1,safe first
1552,2593,96.74709298,10,1,safe first
1732,2593,180,10,1,safe first
1912,2593,180,10,1,safe first
2092,2593,180,10,1,safe first
2122,2770,179.5243716,10,1,safe first
2233,2689,137.4117899,10,1,safe first
2248,2509,180.6239187,10,1,safe first
2248,2329,180,10,1,safe first
2248,2149,180,10,1,safe first
2248,1969,180,10,1,safe first
2248,1789,180,10,1,safe first
2248,1609,180,10,1,safe first
2248,1429,180,10,1,safe first
2155,1258,194.6535384,10,1,safe first
2032,1204,134.3316791,10,1,safe first
2032,1384,180,10,1,safe first
2032,1564,180,10,1,safe first
2056,1744,181.5929514,10,1,safe first
2086,1924,182.4828759,10,1,safe first
2086,1942,18,10,1,safe first
2086,1762,180,10,1,safe first
2086,1582,180,10,1,safe first
2086,1402,180,10,1,safe first
2020,1327,99.90495483,10,1,safe first
1879,1273,150.9867544,10,1,safe first
1879,1093,180,10,1,safe first
1960,1033,100.8017857,10,1,safe first
1999,1033,39,10,1,safe first
2008,1144,111.3642672,10,1,safe first
2074,1168,70.22819946,10,1,safe first
1972,1183,103.0970417,10,1,safe first
2005,1363,183,10,1,safe first
2104,1543,205.4288198,10,1,safe first
2071,1723,183,10,1,safe first
2098,1897,176.0823671,10,1,safe first
2098,1972,75,10,1,safe first
2098,1795,177,10,1,safe first
2053,1615,185.5397532,10,1,safe first
2053,1435,180,10,1,safe first
2017,1306,133.9290857,10,1,safe first
1996,1300,21.84032967,10,1,safe first
1996,1300,0,10,1,safe first
1918,1312,78.91767863,10,1,safe first
1918,1132,180,10,1,safe first
2053,1036,165.6532523,10,1,safe first
2149,1129,133.6600165,10,1,safe first
2041,949,209.9142682,10,1,safe first
1948,1000,106.0660172,10,1,safe first
1921,1180,182.0137357,10,1,safe first
1954,1330,153.5871088,10,1,safe first
2023,1456,143.6558387,10,1,safe first
2203,1561,208.3866598,10,1,safe first
2257,1726,173.6116356,10,1,safe first
2263,1855,129.1394595,10,1,safe first
2116,2035,232.3983649,10,1,safe first
2005,2215,211.4734026,10,1,safe first
1837,2278,179.4240787,10,1,safe first
1744,2374,133.6600165,10,1,safe first
1564,2287,199.922485,10,1,safe first
1384,2128,240.1686907,10,1,safe first
1351,1948,183,10,1,safe first
1396,1768,185.5397532,10,1,safe first
1540,1588,230.5124725,10,1,safe first
1636,1408,204,10,1,safe first
1816,1228,254.5584412,10,1,safe first
1933,1072,195,10,1,safe first
2056,1027,130.9732797,10,1,safe first
2026,1147,123.6931688,10,1,safe first
2026,1147,0,10,1,safe first
2086,1156,60.67124525,10,1,safe first
1987,985,197.5904856,10,1,safe first
1861,1141,200.5292996,10,1,safe first
1861,1321,180,10,1,safe first
1861,1501,180,10,1,safe first
1897,1681,183.5647025,10,1,safe first
1954,1861,188.8094277,10,1,safe first
2080,2041,219.7180011,10,1,safe first
2119,2221,184.1765457,10,1,safe first
2119,2401,180,10,1,safe first
2017,2581,206.8912758,10,1,safe first
1837,2761,254.5584412,10,1,safe first
1672,2851,187.9494613,10,1,safe first
1492,2671,254.5584412,10,1,safe first
1312,2491,254.5584412,10,1,safe first
1312,2311,180,10,1,safe first
1165,2131,232.3983649,10,1,safe first
985,1951,254.5584412,10,1,safe first
1081,1771,204,10,1,safe first
1117,1591,183.5647025,10,1,safe first
1252,1429,210.8767412,10,1,safe first
1432,1306,218.0114676,10,1,safe first
1612,1486,254.5584412,10,1,safe first
1792,1450,183.5647025,10,1,safe first
1972,1558,209.9142682,10,1,safe first
2044,1738,193.8659331,10,1,safe first
2203,1888,218.5886548,10,1,safe first
2092,1888,111,10,1,safe first
2092,2041,153,10,1,safe first
2086,1942,99.18165153,10,1,safe first
1918,1762,246.2194143,10,1,safe first
1798,1822,134.1640786,10,1,safe first
1618,1870,186.2900964,10,1,safe first
1465,1735,204.0441129,10,1,safe first
1300,1567,235.4761134,10,1,safe first
1252,1450,126.4634335,10,1,safe first
1432,1555,208.3866598,10,1,safe first
1612,1732,252.4460338,10,1,safe first
1792,1816,198.6353443,10,1,safe first
1972,1996,254.5584412,10,1,safe first
2044,2077,108.3743512,10,1,safe first
1864,2068,180.2248596,10,1,safe first
1690,1888,250.3517525,10,1,safe first
1510,1708,254.5584412,10,1,safe first
1330,1555,236.2392855,10,1,safe first
1237,1486,115.8015544,10,1,safe first
1291,1408,94.86832981,10,1,safe first
1471,1480,193.8659331,10,1,safe first
1651,1660,254.5584412,10,1,safe first
1831,1840,254.5584412,10,1,safe first
2011,2020,254.5584412,10,1,safe first
2011,2032,12,10,1,safe first
1900,1852,211.4734026,10,1,safe first
1720,1696,238.1931989,10,1,safe first
1549,1726,173.6116356,10,1,safe first
1564,1900,174.6453549,10,1,safe first
1447,2035,178.6448992,10,1,safe first
1429,2215,180.8977612,10,1,safe first
1249,2233,180.8977612,10,1,safe first
1090,2053,240.1686907,10,1,safe first
1066,1873,181.5929514,10,1,safe first
1111,1693,185.5397532,10,1,safe first
1207,1513,204,10,1,safe first
1201,1558,45.39823785,10,1,safe first
1222,1738,181.2208597,10,1,safe first
1249,1918,182.0137357,10,1,safe first
1429,2098,254.5584412,10,1,safe first
1609,2155,188.8094277,10,1,safe first
1789,2284,221.4520264,10,1,safe first
1969,2284,180,10,1,safe first
2149,2104,254.5584412,10,1,safe first
2260,2092,111.6467644,10,1,safe first
2440,2092,180,10,1,safe first
2620,2116,181.5929514,10,1,safe first
2713,2278,186.7966809,10,1,safe first
2614,2458,205.4288198,10,1,safe first
2434,2536,196.1733927,10,1,safe first
2254,2548,180.3995565,10,1,safe first
2074,2530,180.8977612,10,1,safe first
1927,2524,147.122398,10,1,safe first
1747,2344,254.5584412,10,1,safe first
1567,2221,218.0114676,10,1,safe first
1426,2131,167.2752223,10,1,safe first
1279,2068,159.9312352,10,1,safe first
1246,2248,183,10,1,safe first
1246,2428,180,10,1,safe first
1135,2608,211.4734026,10,1,safe first
961,2782,246.0731599,10,1,safe first
892,2806,73.05477397,10,1,safe first
733,2734,174.5422585,10,1,safe first
685,2554,186.2900964,10,1,safe first
766,2374,197.3854098,10,1,safe first
844,2194,196.1733927,10,1,safe first
997,2014,236.2392855,10,1,safe first
1009,1852,162.4438364,10,1,safe first
1156,1672,232.3983649,10,1,safe first
1204,1492,186.2900964,10,1,safe first
1297,1471,95.34149149,10,1,safe first
1477,1471,180,10,1,safe first
1657,1510,184.1765457,10,1,safe first
1837,1603,202.6055281,10,1,safe first
2017,1663,189.7366596,10,1,safe first
2197,1729,191.7185437,10,1,safe first
2377,1696,183,10,1,safe first
2557,1834,226.8126981,10,1,safe first
2521,1762,80.49844719,10,1,safe first
2350,1582,248.276056,10,1,safe first
2170,1447,225,10,1,safe first
2086,1588,164.1249524,10,1,safe first
2086,1768,180,10,1,safe first
2086,1948,180,10,1,safe first
2086,2128,180,10,1,safe first
2086,2308,180,10,1,safe first
2086,2488,180,10,1,safe first
1960,2668,219.7180011,10,1,safe first
1819,2686,142.1442929,10,1,safe first
1639,2506,254.5584412,10,1,safe first
1468,2326,248.276056,10,1,safe first
1288,2146,254.5584412,10,1,safe first
1141,1966,232.3983649,10,1,safe first
1000,1840,189.0952141,10,1,safe first
1000,2020,180,10,1,safe first
868,2200,223.2129029,10,1,safe first
688,2287,199.922485,10,1,safe first
595,2107,202.6055281,10,1,safe first
592,1927,180.0249983,10,1,safe first
664,1747,193.8659331,10,1,safe first
844,1567,254.5584412,10,1,safe first
1024,1414,236.2392855,10,1,safe first
1204,1438,181.5929514,10,1,safe first
1384,1438,180,10,1,safe first
1564,1453,180.6239187,10,1,safe first
1744,1633,254.5584412,10,1,safe first
1924,1786,236.2392855,10,1,safe first
2071,1915,195.5760722,10,1,safe first
2230,2095,240.1686907,10,1,safe first
2410,2275,254.5584412,10,1,safe first
2590,2455,254.5584412,10,1,safe first
2770,2536,197.3854098,10,1,safe first
2950,2386,234.3074903,10,1,safe first
3130,2206,254.5584412,10,1,safe first
3280,2053,214.263856,10,1,safe first
3304,1957,98.95453501,10,1,safe first
3304,1777,180,10,1,safe first
3304,1597,180,10,1,safe first
3304,1417,180,10,1,safe first
3241,1237,190.7065809,10,1,safe first
3175,1057,191.7185437,10,1,safe first
3196,922,136.6235704,10,1,safe first
3157,742,184.1765457,10,1,safe first
2977,712,182.4828759,10,1,safe first
2797,712,180,10,1,safe first
2617,712,180,10,1,safe first
2437,712,180,10,1,safe first
2257,772,189.7366596,10,1,safe first
2146,853,137.4117899,10,1,safe first
2113,943,95.85927185,10,1,safe first
2041,1012,99.72462083,10,1,safe first
2089,1150,146.1095479,10,1,safe first
2155,1090,89.19641248,10,1,safe first
2029,1024,142.2392351,10,1,safe first
2179,925,179.7247896,10,1,safe first
2134,823,111.4854251,10,1,safe first
2281,673,210.0214275,10,1,safe first
2461,853,254.5584412,10,1,safe first
2605,1033,230.5124725,10,1,safe first
2695,1213,201.246118,10,1,safe first
2692,1393,180.0249983,10,1,safe first
2653,1552,163.7131638,10,1,safe first
2635,1732,180.8977612,10,1,safe first
2455,1858,219.7180011,10,1,safe first
2275,1924,191.7185437,10,1,safe first
2098,2104,252.4460338,10,1,safe first
2098,2284,180,10,1,safe first
2098,2464,180,10,1,safe first
2143,2644,185.5397532,10,1,safe first
2146,2788,144.0312466,10,1,safe first
1966,2818,182.4828759,10,1,safe first
1786,2656,242.1652328,10,1,safe first
1657,2476,221.4520264,10,1,safe first
1588,2308,181.6177304,10,1,safe first
1438,2152,216.4162656,10,1,safe first
1411,1972,182.0137357,10,1,safe first
1264,1813,216.5409892,10,1,safe first
1186,1633,196.1733927,10,1,safe first
1162,1465,169.7056275,10,1,safe first
1156,1618,153.1176019,10,1,safe first
1336,1798,254.5584412,10,1,safe first
1516,1774,181.5929514,10,1,safe first
1696,1807,183,10,1,safe first
1876,1678,221.4520264,10,1,safe first
2056,1678,180,10,1,safe first
2236,1678,180,10,1,safe first
2071,1876,208.39,10,0,safe first
1918,1696,236.2392855,10,0,safe first
1840,1822,148.1890684,10,0,safe first
1660,1942,216.3330765,10,0,safe first
1507,1864,171.7352614,10,0,safe first
1327,2044,254.5584412,10,0,safe first
1255,1987,91.83136719,10,0,safe first
1075,1930,188.8094277,10,0,safe first
895,1798,223.2129029,10,0,safe first
841,1870,90,10,0,safe first
718,2050,218.0114676,10,0,safe first
730,1978,72.99315036,10,0,safe first
835,1798,208.3866598,10,0,safe first
949,1618,213.0633709,10,0,safe first
1093,1438,230.5124725,10,0,safe first
1273,1258,254.5584412,10,0,safe first
1453,1078,254.5584412,10,0,safe first
1615,898,242.1652328,10,0,safe first
1795,859,184.1765457,10,0,safe first
1975,802,188.8094277,10,0,safe first
2155,967,244.1823089,10,0,safe first
2119,1000,48.83646179,10,0,safe first
2056,1180,190.7065809,10,0,safe first
1987,1360,192.7718859,10,0,safe first
1987,1540,180,10,0,safe first
1987,1720,180,10,0,safe first
2020,1900,183,10,0,safe first
2065,2068,173.9223965,10,0,safe first
2065,1906,162,10,0,safe first
2029,1726,183.5647025,10,0,safe first
1993,1546,183.5647025,10,0,safe first
1879,1366,213.0633709,10,0,safe first
1894,1216,150.7481343,10,0,safe first
2035,1129,165.6804153,10,0,safe first
2167,1222,161.4713597,10,0,safe first
2221,1360,148.1890684,10,0,safe first
2164,1513,163.2727779,10,0,safe first
2101,1693,190.7065809,10,0,safe first
2101,1873,180,10,0,safe first
2089,2053,180.3995565,10,0,safe first
2119,1912,144.1561653,10,0,safe first
2077,1732,184.8350616,10,0,safe first
2026,1552,187.0855419,10,0,safe first
1942,1372,198.6353443,10,0,safe first
1870,1300,101.8233765,10,0,safe first
1804,1255,79.88116173,10,0,safe first
1843,1147,114.8259553,10,0,safe first
1927,1048,129.8345101,10,0,safe first
1966,1102,66.61080993,10,0,safe first
1834,940,208.9688972,10,0,safe first
1780,1102,170.7629936,10,0,safe first
1801,1282,181.2208597,10,0,safe first
1897,1462,204,10,0,safe first
2026,1642,221.4520264,10,0,safe first
2029,1822,180.0249983,10,0,safe first
2041,2002,180.3995565,10,0,safe first
1903,1924,158.5181378,10,0,safe first
1879,1744,181.5929514,10,0,safe first
1816,1564,190.7065809,10,0,safe first
1798,1435,130.2497601,10,0,safe first
1798,1255,180,10,0,safe first
1807,1075,180.2248596,10,0,safe first
1942,1072,135.0333292,10,0,safe first
1993,1144,88.23264702,10,0,safe first
1849,1060,166.7093279,10,0,safe first
1789,1240,189.7366596,10,0,safe first
1789,1420,180,10,0,safe first
1852,1600,190.7065809,10,0,safe first
1900,1780,186.2900964,10,0,safe first
1948,1960,186.2900964,10,0,safe first
1963,2059,100.1299156,10,0,safe first
1783,1891,246.2194143,10,0,safe first
1603,1837,187.9255172,10,0,safe first
1423,1846,180.2248596,10,0,safe first
1243,1816,182.4828759,10,0,safe first
1063,1807,180.2248596,10,0,safe first
1024,1669,143.4050208,10,0,safe first
1090,1516,166.6283289,10,0,safe first
1183,1336,202.6055281,10,0,safe first
1264,1180,175.7754249,10,0,safe first
1084,1000,254.5584412,10,0,safe first
904,820,254.5584412,10,0,safe first
1048,748,160.9968944,10,0,safe first
1228,724,181.5929514,10,0,safe first
1408,712,180.3995565,10,0,safe first
1588,784,193.8659331,10,0,safe first
1768,736,186.2900964,10,0,safe first
1948,736,180,10,0,safe first
2128,751,180.6239187,10,0,safe first
2308,781,182.4828759,10,0,safe first
2488,841,189.7366596,10,0,safe first
2668,844,180.0249983,10,0,safe first
2848,844,180,10,0,safe first
3028,844,180,10,0,safe first
3208,844,180,10,0,safe first
3289,889,92.66067127,10,0,safe first
3172,1018,174.1551033,10,0,safe first
3172,1198,180,10,0,safe first
3073,1330,165,10,0,safe first
2950,1414,148.946299,10,0,safe first
2770,1402,180.3995565,10,0,safe first
2590,1405,180.0249983,10,0,safe first
2410,1423,180.8977612,10,0,safe first
2230,1444,181.2208597,10,0,safe first
2248,1609,165.9789143,10,0,safe first
2269,1789,181.2208597,10,0,safe first
2089,1969,254.5584412,10,0,safe first
2128,1918,64.20280368,10,0,safe first
2308,1813,208.3866598,10,0,safe first
2488,1699,213.0633709,10,0,safe first
2668,1591,209.9142682,10,0,safe first
2848,1474,214.683488,10,0,safe first
2818,1465,31.32091953,10,0,safe first
2638,1501,183.5647025,10,0,safe first
2458,1618,214.683488,10,0,safe first
2278,1798,254.5584412,10,0,safe first
2098,1978,254.5584412,10,0,safe first
2152,1882,110.1453585,10,0,safe first
2332,1702,254.5584412,10,0,safe first
2512,1588,213.0633709,10,0,safe first
2692,1453,225,10,0,safe first
2872,1453,180,10,0,safe first
2749,1453,123,10,0,safe first
2569,1525,193.8659331,10,0,safe first
2389,1657,223.2129029,10,0,safe first
2209,1837,254.5584412,10,0,safe first
2035,1981,225.8583627,10,0,safe first
2056,1828,154.4344521,10,0,safe first
2236,1675,236.2392855,10,0,safe first
2416,1627,186.2900964,10,0,safe first
2596,1573,187.9255172,10,0,safe first
2776,1477,204,10,0,safe first
2905,1411,144.9034161,10,0,safe first
2725,1453,184.8350616,10,0,safe first
2545,1459,180.0999722,10,0,safe first
2446,1459,99,10,0,safe first
2338,1489,112.0892502,10,0,safe first
2221,1669,214.683488,10,0,safe first
2128,1849,202.6055281,10,0,safe first
2038,1933,123.1097072,10,0,safe first
2029,1993,60.67124525,10,0,safe first
2035,1933,60.29925373,10,0,safe first
2152,1837,151.3439791,10,0,safe first
2332,1723,213.0633709,10,0,safe first
2512,1648,195,10,0,safe first
2692,1585,190.7065809,10,0,safe first
2872,1459,219.7180011,10,0,safe first
2851,1540,83.67795409,10,0,safe first
2671,1720,254.5584412,10,0,safe first
2557,1900,213.0633709,10,0,safe first
2377,2074,250.3517525,10,0,safe first
2197,2098,181.5929514,10,0,safe first
2101,2068,100.5783277,10,0,safe first
2281,1942,219.7180011,10,0,safe first
2461,1762,254.5584412,10,0,safe first
2641,1627,225,10,0,safe first
2821,1480,232.3983649,10,0,safe first
2968,1450,150.029997,10,0,safe first
2788,1507,188.8094277,10,0,safe first
2608,1687,254.5584412,10,0,safe first
2428,1747,189.7366596,10,0,safe first
2248,1927,254.5584412,10,0,safe first
2068,2041,213.0633709,10,0,safe first
2239,2008,174.1551033,10,0,safe first
2419,1837,248.276056,10,0,safe first
2599,1705,223.2129029,10,0,safe first
2779,1585,216.3330765,10,0,safe first
2881,1456,164.4536409,10,0,safe first
2701,1621,244.1823089,10,0,safe first
2521,1801,254.5584412,10,0,safe first
2374,1930,195.5760722,10,0,safe first
2245,2014,153.9382993,10,0,safe first
2065,2011,180.0249983,10,0,safe first
2155,1915,131.5902732,10,0,safe first
2335,1807,209.9142682,10,0,safe first
2515,1702,208.3866598,10,0,safe first
2695,1579,218.0114676,10,0,safe first
2875,1456,218.0114676,10,0,safe first
2917,1525,80.77747211,10,0,safe first
2806,1705,211.4734026,10,0,safe first
2626,1822,214.683488,10,0,safe first
2446,1948,219.7180011,10,0,safe first
2266,1993,185.5397532,10,0,safe first
2125,1999,141.1276018,10,0,safe first
2305,1861,226.8126981,10,0,safe first
2485,1783,196.1733927,10,0,safe first
2665,1675,209.9142682,10,0,safe first
2845,1549,219.7180011,10,0,safe first
2944,1498,111.3642672,10,0,safe first
2764,1672,250.3517525,10,0,safe first
2584,1852,254.5584412,10,0,safe first
2404,2032,254.5584412,10,0,safe first
2365,2062,49.2036584,10,0,safe first
2239,2041,127.7380131,10,0,safe first
2134,2014,108.415866,10,0,safe first
2137,2026,12.36931688,10,0,safe first
2317,1855,248.276056,10,0,safe first
2497,1675,254.5584412,10,0,safe first
2677,1600,195,10,0,safe first
2857,1483,214.683488,10,0,safe first
2869,1462,24.18677324,10,0,safe first
2689,1537,195,10,0,safe first
2509,1717,254.5584412,10,0,safe first
2329,1897,254.5584412,10,0,safe first
2149,2038,228.6503881,10,0,safe first
2113,2002,50.91168825,10,0,safe first
2293,1867,225,10,0,safe first
2473,1795,193.8659331,10,0,safe first
2653,1669,219.7180011,10,0,safe first
2833,1546,218.0114676,10,0,safe first
2950,1480,134.3316791,10,0,safe first
2980,1438,51.6139516,10,0,safe first
2896,1477,92.61209424,10,0,safe first
2896,1423,54,10,0,safe first
2728,1282,219.3285207,10,0,safe first
2548,1147,225,10,0,safe first
2377,997,227.466481,10,0,safe first
2218,817,240.1686907,10,0,safe first
2059,742,175.8010239,10,0,safe first
2038,922,181.2208597,10,0,safe first
1984,994,90,10,0,safe first
1924,1084,108.1665383,10,0,safe first
2014,1168,123.1097072,10,0,safe first
1909,1078,138.2931669,10,0,safe first
1996,949,155.5956298,10,0,safe first
2068,940,72.56031973,10,0,safe first
2056,844,96.74709298,10,0,safe first
2074,763,82.97590012,10,0,safe first
2182,859,144.4991349,10,0,safe first
2182,1039,180,10,0,safe first
2182,1219,180,10,0,safe first
2143,1399,184.1765457,10,0,safe first
2185,1579,184.8350616,10,0,safe first
2146,1759,184.1765457,10,0,safe first
2110,1939,183.5647025,10,0,safe first
2110,1921,18,10,0,safe first
2170,1741,189.7366596,10,0,safe first
2170,1561,180,10,0,safe first
2170,1381,180,10,0,safe first
2170,1201,180,10,0,safe first
2170,1021,180,10,0,safe first
2170,841,180,10,0,safe first
2041,844,129.034879,10,0,safe first
1972,961,135.8307771,10,0,safe first
1933,1105,149.1878011,10,0,safe first
1978,1183,90.04998612,10,0,safe first
1933,1057,133.7946187,10,0,safe first
2008,973,112.6099463,10,0,safe first
2050,826,152.8823077,10,0,safe first
2104,787,66.61080993,10,0,safe first
2149,937,156.6045976,10,0,safe first
2149,1117,180,10,0,safe first
2149,1297,180,10,0,safe first
2149,1477,180,10,0,safe first
2149,1657,180,10,0,safe first
2149,1837,180,10,0,safe first
2083,2011,186.096749,10,0,safe first
2107,1873,140.0714104,10,0,safe first
2170,1720,165.4629868,10,0,safe first
2173,1540,180.0249983,10,0,safe first
2188,1384,156.7194946,10,0,safe first
2167,1204,181.2208597,10,0,safe first
2167,1024,180,10,0,safe first
2167,844,180,10,0,safe first
2056,826,112.4499889,10,0,safe first
1999,952,138.2931669,10,0,safe first
1921,1012,98.4073168,10,0,safe first
1951,1183,173.6116356,10,0,safe first
1927,1126,61.84658438,10,0,safe first
1963,994,136.821051,10,0,safe first
2035,877,137.3790377,10,0,safe first
2143,730,182.4088814,10,0,safe first
2149,892,162.111073,10,0,safe first
2149,1072,180,10,0,safe first
2149,1252,180,10,0,safe first
2149,1432,180,10,0,safe first
2149,1612,180,10,0,safe first
2149,1792,180,10,0,safe first
2074,1966,189.4755921,10,0,safe first
2113,1834,137.640837,10,0,safe first
2218,1654,208.3866598,10,0,safe first
2182,1474,183.5647025,10,0,safe first
2158,1294,181.5929514,10,0,safe first
2158,1114,180,10,0,safe first
2158,934,180,10,0,safe first
2101,790,154.870914,10,0,safe first
2032,907,135.8307771,10,0,safe first
1918,985,138.1303732,10,0,safe first
1936,1165,180.8977612,10,0,safe first
1900,1153,37.94733192,10,0,safe first
1933,997,159.4521872,10,0,safe first
1999,964,73.79024326,10,0,safe first
2029,850,117.8812962,10,0,safe first
2110,769,114.5512986,10,0,safe first
2149,934,169.5464538,10,0,safe first
2149,1114,180,10,0,safe first
2146,1294,180.0249983,10,0,safe first
2098,1474,186.2900964,10,0,safe first
2098,1654,180,10,0,safe first
2407,2065,180,11,0,risky first
2566,2065,159,11,0,risky first
2566,1924,141,11,0,risky first
2566,1861,63,11,0,risky first
2566,2041,180,11,0,risky first
2566,2221,180,11,0,risky first
2566,2401,180,11,0,risky first
2392,2410,174.2326031,11,0,risky first
2212,2410,180,11,0,risky first
2032,2410,180,11,0,risky first
1852,2410,180,11,0,risky first
1672,2410,180,11,0,risky first
1492,2410,180,11,0,risky first
1519,2377,42.63801121,11,0,risky first
1519,2197,180,11,0,risky first
1519,2017,180,11,0,risky first
1519,1837,180,11,0,risky first
1519,1657,180,11,0,risky first
1594,1528,149.2179614,11,0,risky first
1774,1528,180,11,0,risky first
1894,1456,139.9428455,11,0,risky first
1981,1303,176.0056817,11,0,risky first
1987,1207,96.18731725,11,0,risky first
1987,1387,180,11,0,risky first
1984,1567,180.0249983,11,0,risky first
1984,1747,180,11,0,risky first
1984,1927,180,11,0,risky first
2089,2014,136.3598181,11,0,risky first
2071,1909,106.5316854,11,0,risky first
2059,1729,180.3995565,11,0,risky first
2011,1549,186.2900964,11,0,risky first
2035,1369,181.5929514,11,0,risky first
2107,1189,193.8659331,11,0,risky first
2053,1219,61.77378085,11,0,risky first
2098,1285,79.88116173,11,0,risky first
2098,1435,150,11,0,risky first
2098,1615,180,11,0,risky first
2053,1795,185.5397532,11,0,risky first
2071,1975,180.8977612,11,0,risky first
2083,2017,43.68065934,11,0,risky first
2128,1837,185.5397532,11,0,risky first
2140,1657,180.3995565,11,0,risky first
2164,1477,181.5929514,11,0,risky first
2164,1297,180,11,0,risky first
2164,1117,180,11,0,risky first
2071,1000,149.4590245,11,0,risky first
2011,1159,169.9441085,11,0,risky first
1909,1009,181.3945975,11,0,risky first
1873,1069,69.97142274,11,0,risky first
1807,1192,139.5886815,11,0,risky first
1834,1372,182.0137357,11,0,risky first
1909,1552,195,11,0,risky first
1996,1732,199.922485,11,0,risky first
2041,1912,185.5397532,11,0,risky first
2062,2020,110.0227249,11,0,risky first
2062,1840,180,11,0,risky first
2098,1660,183.5647025,11,0,risky first
2146,1480,186.2900964,11,0,risky first
2152,1300,180.0999722,11,0,risky first
2152,1120,180,11,0,risky first
2098,1003,128.8603896,11,0,risky first
2074,919,87.36131867,11,0,risky first
1933,988,156.9777054,11,0,risky first
1969,1156,171.8138528,11,0,risky first
1969,1090,66,11,0,risky first
1903,1063,71.30918594,11,0,risky first
1795,1108,117,11,0,risky first
1819,1288,181.5929514,11,0,risky first
1933,1468,213.0633709,11,0,risky first
1960,1648,182.0137357,11,0,risky first
1960,1828,180,11,0,risky first
2089,2008,221.4520264,11,0,risky first
2092,2098,90.04998612,11,0,risky first
2092,1918,180,11,0,risky first
2092,1738,180,11,0,risky first
2092,1558,180,11,0,risky first
2128,1378,183.5647025,11,0,risky first
2176,1198,186.2900964,11,0,risky first
2155,1018,181.2208597,11,0,risky first
2182,838,182.0137357,11,0,risky first
2320,754,161.5549442,11,0,risky first
2500,754,180,11,0,risky first
2680,754,180,11,0,risky first
2860,754,180,11,0,risky first
3040,754,180,11,0,risky first
3220,754,180,11,0,risky first
3295,859,129.034879,11,0,risky first
3280,1039,180.6239187,11,0,risky first
3136,1219,230.5124725,11,0,risky first
3013,1399,218.0114676,11,0,risky first
2833,1447,186.2900964,11,0,risky first
2653,1447,180,11,0,risky first
2473,1447,180,11,0,risky first
2293,1447,180,11,0,risky first
2146,1570,191.6715941,11,0,risky first
2092,1750,187.9255172,11,0,risky first
2068,1930,181.5929514,11,0,risky first
2137,2050,138.4232639,11,0,risky first
2317,2050,180,11,0,risky first
2497,2041,180.2248596,11,0,risky first
2677,1933,209.9142682,11,0,risky first
2857,1762,248.276056,11,0,risky first
2962,1651,152.7939789,11,0,risky first
2914,1489,168.9615341,11,0,risky first
2746,1465,169.7056275,11,0,risky first
2566,1564,205.4288198,11,0,risky first
2386,1684,216.3330765,11,0,risky first
2206,1771,199.922485,11,0,risky first
2053,1951,236.2392855,11,0,risky first
2146,2029,121.3795699,11,0,risky first
2326,2002,182.0137357,11,0,risky first
2506,1858,230.5124725,11,0,risky first
2686,1732,219.7180011,11,0,risky first
2866,1576,238.1931989,11,0,risky first
2914,1474,112.7297654,11,0,risky first
2734,1498,181.5929514,11,0,risky first
2554,1639,228.6503881,11,0,risky first
2374,1798,240.1686907,11,0,risky first
2194,1978,254.5584412,11,0,risky first
2158,2050,80.49844719,11,0,risky first
2338,2050,180,11,0,risky first
2518,2017,183,11,0,risky first
2698,1837,254.5584412,11,0,risky first
2878,1657,254.5584412,11,0,risky first
2902,1477,181.5929514,11,0,risky first
2815,1465,87.82368701,11,0,risky first
2635,1567,206.8912758,11,0,risky first
2455,1747,254.5584412,11,0,risky first
2275,1927,254.5584412,11,0,risky first
2095,2014,199.922485,11,0,risky first
2194,2065,111.3642672,11,0,risky first
2374,2032,183,11,0,risky first
2554,1897,225,11,0,risky first
2734,1732,244.1823089,11,0,risky first
2893,1681,166.9790406,11,0,risky first
2923,1501,182.4828759,11,0,risky first
2803,1480,121.823643,11,0,risky first
2623,1570,201.246118,11,0,risky first
2443,1723,236.2392855,11,0,risky first
2263,1864,228.6503881,11,0,risky first
2083,2038,250.3517525,11,0,risky first
2239,2038,156,11,0,risky first
2419,1888,234.3074903,11,0,risky first
2599,1759,221.4520264,11,0,risky first
2779,1648,211.4734026,11,0,risky first
2938,1480,231.3114783,11,0,risky first
2758,1600,216.3330765,11,0,risky first
2578,1744,230.5124725,11,0,risky first
2398,1834,201.246118,11,0,risky first
2218,1945,211.4734026,11,0,risky first
2101,2014,135.8307771,11,0,risky first
2281,2041,182.0137357,11,0,risky first
2461,1891,234.3074903,11,0,risky first
2641,1756,225,11,0,risky first
2821,1609,232.3983649,11,0,risky first
2923,1468,174.0258601,11,0,risky first
2743,1576,209.9142682,11,0,risky first
2563,1756,254.5584412,11,0,risky first
2383,1888,223.2129029,11,0,risky first
2203,2020,223.2129029,11,0,risky first
2173,2023,30.14962686,11,0,risky first
2353,1930,202.6055281,11,0,risky first
2533,1828,206.8912758,11,0,risky first
2713,1705,218.0114676,11,0,risky first
2893,1525,254.5584412,11,0,risky first
2824,1564,79.25906888,11,0,risky first
2644,1744,254.5584412,11,0,risky first
2464,1849,208.3866598,11,0,risky first
2284,1948,205.4288198,11,0,risky first
2104,2053,208.3866598,11,0,risky first
2257,2032,154.4344521,11,0,risky first
2437,1933,205.4288198,11,0,risky first
2617,1861,193.8659331,11,0,risky first
2797,1714,232.3983649,11,0,risky first
2977,1534,254.5584412,11,0,risky first
2920,1450,101.5135459,11,0,risky first
2740,1567,214.683488,11,0,risky first
2560,1747,254.5584412,11,0,risky first
2380,1900,236.2392855,11,0,risky first
2200,2002,206.8912758,11,0,risky first
2188,2056,55.31726674,11,0,risky first
2368,2056,180,11,0,risky first
2548,1882,250.3517525,11,0,risky first
2728,1702,254.5584412,11,0,risky first
2908,1522,254.5584412,11,0,risky first
2797,1543,112.9690223,11,0,risky first
2617,1654,211.4734026,11,0,risky first
2437,1750,204,11,0,risky first
2257,1891,228.6503881,11,0,risky first
2122,2047,206.303175,11,0,risky first
2302,1921,219.7180011,11,0,risky first
2482,1819,206.8912758,11,0,risky first
2662,1723,204,11,0,risky first
2842,1567,238.1931989,11,0,risky first
2836,1492,75.23961722,11,0,risky first
2893,1486,57.31491952,11,0,risky first
2854,1501,41.78516483,11,0,risky first
2923,1402,120.6731122,11,0,risky first
2974,1525,133.1540461,11,0,risky first
2890,1705,198.6353443,11,0,risky first
2890,1885,180,11,0,risky first
2854,2065,183.5647025,11,0,risky first
2800,2245,187.9255172,11,0,risky first
2785,2425,180.6239187,11,0,risky first
2767,2605,180.8977612,11,0,risky first
2767,2785,180,11,0,risky first
2845,2965,196.1733927,11,0,risky first
3025,3145,254.5584412,11,0,risky first
3076,3325,187.0855419,11,0,risky first
2896,3268,188.8094277,11,0,risky first
2758,3130,195.1614716,11,0,risky first
2656,3130,102,11,0,risky first
2476,3013,214.683488,11,0,risky first
2296,3079,191.7185437,11,0,risky first
2116,3259,254.5584412,11,0,risky first
1936,3160,205.4288198,11,0,risky first
1756,3145,180.6239187,11,0,risky first
1576,3244,205.4288198,11,0,risky first
1396,3064,254.5584412,11,0,risky first
1216,3229,244.1823089,11,0,risky first
1036,3157,193.8659331,11,0,risky first
856,2977,254.5584412,11,0,risky first
676,2854,218.0114676,11,0,risky first
814,2779,157.0636814,11,0,risky first
931,2599,214.683488,11,0,risky first
1021,2419,201.246118,11,0,risky first
901,2239,216.3330765,11,0,risky first
982,2059,197.3854098,11,0,risky first
1054,1879,193.8659331,11,0,risky first
874,1699,254.5584412,11,0,risky first
805,1519,192.7718859,11,0,risky first
874,1339,192.7718859,11,0,risky first
847,1159,182.0137357,11,0,risky first
790,979,188.8094277,11,0,risky first
937,799,232.3983649,11,0,risky first
1078,775,143.0279693,11,0,risky first
1258,820,185.5397532,11,0,risky first
1438,820,180,11,0,risky first
1618,850,182.4828759,11,0,risky first
1771,877,155.3640885,11,0,risky first
1870,748,162.6099628,11,0,risky first
1996,769,127.7380131,11,0,risky first
2026,916,150.029997,11,0,risky first
1963,994,100.2646498,11,0,risky first
1927,1081,94.15412896,11,0,risky first
1936,1126,45.89117562,11,0,risky first
1984,982,151.7893277,11,0,risky first
2008,862,122.3764683,11,0,risky first
2188,820,184.8350616,11,0,risky first
2191,1000,180.0249983,11,0,risky first
2191,1180,180,11,0,risky first
2191,1360,180,11,0,risky first
2155,1540,183.5647025,11,0,risky first
2092,1720,190.7065809,11,0,risky first
2080,1900,180.3995565,11,0,risky first
2131,2071,178.4432683,11,0,risky first
2311,1978,202.6055281,11,0,risky first
2413,1798,206.8912758,11,0,risky first
2413,1618,180,11,0,risky first
2413,1438,180,11,0,risky first
2413,1258,180,11,0,risky first
2422,1078,180.2248596,11,0,risky first
2602,898,254.5584412,11,0,risky first
2782,838,189.7366596,11,0,risky first
2962,841,180.0249983,11,0,risky first
3142,772,192.7718859,11,0,risky first
3307,808,168.8816153,11,0,risky first
3205,916,148.5530208,11,0,risky first
3121,1045,153.9382993,11,0,risky first
3049,1198,169.0946481,11,0,risky first
2953,1378,204,11,0,risky first
2833,1525,189.7603752,11,0,risky first
2728,1705,208.3866598,11,0,risky first
2749,1885,181.2208597,11,0,risky first
2569,2065,254.5584412,11,0,risky first
2389,2245,254.5584412,11,0,risky first
2209,2269,181.5929514,11,0,risky first
2029,2434,244.1823089,11,0,risky first
1849,2299,225,11,0,risky first
1669,2308,180.2248596,11,0,risky first
1489,2236,193.8659331,11,0,risky first
1309,2137,205.4288198,11,0,risky first
1129,2092,185.5397532,11,0,risky first
1024,2050,113.0884609,11,0,risky first
1024,1870,180,11,0,risky first
1138,1690,213.0633709,11,0,risky first
1318,1510,254.5584412,11,0,risky first
1498,1360,234.3074903,11,0,risky first
1678,1318,184.8350616,11,0,risky first
1723,1138,185.5397532,11,0,risky first
1741,958,180.8977612,11,0,risky first
1828,778,199.922485,11,0,risky first
1996,706,182.7785545,11,0,risky first
2008,868,162.4438364,11,0,risky first
1924,994,151.4331536,11,0,risky first
1921,1114,120.0374941,11,0,risky first
1990,1117,69.0651866,11,0,risky first
1918,1066,88.23264702,11,0,risky first
1969,949,127.6322843,11,0,risky first
2329,2065,162,11,1,risky first
2509,2065,180,11,1,risky first
2689,2065,180,11,1,risky first
2869,2065,180,11,1,risky first
3049,2137,193.8659331,11,1,risky first
3229,2137,180,11,1,risky first
3268,2038,106.4048871,11,1,risky first
3310,1987,66.06814664,11,1,risky first
3226,1807,198.6353443,11,1,risky first
3169,1627,188.8094277,11,1,risky first
3142,1447,182.0137357,11,1,risky first
3097,1267,185.5397532,11,1,risky first
3097,1087,180,11,1,risky first
3097,907,180,11,1,risky first
3040,772,146.5400969,11,1,risky first
2860,805,183,11,1,risky first
2680,841,183.5647025,11,1,risky first
2500,841,180,11,1,risky first
2320,841,180,11,1,risky first
2140,841,180,11,1,risky first
1960,841,180,11,1,risky first
1780,877,183.5647025,11,1,risky first
1600,877,180,11,1,risky first
1420,877,180,11,1,risky first
1240,955,196.1733927,11,1,risky first
1060,1093,226.8126981,11,1,risky first
964,1273,204,11,1,risky first
1099,1321,143.2794472,11,1,risky first
1258,1411,182.7046797,11,1,risky first
1438,1411,180,11,1,risky first
1618,1411,180,11,1,risky first
1798,1573,242.1652328,11,1,risky first
1867,1753,192.7718859,11,1,risky first
1840,1897,146.5093854,11,1,risky first
2020,1897,180,11,1,risky first
2074,2035,148.1890684,11,1,risky first
1951,2035,123,11,1,risky first
1771,2014,181.2208597,11,1,risky first
1591,1870,230.5124725,11,1,risky first
1411,1798,193.8659331,11,1,risky first
1231,1789,180.2248596,11,1,risky first
1051,1609,254.5584412,11,1,risky first
982,1498,130.6981255,11,1,risky first
1066,1441,101.5135459,11,1,risky first
1246,1441,180,11,1,risky first
1393,1441,147,11,1,risky first
1327,1558,134.3316791,11,1,risky first
1498,1594,174.7483906,11,1,risky first
1537,1630,53.07541804,11,1,risky first
1582,1810,185.5397532,11,1,risky first
1645,1948,151.7003626,11,1,risky first
1600,1948,45,11,1,risky first
1444,2098,216.4162656,11,1,risky first
1399,2062,57.62811814,11,1,risky first
1468,1963,120.6731122,11,1,risky first
1288,1864,205.4288198,11,1,risky first
1108,1837,182.0137357,11,1,risky first
943,1726,198.861761,11,1,risky first
937,1546,180.0999722,11,1,risky first
1018,1432,139.8463442,11,1,risky first
1198,1432,180,11,1,risky first
1333,1519,160.6051058,11,1,risky first
1435,1600,130.2497601,11,1,risky first
1582,1639,152.0855023,11,1,risky first
1588,1819,180.0999722,11,1,risky first
1768,1828,180.2248596,11,1,risky first
1948,1828,180,11,1,risky first
2032,1939,139.2012931,11,1,risky first
2032,1951,12,11,1,risky first
1861,1771,248.276056,11,1,risky first
1681,1591,254.5584412,11,1,risky first
1501,1411,254.5584412,11,1,risky first
1321,1309,206.8912758,11,1,risky first
1198,1369,136.8539367,11,1,risky first
1204,1324,45.39823785,11,1,risky first
1336,1264,144.9965517,11,1,risky first
1495,1444,240.1686907,11,1,risky first
1675,1624,254.5584412,11,1,risky first
1855,1804,254.5584412,11,1,risky first
2029,1975,243.9610625,11,1,risky first
1990,1963,40.80441153,11,1,risky first
1810,1783,254.5584412,11,1,risky first
1630,1603,254.5584412,11,1,risky first
1450,1423,254.5584412,11,1,risky first
1399,1495,88.23264702,11,1,risky first
1270,1675,221.4520264,11,1,risky first
1195,1744,101.9117265,11,1,risky first
1033,1564,242.1652328,11,1,risky first
940,1408,181.6177304,11,1,risky first
1018,1369,87.20665112,11,1,risky first
1018,1357,12,11,1,risky first
1084,1312,79.88116173,11,1,risky first
1153,1387,101.9117265,11,1,risky first
1069,1282,134.465609,11,1,risky first
1123,1201,97.34988444,11,1,risky first
1276,1069,202.0717694,11,1,risky first
1333,1153,101.5135459,11,1,risky first
1513,1333,254.5584412,11,1,risky first
1693,1513,254.5584412,11,1,risky first
1873,1693,254.5584412,11,1,risky first
2002,1873,221.4520264,11,1,risky first
2092,2053,201.246118,11,1,risky first
2074,2233,180.8977612,11,1,risky first
2074,2413,180,11,1,risky first
2074,2593,180,11,1,risky first
2074,2773,180,11,1,risky first
1936,2953,226.8126981,11,1,risky first
1756,3118,244.1823089,11,1,risky first
1891,3292,220.2294258,11,1,risky first
1924,3328,48.83646179,11,1,risky first
2104,3223,208.3866598,11,1,risky first
2284,3043,254.5584412,11,1,risky first
2464,2863,254.5584412,11,1,risky first
2644,2683,254.5584412,11,1,risky first
2824,2503,254.5584412,11,1,risky first
3004,2323,254.5584412,11,1,risky first
3184,2143,254.5584412,11,1,risky first
3196,1963,180.3995565,11,1,risky first
3016,1783,254.5584412,11,1,risky first
2836,1603,254.5584412,11,1,risky first
2656,1423,254.5584412,11,1,risky first
2476,1243,254.5584412,11,1,risky first
2305,1075,239.718585,11,1,risky first
2209,1216,170.5784277,11,1,risky first
2152,1201,58.94064811,11,1,risky first
2152,1369,168,11,1,risky first
2086,1549,191.7185437,11,1,risky first
1960,1729,219.7180011,11,1,risky first
1906,1909,187.9255172,11,1,risky first
2038,1999,159.7623235,11,1,risky first
2038,1819,180,11,1,risky first
2038,1639,180,11,1,risky first
2071,1459,183,11,1,risky first
2107,1279,183.5647025,11,1,risky first
2107,1336,57,11,1,risky first
2107,1516,180,11,1,risky first
2107,1696,180,11,1,risky first
2107,1876,180,11,1,risky first
2089,2053,177.9129,11,1,risky first
1942,1981,163.6856744,11,1,risky first
1942,1801,180,11,1,risky first
2047,1621,208.3866598,11,1,risky first
2134,1441,199.922485,11,1,risky first
2119,1261,180.6239187,11,1,risky first
2113,1201,60.29925373,11,1,risky first
1951,1381,242.1652328,11,1,risky first
1942,1561,180.2248596,11,1,risky first
2065,1741,218.0114676,11,1,risky first
2041,1921,181.5929514,11,1,risky first
2017,2068,148.946299,11,1,risky first
1930,1894,194.537914,11,1,risky first
1876,1714,187.9255172,11,1,risky first
1921,1534,185.5397532,11,1,risky first
2062,1354,228.6503881,11,1,risky first
2059,1180,174.0258601,11,1,risky first
2197,1234,148.1890684,11,1,risky first
2344,1414,232.3983649,11,1,risky first
2164,1594,254.5584412,11,1,risky first
2119,1774,185.5397532,11,1,risky first
2104,1954,180.6239187,11,1,risky first
1978,1981,128.8603896,11,1,risky first
1798,1801,254.5584412,11,1,risky first
1861,1621,190.7065809,11,1,risky first
2011,1441,234.3074903,11,1,risky first
2056,1261,185.5397532,11,1,risky first
2188,1243,133.2216199,11,1,risky first
2335,1423,232.3983649,11,1,risky first
2155,1603,254.5584412,11,1,risky first
2119,1783,183.5647025,11,1,risky first
2128,1963,180.2248596,11,1,risky first
2023,1951,105.6834897,11,1,risky first
1903,1771,216.3330765,11,1,risky first
1981,1591,196.1733927,11,1,risky first
2035,1411,187.9255172,11,1,risky first
2065,1231,182.4828759,11,1,risky first
2245,1273,184.8350616,11,1,risky first
2338,1453,202.6055281,11,1,risky first
2308,1633,182.4828759,11,1,risky first
2176,1813,223.2129029,11,1,risky first
2134,1993,184.8350616,11,1,risky first
2080,1906,102.396289,11,1,risky first
1900,1726,254.5584412,11,1,risky first
2035,1546,225,11,1,risky first
2092,1366,188.8094277,11,1,risky first
2119,1192,176.0823671,11,1,risky first
2272,1363,229.4558781,11,1,risky first
2296,1543,181.5929514,11,1,risky first
2251,1723,185.5397532,11,1,risky first
2098,1903,236.2392855,11,1,risky first
2032,1999,116.498927,11,1,risky first
1972,1819,189.7366596,11,1,risky first
1975,1639,180.0249983,11,1,risky first
2044,1459,192.7718859,11,1,risky first
2065,1279,181.2208597,11,1,risky first
2191,1225,137.0839159,11,1,risky first
2314,1405,218.0114676,11,1,risky first
2290,1585,181.5929514,11,1,risky first
2203,1765,199.922485,11,1,risky first
2104,1945,205.4288198,11,1,risky first
2041,1972,68.54195795,11,1,risky first
1933,1792,209.9142682,11,1,risky first
2095,1612,242.1652328,11,1,risky first
2098,1432,180.0249983,11,1,risky first
2110,1252,180.3995565,11,1,risky first
2248,1309,149.3084057,11,1,risky first
2314,1489,191.7185437,11,1,risky first
2215,1669,205.4288198,11,1,risky first
2101,1849,213.0633709,11,1,risky first
2065,2008,163.024538,11,1,risky first
2029,1909,105.3422992,11,1,risky first
1909,1777,178.392825,11,1,risky first
2065,1597,238.1931989,11,1,risky first
2077,1417,180.3995565,11,1,risky first
2032,1237,185.5397532,11,1,risky first
2155,1276,129.034879,11,1,risky first
2287,1456,223.2129029,11,1,risky first
2161,1636,219.7180011,11,1,risky first
2137,1816,181.5929514,11,1,risky first
2089,1996,186.2900964,11,1,risky first
1951,1930,152.9705854,11,1,risky first
1915,1750,183.5647025,11,1,risky first
2044,1570,221.4520264,11,1,risky first
2029,1390,180.6239187,11,1,risky first
2071,1210,184.8350616,11,1,risky first
2137,1228,68.41052551,11,1,risky first
2170,1201,42.63801121,11,1,risky first
2350,1243,184.8350616,11,1,risky first
2431,1393,170.4728717,11,1,risky first
2251,1573,254.5584412,11,1,risky first
2071,1753,254.5584412,11,1,risky first
2101,1933,182.4828759,11,1,risky first
2125,2113,181.5929514,11,1,risky first
2140,2293,180.6239187,11,1,risky first
2071,2473,192.7718859,11,1,risky first
2212,2653,228.6503881,11,1,risky first
2389,2833,252.4460338,11,1,risky first
2209,3013,254.5584412,11,1,risky first
2110,3193,205.4288198,11,1,risky first
2131,3364,172.2846482,11,1,risky first
1951,3223,228.6503881,11,1,risky first
1771,3043,254.5584412,11,1,risky first
1684,2869,194.537914,11,1,risky first
1504,2899,182.4828759,11,1,risky first
1324,3070,248.276056,11,1,risky first
1144,3250,254.5584412,11,1,risky first
964,3175,195,11,1,risky first
784,3052,218.0114676,11,1,risky first
868,2989,105,11,1,risky first
886,2809,180.8977612,11,1,risky first
862,2629,181.5929514,11,1,risky first
832,2449,182.4828759,11,1,risky first
1012,2269,254.5584412,11,1,risky first
1024,2089,180.3995565,11,1,risky first
844,1909,254.5584412,11,1,risky first
817,1729,182.0137357,11,1,risky first
913,1549,204,11,1,risky first
928,1369,180.6239187,11,1,risky first
928,1189,180,11,1,risky first
928,1009,180,11,1,risky first
1105,868,226.296266,11,1,risky first
1177,949,108.3743512,11,1,risky first
1222,1096,153.7335357,11,1,risky first
1162,1246,161.5549442,11,1,risky first
1132,1354,112.0892502,11,1,risky first
1111,1369,25.8069758,11,1,risky first
1153,1324,61.55485359,11,1,risky first
1243,1324,90,11,1,risky first
1132,1324,111,11,1,risky first
1177,1228,106.0235823,11,1,risky first
1243,1108,136.9525465,11,1,risky first
1270,1024,88.23264702,11,1,risky first
1450,1162,226.8126981,11,1,risky first
1630,1342,254.5584412,11,1,risky first
1810,1522,254.5584412,11,1,risky first
1990,1702,254.5584412,11,1,risky first
2131,1882,228.6503881,11,1,risky first
2077,2047,173.6116356,11,1,risky first
2035,1933,121.4907404,11,1,risky first
1915,1753,216.3330765,11,1,risky first
1735,1573,254.5584412,11,1,risky first
1555,1393,254.5584412,11,1,risky first
1426,1213,221.4520264,11,1,risky first
1306,1033,216.3330765,11,1,risky first
1237,1141,128.1600562,11,1,risky first
1132,1246,148.492424,11,1,risky first
1171,1408,166.6283289,11,1,risky first
1117,1294,126.1427762,11,1,risky first
2176,2065,0,12,0,safe first
2158,2065,18,12,0,safe first
2212,2194,139.8463442,12,0,safe first
2392,2194,180,12,0,safe first
2572,2194,180,12,0,safe first
2752,2194,180,12,0,safe first
2932,2194,180,12,0,safe first
3112,2194,180,12,0,safe first
3292,2194,180,12,0,safe first
3295,2365,171.0263138,12,0,safe first
3295,2545,180,12,0,safe first
3253,2680,141.38246,12,0,safe first
3073,2680,180,12,0,safe first
3070,2860,180.0249983,12,0,safe first
3070,3040,180,12,0,safe first
3070,3220,180,12,0,safe first
2974,3301,125.6065285,12,0,safe first
2794,3301,180,12,0,safe first
2614,3301,180,12,0,safe first
2434,3301,180,12,0,safe first
2254,3301,180,12,0,safe first
2125,3256,136.6235704,12,0,safe first
2014,3178,135.6650287,12,0,safe first
1834,3178,180,12,0,safe first
1654,3178,180,12,0,safe first
1474,3178,180,12,0,safe first
1294,3178,180,12,0,safe first
1135,3178,159,12,0,safe first
1087,3292,123.6931688,12,0,safe first
907,3292,180,12,0,safe first
748,3271,160.3807969,12,0,safe first
748,3091,180,12,0,safe first
748,2911,180,12,0,safe first
748,2731,180,12,0,safe first
748,2551,180,12,0,safe first
748,2371,180,12,0,safe first
748,2191,180,12,0,safe first
748,2011,180,12,0,safe first
748,1831,180,12,0,safe first
748,1651,180,12,0,safe first
748,1471,180,12,0,safe first
748,1291,180,12,0,safe first
748,1111,180,12,0,safe first
748,931,180,12,0,safe first
880,886,139.4596716,12,0,safe first
1060,886,180,12,0,safe first
1174,886,114,12,0,safe first
1204,760,129.5221989,12,0,safe first
1363,760,159,12,0,safe first
1543,760,180,12,0,safe first
1555,931,171.4205355,12,0,safe first
1555,1111,180,12,0,safe first
1654,1198,131.7952958,12,0,safe first
1834,1198,180,12,0,safe first
1969,1213,135.8307771,12,0,safe first
1969,1393,180,12,0,safe first
1969,1573,180,12,0,safe first
1969,1753,180,12,0,safe first
1969,1933,180,12,0,safe first
1969,1945,12,12,0,safe first
2032,1765,190.7065809,12,0,safe first
2107,1585,195,12,0,safe first
2107,1432,153,12,0,safe first
2164,1252,188.8094277,12,0,safe first
2083,1177,110.390217,12,0,safe first
1903,1177,180,12,0,safe first
1834,1288,130.6981255,12,0,safe first
1891,1468,188.8094277,12,0,safe first
1987,1648,204,12,0,safe first
2026,1828,184.1765457,12,0,safe first
2026,2008,180,12,0,safe first
2026,1951,57,12,0,safe first
2134,1771,209.9142682,12,0,safe first
2245,1591,211.4734026,12,0,safe first
2245,1411,180,12,0,safe first
2074,1411,171,12,0,safe first
1924,1411,150,12,0,safe first
1900,1345,70.22819946,12,0,safe first
1870,1306,49.2036584,12,0,safe first
1906,1300,36.49657518,12,0,safe first
1903,1300,3,12,0,safe first
1810,1300,93,12,0,safe first
1774,1153,151.3439791,12,0,safe first
1774,973,180,12,0,safe first
1900,982,126.3210196,12,0,safe first
1966,1108,142.2392351,12,0,safe first
1966,1057,51,12,0,safe first
1813,1018,157.8923684,12,0,safe first
1789,1180,163.7681288,12,0,safe first
1789,1360,180,12,0,safe first
1837,1540,186.2900964,12,0,safe first
1927,1720,201.246118,12,0,safe first
1948,1900,181.2208597,12,0,safe first
2026,2071,187.9494613,12,0,safe first
2206,2071,180,12,0,safe first
2317,1987,139.2012931,12,0,safe first
2317,1807,180,12,0,safe first
2317,1627,180,12,0,safe first
2317,1447,180,12,0,safe first
2317,1267,180,12,0,safe first
2254,1174,112.3298714,12,0,safe first
2194,1114,84.85281374,12,0,safe first
2167,1063,57.70615219,12,0,safe first
2110,1063,57,12,0,safe first
2098,1036,29.54657341,12,0,safe first
1996,946,136.0294086,12,0,safe first
1897,1036,133.7946187,12,0,safe first
1999,1081,111.4854251,12,0,safe first
1969,1171,94.86832981,12,0,safe first
1900,1123,84.05355436,12,0,safe first
1903,1081,42.10700654,12,0,safe first
1786,1018,132.8834075,12,0,safe first
1783,1198,180.0249983,12,0,safe first
1783,1378,180,12,0,safe first
1828,1558,185.5397532,12,0,safe first
1834,1738,180.0999722,12,0,safe first
1972,1918,226.8126981,12,0,safe first
1972,1981,63,12,0,safe first
2047,1801,195,12,0,safe first
2227,1621,254.5584412,12,0,safe first
2263,1441,183.5647025,12,0,safe first
2236,1261,182.0137357,12,0,safe first
2212,1210,56.36488268,12,0,safe first
2212,1168,42,12,0,safe first
2212,1120,48,12,0,safe first
2212,1018,102,12,0,safe first
2179,838,183,12,0,safe first
2050,724,172.1540008,12,0,safe first
2047,877,153.0294089,12,0,safe first
1969,994,140.6164997,12,0,safe first
1921,1021,55.07267925,12,0,safe first
1969,1150,137.640837,12,0,safe first
1903,1138,67.08203932,12,0,safe first
1921,973,165.9789143,12,0,safe first
2059,907,152.9705854,12,0,safe first
2107,727,186.2900964,12,0,safe first
2146,805,87.20665112,12,0,safe first
2146,985,180,12,0,safe first
2146,1165,180,12,0,safe first
2146,1345,180,12,0,safe first
2146,1525,180,12,0,safe first
2146,1705,180,12,0,safe first
2146,1885,180,12,0,safe first
2086,2038,164.3441511,12,0,safe first
2086,1864,174,12,0,safe first
1912,1684,250.3517525,12,0,safe first
1849,1504,190.7065809,12,0,safe first
1801,1324,186.2900964,12,0,safe first
1819,1144,180.8977612,12,0,safe first
1819,964,180,12,0,safe first
1819,784,180,12,0,safe first
1924,637,180.6488306,12,0,safe first
2038,703,131.7269904,12,0,safe first
2005,841,141.8908031,12,0,safe first
1978,952,114.2365966,12,0,safe first
1927,1027,90.69729875,12,0,safe first
1987,1183,167.1406593,12,0,safe first
1900,1126,104.0096149,12,0,safe first
1957,949,185.9516066,12,0,safe first
1981,970,31.89043744,12,0,safe first
2062,856,139.8463442,12,0,safe first
1975,676,199.922485,12,0,safe first
1798,679,177.0254219,12,0,safe first
1798,859,180,12,0,safe first
1798,1039,180,12,0,safe first
1798,1219,180,12,0,safe first
1798,1399,180,12,0,safe first
1840,1579,184.8350616,12,0,safe first
1852,1759,180.3995565,12,0,safe first
1951,1939,205.4288198,12,0,safe first
1984,1999,68.47627326,12,0,safe first
2014,1819,182.4828759,12,0,safe first
2194,1639,254.5584412,12,0,safe first
2203,1459,180.2248596,12,0,safe first
2185,1279,180.8977612,12,0,safe first
2167,1099,180.8977612,12,0,safe first
2167,919,180,12,0,safe first
2071,751,193.494186,12,0,safe first
2017,847,110.1453585,12,0,safe first
1945,958,132.3064624,12,0,safe first
1933,1126,168.4280262,12,0,safe first
1909,1129,24.18677324,12,0,safe first
1963,949,187.9255172,12,0,safe first
1975,976,29.54657341,12,0,safe first
2005,823,155.9134375,12,0,safe first
2143,670,206.041258,12,0,safe first
2143,850,180,12,0,safe first
2143,1030,180,12,0,safe first
2143,1210,180,12,0,safe first
2143,1390,180,12,0,safe first
2143,1570,180,12,0,safe first
2143,1750,180,12,0,safe first
2125,1930,180.8977612,12,0,safe first
2095,1981,59.16924877,12,0,safe first
2137,1801,184.8350616,12,0,safe first
2239,1621,206.8912758,12,0,safe first
2221,1441,180.8977612,12,0,safe first
2389,1261,246.2194143,12,0,safe first
2569,1081,254.5584412,12,0,safe first
2749,901,254.5584412,12,0,safe first
2863,748,190.8009434,12,0,safe first
2731,748,132,12,0,safe first
2551,748,180,12,0,safe first
2371,748,180,12,0,safe first
2212,748,159,12,0,safe first
2056,748,156,12,0,safe first
2029,841,96.84007435,12,0,safe first
2011,973,133.2216199,12,0,safe first
1924,1051,116.8460526,12,0,safe first
1984,1156,120.9338662,12,0,safe first
1915,1066,113.406349,12,0,safe first
1930,982,85.32877592,12,0,safe first
2035,928,118.0720119,12,0,safe first
2074,793,140.5204611,12,0,safe first
2137,883,109.8590005,12,0,safe first
2137,1063,180,12,0,safe first
2137,1243,180,12,0,safe first
2137,1423,180,12,0,safe first
2137,1603,180,12,0,safe first
2137,1783,180,12,0,safe first
2137,1963,180,12,0,safe first
2098,2005,57.31491952,12,0,safe first
2098,1825,180,12,0,safe first
2125,1645,182.0137357,12,0,safe first
2161,1465,183.5647025,12,0,safe first
2173,1285,180.3995565,12,0,safe first
2161,1105,180.3995565,12,0,safe first
2161,925,180,12,0,safe first
2098,745,190.7065809,12,0,safe first
2029,796,85.80209788,12,0,safe first
2023,970,174.1034175,12,0,safe first
1930,1051,123.3288287,12,0,safe first
1975,1156,114.2365966,12,0,safe first
1918,1027,141.0319113,12,0,safe first
1987,949,104.1393297,12,0,safe first
2068,943,81.22191822,12,0,safe first
2125,814,141.0319113,12,0,safe first
2152,979,167.1944975,12,0,safe first
2152,1159,180,12,0,safe first
2152,1339,180,12,0,safe first
2152,1519,180,12,0,safe first
2119,1699,183,12,0,safe first
2011,1879,209.9142682,12,0,safe first
2020,2023,144.2809759,12,0,safe first
2002,1924,100.623059,12,0,safe first
1870,1858,147.5804865,12,0,safe first
1870,1678,180,12,0,safe first
1870,1498,180,12,0,safe first
1813,1318,188.8094277,12,0,safe first
1813,1138,180,12,0,safe first
1813,958,180,12,0,safe first
1813,778,180,12,0,safe first
1978,760,165.9789143,12,0,safe first
2026,892,140.4563989,12,0,safe first
1921,973,132.6122166,12,0,safe first
1921,1153,180,12,0,safe first
1918,1114,39.11521443,12,0,safe first
1963,949,171.0263138,12,0,safe first
2017,901,72.24956747,12,0,safe first
2077,775,139.5564402,12,0,safe first
2158,892,142.3024947,12,0,safe first
2158,1072,180,12,0,safe first
2158,1252,180,12,0,safe first
2158,1432,180,12,0,safe first
2158,1612,180,12,0,safe first
2158,1792,180,12,0,safe first
2119,1972,184.1765457,12,0,safe first
2131,1945,29.54657341,12,0,safe first
2185,1765,187.9255172,12,0,safe first
2185,1585,180,12,0,safe first
2185,1405,180,12,0,safe first
2185,1225,180,12,0,safe first
2164,1045,181.2208597,12,0,safe first
2164,865,180,12,0,safe first
2047,799,134.3316791,12,0,safe first
2041,979,180.0999722,12,0,safe first
1954,994,88.28363382,12,0,safe first
1930,1114,122.3764683,12,0,safe first
2002,1171,91.83136719,12,0,safe first
1927,1117,92.4175308,12,0,safe first
1984,994,135.5654823,12,0,safe first
2050,868,142.2392351,12,0,safe first
2155,781,136.3598181,12,0,safe first
2335,781,180,12,0,safe first
2515,781,180,12,0,safe first
2695,781,180,12,0,safe first
2875,781,180,12,0,safe first
3055,781,180,12,0,safe first
3235,781,180,12,0,safe first
3265,934,155.9134375,12,0,safe first
3265,1114,180,12,0,safe first
3265,1294,180,12,0,safe first
3199,1432,152.9705854,12,0,safe first
3019,1432,180,12,0,safe first
2839,1432,180,12,0,safe first
2659,1432,180,12,0,safe first
2479,1432,180,12,0,safe first
2299,1432,180,12,0,safe first
2119,1567,225,12,0,safe first
2251,2065,75,12,1,safe first
2431,2065,180,12,1,safe first
2611,2065,180,12,1,safe first
2563,2065,48,12,1,safe first
2665,2032,107.2054103,12,1,safe first
2845,2032,180,12,1,safe first
2809,2032,36,12,1,safe first
2629,2032,180,12,1,safe first
2449,2032,180,12,1,safe first
2344,2098,124.0201597,12,1,safe first
2344,2248,150,12,1,safe first
2344,2428,180,12,1,safe first
2344,2605,177,12,1,safe first
2521,2605,177,12,1,safe first
2701,2605,180,12,1,safe first
2881,2605,180,12,1,safe first
3010,2605,129,12,1,safe first
3190,2605,180,12,1,safe first
3265,2605,75,12,1,safe first
3085,2605,180,12,1,safe first
2905,2605,180,12,1,safe first
2725,2605,180,12,1,safe first
2614,2551,123.4382437,12,1,safe first
2551,2443,125.0319959,12,1,safe first
2371,2443,180,12,1,safe first
2239,2389,142.6183719,12,1,safe first
2239,2284,105,12,1,safe first
2239,2218,66,12,1,safe first
2239,2038,180,12,1,safe first
2239,1858,180,12,1,safe first
2104,1849,135.2996674,12,1,safe first
1942,1849,162,12,1,safe first
1843,1849,99,12,1,safe first
1864,1996,148.492424,12,1,safe first
1936,2059,95.67131231,12,1,safe first
1966,2059,30,12,1,safe first
2077,2059,111,12,1,safe first
2077,2059,0,12,1,safe first
1954,2059,123,12,1,safe first
1774,2059,180,12,1,safe first
1606,2065,168.1071087,12,1,safe first
1606,2245,180,12,1,safe first
1606,2425,180,12,1,safe first
1606,2605,180,12,1,safe first
1606,2785,180,12,1,safe first
1693,2875,125.1758763,12,1,safe first
1786,2875,93,12,1,safe first
1942,2875,156,12,1,safe first
1942,3046,171,12,1,safe first
1942,3226,180,12,1,safe first
1942,3328,102,12,1,safe first
1852,3382,104.9571341,12,1,safe first
1672,3382,180,12,1,safe first
1492,3382,180,12,1,safe first
1312,3382,180,12,1,safe first
1132,3382,180,12,1,safe first
1030,3310,124.8519123,12,1,safe first
1030,3160,150,12,1,safe first
1030,2980,180,12,1,safe first
1030,2800,180,12,1,safe first
964,2689,129.1394595,12,1,safe first
865,2614,124.2014493,12,1,safe first
706,2590,160.8011194,12,1,safe first
676,2440,152.9705854,12,1,safe first
676,2260,180,12,1,safe first
676,2080,180,12,1,safe first
676,1900,180,12,1,safe first
676,1720,180,12,1,safe first
787,1693,114.2365966,12,1,safe first
880,1669,96.04686356,12,1,safe first
1006,1633,131.041978,12,1,safe first
1138,1600,136.0624856,12,1,safe first
1138,1492,108,12,1,safe first
1138,1672,180,12,1,safe first
1210,1789,137.3790377,12,1,safe first
1390,1789,180,12,1,safe first
1543,1789,153,12,1,safe first
1543,1966,177,12,1,safe first
1543,2146,180,12,1,safe first
1552,2299,153.2644773,12,1,safe first
1732,2299,180,12,1,safe first
1912,2299,180,12,1,safe first
2011,2248,111.3642672,12,1,safe first
2050,2104,149.1878011,12,1,safe first
1921,2086,130.2497601,12,1,safe first
1837,1996,123.1097072,12,1,safe first
1837,1816,180,12,1,safe first
1837,1636,180,12,1,safe first
1837,1516,120,12,1,safe first
1930,1594,121.3795699,12,1,safe first
1981,1462,141.509717,12,1,safe first
1981,1282,180,12,1,safe first
2086,1186,142.2708684,12,1,safe first
2218,1096,159.7623235,12,1,safe first
2332,1096,114,12,1,safe first
2332,1252,156,12,1,safe first
2332,1324,72,12,1,safe first
2332,1237,87,12,1,safe first
2179,1210,155.3640885,12,1,safe first
2104,1210,75,12,1,safe first
2053,1186,56.36488268,12,1,safe first
2053,1366,180,12,1,safe first
2101,1501,143.2794472,12,1,safe first
2281,1501,180,12,1,safe first
2323,1648,152.8823077,12,1,safe first
2380,1774,138.2931669,12,1,safe first
2284,1813,103.6194962,12,1,safe first
2131,1849,157.1782428,12,1,safe first
2128,2026,177.0254219,12,1,safe first
2092,1921,111,12,1,safe first
2092,1741,180,12,1,safe first
2092,1561,180,12,1,safe first
2092,1381,180,12,1,safe first
2092,1228,153,12,1,safe first
2092,1408,180,12,1,safe first
2092,1588,180,12,1,safe first
2092,1732,144,12,1,safe first
2092,1912,180,12,1,safe first
2092,2020,108,12,1,safe first
2092,1840,180,12,1,safe first
2092,1660,180,12,1,safe first
2092,1480,180,12,1,safe first
2092,1300,180,12,1,safe first
2092,1321,21,12,1,safe first
2092,1501,180,12,1,safe first
2092,1681,180,12,1,safe first
2092,1861,180,12,1,safe first
2092,2020,159,12,1,safe first
2092,1855,165,12,1,safe first
2092,1675,180,12,1,safe first
2092,1495,180,12,1,safe first
2092,1315,180,12,1,safe first
2092,1294,21,12,1,safe first
2092,1474,180,12,1,safe first
2092,1654,180,12,1,safe first
2092,1834,180,12,1,safe first
2092,2014,180,12,1,safe first
1990,2020,102.1763182,12,1,safe first
1987,2050,30.14962686,12,1,safe first
1987,1978,72,12,1,safe first
1987,1798,180,12,1,safe first
1960,1672,128.8603896,12,1,safe first
1954,1519,153.1176019,12,1,safe first
1954,1339,180,12,1,safe first
2083,1273,144.9034161,12,1,safe first
2083,1312,39,12,1,safe first
2083,1453,141,12,1,safe first
2035,1489,60,12,1,safe first
1861,1501,174.4133022,12,1,safe first
1861,1681,180,12,1,safe first
1861,1861,180,12,1,safe first
1906,2002,148.0067566,12,1,safe first
2005,2050,110.0227249,12,1,safe first
2053,2050,48,12,1,safe first
2008,2050,45,12,1,safe first
1984,2050,24,12,1,safe first
1984,1987,63,12,1,safe first
1963,1858,130.6981255,12,1,safe first
1963,1984,126,12,1,safe first
1963,2032,48,12,1,safe first
1963,2032,0,12,1,safe first
1963,2032,0,12,1,safe first
1963,1990,42,12,1,safe first
1963,1900,90,12,1,safe first
1963,1738,162,12,1,safe first
1963,1834,96,12,1,safe first
1963,2014,180,12,1,safe first
1963,2017,3,12,1,safe first
2032,2017,69,12,1,safe first
2038,2071,54.33231083,12,1,safe first
2086,2059,49.47726751,12,1,safe first
2086,2023,36,12,1,safe first
2086,2005,18,12,1,safe first
2086,1891,114,12,1,safe first
2086,1828,63,12,1,safe first
1954,1783,139.4596716,12,1,safe first
1840,1714,133.2553939,12,1,safe first
1873,1645,76.4852927,12,1,safe first
1966,1645,93,12,1,safe first
1966,1645,0,12,1,safe first
1966,1645,0,12,1,safe first
1966,1645,0,12,1,safe first
1966,1645,0,12,1,safe first
1966,1603,42,12,1,safe first
1966,1561,42,12,1,safe first
1993,1627,71.30918594,12,1,safe first
1993,1648,21,12,1,safe first
1975,1648,18,12,1,safe first
1975,1618,30,12,1,safe first
1975,1573,45,12,1,safe first
1975,1672,99,12,1,safe first
1975,1645,27,12,1,safe first
1957,1630,23.43074903,12,1,safe first
1957,1615,15,12,1,safe first
1957,1615,0,12,1,safe first
1957,1615,0,12,1,safe first
1957,1615,0,12,1,safe first
1957,1504,111,12,1,safe first
1957,1324,180,12,1,safe first
2119,1303,163.3554407,12,1,safe first
2245,1240,140.8722826,12,1,safe first
2245,1195,45,12,1,safe first
2245,1195,0,12,1,safe first
2173,1195,72,12,1,safe first
2131,1300,113.0884609,12,1,safe first
2224,1390,129.4179277,12,1,safe first
2224,1570,180,12,1,safe first
2224,1750,180,12,1,safe first
2224,1930,180,12,1,safe first
2086,1996,152.9705854,12,1,safe first
1993,2044,104.6565813,12,1,safe first
1993,2044,0,12,1,safe first
1993,2044,0,12,1,safe first
1993,1969,75,12,1,safe first
1993,1789,180,12,1,safe first
1966,1651,140.6164997,12,1,safe first
1966,1612,39,12,1,safe first
1966,1432,180,12,1,safe first
1972,1252,180.0999722,12,1,safe first
2092,1213,126.1784451,12,1,safe first
2104,1156,58.24946352,12,1,safe first
2206,1072,132.1362933,12,1,safe first
2335,1072,129,12,1,safe first
2365,1090,34.98571137,12,1,safe first
2365,1090,0,12,1,safe first
2347,1090,18,12,1,safe first
2206,1090,141,12,1,safe first
2143,1153,89.09545443,12,1,safe first
2143,1291,138,12,1,safe first
2143,1471,180,12,1,safe first
2143,1651,180,12,1,safe first
2143,1831,180,12,1,safe first
2143,2011,180,12,1,safe first
1996,2029,148.0979406,12,1,safe first
1978,2029,18,12,1,safe first
1975,1921,108.0416586,12,1,safe first
1975,1921,0,12,1,safe first
1975,1783,138,12,1,safe first
1975,1603,180,12,1,safe first
1975,1423,180,12,1,safe first
1975,1243,180,12,1,safe first
2080,1210,110.063618,12,1,safe first
1972,1273,125.0319959,12,1,safe first
1876,1372,137.9021392,12,1,safe first
1876,1552,180,12,1,safe first
1948,1675,142.5236822,12,1,safe first
1972,1657,30,12,1,safe first
1972,1669,12,12,1,safe first
1972,1849,180,12,1,safe first
1972,2029,180,12,1,safe first
2011,2050,44.29446918,12,1,safe first
2002,1921,129.3135724,12,1,safe first
1951,1807,124.8879498,12,1,safe first
1951,1657,150,12,1,safe first
1969,1636,27.65863337,12,1,safe first
1969,1654,18,12,1,safe first
1969,1510,144,12,1,safe first
1969,1330,180,12,1,safe first
2038,1213,135.8307771,12,1,safe first
2092,1249,64.89992296,12,1,safe first
2092,1309,60,12,1,safe first
2092,1210,99,12,1,safe first
2092,1372,162,12,1,safe first
2092,1552,180,12,1,safe first
2092,1732,180,12,1,safe first
2092,1912,180,12,1,safe first
2092,2053,141,12,1,safe first
2203,2053,111,12,1,safe first
2383,2053,180,12,1,safe first
2422,1951,109.2016483,12,1,safe first
2422,1771,180,12,1,safe first
2536,1729,121.4907404,12,1,safe first
2695,1729,159,12,1,safe first
2842,1717,147.4889826,12,1,safe first
2842,1537,180,12,1,safe first
2755,1441,129.5569373,12,1,safe first
2575,1441,180,12,1,safe first
2395,1441,180,12,1,safe first
2215,1441,180,12,1,safe first
2146,1324,135.8307771,12,1,safe first
2116,1240,89.19641248,12,1,safe first
2116,1420,180,12,1,safe first
2314,2203,14.9,13,0,risky first
2494,2101,206.8912758,13,0,risky first
2509,1921,180.6239187,13,0,risky first
2404,1831,138.2931669,13,0,risky first
2224,1831,180,13,0,risky first
2044,1831,180,13,0,risky first
1864,1831,180,13,0,risky first
1684,1972,228.6503881,13,0,risky first
1504,2152,254.5584412,13,0,risky first
1396,2332,209.9142682,13,0,risky first
1396,2512,180,13,0,risky first
1291,2692,208.3866598,13,0,risky first
1111,2761,192.7718859,13,0,risky first
931,2761,180,13,0,risky first
751,2761,180,13,0,risky first
757,2587,174.1034175,13,0,risky first
796,2407,184.1765457,13,0,risky first
976,2227,254.5584412,13,0,risky first
1156,2047,254.5584412,13,0,risky first
1336,1867,254.5584412,13,0,risky first
1372,1687,183.5647025,13,0,risky first
1192,1507,254.5584412,13,0,risky first
1012,1327,254.5584412,13,0,risky first
832,1147,254.5584412,13,0,risky first
904,967,193.8659331,13,0,risky first
1084,787,254.5584412,13,0,risky first
1264,727,189.7366596,13,0,risky first
1444,763,183.5647025,13,0,risky first
1624,943,254.5584412,13,0,risky first
1804,1123,254.5584412,13,0,risky first
1984,1189,191.7185437,13,0,risky first
1834,1273,171.9185854,13,0,risky first
1654,1453,254.5584412,13,0,risky first
1591,1606,165.4629868,13,0,risky first
1771,1684,196.1733927,13,0,risky first
1951,1669,180.6239187,13,0,risky first
2131,1651,180.8977612,13,0,risky first
2311,1651,180,13,0,risky first
2491,1651,180,13,0,risky first
2671,1651,180,13,0,risky first
2851,1651,180,13,0,risky first
3031,1714,190.7065809,13,0,risky first
3211,1756,184.8350616,13,0,risky first
3202,1798,42.95346319,13,0,risky first
3022,1798,180,13,0,risky first
2842,1729,192.7718859,13,0,risky first
2662,1732,180.0249983,13,0,risky first
2482,1831,205.4288198,13,0,risky first
2302,1927,204,13,0,risky first
2122,2083,238.1931989,13,0,risky first
2299,1963,213.8434006,13,0,risky first
2479,1804,240.1686907,13,0,risky first
2659,1636,246.2194143,13,0,risky first
2839,1513,218.0114676,13,0,risky first
2839,1525,12,13,0,risky first
2659,1705,254.5584412,13,0,risky first
2479,1885,254.5584412,13,0,risky first
2299,2053,246.2194143,13,0,risky first
2119,2053,180,13,0,risky first
2251,1903,199.8099097,13,0,risky first
2431,1723,254.5584412,13,0,risky first
2611,1603,216.3330765,13,0,risky first
2791,1501,206.8912758,13,0,risky first
2890,1522,101.2027668,13,0,risky first
2710,1702,254.5584412,13,0,risky first
2530,1870,246.2194143,13,0,risky first
2350,1993,218.0114676,13,0,risky first
2170,2065,193.8659331,13,0,risky first
2239,1957,128.1600562,13,0,risky first
2419,1777,254.5584412,13,0,risky first
2599,1615,242.1652328,13,0,risky first
2779,1510,208.3866598,13,0,risky first
2932,1468,158.6600139,13,0,risky first
2752,1639,248.276056,13,0,risky first
2572,1819,254.5584412,13,0,risky first
2392,1999,254.5584412,13,0,risky first
2212,2035,183.5647025,13,0,risky first
2092,2182,189.7603752,13,0,risky first
2266,2362,250.3517525,13,0,risky first
2446,2542,254.5584412,13,0,risky first
2626,2722,254.5584412,13,0,risky first
2806,2848,219.7180011,13,0,risky first
2986,3028,254.5584412,13,0,risky first
3166,3208,254.5584412,13,0,risky first
3205,3262,66.61080993,13,0,risky first
3025,3082,254.5584412,13,0,risky first
2845,2902,254.5584412,13,0,risky first
2665,2722,254.5584412,13,0,risky first
2485,2542,254.5584412,13,0,risky first
2305,2362,254.5584412,13,0,risky first
2197,2182,209.9142682,13,0,risky first
2377,2002,254.5584412,13,0,risky first
2557,1822,254.5584412,13,0,risky first
2737,1642,254.5584412,13,0,risky first
2917,1462,254.5584412,13,0,risky first
2743,1387,189.4755921,13,0,risky first
2563,1567,254.5584412,13,0,risky first
2383,1747,254.5584412,13,0,risky first
2203,1927,254.5584412,13,0,risky first
2188,1945,23.43074903,13,0,risky first
2368,1765,254.5584412,13,0,risky first
2548,1585,254.5584412,13,0,risky first
2728,1567,180.8977612,13,0,risky first
2908,1456,211.4734026,13,0,risky first
2788,1609,194.4453651,13,0,risky first
2608,1789,254.5584412,13,0,risky first
2428,1969,254.5584412,13,0,risky first
2248,2023,187.9255172,13,0,risky first
2179,2203,192.7718859,13,0,risky first
2044,2107,165.6532523,13,0,risky first
2209,1927,244.1823089,13,0,risky first
2389,1747,254.5584412,13,0,risky first
2569,1645,206.8912758,13,0,risky first
2749,1489,238.1931989,13,0,risky first
2926,1459,179.5243716,13,0,risky first
2746,1621,242.1652328,13,0,risky first
2566,1801,254.5584412,13,0,risky first
2386,1981,254.5584412,13,0,risky first
2206,2050,192.7718859,13,0,risky first
2197,1975,75.53806987,13,0,risky first
2377,1795,254.5584412,13,0,risky first
2557,1711,198.6353443,13,0,risky first
2737,1531,254.5584412,13,0,risky first
2914,1447,195.9209024,13,0,risky first
2743,1627,248.276056,13,0,risky first
2563,1807,254.5584412,13,0,risky first
2383,1978,248.276056,13,0,risky first
2203,2089,211.4734026,13,0,risky first
2200,2008,81.05553652,13,0,risky first
2380,1828,254.5584412,13,0,risky first
2560,1723,208.3866598,13,0,risky first
2740,1555,246.2194143,13,0,risky first
2920,1453,206.8912758,13,0,risky first
2746,1612,235.7053245,13,0,risky first
2566,1792,254.5584412,13,0,risky first
2386,1969,252.4460338,13,0,risky first
2206,2026,188.8094277,13,0,risky first
2209,1987,39.11521443,13,0,risky first
2389,1828,240.1686907,13,0,risky first
2569,1648,254.5584412,13,0,risky first
2749,1555,202.6055281,13,0,risky first
2908,1456,187.3018953,13,0,risky first
2728,1636,254.5584412,13,0,risky first
2548,1777,228.6503881,13,0,risky first
2368,1918,228.6503881,13,0,risky first
2188,2032,213.0633709,13,0,risky first
2008,2161,221.4520264,13,0,risky first
1828,2341,254.5584412,13,0,risky first
1714,2521,213.0633709,13,0,risky first
1714,2701,180,13,0,risky first
1597,2881,214.683488,13,0,risky first
1417,3061,254.5584412,13,0,risky first
1237,3241,254.5584412,13,0,risky first
1057,3421,254.5584412,13,0,risky first
1144,3352,111.0405331,13,0,risky first
964,3352,180,13,0,risky first
784,3199,236.2392855,13,0,risky first
889,3019,208.3866598,13,0,risky first
1069,3010,180.2248596,13,0,risky first
1249,3169,240.1686907,13,0,risky first
1429,3337,246.2194143,13,0,risky first
1609,3361,181.5929514,13,0,risky first
1789,3361,180,13,0,risky first
1969,3361,180,13,0,risky first
2149,3235,219.7180011,13,0,risky first
2329,3226,180.2248596,13,0,risky first
2509,3226,180,13,0,risky first
2689,3058,246.2194143,13,0,risky first
2869,2878,254.5584412,13,0,risky first
3049,2698,254.5584412,13,0,risky first
3229,2518,254.5584412,13,0,risky first
3130,2338,205.4288198,13,0,risky first
2950,2158,254.5584412,13,0,risky first
2770,1978,254.5584412,13,0,risky first
2590,1798,254.5584412,13,0,risky first
2644,1618,187.9255172,13,0,risky first
2824,1438,254.5584412,13,0,risky first
2683,1258,228.6503881,13,0,risky first
2503,1078,254.5584412,13,0,risky first
2323,898,254.5584412,13,0,risky first
2278,718,185.5397532,13,0,risky first
2458,826,209.9142682,13,0,risky first
2638,1006,254.5584412,13,0,risky first
2818,1186,254.5584412,13,0,risky first
2908,1366,201.246118,13,0,risky first
2791,1546,214.683488,13,0,risky first
2611,1726,254.5584412,13,0,risky first
2431,1906,254.5584412,13,0,risky first
2251,2038,223.2129029,13,0,risky first
2191,1984,80.72174428,13,0,risky first
2335,1852,195.3458472,13,0,risky first
2515,1690,242.1652328,13,0,risky first
2695,1513,252.4460338,13,0,risky first
2875,1501,180.3995565,13,0,risky first
2920,1468,55.80322571,13,0,risky first
2848,1513,84.90583019,13,0,risky first
2905,1489,61.84658438,13,0,risky first
2725,1669,254.5584412,13,0,risky first
2545,1849,254.5584412,13,0,risky first
2365,2029,254.5584412,13,0,risky first
2233,2209,223.2129029,13,0,risky first
2053,2389,254.5584412,13,0,risky first
1873,2569,254.5584412,13,0,risky first
1693,2749,254.5584412,13,0,risky first
1513,2929,254.5584412,13,0,risky first
1333,3103,250.3517525,13,0,risky first
1153,3244,228.6503881,13,0,risky first
973,3301,188.8094277,13,0,risky first
793,3382,197.3854098,13,0,risky first
712,3271,137.4117899,13,0,risky first
712,3091,180,13,0,risky first
712,2911,180,13,0,risky first
712,2731,180,13,0,risky first
757,2551,185.5397532,13,0,risky first
793,2371,183.5647025,13,0,risky first
793,2191,180,13,0,risky first
793,2011,180,13,0,risky first
793,1831,180,13,0,risky first
793,1651,180,13,0,risky first
793,1471,180,13,0,risky first
793,1291,180,13,0,risky first
793,1111,180,13,0,risky first
793,931,180,13,0,risky first
793,751,180,13,0,risky first
967,715,177.6851147,13,0,risky first
1069,895,206.8912758,13,0,risky first
1186,1075,214.683488,13,0,risky first
1198,1255,180.3995565,13,0,risky first
1198,1435,180,13,0,risky first
1198,1615,180,13,0,risky first
1198,1795,180,13,0,risky first
1198,1975,180,13,0,risky first
1198,2155,180,13,0,risky first
1198,2335,180,13,0,risky first
1198,2515,180,13,0,risky first
1198,2695,180,13,0,risky first
1198,2875,180,13,0,risky first
1198,3055,180,13,0,risky first
1198,3235,180,13,0,risky first
1267,3355,138.4232639,13,0,risky first
1447,3355,180,13,0,risky first
1582,3238,178.6448992,13,0,risky first
1582,3058,180,13,0,risky first
1582,2878,180,13,0,risky first
1582,2698,180,13,0,risky first
1582,2518,180,13,0,risky first
1582,2338,180,13,0,risky first
1582,2158,180,13,0,risky first
1582,1978,180,13,0,risky first
1582,1798,180,13,0,risky first
1582,1618,180,13,0,risky first
1582,1438,180,13,0,risky first
1582,1258,180,13,0,risky first
1582,1078,180,13,0,risky first
1582,898,180,13,0,risky first
1582,718,180,13,0,risky first
1756,703,174.6453549,13,0,risky first
1936,703,180,13,0,risky first
2116,703,180,13,0,risky first
2197,823,144.7791421,13,0,risky first
2197,1003,180,13,0,risky first
2152,1183,185.5397532,13,0,risky first
1972,1174,180.2248596,13,0,risky first
1792,1285,211.4734026,13,0,risky first
1612,1465,254.5584412,13,0,risky first
1432,1645,254.5584412,13,0,risky first
1318,1825,213.0633709,13,0,risky first
1492,2005,250.3517525,13,0,risky first
1627,2185,225,13,0,risky first
1447,2365,254.5584412,13,0,risky first
1267,2545,254.5584412,13,0,risky first
1087,2725,254.5584412,13,0,risky first
907,2905,254.5584412,13,0,risky first
1072,2950,171.0263138,13,0,risky first
1042,3052,106.3202709,13,0,risky first
1183,3181,191.1072997,13,0,risky first
1363,3151,182.4828759,13,0,risky first
1543,2971,254.5584412,13,0,risky first
1723,2791,254.5584412,13,0,risky first
1903,2611,254.5584412,13,0,risky first
2083,2431,254.5584412,13,0,risky first
2146,2251,190.7065809,13,0,risky first
2029,2071,214.683488,13,0,risky first
1849,1891,254.5584412,13,0,risky first
1669,1858,183,13,0,risky first
1489,1750,209.9142682,13,0,risky first
1309,1807,188.8094277,13,0,risky first
1129,1831,181.5929514,13,0,risky first
1057,1690,158.3192976,13,0,risky first
1237,1552,226.8126981,13,0,risky first
1417,1372,254.5584412,13,0,risky first
1597,1216,238.1931989,13,0,risky first
1777,1354,226.8126981,13,0,risky first
1840,1300,82.97590012,13,0,risky first
1843,1153,147.0306091,13,0,risky first
1831,1042,111.6467644,13,0,risky first
2002,1111,184.3963123,13,0,risky first
1894,1060,119.4361754,13,0,risky first
1714,1156,204,13,0,risky first
2125,2269,204,13,1,risky first
1945,2449,254.5584412,13,1,risky first
1822,2407,129.9730741,13,1,risky first
1951,2230,219.020547,13,1,risky first
2131,2233,180.0249983,13,1,risky first
2248,2305,137.3790377,13,1,risky first
2428,2305,180,13,1,risky first
2608,2179,219.7180011,13,1,risky first
2788,2194,180.6239187,13,1,risky first
2968,2233,184.1765457,13,1,risky first
3148,2053,254.5584412,13,1,risky first
3238,1873,201.246118,13,1,risky first
3058,1693,254.5584412,13,1,risky first
2878,1513,254.5584412,13,1,risky first
2698,1333,254.5584412,13,1,risky first
2518,1153,254.5584412,13,1,risky first
2338,1024,221.4520264,13,1,risky first
2158,1138,213.0633709,13,1,risky first
1978,1318,254.5584412,13,1,risky first
1876,1498,206.8912758,13,1,risky first
1834,1678,184.8350616,13,1,risky first
1771,1858,190.7065809,13,1,risky first
1615,1870,156.4608577,13,1,risky first
1435,1690,254.5584412,13,1,risky first
1255,1510,254.5584412,13,1,risky first
1075,1330,254.5584412,13,1,risky first
1216,1150,228.6503881,13,1,risky first
1396,970,254.5584412,13,1,risky first
1576,967,180.0249983,13,1,risky first
1756,1147,254.5584412,13,1,risky first
1936,1186,184.1765457,13,1,risky first
2092,1183,156.0288435,13,1,risky first
2230,1003,226.8126981,13,1,risky first
2410,1147,230.5124725,13,1,risky first
2443,1327,183,13,1,risky first
2392,1507,187.0855419,13,1,risky first
2212,1687,254.5584412,13,1,risky first
2032,1867,254.5584412,13,1,risky first
2107,2047,195,13,1,risky first
2287,2146,205.4288198,13,1,risky first
2467,2065,197.3854098,13,1,risky first
2647,1885,254.5584412,13,1,risky first
2773,1705,219.7180011,13,1,risky first
2701,1525,193.8659331,13,1,risky first
2803,1345,206.8912758,13,1,risky first
2725,1165,196.1733927,13,1,risky first
2545,985,254.5584412,13,1,risky first
2365,859,219.7180011,13,1,risky first
2188,811,183.3930206,13,1,risky first
2008,991,254.5584412,13,1,risky first
2038,1171,182.4828759,13,1,risky first
2041,1351,180.0249983,13,1,risky first
2089,1531,186.2900964,13,1,risky first
2197,1711,209.9142682,13,1,risky first
2290,1891,202.6055281,13,1,risky first
2110,2035,230.5124725,13,1,risky first
1930,1855,254.5584412,13,1,risky first
1912,1675,180.8977612,13,1,risky first
1945,1495,183,13,1,risky first
1912,1315,183,13,1,risky first
1912,1135,180,13,1,risky first
2011,955,205.4288198,13,1,risky first
2044,775,183,13,1,risky first
2224,604,248.276056,13,1,risky first
2404,697,202.6055281,13,1,risky first
2503,877,205.4288198,13,1,risky first
2383,1057,216.3330765,13,1,risky first
2203,1045,180.3995565,13,1,risky first
2059,1087,150,13,1,risky first
1912,1093,147.122398,13,1,risky first
1936,1273,181.5929514,13,1,risky first
1999,1453,190.7065809,13,1,risky first
2110,1633,211.4734026,13,1,risky first
2224,1813,213.0633709,13,1,risky first
2044,1843,182.4828759,13,1,risky first
1864,1969,219.7180011,13,1,risky first
1996,2071,166.8172653,13,1,risky first
1888,1996,131.487642,13,1,risky first
1858,1816,182.4828759,13,1,risky first
1888,1636,182.4828759,13,1,risky first
1924,1456,183.5647025,13,1,risky first
1942,1276,180.8977612,13,1,risky first
1897,1105,176.8219443,13,1,risky first
1717,979,219.7180011,13,1,risky first
1768,799,187.0855419,13,1,risky first
1948,691,209.9142682,13,1,risky first
2128,721,182.4828759,13,1,risky first
2248,901,216.3330765,13,1,risky first
2335,1081,199.922485,13,1,risky first
2272,1261,190.7065809,13,1,risky first
2239,1357,101.5135459,13,1,risky first
2068,1366,171.2366783,13,1,risky first
1888,1288,196.1733927,13,1,risky first
1942,1108,187.9255172,13,1,risky first
1936,1009,99.18165153,13,1,risky first
2116,901,209.9142682,13,1,risky first
2296,970,192.7718859,13,1,risky first
2287,1150,180.2248596,13,1,risky first
2215,1324,188.3082579,13,1,risky first
2035,1327,180.0249983,13,1,risky first
1927,1327,108,13,1,risky first
1837,1183,169.8116604,13,1,risky first
1954,1009,209.6783251,13,1,risky first
2056,1042,107.2054103,13,1,risky first
2050,1096,54.33231083,13,1,risky first
2179,1084,129.5569373,13,1,risky first
2146,1189,110.063618,13,1,risky first
2179,1135,63.28506933,13,1,risky first
2059,1114,121.823643,13,1,risky first
1912,1138,148.946299,13,1,risky first
1954,1258,127.1377206,13,1,risky first
2050,1432,198.7259419,13,1,risky first
2203,1612,236.2392855,13,1,risky first
2074,1792,221.4520264,13,1,risky first
2071,1972,180.0249983,13,1,risky first
2071,1867,105,13,1,risky first
1921,1687,234.3074903,13,1,risky first
1921,1507,180,13,1,risky first
1936,1327,180.6239187,13,1,risky first
1936,1147,180,13,1,risky first
1936,967,180,13,1,risky first
1942,787,180.0999722,13,1,risky first
2020,691,123.6931688,13,1,risky first
2140,802,163.4655927,13,1,risky first
2107,982,183,13,1,risky first
2068,1102,126.1784451,13,1,risky first
2050,1066,40.24922359,13,1,risky first
2077,979,91.0933587,13,1,risky first
2167,844,162.2498074,13,1,risky first
2278,901,124.7798061,13,1,risky first
2329,1081,187.0855419,13,1,risky first
2251,1261,196.1733927,13,1,risky first
2206,1384,130.9732797,13,1,risky first
2104,1564,206.8912758,13,1,risky first
2056,1744,186.2900964,13,1,risky first
2032,1924,181.5929514,13,1,risky first
1957,2104,195,13,1,risky first
1777,2074,182.4828759,13,1,risky first
1597,1993,197.3854098,13,1,risky first
1417,1852,228.6503881,13,1,risky first
1270,1672,232.3983649,13,1,risky first
1201,1492,192.7718859,13,1,risky first
1351,1582,174.9285568,13,1,risky first
1531,1657,195,13,1,risky first
1711,1837,254.5584412,13,1,risky first
1891,2014,252.4460338,13,1,risky first
2011,2062,129.2439554,13,1,risky first
1831,2053,180.2248596,13,1,risky first
1651,2086,183,13,1,risky first
1537,1909,210.5350327,13,1,risky first
1411,1729,219.7180011,13,1,risky first
1231,1549,254.5584412,13,1,risky first
1285,1450,112.7696768,13,1,risky first
1465,1450,180,13,1,risky first
1645,1558,209.9142682,13,1,risky first
1825,1738,254.5584412,13,1,risky first
2005,1918,254.5584412,13,1,risky first
1975,2098,182.4828759,13,1,risky first
1795,2236,226.8126981,13,1,risky first
1615,2086,234.3074903,13,1,risky first
1435,1906,254.5584412,13,1,risky first
1255,1726,254.5584412,13,1,risky first
1198,1546,188.8094277,13,1,risky first
1237,1552,39.45883931,13,1,risky first
1417,1732,254.5584412,13,1,risky first
1597,1846,213.0633709,13,1,risky first
1777,2026,254.5584412,13,1,risky first
1957,2089,190.7065809,13,1,risky first
1945,1990,99.72462083,13,1,risky first
1765,1810,254.5584412,13,1,risky first
1585,1672,226.8126981,13,1,risky first
1405,1675,180.0249983,13,1,risky first
1225,1495,254.5584412,13,1,risky first
1312,1315,199.922485,13,1,risky first
1492,1168,232.3983649,13,1,risky first
1672,1348,254.5584412,13,1,risky first
1852,1528,254.5584412,13,1,risky first
2032,1708,254.5584412,13,1,risky first
2083,1888,187.0855419,13,1,risky first
1996,1948,105.6834897,13,1,risky first
1816,1768,254.5584412,13,1,risky first
1636,1588,254.5584412,13,1,risky first
1456,1483,208.3866598,13,1,risky first
1276,1501,180.8977612,13,1,risky first
1096,1348,236.2392855,13,1,risky first
1249,1168,236.2392855,13,1,risky first
1429,1006,242.1652328,13,1,risky first
1609,1084,196.1733927,13,1,risky first
1789,1264,254.5584412,13,1,risky first
1945,1444,238.1931989,13,1,risky first
1981,1624,183.5647025,13,1,risky first
1981,1804,180,13,1,risky first
2074,1984,202.6055281,13,1,risky first
1894,1843,228.6503881,13,1,risky first
1714,1663,254.5584412,13,1,risky first
1534,1483,254.5584412,13,1,risky first
1354,1438,185.5397532,13,1,risky first
1198,1477,160.8011194,13,1,risky first
1378,1657,254.5584412,13,1,risky first
1558,1759,206.8912758,13,1,risky first
1738,1774,180.6239187,13,1,risky first
1918,1909,225,13,1,risky first
1969,1990,95.7183368,13,1,risky first
1789,1810,254.5584412,13,1,risky first
1609,1630,254.5584412,13,1,risky first
1429,1528,206.8912758,13,1,risky first
1249,1420,209.9142682,13,1,risky first
1297,1555,143.2794472,13,1,risky first
1477,1690,225,13,1,risky first
1657,1843,236.2392855,13,1,risky first
1837,1858,180.6239187,13,1,risky first
2017,2005,232.3983649,13,1,risky first
1876,2068,154.4344521,13,1,risky first
1696,2128,189.7366596,13,1,risky first
1519,1948,252.4460338,13,1,risky first
1495,1795,154.870914,13,1,risky first
1315,1615,254.5584412,13,1,risky first
1198,1486,174.1551033,13,1,risky first
1378,1666,254.5584412,13,1,risky first
1558,1846,254.5584412,13,1,risky first
1738,1984,226.8126981,13,1,risky first
1918,1999,180.6239187,13,1,risky first
1954,1984,39,13,1,risky first
1774,1804,254.5584412,13,1,risky first
1594,1624,254.5584412,13,1,risky first
1414,1558,191.7185437,13,1,risky first
1234,1456,206.8912758,13,1,risky first
1279,1591,142.3024947,13,1,risky first
1459,1771,254.5584412,13,1,risky first
1639,1906,225,13,1,risky first
1819,2044,226.8126981,13,1,risky first
1999,2029,180.6239187,13,1,risky first
1906,1963,114.0394669,13,1,risky first
1726,1954,180.2248596,13,1,risky first
1546,2032,196.1733927,13,1,risky first
1366,1852,254.5584412,13,1,risky first
1288,1672,196.1733927,13,1,risky first
1195,1492,202.6055281,13,1,risky first
1198,1444,48.09365863,13,1,risky first
1264,1294,163.8780034,13,1,risky first
1444,1114,254.5584412,13,1,risky first
1624,934,254.5584412,13,1,risky first
1804,754,254.5584412,13,1,risky first
1984,724,182.4828759,13,1,risky first
2113,826,164.4536409,13,1,risky first
2113,949,123,13,1,risky first
2053,1060,126.1784451,13,1,risky first
2065,1147,87.82368701,13,1,risky first
2080,991,156.7194946,13,1,risky first
2155,841,167.7050983,13,1,risky first
2275,835,120.1499064,13,1,risky first
2275,1015,180,13,1,risky first
2275,1195,180,13,1,risky first
2203,1375,193.8659331,13,1,risky first
2023,1555,254.5584412,13,1,risky first
1921,1735,206.8912758,13,1,risky first
1828,1915,202.6055281,13,1,risky first
2008,2077,242.1652328,13,1,risky first
2116,1915,194.6997689,13,1,risky first
2116,1735,180,13,1,risky first
2116,1555,180,13,1,risky first
1963,1375,236.2392855,13,1,risky first
1933,1195,182.4828759,13,1,risky first
1933,1015,180,13,1,risky first
1933,835,180,13,1,risky first
1954,730,107.0794098,13,1,risky first
2128,745,174.6453549,13,1,risky first
2128,925,180,13,1,risky first
2035,1042,149.4590245,13,1,risky first
2035,1162,120,13,1,risky first
2053,1000,162.9969325,13,1,risky first
2140,922,116.8460526,13,1,risky first
2257,799,169.7586522,13,1,risky first
2266,979,180.2248596,13,1,risky first
2266,1159,180,13,1,risky first
2206,1339,189.7366596,13,1,risky first
2053,1519,236.2392855,13,1,risky first
1996,1699,188.8094277,13,1,risky first
1954,1879,184.8350616,13,1,risky first
2134,2056,252.4460338,13,1,risky first
2314,1924,223.2129029,13,1,risky first
2341,1744,182.0137357,13,1,risky first
2341,1564,180,13,1,risky first
2170,1486,187.9494613,13,1,risky first
1990,1468,180.8977612,13,1,risky first
2053,1648,190.7065809,13,1,risky first
2005,1777,137.640837,13,1,risky first
2185,1894,214.683488,13,1,risky first
2167,2062,168.9615341,13,1,risky first
1987,2110,186.2900964,13,1,risky first
1930,2005,119.4738465,13,1,risky first
1960,2008,30.14962686,13,1,risky first
2212,2218,157.78,14,0,safe first
2053,2230,159.4521872,14,0,safe first
1873,2050,254.5584412,14,0,safe first
1693,1870,254.5584412,14,0,safe first
1513,1690,254.5584412,14,0,safe first
1333,1510,254.5584412,14,0,safe first
1297,1636,131.041978,14,0,safe first
1117,1816,254.5584412,14,0,safe first
1144,1996,182.0137357,14,0,safe first
1324,2095,205.4288198,14,0,safe first
1504,2275,254.5584412,14,0,safe first
1684,2455,254.5584412,14,0,safe first
1864,2533,196.1733927,14,0,safe first
2044,2533,180,14,0,safe first
2224,2533,180,14,0,safe first
2404,2533,180,14,0,safe first
2584,2518,180.6239187,14,0,safe first
2764,2353,244.1823089,14,0,safe first
2896,2350,132.0340865,14,0,safe first
2716,2170,254.5584412,14,0,safe first
2536,1990,254.5584412,14,0,safe first
2356,1810,254.5584412,14,0,safe first
2239,1951,183.2211778,14,0,safe first
2185,2131,187.9255172,14,0,safe first
2185,2311,180,14,0,safe first
2185,2491,180,14,0,safe first
2185,2671,180,14,0,safe first
2185,2851,180,14,0,safe first
2296,2935,139.2012931,14,0,safe first
2476,2812,218.0114676,14,0,safe first
2656,2632,254.5584412,14,0,safe first
2836,2452,254.5584412,14,0,safe first
3016,2272,254.5584412,14,0,safe first
3196,2092,254.5584412,14,0,safe first
3262,1942,163.8780034,14,0,safe first
3082,1762,254.5584412,14,0,safe first
2980,1582,206.8912758,14,0,safe first
2869,1459,165.6804153,14,0,safe first
2689,1600,228.6503881,14,0,safe first
2509,1693,202.6055281,14,0,safe first
2329,1873,254.5584412,14,0,safe first
2149,2053,254.5584412,14,0,safe first
2263,1933,165.5173707,14,0,safe first
2443,1753,254.5584412,14,0,safe first
2623,1573,254.5584412,14,0,safe first
2788,1486,186.5314987,14,0,safe first
2857,1471,70.61161378,14,0,safe first
2827,1486,33.54101966,14,0,safe first
2647,1576,201.246118,14,0,safe first
2467,1696,216.3330765,14,0,safe first
2287,1759,190.7065809,14,0,safe first
2107,1903,230.5124725,14,0,safe first
2143,1963,69.97142274,14,0,safe first
2323,1870,202.6055281,14,0,safe first
2503,1690,254.5584412,14,0,safe first
2683,1510,254.5584412,14,0,safe first
2782,1330,205.4288198,14,0,safe first
2854,1327,72.0624729,14,0,safe first
2911,1363,67.41661516,14,0,safe first
2770,1222,199.4041123,14,0,safe first
2614,1396,233.6921051,14,0,safe first
2434,1576,254.5584412,14,0,safe first
2254,1756,254.5584412,14,0,safe first
2086,1936,246.2194143,14,0,safe first
2155,1978,80.77747211,14,0,safe first
2335,1807,248.276056,14,0,safe first
2515,1627,254.5584412,14,0,safe first
2695,1447,254.5584412,14,0,safe first
2803,1267,209.9142682,14,0,safe first
2899,1345,123.6931688,14,0,safe first
2875,1333,26.83281573,14,0,safe first
2725,1306,152.4106296,14,0,safe first
2605,1486,216.3330765,14,0,safe first
2425,1666,254.5584412,14,0,safe first
2245,1846,254.5584412,14,0,safe first
2083,2023,239.9437434,14,0,safe first
2263,1876,232.3983649,14,0,safe first
2443,1696,254.5584412,14,0,safe first
2623,1516,254.5584412,14,0,safe first
2710,1336,199.922485,14,0,safe first
2752,1156,184.8350616,14,0,safe first
2809,976,188.8094277,14,0,safe first
2989,1027,187.0855419,14,0,safe first
2968,1135,110.0227249,14,0,safe first
2866,1246,150.7481343,14,0,safe first
2920,1417,179.3237296,14,0,safe first
2887,1258,162.3884232,14,0,safe first
2983,1174,127.5617498,14,0,safe first
2920,994,190.7065809,14,0,safe first
2740,1042,186.2900964,14,0,safe first
2560,1222,254.5584412,14,0,safe first
2380,1402,254.5584412,14,0,safe first
2200,1582,254.5584412,14,0,safe first
2020,1762,254.5584412,14,0,safe first
2041,1822,63.5688603,14,0,safe first
2092,2002,187.0855419,14,0,safe first
2251,1951,166.9790406,14,0,safe first
2431,1831,216.3330765,14,0,safe first
2611,1801,182.4828759,14,0,safe first
2791,1681,216.3330765,14,0,safe first
2971,1681,180,14,0,safe first
3151,1522,240.1686907,14,0,safe first
3112,1342,184.1765457,14,0,safe first
3112,1162,180,14,0,safe first
3025,997,186.5314987,14,0,safe first
2980,1174,182.6307751,14,0,safe first
2854,1267,156.6045976,14,0,safe first
2887,1432,168.2676439,14,0,safe first
2863,1258,175.647374,14,0,safe first
2971,1153,150.6286825,14,0,safe first
2920,1015,147.122398,14,0,safe first
2797,1024,123.3288287,14,0,safe first
2638,1123,187.3018953,14,0,safe first
2458,1303,254.5584412,14,0,safe first
2278,1483,254.5584412,14,0,safe first
2170,1663,209.9142682,14,0,safe first
2005,1843,244.1823089,14,0,safe first
2158,1981,206.041258,14,0,safe first
2320,1801,242.1652328,14,0,safe first
2500,1621,254.5584412,14,0,safe first
2671,1441,248.276056,14,0,safe first
2671,1261,180,14,0,safe first
2728,1081,188.8094277,14,0,safe first
2860,967,174.4133022,14,0,safe first
2965,1075,150.6286825,14,0,safe first
2944,1195,121.823643,14,0,safe first
2872,1294,122.4132346,14,0,safe first
2944,1420,145.1206395,14,0,safe first
2857,1321,131.7952958,14,0,safe first
2962,1228,140.2640367,14,0,safe first
2965,1048,180.0249983,14,0,safe first
2818,1009,152.0855023,14,0,safe first
2638,1159,234.3074903,14,0,safe first
2557,1339,197.3854098,14,0,safe first
2482,1519,195,14,0,safe first
2302,1699,254.5584412,14,0,safe first
2152,1879,234.3074903,14,0,safe first
2104,2035,163.2176461,14,0,safe first
2284,1858,252.4460338,14,0,safe first
2464,1678,254.5584412,14,0,safe first
2644,1498,254.5584412,14,0,safe first
2734,1318,201.246118,14,0,safe first
2767,1138,183,14,0,safe first
2788,1033,107.0794098,14,0,safe first
2935,991,152.8823077,14,0,safe first
2959,1165,175.647374,14,0,safe first
2848,1249,139.2012931,14,0,safe first
2935,1429,199.922485,14,0,safe first
2875,1312,131.487642,14,0,safe first
2971,1204,144.4991349,14,0,safe first
2971,1024,180,14,0,safe first
2800,1018,171.1052308,14,0,safe first
2704,1066,107.3312629,14,0,safe first
2524,1246,254.5584412,14,0,safe first
2344,1426,254.5584412,14,0,safe first
2182,1606,242.1652328,14,0,safe first
2182,1786,180,14,0,safe first
2131,1966,187.0855419,14,0,safe first
2179,1936,56.60388679,14,0,safe first
2359,1756,254.5584412,14,0,safe first
2539,1576,254.5584412,14,0,safe first
2602,1396,190.7065809,14,0,safe first
2602,1216,180,14,0,safe first
2605,1036,180.0249983,14,0,safe first
2785,1003,183,14,0,safe first
2923,1003,138,14,0,safe first
2962,1150,152.0855023,14,0,safe first
2866,1243,133.6600165,14,0,safe first
2938,1384,158.3192976,14,0,safe first
2884,1282,115.4123044,14,0,safe first
2959,1147,154.4344521,14,0,safe first
2944,1027,120.9338662,14,0,safe first
2794,991,154.2595216,14,0,safe first
2614,1168,252.4460338,14,0,safe first
2437,1348,252.4460338,14,0,safe first
2257,1528,254.5584412,14,0,safe first
2218,1708,184.1765457,14,0,safe first
2170,1888,186.2900964,14,0,safe first
2095,1942,92.4175308,14,0,safe first
2275,1762,254.5584412,14,0,safe first
2455,1582,254.5584412,14,0,safe first
2635,1402,254.5584412,14,0,safe first
2698,1222,190.7065809,14,0,safe first
2698,1042,180,14,0,safe first
2878,1003,184.1765457,14,0,safe first
2953,1105,126.6056871,14,0,safe first
2872,1219,139.8463442,14,0,safe first
2926,1399,187.9255172,14,0,safe first
2869,1261,149.3084057,14,0,safe first
2959,1201,108.1665383,14,0,safe first
2962,1021,180.0249983,14,0,safe first
2791,1024,171.0263138,14,0,safe first
2611,1156,223.2129029,14,0,safe first
2431,1336,254.5584412,14,0,safe first
2251,1516,254.5584412,14,0,safe first
2149,1696,206.8912758,14,0,safe first
2029,1876,216.3330765,14,0,safe first
2098,1993,135.8307771,14,0,safe first
2242,1879,183.6627344,14,0,safe first
2422,1699,254.5584412,14,0,safe first
2602,1519,254.5584412,14,0,safe first
2629,1339,182.0137357,14,0,safe first
2656,1159,182.0137357,14,0,safe first
2779,979,218.0114676,14,0,safe first
2956,997,177.9129,14,0,safe first
2956,1177,180,14,0,safe first
2887,1285,128.1600562,14,0,safe first
2929,1411,132.8156617,14,0,safe first
2926,1384,27.16615541,14,0,safe first
2965,1450,76.66159404,14,0,safe first
2905,1474,64.62197769,14,0,safe first
2989,1426,96.74709298,14,0,safe first
2938,1408,54.08326913,14,0,safe first
2935,1456,48.09365863,14,0,safe first
2944,1375,81.49846624,14,0,safe first
2932,1453,78.91767863,14,0,safe first
2959,1474,34.20526275,14,0,safe first
2932,1408,71.30918594,14,0,safe first
2863,1327,106.4048871,14,0,safe first
2944,1201,149.7898528,14,0,safe first
3037,1039,186.7966809,14,0,safe first
3133,1180,170.5784277,14,0,safe first
3133,1360,180,14,0,safe first
3133,1540,180,14,0,safe first
3028,1657,157.2068701,14,0,safe first
2848,1657,180,14,0,safe first
2668,1762,208.3866598,14,0,safe first
2488,1942,254.5584412,14,0,safe first
2308,2122,254.5584412,14,0,safe first
2128,2302,254.5584412,14,0,safe first
1948,2482,254.5584412,14,0,safe first
1927,2662,181.2208597,14,0,safe first
1981,2842,187.9255172,14,0,safe first
2032,3022,187.0855419,14,0,safe first
2212,3202,254.5584412,14,0,safe first
2251,3328,131.8976876,14,0,safe first
2071,3310,180.8977612,14,0,safe first
1891,3130,254.5584412,14,0,safe first
1711,2950,254.5584412,14,0,safe first
1531,2770,254.5584412,14,0,safe first
1351,2590,254.5584412,14,0,safe first
1171,2410,254.5584412,14,0,safe first
991,2230,254.5584412,14,0,safe first
811,2050,254.5584412,14,0,safe first
760,1870,187.0855419,14,0,safe first
889,1690,221.4520264,14,0,safe first
1069,1510,254.5584412,14,0,safe first
1249,1330,254.5584412,14,0,safe first
1429,1150,254.5584412,14,0,safe first
1447,970,180.8977612,14,0,safe first
1267,790,254.5584412,14,0,safe first
1348,745,92.66067127,14,0,safe first
1528,784,184.1765457,14,0,safe first
1708,964,254.5584412,14,0,safe first
1888,1132,246.2194143,14,0,safe first
2068,1312,254.5584412,14,0,safe first
2248,1399,199.922485,14,0,safe first
2428,1405,180.0999722,14,0,safe first
2608,1576,248.276056,14,0,safe first
2647,1690,120.4865138,14,0,safe first
2467,1690,180,14,0,safe first
2287,1690,180,14,0,safe first
2107,1747,188.8094277,14,0,safe first
2098,1927,180.2248596,14,0,safe first
1966,1930,132.0340865,14,0,safe first
1834,1750,223.2129029,14,0,safe first
1654,1570,254.5584412,14,0,safe first
1582,1390,193.8659331,14,0,safe first
1402,1210,254.5584412,14,0,safe first
1222,1030,254.5584412,14,0,safe first
1057,850,244.1823089,14,0,safe first
1237,844,180.0999722,14,0,safe first
1417,880,183.5647025,14,0,safe first
1597,922,184.8350616,14,0,safe first
1777,988,191.7185437,14,0,safe first
1957,1150,242.1652328,14,0,safe first
2017,1330,189.7366596,14,0,safe first
2086,1510,192.7718859,14,0,safe first
2203,1690,214.683488,14,0,safe first
2308,1870,208.3866598,14,0,safe first
2128,2041,248.276056,14,0,safe first
2044,1882,179.8249148,14,0,safe first
2044,1702,180,14,0,safe first
1963,1522,197.3854098,14,0,safe first
1996,1342,183,14,0,safe first
2026,1270,78,14,0,safe first
2044,1450,180.8977612,14,0,safe first
2059,1630,180.6239187,14,0,safe first
2059,1810,180,14,0,safe first
2059,1990,180,14,0,safe first
2059,1900,90,14,0,safe first
2059,1720,180,14,0,safe first
2038,1540,181.2208597,14,0,safe first
2038,1360,180,14,0,safe first
2038,1279,81,14,0,safe first
2038,1459,180,14,0,safe first
2038,1639,180,14,0,safe first
2038,1819,180,14,0,safe first
2038,1999,180,14,0,safe first
2365,2098,183,14,1,safe first
2545,2119,181.2208597,14,1,safe first
2593,2227,118.1862936,14,1,safe first
2629,2344,122.4132346,14,1,safe first
2677,2275,84.05355436,14,1,safe first
2497,2095,254.5584412,14,1,safe first
2317,1915,254.5584412,14,1,safe first
2137,1903,180.3995565,14,1,safe first
1957,1903,180,14,1,safe first
1777,1933,182.4828759,14,1,safe first
1597,1906,182.0137357,14,1,safe first
1657,1906,60,14,1,safe first
1837,1906,180,14,1,safe first
1939,2008,144.2497834,14,1,safe first
1942,2137,129.034879,14,1,safe first
1921,2317,181.2208597,14,1,safe first
1741,2497,254.5584412,14,1,safe first
1810,2677,192.7718859,14,1,safe first
1852,2857,184.8350616,14,1,safe first
1936,3037,198.6353443,14,1,safe first
2116,3076,184.1765457,14,1,safe first
2134,2896,180.8977612,14,1,safe first
2257,2818,145.6468331,14,1,safe first
2437,2818,180,14,1,safe first
2617,2818,180,14,1,safe first
2740,2878,136.8539367,14,1,safe first
2893,2920,158.6600139,14,1,safe first
3013,3031,163.4655927,14,1,safe first
3118,3121,138.2931669,14,1,safe first
3154,2944,180.6239187,14,1,safe first
3154,2764,180,14,1,safe first
3154,2584,180,14,1,safe first
3145,2404,180.2248596,14,1,safe first
2965,2401,180.0249983,14,1,safe first
2785,2401,180,14,1,safe first
2605,2401,180,14,1,safe first
2431,2392,174.2326031,14,1,safe first
2431,2212,180,14,1,safe first
2335,2098,149.0369082,14,1,safe first
2155,2098,180,14,1,safe first
1984,2050,177.6091214,14,1,safe first
1984,2053,3,14,1,safe first
1957,2233,182.0137357,14,1,safe first
1777,2254,181.2208597,14,1,safe first
1597,2254,180,14,1,safe first
1417,2254,180,14,1,safe first
1237,2254,180,14,1,safe first
1078,2293,163.7131638,14,1,safe first
1078,2473,180,14,1,safe first
1078,2653,180,14,1,safe first
1003,2767,136.458785,14,1,safe first
877,2695,145.1206395,14,1,safe first
877,2515,180,14,1,safe first
877,2335,180,14,1,safe first
877,2155,180,14,1,safe first
877,1975,180,14,1,safe first
877,1795,180,14,1,safe first
877,1615,180,14,1,safe first
988,1573,118.6802427,14,1,safe first
877,1573,111,14,1,safe first
997,1573,120,14,1,safe first
874,1519,134.3316791,14,1,safe first
913,1345,178.3171332,14,1,safe first
979,1345,66,14,1,safe first
799,1351,180.0999722,14,1,safe first
796,1531,180.0249983,14,1,safe first
796,1534,3,14,1,safe first
949,1534,153,14,1,safe first
1129,1486,186.2900964,14,1,safe first
1171,1459,49.92995093,14,1,safe first
1330,1468,159.2545133,14,1,safe first
1510,1648,254.5584412,14,1,safe first
1690,1657,180.2248596,14,1,safe first
1870,1657,180,14,1,safe first
2050,1657,180,14,1,safe first
2188,1702,145.1516448,14,1,safe first
2188,1882,180,14,1,safe first
2143,2062,185.5397532,14,1,safe first
2014,2173,170.1822552,14,1,safe first
1834,2173,180,14,1,safe first
1654,2173,180,14,1,safe first
1474,2062,211.4734026,14,1,safe first
1294,1882,254.5584412,14,1,safe first
1114,1702,254.5584412,14,1,safe first
997,1522,214.683488,14,1,safe first
1132,1453,151.6113452,14,1,safe first
1303,1477,172.6759972,14,1,safe first
1321,1657,180.8977612,14,1,safe first
1501,1837,254.5584412,14,1,safe first
1681,2017,254.5584412,14,1,safe first
1861,2089,193.8659331,14,1,safe first
1996,2143,145.3994498,14,1,safe first
2080,2128,85.32877592,14,1,safe first
1948,2128,132,14,1,safe first
1768,1972,238.1931989,14,1,safe first
1588,1888,198.6353443,14,1,safe first
1408,1780,209.9142682,14,1,safe first
1393,1636,144.7791421,14,1,safe first
1342,1456,187.0855419,14,1,safe first
1171,1444,171.4205355,14,1,safe first
1342,1519,186.7243958,14,1,safe first
1522,1699,254.5584412,14,1,safe first
1702,1879,254.5584412,14,1,safe first
1882,2059,254.5584412,14,1,safe first
2029,2071,147.4889826,14,1,safe first
1849,1981,201.246118,14,1,safe first
1669,1849,223.2129029,14,1,safe first
1489,1669,254.5584412,14,1,safe first
1402,1489,199.922485,14,1,safe first
1402,1309,180,14,1,safe first
1231,1267,176.0823671,14,1,safe first
1174,1417,160.4649494,14,1,safe first
1288,1252,200.551739,14,1,safe first
1351,1321,93.43446901,14,1,safe first
1471,1435,165.5173707,14,1,safe first
1615,1615,230.5124725,14,1,safe first
1699,1786,190.5177157,14,1,safe first
1534,1792,165.1090549,14,1,safe first
1615,1945,173.1184566,14,1,safe first
1795,2020,195,14,1,safe first
1975,2050,182.4828759,14,1,safe first
2017,2080,51.6139516,14,1,safe first
1984,2053,42.63801121,14,1,safe first
1816,2098,173.9223965,14,1,safe first
1636,2098,180,14,1,safe first
1456,1987,211.4734026,14,1,safe first
1276,1807,254.5584412,14,1,safe first
1096,1627,254.5584412,14,1,safe first
1003,1516,144.8102206,14,1,safe first
1003,1336,180,14,1,safe first
1114,1378,118.6802427,14,1,safe first
1213,1360,100.623059,14,1,safe first
1243,1333,40.36087214,14,1,safe first
1189,1324,54.74486277,14,1,safe first
1141,1219,115.4512884,14,1,safe first
1321,1264,185.5397532,14,1,safe first
1354,1408,147.732867,14,1,safe first
1309,1552,150.8674915,14,1,safe first
1255,1639,102.396289,14,1,safe first
1075,1639,180,14,1,safe first
937,1483,208.2786595,14,1,safe first
1024,1321,183.883115,14,1,safe first
1132,1408,138.683092,14,1,safe first
1075,1339,89.49860334,14,1,safe first
1174,1225,150.9867544,14,1,safe first
1339,1276,172.7020556,14,1,safe first
1348,1456,180.2248596,14,1,safe first
1528,1636,254.5584412,14,1,safe first
1708,1816,254.5584412,14,1,safe first
1888,1996,254.5584412,14,1,safe first
2002,2032,119.5491531,14,1,safe first
1822,1855,252.4460338,14,1,safe first
1642,1675,254.5584412,14,1,safe first
1462,1495,254.5584412,14,1,safe first
1300,1333,229.1025971,14,1,safe first
1309,1294,40.02499219,14,1,safe first
1348,1141,157.8923684,14,1,safe first
1213,1024,178.6448992,14,1,safe first
1186,1204,182.0137357,14,1,safe first
1093,1258,107.54069,14,1,safe first
1150,1414,166.0873264,14,1,safe first
1177,1471,63.07138812,14,1,safe first
1177,1471,0,14,1,safe first
1096,1351,144.7791421,14,1,safe first
1159,1201,162.6929624,14,1,safe first
1207,1108,104.6565813,14,1,safe first
1168,1012,103.6194962,14,1,safe first
1036,919,161.4713597,14,1,safe first
979,898,60.74537019,14,1,safe first
940,1057,163.7131638,14,1,safe first
940,1237,180,14,1,safe first
967,1417,182.0137357,14,1,safe first
1057,1597,201.246118,14,1,safe first
1237,1777,254.5584412,14,1,safe first
1417,1849,193.8659331,14,1,safe first
1597,1897,186.2900964,14,1,safe first
1777,2074,252.4460338,14,1,safe first
1957,2074,180,14,1,safe first
2044,2086,87.82368701,14,1,safe first
1864,2116,182.4828759,14,1,safe first
1684,2113,180.0249983,14,1,safe first
1570,1933,213.0633709,14,1,safe first
1390,1753,254.5584412,14,1,safe first
1210,1621,223.2129029,14,1,safe first
1030,1585,183.5647025,14,1,safe first
1003,1405,182.0137357,14,1,safe first
946,1378,63.07138812,14,1,safe first
979,1558,183,14,1,safe first
1153,1660,201.6928358,14,1,safe first
1294,1549,179.4491571,14,1,safe first
1402,1477,129.7998459,14,1,safe first
1387,1297,180.6239187,14,1,safe first
1342,1117,185.5397532,14,1,safe first
1201,937,228.6503881,14,1,safe first
1141,868,91.43850392,14,1,safe first
1141,868,0,14,1,safe first
1141,868,0,14,1,safe first
1195,994,137.0839159,14,1,safe first
1177,1171,177.9129,14,1,safe first
1150,1246,79.71198153,14,1,safe first
1117,1381,138.9748179,14,1,safe first
1075,1444,75.71657678,14,1,safe first
1075,1414,30,14,1,safe first
1156,1414,81,14,1,safe first
1108,1285,137.640837,14,1,safe first
1243,1165,180.6239187,14,1,safe first
1306,991,185.0540462,14,1,safe first
1414,1114,163.6856744,14,1,safe first
1552,1294,226.8126981,14,1,safe first
1441,1405,156.9777054,14,1,safe first
1513,1585,193.8659331,14,1,safe first
1693,1765,254.5584412,14,1,safe first
1873,1945,254.5584412,14,1,safe first
2026,2023,171.7352614,14,1,safe first
1846,2080,188.8094277,14,1,safe first
1666,2020,189.7366596,14,1,safe first
1486,1840,254.5584412,14,1,safe first
1306,1660,254.5584412,14,1,safe first
1126,1594,191.7185437,14,1,safe first
946,1501,202.6055281,14,1,safe first
955,1342,159.2545133,14,1,safe first
952,1162,180.0249983,14,1,safe first
1012,1027,147.732867,14,1,safe first
1078,961,93.33809512,14,1,safe first
1216,1051,164.7543626,14,1,safe first
1156,1225,184.0543398,14,1,safe first
1129,1363,140.6164997,14,1,safe first
1075,1390,60.37383539,14,1,safe first
1117,1258,138.5207566,14,1,safe first
1117,1246,12,14,1,safe first
1213,1171,121.823643,14,1,safe first
1177,991,183.5647025,14,1,safe first
997,850,228.6503881,14,1,safe first
979,1030,180.8977612,14,1,safe first
979,1210,180,14,1,safe first
991,1390,180.3995565,14,1,safe first
1018,1513,125.9285512,14,1,safe first
1102,1663,171.9185854,14,1,safe first
1282,1783,216.3330765,14,1,safe first
1462,1831,186.2900964,14,1,safe first
1642,1927,204,14,1,safe first
1822,2014,199.922485,14,1,safe first
2002,2050,183.5647025,14,1,safe first
1906,2023,99.72462083,14,1,safe first
1726,1921,206.8912758,14,1,safe first
1546,1741,254.5584412,14,1,safe first
1366,1690,187.0855419,14,1,safe first
1186,1690,180,14,1,safe first
1006,1690,180,14,1,safe first
904,1690,102,14,1,safe first
904,1567,123,14,1,safe first
904,1387,180,14,1,safe first
904,1207,180,14,1,safe first
943,1027,184.1765457,14,1,safe first
1048,898,166.3309953,14,1,safe first
1219,919,172.2846482,14,1,safe first
1201,1099,180.8977612,14,1,safe first
1135,961,152.9705854,14,1,safe first
1027,874,138.683092,14,1,safe first
1027,874,0,14,1,safe first
1108,919,92.66067127,14,1,safe first
1108,970,51,14,1,safe first
1108,970,0,14,1,safe first
1108,970,0,14,1,safe first
1108,970,0,14,1,safe first
1108,970,0,14,1,safe first
1108,970,0,14,1,safe first
1195,1087,145.8012346,14,1,safe first
1132,1246,171.0263138,14,1,safe first
1093,1330,92.61209424,14,1,safe first
1183,1357,93.96275858,14,1,safe first
1192,1324,34.20526275,14,1,safe first
1123,1354,75.23961722,14,1,safe first
1138,1426,73.54590403,14,1,safe first
1099,1264,166.6283289,14,1,safe first
1159,1237,65.7951366,14,1,safe first
1222,1084,165.4629868,14,1,safe first
1327,1126,113.0884609,14,1,safe first
1327,1306,180,14,1,safe first
1405,1486,196.1733927,14,1,safe first
1585,1666,254.5584412,14,1,safe first
1765,1846,254.5584412,14,1,safe first
1945,2026,254.5584412,14,1,safe first
2296,2065,120,15,0,risky first
2440,2065,144,15,0,risky first
2341,2041,101.8675611,15,0,risky first
2239,1930,150.7481343,15,0,risky first
2059,1939,180.2248596,15,0,risky first
1939,2020,144.7791421,15,0,risky first
1786,2128,187.2778684,15,0,risky first
1786,2308,180,15,0,risky first
1963,2488,252.4460338,15,0,risky first
2143,2668,254.5584412,15,0,risky first
2323,2794,219.7180011,15,0,risky first
2503,2638,238.1931989,15,0,risky first
2662,2458,240.1686907,15,0,risky first
2824,2278,242.1652328,15,0,risky first
2953,2098,221.4520264,15,0,risky first
3052,1918,205.4288198,15,0,risky first
2875,1738,252.4460338,15,0,risky first
2695,1591,232.3983649,15,0,risky first
2869,1495,198.7259419,15,0,risky first
2926,1453,70.80254233,15,0,risky first
2854,1549,120,15,0,risky first
2689,1729,244.1823089,15,0,risky first
2509,1909,254.5584412,15,0,risky first
2329,2005,204,15,0,risky first
2149,2071,191.7185437,15,0,risky first
2176,2026,52.47856705,15,0,risky first
2356,1846,254.5584412,15,0,risky first
2536,1750,204,15,0,risky first
2716,1600,234.3074903,15,0,risky first
2836,1522,143.1223253,15,0,risky first
2803,1459,71.11961755,15,0,risky first
2830,1456,27.16615541,15,0,risky first
2650,1636,254.5584412,15,0,risky first
2470,1816,254.5584412,15,0,risky first
2290,1996,254.5584412,15,0,risky first
2110,2023,182.0137357,15,0,risky first
2257,2059,151.3439791,15,0,risky first
2437,1909,234.3074903,15,0,risky first
2617,1729,254.5584412,15,0,risky first
2695,1549,196.1733927,15,0,risky first
2788,1420,159.0282994,15,0,risky first
2788,1336,84,15,0,risky first
2887,1309,102.6157883,15,0,risky first
2953,1408,118.9831921,15,0,risky first
2797,1285,198.6579976,15,0,risky first
2623,1441,233.6921051,15,0,risky first
2521,1621,206.8912758,15,0,risky first
2398,1801,218.0114676,15,0,risky first
2218,1981,254.5584412,15,0,risky first
2107,2029,120.9338662,15,0,risky first
2134,1948,85.38149682,15,0,risky first
2314,1768,254.5584412,15,0,risky first
2494,1597,248.276056,15,0,risky first
2668,1498,200.1924074,15,0,risky first
2761,1327,194.6535384,15,0,risky first
2875,1384,127.4558747,15,0,risky first
2845,1339,54.08326913,15,0,risky first
2797,1279,76.83749085,15,0,risky first
2617,1393,213.0633709,15,0,risky first
2437,1507,213.0633709,15,0,risky first
2257,1687,254.5584412,15,0,risky first
2086,1867,248.276056,15,0,risky first
2086,2032,165,15,0,risky first
2182,1879,180.6239187,15,0,risky first
2362,1699,254.5584412,15,0,risky first
2542,1576,218.0114676,15,0,risky first
2701,1477,187.3018953,15,0,risky first
2749,1471,48.37354649,15,0,risky first
2788,1570,106.4048871,15,0,risky first
2848,1555,61.84658438,15,0,risky first
2869,1555,21,15,0,risky first
3037,1555,168,15,0,risky first
3082,1417,145.1516448,15,0,risky first
3043,1324,100.8464179,15,0,risky first
3127,1282,93.91485505,15,0,risky first
3082,1102,185.5397532,15,0,risky first
3040,1015,96.60745313,15,0,risky first
2983,1147,143.7810836,15,0,risky first
2884,1252,144.3121616,15,0,risky first
2956,1393,158.3192976,15,0,risky first
2878,1273,143.1223253,15,0,risky first
2977,1147,160.2404443,15,0,risky first
2932,988,165.2452722,15,0,risky first
2752,1018,182.4828759,15,0,risky first
2572,1198,254.5584412,15,0,risky first
2473,1378,205.4288198,15,0,risky first
2437,1558,183.5647025,15,0,risky first
2419,1738,180.8977612,15,0,risky first
2299,1918,216.3330765,15,0,risky first
2119,2014,204,15,0,risky first
2116,1921,93.04837452,15,0,risky first
1936,1918,180.0249983,15,0,risky first
1756,1903,180.6239187,15,0,risky first
1591,1723,244.1823089,15,0,risky first
1690,1543,205.4288198,15,0,risky first
1870,1363,254.5584412,15,0,risky first
1996,1183,219.7180011,15,0,risky first
2032,1330,151.3439791,15,0,risky first
2059,1510,182.0137357,15,0,risky first
2062,1690,180.0249983,15,0,risky first
2062,1870,180,15,0,risky first
2098,2026,160.0999688,15,0,risky first
2098,1903,123,15,0,risky first
2098,1723,180,15,0,risky first
2098,1543,180,15,0,risky first
2056,1363,184.8350616,15,0,risky first
1999,1201,171.7352614,15,0,risky first
2077,1372,187.9494613,15,0,risky first
2077,1552,180,15,0,risky first
2077,1732,180,15,0,risky first
2077,1912,180,15,0,risky first
2077,2011,99,15,0,risky first
2077,1876,135,15,0,risky first
2077,1696,180,15,0,risky first
2056,1516,181.2208597,15,0,risky first
2035,1336,181.2208597,15,0,risky first
2011,1246,93.14504818,15,0,risky first
2068,1426,188.8094277,15,0,risky first
2068,1606,180,15,0,risky first
2068,1786,180,15,0,risky first
2083,1966,180.6239187,15,0,risky first
2083,1948,18,15,0,risky first
2083,1768,180,15,0,risky first
2083,1588,180,15,0,risky first
2071,1408,180.3995565,15,0,risky first
2014,1228,188.8094277,15,0,risky first
2053,1366,143.4050208,15,0,risky first
2053,1546,180,15,0,risky first
2053,1726,180,15,0,risky first
2062,1906,180.2248596,15,0,risky first
2074,2017,111.6467644,15,0,risky first
2074,1837,180,15,0,risky first
2074,1657,180,15,0,risky first
2074,1477,180,15,0,risky first
2029,1297,185.5397532,15,0,risky first
2038,1309,15,15,0,risky first
2041,1489,180.0249983,15,0,risky first
2041,1669,180,15,0,risky first
2053,1849,180.3995565,15,0,risky first
2089,2017,171.8138528,15,0,risky first
2089,1873,144,15,0,risky first
2089,1693,180,15,0,risky first
2074,1513,180.6239187,15,0,risky first
2020,1333,187.9255172,15,0,risky first
2005,1264,70.61161378,15,0,risky first
2047,1444,184.8350616,15,0,risky first
2062,1624,180.6239187,15,0,risky first
2062,1804,180,15,0,risky first
2086,1984,181.5929514,15,0,risky first
2086,1954,30,15,0,risky first
2086,1774,180,15,0,risky first
2086,1594,180,15,0,risky first
2041,1414,185.5397532,15,0,risky first
1996,1234,185.5397532,15,0,risky first
2050,1351,128.8603896,15,0,risky first
2065,1531,180.6239187,15,0,risky first
2065,1711,180,15,0,risky first
2089,1891,181.5929514,15,0,risky first
2089,2014,123,15,0,risky first
2089,1834,180,15,0,risky first
2089,1654,180,15,0,risky first
2038,1474,187.0855419,15,0,risky first
2005,1294,183,15,0,risky first
2029,1309,28.3019434,15,0,risky first
2029,1489,180,15,0,risky first
2050,1669,181.2208597,15,0,risky first
2050,1849,180,15,0,risky first
2077,2014,167.1944975,15,0,risky first
2077,1852,162,15,0,risky first
2077,1672,180,15,0,risky first
2047,1492,182.4828759,15,0,risky first
1999,1312,186.2900964,15,0,risky first
2026,1303,28.46049894,15,0,risky first
2032,1483,180.0999722,15,0,risky first
2053,1663,181.2208597,15,0,risky first
2065,1843,180.3995565,15,0,risky first
2071,2002,159.1131673,15,0,risky first
2071,1846,156,15,0,risky first
2071,1666,180,15,0,risky first
2071,1486,180,15,0,risky first
2005,1306,191.7185437,15,0,risky first
2005,1291,15,15,0,risky first
2041,1471,183.5647025,15,0,risky first
2059,1651,180.8977612,15,0,risky first
2059,1831,180,15,0,risky first
2083,2008,178.6197078,15,0,risky first
2083,1858,150,15,0,risky first
2083,1678,180,15,0,risky first
2083,1498,180,15,0,risky first
2020,1318,190.7065809,15,0,risky first
1993,1273,52.47856705,15,0,risky first
1993,1279,6,15,0,risky first
1993,1210,69,15,0,risky first
2050,1057,163.2727779,15,0,risky first
2230,919,226.8126981,15,0,risky first
2410,919,180,15,0,risky first
2590,919,180,15,0,risky first
2770,952,183,15,0,risky first
2950,952,180,15,0,risky first
2980,1105,155.9134375,15,0,risky first
2899,1213,135,15,0,risky first
2899,1372,159,15,0,risky first
2890,1339,34.20526275,15,0,risky first
2935,1204,142.3024947,15,0,risky first
2983,1159,65.7951366,15,0,risky first
2959,994,166.7363188,15,0,risky first
2779,994,180,15,0,risky first
2677,1141,178.9217706,15,0,risky first
2662,1321,180.6239187,15,0,risky first
2602,1501,189.7366596,15,0,risky first
2515,1681,199.922485,15,0,risky first
2404,1861,211.4734026,15,0,risky first
2251,1993,202.0717694,15,0,risky first
2092,2023,161.8054387,15,0,risky first
2212,1843,216.3330765,15,0,risky first
2392,1663,254.5584412,15,0,risky first
2572,1483,254.5584412,15,0,risky first
2641,1303,192.7718859,15,0,risky first
2677,1123,183.5647025,15,0,risky first
2806,982,191.1072997,15,0,risky first
2986,982,180,15,0,risky first
2992,1162,180.0999722,15,0,risky first
2863,1231,146.2942241,15,0,risky first
2944,1387,175.7754249,15,0,risky first
2860,1297,123.1097072,15,0,risky first
2989,1213,153.9382993,15,0,risky first
2989,1033,180,15,0,risky first
2812,1009,178.6197078,15,0,risky first
2680,1126,176.3887752,15,0,risky first
2629,1306,187.0855419,15,0,risky first
2596,1486,183,15,0,risky first
2512,1645,179.8249148,15,0,risky first
2395,1804,197.4082065,15,0,risky first
2368,1927,125.9285512,15,0,risky first
2278,1954,93.96275858,15,0,risky first
2107,2047,194.6535384,15,0,risky first
2257,1924,193.9819579,15,0,risky first
2416,1744,240.1686907,15,0,risky first
2596,1564,254.5584412,15,0,risky first
2665,1384,192.7718859,15,0,risky first
2707,1204,184.8350616,15,0,risky first
2722,1024,180.6239187,15,0,risky first
2902,1000,181.5929514,15,0,risky first
2980,1105,130.8013761,15,0,risky first
2902,1207,128.4056074,15,0,risky first
2923,1366,160.3807969,15,0,risky first
2944,1381,25.8069758,15,0,risky first
2854,1267,145.2446212,15,0,risky first
2959,1159,150.6286825,15,0,risky first
2941,991,168.9615341,15,0,risky first
2761,991,180,15,0,risky first
2671,1162,193.238195,15,0,risky first
2596,1342,195,15,0,risky first
2566,1522,182.4828759,15,0,risky first
2437,1702,221.4520264,15,0,risky first
2359,1882,196.1733927,15,0,risky first
2197,2023,214.7673159,15,0,risky first
2149,2020,48.09365863,15,0,risky first
2329,1840,254.5584412,15,0,risky first
2509,1660,254.5584412,15,0,risky first
2632,1480,218.0114676,15,0,risky first
2692,1300,189.7366596,15,0,risky first
2713,1120,181.2208597,15,0,risky first
2848,979,195.2075818,15,0,risky first
2971,1051,142.5236822,15,0,risky first
2944,1201,152.4106296,15,0,risky first
2869,1252,90.69729875,15,0,risky first
2887,1357,106.5316854,15,0,risky first
2917,1417,67.08203932,15,0,risky first
2875,1243,178.9972067,15,0,risky first
2974,1126,153.2644773,15,0,risky first
2926,988,146.1095479,15,0,risky first
2746,1000,180.3995565,15,0,risky first
2566,1180,254.5584412,15,0,risky first
2407,1360,240.1686907,15,0,risky first
2344,1540,190.7065809,15,0,risky first
2260,1720,198.6353443,15,0,risky first
2161,1900,205.4288198,15,0,risky first
2086,2014,136.458785,15,0,risky first
2266,1855,240.1686907,15,0,risky first
2446,1675,254.5584412,15,0,risky first
2599,1495,236.2392855,15,0,risky first
2674,1315,195,15,0,risky first
2707,1135,183,15,0,risky first
2821,955,213.0633709,15,0,risky first
2962,985,144.1561653,15,0,risky first
2962,1165,180,15,0,risky first
2881,1282,142.3024947,15,0,risky first
2944,1381,117.3456433,15,0,risky first
2860,1294,120.9338662,15,0,risky first
2956,1177,151.3439791,15,0,risky first
2923,1003,177.1016657,15,0,risky first
2791,1024,133.6600165,15,0,risky first
2635,1117,181.6177304,15,0,risky first
2455,1297,254.5584412,15,0,risky first
2275,1477,254.5584412,15,0,risky first
2095,1657,254.5584412,15,0,risky first
1915,1837,254.5584412,15,0,risky first
2068,2017,236.2392855,15,0,risky first
2182,1894,171.1,15,1,risky first
2251,1714,192.7718859,15,1,risky first
2431,1534,254.5584412,15,1,risky first
2611,1435,205.4288198,15,1,risky first
2791,1435,180,15,1,risky first
2719,1543,129.7998459,15,1,risky first
2539,1723,254.5584412,15,1,risky first
2359,1903,254.5584412,15,1,risky first
2269,2083,201.246118,15,1,risky first
2173,2230,175.5704987,15,1,risky first
2143,2050,182.4828759,15,1,risky first
1996,1870,232.3983649,15,1,risky first
1816,1690,254.5584412,15,1,risky first
1636,1591,205.4288198,15,1,risky first
1456,1498,202.6055281,15,1,risky first
1276,1459,184.1765457,15,1,risky first
1237,1525,76.66159404,15,1,risky first
1417,1705,254.5584412,15,1,risky first
1597,1804,205.4288198,15,1,risky first
1777,1981,252.4460338,15,1,risky first
1957,2038,188.8094277,15,1,risky first
1951,1999,39.45883931,15,1,risky first
1771,1819,254.5584412,15,1,risky first
1591,1639,254.5584412,15,1,risky first
1411,1477,242.1652328,15,1,risky first
1231,1468,180.2248596,15,1,risky first
1324,1495,96.84007435,15,1,risky first
1504,1675,254.5584412,15,1,risky first
1684,1855,254.5584412,15,1,risky first
1864,2032,252.4460338,15,1,risky first
2038,2032,174,15,1,risky first
1858,1981,187.0855419,15,1,risky first
1678,1828,236.2392855,15,1,risky first
1498,1648,254.5584412,15,1,risky first
1381,1468,214.683488,15,1,risky first
1300,1537,106.4048871,15,1,risky first
1240,1636,115.7626883,15,1,risky first
1060,1636,180,15,1,risky first
880,1633,180.0249983,15,1,risky first
946,1453,191.7185437,15,1,risky first
1018,1327,145.1206395,15,1,risky first
1123,1252,129.034879,15,1,risky first
1141,1105,148.0979406,15,1,risky first
1063,973,153.3231881,15,1,risky first
1003,1027,80.72174428,15,1,risky first
949,991,64.89992296,15,1,risky first
1039,904,125.1758763,15,1,risky first
1039,904,0,15,1,risky first
1039,988,84,15,1,risky first
1039,1168,180,15,1,risky first
1168,1348,221.4520264,15,1,risky first
1234,1333,67.68308504,15,1,risky first
1207,1390,63.07138812,15,1,risky first
1264,1297,109.0779538,15,1,risky first
1444,1450,236.2392855,15,1,risky first
1624,1630,254.5584412,15,1,risky first
1732,1810,209.9142682,15,1,risky first
1912,1990,254.5584412,15,1,risky first
2053,2038,148.946299,15,1,risky first
1945,2137,146.5093854,15,1,risky first
1765,1969,246.2194143,15,1,risky first
1585,1789,254.5584412,15,1,risky first
1414,1609,248.276056,15,1,risky first
1372,1429,184.8350616,15,1,risky first
1294,1282,166.412139,15,1,risky first
1273,1267,25.8069758,15,1,risky first
1195,1201,102.1763182,15,1,risky first
1117,1279,110.3086579,15,1,risky first
1180,1411,146.2634609,15,1,risky first
1093,1291,148.2194319,15,1,risky first
1240,1219,163.6856744,15,1,risky first
1420,1366,232.3983649,15,1,risky first
1600,1546,254.5584412,15,1,risky first
1597,1501,45.09988914,15,1,risky first
1768,1477,172.6759972,15,1,risky first
1948,1612,225,15,1,risky first
2011,1792,190.7065809,15,1,risky first
2062,1972,187.0855419,15,1,risky first
2074,2152,180.3995565,15,1,risky first
2110,2332,183.5647025,15,1,risky first
2290,2512,254.5584412,15,1,risky first
2470,2611,205.4288198,15,1,risky first
2650,2431,254.5584412,15,1,risky first
2659,2302,129.3135724,15,1,risky first
2479,2140,242.1652328,15,1,risky first
2299,2116,181.5929514,15,1,risky first
2119,2116,180,15,1,risky first
1939,2221,208.3866598,15,1,risky first
1759,2293,193.8659331,15,1,risky first
1579,2323,182.4828759,15,1,risky first
1399,2290,183,15,1,risky first
1288,2110,211.4734026,15,1,risky first
1288,1930,180,15,1,risky first
1288,1750,180,15,1,risky first
1111,1705,182.6307751,15,1,risky first
931,1594,211.4734026,15,1,risky first
964,1414,183,15,1,risky first
964,1234,180,15,1,risky first
1015,1054,187.0855419,15,1,risky first
1093,919,155.9134375,15,1,risky first
1273,811,209.9142682,15,1,risky first
1453,778,183,15,1,risky first
1633,913,225,15,1,risky first
1813,1015,206.8912758,15,1,risky first
1993,1177,242.1652328,15,1,risky first
2011,1225,51.26402247,15,1,risky first
1831,1405,254.5584412,15,1,risky first
1651,1585,254.5584412,15,1,risky first
1528,1765,218.0114676,15,1,risky first
1708,1945,254.5584412,15,1,risky first
1888,2011,191.7185437,15,1,risky first
2068,2035,181.5929514,15,1,risky first
2074,1855,180.0999722,15,1,risky first
2074,1675,180,15,1,risky first
2095,1495,181.2208597,15,1,risky first
2095,1315,180,15,1,risky first
2095,1297,18,15,1,risky first
2095,1477,180,15,1,risky first
2095,1657,180,15,1,risky first
2095,1837,180,15,1,risky first
2095,2008,171,15,1,risky first
2095,1843,165,15,1,risky first
2095,1663,180,15,1,risky first
2095,1483,180,15,1,risky first
2095,1303,180,15,1,risky first
2188,1186,149.4590245,15,1,risky first
2368,1276,201.246118,15,1,risky first
2548,1456,254.5584412,15,1,risky first
2419,1636,221.4520264,15,1,risky first
2239,1816,254.5584412,15,1,risky first
2092,1996,232.3983649,15,1,risky first
2014,1969,82.54089895,15,1,risky first
1954,1789,189.7366596,15,1,risky first
2011,1609,188.8094277,15,1,risky first
2074,1429,190.7065809,15,1,risky first
2092,1249,180.8977612,15,1,risky first
2248,1276,158.3192976,15,1,risky first
2428,1456,254.5584412,15,1,risky first
2443,1636,180.6239187,15,1,risky first
2263,1816,254.5584412,15,1,risky first
2083,1996,254.5584412,15,1,risky first
1990,1900,133.6600165,15,1,risky first
1990,1720,180,15,1,risky first
2044,1540,187.9255172,15,1,risky first
2128,1360,198.6353443,15,1,risky first
2128,1291,69,15,1,risky first
2107,1270,29.69848481,15,1,risky first
2107,1450,180,15,1,risky first
2107,1630,180,15,1,risky first
2107,1810,180,15,1,risky first
2107,1990,180,15,1,risky first
2107,1882,108,15,1,risky first
2107,1702,180,15,1,risky first
2107,1522,180,15,1,risky first
2107,1342,180,15,1,risky first
2107,1213,129,15,1,risky first
1933,1366,231.7002374,15,1,risky first
1906,1519,155.3640885,15,1,risky first
2017,1366,189.023808,15,1,risky first
2107,1234,159.7623235,15,1,risky first
2107,1414,180,15,1,risky first
2107,1594,180,15,1,risky first
2134,1774,182.0137357,15,1,risky first
2113,1954,181.2208597,15,1,risky first
2053,1945,60.67124525,15,1,risky first
2056,1765,180.0249983,15,1,risky first
2089,1585,183,15,1,risky first
2104,1405,180.6239187,15,1,risky first
2104,1225,180,15,1,risky first
2275,1312,191.8593235,15,1,risky first
2383,1492,209.9142682,15,1,risky first
2203,1672,254.5584412,15,1,risky first
2044,1852,240.1686907,15,1,risky first
2056,2026,174.4133022,15,1,risky first
1963,1987,100.8464179,15,1,risky first
1963,1807,180,15,1,risky first
1963,1675,132,15,1,risky first
1963,1651,24,15,1,risky first
1963,1645,6,15,1,risky first
2050,1465,199.922485,15,1,risky first
2101,1285,187.0855419,15,1,risky first
2209,1279,108.1665383,15,1,risky first
2389,1459,254.5584412,15,1,risky first
2254,1639,225,15,1,risky first
2074,1819,254.5584412,15,1,risky first
2080,1999,180.0999722,15,1,risky first
1951,1954,136.6235704,15,1,risky first
1951,1774,180,15,1,risky first
1951,1654,120,15,1,risky first
2044,1573,123.3288287,15,1,risky first
2098,1393,187.9255172,15,1,risky first
2098,1213,180,15,1,risky first
1921,1330,212.1744565,15,1,risky first
1867,1510,187.9255172,15,1,risky first
2047,1690,254.5584412,15,1,risky first
2038,1870,180.2248596,15,1,risky first
2074,2050,183.5647025,15,1,risky first
2230,1918,204.3526364,15,1,risky first
2401,1738,248.276056,15,1,risky first
2401,1558,180,15,1,risky first
2311,1378,201.246118,15,1,risky first
2131,1198,254.5584412,15,1,risky first
1951,1348,234.3074903,15,1,risky first
1921,1528,182.4828759,15,1,risky first
1939,1708,180.8977612,15,1,risky first
1960,1888,181.2208597,15,1,risky first
2065,2056,198.1136038,15,1,risky first
2020,1891,171.0263138,15,1,risky first
1975,1711,185.5397532,15,1,risky first
1975,1531,180,15,1,risky first
1975,1351,180,15,1,risky first
2053,1171,196.1733927,15,1,risky first
2233,1246,195,15,1,risky first
2338,1231,106.0660172,15,1,risky first
2290,1102,137.640837,15,1,risky first
2137,1153,161.2761607,15,1,risky first
2068,1333,192.7718859,15,1,risky first
1933,1471,193.0518065,15,1,risky first
1753,1471,180,15,1,risky first
1573,1471,180,15,1,risky first
1453,1366,159.4521872,15,1,risky first
1372,1186,197.3854098,15,1,risky first
1261,1042,181.8158409,15,1,risky first
1180,1204,181.1215062,15,1,risky first
1111,1348,159.6778006,15,1,risky first
1186,1456,131.487642,15,1,risky first
1186,1471,15,15,1,risky first
1075,1333,177.1016657,15,1,risky first
1195,1216,167.5977327,15,1,risky first
1243,1087,137.640837,15,1,risky first
1342,1087,99,15,1,risky first
1522,1267,254.5584412,15,1,risky first
1702,1447,254.5584412,15,1,risky first
1882,1627,254.5584412,15,1,risky first
1849,1807,183,15,1,risky first
1990,1987,228.6503881,15,1,risky first
1987,1996,9.486832981,15,1,risky first
1807,1816,254.5584412,15,1,risky first
1627,1636,254.5584412,15,1,risky first
1447,1456,254.5584412,15,1,risky first
1378,1276,192.7718859,15,1,risky first
1315,1096,190.7065809,15,1,risky first
1210,1123,108.415866,15,1,risky first
1108,1243,157.492857,15,1,risky first
1138,1384,144.1561653,15,1,risky first
1084,1306,94.86832981,15,1,risky first
1207,1186,171.8400419,15,1,risky first
1285,1021,182.5075341,15,1,risky first
1465,1183,242.1652328,15,1,risky first
1645,1363,254.5584412,15,1,risky first
1825,1543,254.5584412,15,1,risky first
2005,1723,254.5584412,15,1,risky first
2050,1903,185.5397532,15,1,risky first
2014,2014,116.691902,15,1,risky first
1834,1834,254.5584412,15,1,risky first
1654,1654,254.5584412,15,1,risky first
1474,1474,254.5584412,15,1,risky first
1372,1294,206.8912758,15,1,risky first
1336,1114,183.5647025,15,1,risky first
1225,1108,111.1620439,15,1,risky first
1123,1210,144.2497834,15,1,risky first
1153,1381,173.6116356,15,1,risky first
1099,1315,85.27602242,15,1,risky first
1198,1195,155.5667059,15,1,risky first
1276,1039,174.4133022,15,1,risky first
1456,1207,246.2194143,15,1,risky first
1636,1387,254.5584412,15,1,risky first
1816,1567,254.5584412,15,1,risky first
1915,1747,205.4288198,15,1,risky first
2017,1927,206.8912758,15,1,risky first
1990,2041,117.1537451,15,1,risky first
1810,1861,254.5584412,15,1,risky first
1630,1681,254.5584412,15,1,risky first
1450,1501,254.5584412,15,1,risky first
1399,1321,187.0855419,15,1,risky first
1357,1141,184.8350616,15,1,risky first
1225,1069,150.359569,15,1,risky first
1147,1246,193.4244038,15,1,risky first
1108,1312,76.66159404,15,1,risky first
1105,1381,69.0651866,15,1,risky first
1117,1258,123.5839795,15,1,risky first
1243,1150,165.9518002,15,1,risky first
2176,2065,0,16,0,safe first
2176,2065,0,16,0,safe first
2176,2065,0,16,0,safe first
2044,2065,132,16,0,safe first
1864,2065,180,16,0,safe first
1726,1924,197.2941966,16,0,safe first
1582,1744,230.5124725,16,0,safe first
1402,1564,254.5584412,16,0,safe first
1222,1543,181.2208597,16,0,safe first
1057,1378,233.3452378,16,0,safe first
1021,1552,177.6851147,16,0,safe first
958,1732,190.7065809,16,0,safe first
958,1912,180,16,0,safe first
958,2092,180,16,0,safe first
1123,2272,244.1823089,16,0,safe first
1303,2245,182.0137357,16,0,safe first
1483,2302,188.8094277,16,0,safe first
1663,2302,180,16,0,safe first
1843,2338,183.5647025,16,0,safe first
2023,2275,190.7065809,16,0,safe first
2203,2392,214.683488,16,0,safe first
2383,2440,186.2900964,16,0,safe first
2563,2260,254.5584412,16,0,safe first
2743,2080,254.5584412,16,0,safe first
2719,1900,181.5929514,16,0,safe first
2776,1720,188.8094277,16,0,safe first
2938,1540,242.1652328,16,0,safe first
2794,1360,230.5124725,16,0,safe first
2614,1495,225,16,0,safe first
2434,1675,254.5584412,16,0,safe first
2254,1846,248.276056,16,0,safe first
2089,2026,244.1823089,16,0,safe first
2269,2038,180.3995565,16,0,safe first
2449,1957,197.3854098,16,0,safe first
2629,1777,254.5584412,16,0,safe first
2761,1597,223.2129029,16,0,safe first
2842,1417,197.3854098,16,0,safe first
2926,1447,89.19641248,16,0,safe first
2746,1513,191.7185437,16,0,safe first
2566,1693,254.5584412,16,0,safe first
2386,1873,254.5584412,16,0,safe first
2206,1936,190.7065809,16,0,safe first
2041,1963,167.1944975,16,0,safe first
2110,1783,192.7718859,16,0,safe first
2053,1603,188.8094277,16,0,safe first
1918,1423,225,16,0,safe first
1972,1243,187.9255172,16,0,safe first
2041,1312,97.5807358,16,0,safe first
2041,1492,180,16,0,safe first
2041,1672,180,16,0,safe first
2041,1852,180,16,0,safe first
2041,1990,138,16,0,safe first
2041,1810,180,16,0,safe first
2041,1630,180,16,0,safe first
2041,1450,180,16,0,safe first
2029,1270,180.3995565,16,0,safe first
1990,1231,55.15432893,16,0,safe first
1969,1411,181.2208597,16,0,safe first
1969,1591,180,16,0,safe first
1969,1771,180,16,0,safe first
2032,1951,190.7065809,16,0,safe first
2032,1972,21,16,0,safe first
2032,1792,180,16,0,safe first
2032,1612,180,16,0,safe first
2032,1432,180,16,0,safe first
2032,1252,180,16,0,safe first
1960,1282,78,16,0,safe first
1960,1462,180,16,0,safe first
1981,1642,181.2208597,16,0,safe first
2017,1822,183.5647025,16,0,safe first
2056,2002,184.1765457,16,0,safe first
2041,1852,150.7481343,16,0,safe first
1861,1672,254.5584412,16,0,safe first
1681,1492,254.5584412,16,0,safe first
1501,1312,254.5584412,16,0,safe first
1321,1132,254.5584412,16,0,safe first
1306,952,180.6239187,16,0,safe first
1168,1030,158.5181378,16,0,safe first
988,1117,199.922485,16,0,safe first
910,937,196.1733927,16,0,safe first
976,970,73.79024326,16,0,safe first
976,1150,180,16,0,safe first
976,1330,180,16,0,safe first
976,1510,180,16,0,safe first
976,1663,153,16,0,safe first
976,1843,180,16,0,safe first
976,2023,180,16,0,safe first
976,2203,180,16,0,safe first
1123,2263,158.7734235,16,0,safe first
1303,2263,180,16,0,safe first
1483,2263,180,16,0,safe first
1540,2107,166.0873264,16,0,safe first
1591,1927,187.0855419,16,0,safe first
1591,1747,180,16,0,safe first
1651,1567,189.7366596,16,0,safe first
1702,1387,187.0855419,16,0,safe first
1882,1240,232.3983649,16,0,safe first
2005,1270,126.6056871,16,0,safe first
2005,1450,180,16,0,safe first
2005,1630,180,16,0,safe first
2005,1810,180,16,0,safe first
2062,1990,188.8094277,16,0,safe first
2062,1903,87,16,0,safe first
2062,1723,180,16,0,safe first
2062,1543,180,16,0,safe first
2062,1363,180,16,0,safe first
1999,1204,171.0263138,16,0,safe first
1981,1372,168.9615341,16,0,safe first
2011,1552,182.4828759,16,0,safe first
2059,1732,186.2900964,16,0,safe first
2053,1912,180.0999722,16,0,safe first
2074,1969,60.74537019,16,0,safe first
2074,1789,180,16,0,safe first
2074,1609,180,16,0,safe first
2074,1429,180,16,0,safe first
2062,1249,180.3995565,16,0,safe first
2005,1363,127.4558747,16,0,safe first
2005,1543,180,16,0,safe first
2008,1723,180.0249983,16,0,safe first
2047,1903,184.1765457,16,0,safe first
2047,1942,39,16,0,safe first
2047,1762,180,16,0,safe first
2047,1582,180,16,0,safe first
2047,1402,180,16,0,safe first
2170,1222,218.0114676,16,0,safe first
2350,1156,191.7185437,16,0,safe first
2530,1162,180.0999722,16,0,safe first
2710,1162,180,16,0,safe first
2872,1186,163.7681288,16,0,safe first
2923,1366,187.0855419,16,0,safe first
2923,1297,69,16,0,safe first
2812,1234,127.6322843,16,0,safe first
2686,1285,135.9301291,16,0,safe first
2587,1387,142.1442929,16,0,safe first
2587,1558,171,16,0,safe first
2587,1738,180,16,0,safe first
2587,1918,180,16,0,safe first
2473,1972,126.1427762,16,0,safe first
2293,1972,180,16,0,safe first
2113,1996,181.5929514,16,0,safe first
2080,1894,107.2054103,16,0,safe first
2080,1714,180,16,0,safe first
2080,1579,135,16,0,safe first
2080,1429,150,16,0,safe first
2047,1249,183,16,0,safe first
2047,1324,75,16,0,safe first
2047,1504,180,16,0,safe first
2047,1684,180,16,0,safe first
2080,1864,183,16,0,safe first
2080,2044,180,16,0,safe first
2101,1897,148.492424,16,0,safe first
2269,1717,246.2194143,16,0,safe first
2269,1537,180,16,0,safe first
2284,1357,180.6239187,16,0,safe first
2239,1291,79.88116173,16,0,safe first
2059,1270,181.2208597,16,0,safe first
2011,1168,112.7297654,16,0,safe first
2104,988,202.6055281,16,0,safe first
2203,808,205.4288198,16,0,safe first
2248,922,122.5601893,16,0,safe first
2386,976,148.1890684,16,0,safe first
2566,976,180,16,0,safe first
2704,1147,219.7384809,16,0,safe first
2677,1327,182.0137357,16,0,safe first
2590,1396,111.0405331,16,0,safe first
2446,1501,178.2161609,16,0,safe first
2266,1681,254.5584412,16,0,safe first
2209,1861,188.8094277,16,0,safe first
2179,2041,182.4828759,16,0,safe first
1999,1942,205.4288198,16,0,safe first
2059,1762,189.7366596,16,0,safe first
2059,1582,180,16,0,safe first
2059,1402,180,16,0,safe first
2035,1222,181.5929514,16,0,safe first
2035,1354,132,16,0,safe first
2035,1534,180,16,0,safe first
2035,1714,180,16,0,safe first
2035,1894,180,16,0,safe first
2068,1963,76.4852927,16,0,safe first
2068,1783,180,16,0,safe first
2068,1603,180,16,0,safe first
2068,1423,180,16,0,safe first
2068,1282,141,16,0,safe first
1987,1231,95.7183368,16,0,safe first
1987,1411,180,16,0,safe first
2029,1591,184.8350616,16,0,safe first
2029,1771,180,16,0,safe first
2083,1951,187.9255172,16,0,safe first
2083,1930,21,16,0,safe first
2083,1750,180,16,0,safe first
2062,1570,181.2208597,16,0,safe first
2062,1390,180,16,0,safe first
2011,1210,187.0855419,16,0,safe first
2011,1186,24,16,0,safe first
2191,1024,242.1652328,16,0,safe first
2371,1075,187.0855419,16,0,safe first
2551,1075,180,16,0,safe first
2731,1075,180,16,0,safe first
2908,1087,177.4063133,16,0,safe first
2872,1222,139.7175723,16,0,safe first
2887,1312,91.24143795,16,0,safe first
2932,1432,128.1600562,16,0,safe first
2881,1330,114.0394669,16,0,safe first
2845,1303,45,16,0,safe first
2728,1345,124.3100961,16,0,safe first
2728,1525,180,16,0,safe first
2728,1705,180,16,0,safe first
2728,1885,180,16,0,safe first
2728,2065,180,16,0,safe first
2608,2134,138.4232639,16,0,safe first
2428,2134,180,16,0,safe first
2248,2134,180,16,0,safe first
2068,2098,183.5647025,16,0,safe first
2230,2077,163.3554407,16,0,safe first
2410,2179,206.8912758,16,0,safe first
2590,2359,254.5584412,16,0,safe first
2770,2497,226.8126981,16,0,safe first
2950,2587,201.246118,16,0,safe first
3130,2692,208.3866598,16,0,safe first
3310,2644,186.2900964,16,0,safe first
3268,2464,184.8350616,16,0,safe first
3235,2284,183,16,0,safe first
3247,2104,180.3995565,16,0,safe first
3223,1924,181.5929514,16,0,safe first
3223,1744,180,16,0,safe first
3223,1564,180,16,0,safe first
3223,1384,180,16,0,safe first
3223,1204,180,16,0,safe first
3223,1024,180,16,0,safe first
3196,844,182.0137357,16,0,safe first
3016,793,187.0855419,16,0,safe first
2836,805,180.3995565,16,0,safe first
2758,979,190.682983,16,0,safe first
2704,1087,120.7476708,16,0,safe first
2725,1267,181.2208597,16,0,safe first
2677,1447,186.2900964,16,0,safe first
2500,1477,179.5243716,16,0,safe first
2320,1477,180,16,0,safe first
2338,1621,145.1206395,16,0,safe first
2518,1801,254.5584412,16,0,safe first
2698,1825,181.5929514,16,0,safe first
2878,1825,180,16,0,safe first
3058,1825,180,16,0,safe first
3115,1693,143.7810836,16,0,safe first
3127,1513,180.3995565,16,0,safe first
3127,1402,111,16,0,safe first
3187,1264,150.4792344,16,0,safe first
3109,1084,196.1733927,16,0,safe first
3064,1057,52.47856705,16,0,safe first
3010,1159,115.4123044,16,0,safe first
2887,1210,133.1540461,16,0,safe first
2920,1360,153.5871088,16,0,safe first
2881,1423,74.09453421,16,0,safe first
2881,1291,132,16,0,safe first
2986,1207,134.465609,16,0,safe first
3013,1060,149.4590245,16,0,safe first
2890,1000,136.8539367,16,0,safe first
2710,1000,180,16,0,safe first
2530,1000,180,16,0,safe first
2350,1000,180,16,0,safe first
2170,1000,180,16,0,safe first
2050,1093,151.8189711,16,0,safe first
2050,1273,180,16,0,safe first
2050,1453,180,16,0,safe first
2050,1633,180,16,0,safe first
2050,1813,180,16,0,safe first
2050,1993,180,16,0,safe first
1933,2002,117.3456433,16,0,safe first
1753,2002,180,16,0,safe first
1573,1861,228.6503881,16,0,safe first
1393,1681,254.5584412,16,0,safe first
1213,1555,219.7180011,16,0,safe first
1033,1399,238.1931989,16,0,safe first
853,1219,254.5584412,16,0,safe first
757,1120,137.9021392,16,0,safe first
712,1234,122.5601893,16,0,safe first
730,1414,180.8977612,16,0,safe first
751,1594,181.2208597,16,0,safe first
790,1774,184.1765457,16,0,safe first
790,1954,180,16,0,safe first
832,2134,184.8350616,16,0,safe first
835,2314,180.0249983,16,0,safe first
937,2494,206.8912758,16,0,safe first
979,2674,184.8350616,16,0,safe first
988,2854,180.2248596,16,0,safe first
940,3034,186.2900964,16,0,safe first
940,3214,180,16,0,safe first
1030,3394,201.246118,16,0,safe first
1132,3241,183.883115,16,0,safe first
1312,3229,180.3995565,16,0,safe first
1492,3229,180,16,0,safe first
1672,3229,180,16,0,safe first
1852,3115,213.0633709,16,0,safe first
2002,3097,151.0761397,16,0,safe first
2182,3025,193.8659331,16,0,safe first
2203,2890,136.6235704,16,0,safe first
2203,2710,180,16,0,safe first
2203,2530,180,16,0,safe first
2203,2350,180,16,0,safe first
2176,2116,51,16,1,safe first
2290,2170,126.1427762,16,1,safe first
2470,2170,180,16,1,safe first
2650,2170,180,16,1,safe first
2830,2170,180,16,1,safe first
3010,2170,180,16,1,safe first
3190,2170,180,16,1,safe first
3295,2101,125.6423495,16,1,safe first
3277,1921,180.8977612,16,1,safe first
3277,1741,180,16,1,safe first
3136,1699,147.122398,16,1,safe first
3076,1639,84.85281374,16,1,safe first
3028,1549,102,16,1,safe first
2848,1549,180,16,1,safe first
2692,1495,165.0817979,16,1,safe first
2527,1477,165.9789143,16,1,safe first
2347,1477,180,16,1,safe first
2167,1477,180,16,1,safe first
2011,1507,158.8584275,16,1,safe first
1975,1642,139.7175723,16,1,safe first
1963,1642,12,16,1,safe first
1963,1642,0,16,1,safe first
1963,1642,0,16,1,safe first
1963,1642,0,16,1,safe first
1930,1711,76.4852927,16,1,safe first
1750,1711,180,16,1,safe first
1606,1762,152.7645247,16,1,safe first
1606,1846,84,16,1,safe first
1606,1846,0,16,1,safe first
1606,1693,153,16,1,safe first
1606,1513,180,16,1,safe first
1696,1411,136.0294086,16,1,safe first
1825,1411,129,16,1,safe first
1801,1411,24,16,1,safe first
1981,1411,180,16,1,safe first
2098,1372,123.3288287,16,1,safe first
2095,1195,177.0254219,16,1,safe first
1915,1195,180,16,1,safe first
1735,1195,180,16,1,safe first
1663,1321,145.1206395,16,1,safe first
1606,1447,138.2931669,16,1,safe first
1426,1447,180,16,1,safe first
1246,1447,180,16,1,safe first
1066,1447,180,16,1,safe first
907,1519,174.5422585,16,1,safe first
907,1666,147,16,1,safe first
907,1831,165,16,1,safe first
907,2011,180,16,1,safe first
907,2191,180,16,1,safe first
988,2293,130.2497601,16,1,safe first
1168,2293,180,16,1,safe first
1348,2293,180,16,1,safe first
1528,2293,180,16,1,safe first
1606,2293,78,16,1,safe first
1642,2326,48.83646179,16,1,safe first
1642,2428,102,16,1,safe first
1642,2608,180,16,1,safe first
1642,2788,180,16,1,safe first
1642,2884,96,16,1,safe first
1462,2884,180,16,1,safe first
1282,2884,180,16,1,safe first
1102,2884,180,16,1,safe first
922,2884,180,16,1,safe first
742,2884,180,16,1,safe first
745,3010,126.0357092,16,1,safe first
793,3190,186.2900964,16,1,safe first
907,3196,114.1577855,16,1,safe first
967,3256,84.85281374,16,1,safe first
1147,3256,180,16,1,safe first
1327,3256,180,16,1,safe first
1507,3256,180,16,1,safe first
1594,3139,145.8012346,16,1,safe first
1636,2995,150,16,1,safe first
1705,2905,113.406349,16,1,safe first
1885,2905,180,16,1,safe first
2065,2905,180,16,1,safe first
2188,2857,132.0340865,16,1,safe first
2227,2731,131.8976876,16,1,safe first
2407,2731,180,16,1,safe first
2554,2761,150.029997,16,1,safe first
2719,2779,165.9789143,16,1,safe first
2899,2779,180,16,1,safe first
2932,2629,153.5871088,16,1,safe first
2932,2449,180,16,1,safe first
2944,2311,138.5207566,16,1,safe first
3124,2311,180,16,1,safe first
3223,2377,118.9831921,16,1,safe first
3112,2452,133.9626814,16,1,safe first
2932,2452,180,16,1,safe first
2755,2464,177.4063133,16,1,safe first
2755,2644,180,16,1,safe first
2755,2824,180,16,1,safe first
2863,2902,133.2216199,16,1,safe first
3040,2902,177,16,1,safe first
3040,3076,174,16,1,safe first
3040,3256,180,16,1,safe first
2866,3277,175.26266,16,1,safe first
2686,3277,180,16,1,safe first
2506,3277,180,16,1,safe first
2416,3169,140.5844942,16,1,safe first
2416,2989,180,16,1,safe first
2416,2809,180,16,1,safe first
2416,2629,180,16,1,safe first
2416,2449,180,16,1,safe first
2413,2275,174.0258601,16,1,safe first
2233,2275,180,16,1,safe first
2122,2197,135.6650287,16,1,safe first
2047,2089,131.487642,16,1,safe first
1921,2065,128.26535,16,1,safe first
1741,2065,180,16,1,safe first
1561,2065,180,16,1,safe first
1381,2065,180,16,1,safe first
1201,2065,180,16,1,safe first
1021,2065,180,16,1,safe first
982,1906,163.7131638,16,1,safe first
922,1729,186.8930175,16,1,safe first
874,1702,55.07267925,16,1,safe first
886,1606,96.74709298,16,1,safe first
1021,1558,143.2794472,16,1,safe first
1153,1441,176.3887752,16,1,safe first
1096,1567,138.2931669,16,1,safe first
916,1567,180,16,1,safe first
871,1645,90.04998612,16,1,safe first
871,1825,180,16,1,safe first
997,1900,146.6321929,16,1,safe first
1141,1954,153.7920674,16,1,safe first
1141,2134,180,16,1,safe first
1255,2221,143.4050208,16,1,safe first
1435,2221,180,16,1,safe first
1615,2221,180,16,1,safe first
1795,2221,180,16,1,safe first
1975,2221,180,16,1,safe first
1978,2086,135.0333292,16,1,safe first
1966,2071,19.20937271,16,1,safe first
1966,2071,0,16,1,safe first
2023,2071,57,16,1,safe first
1987,2071,36,16,1,safe first
1978,2071,9,16,1,safe first
1978,2071,0,16,1,safe first
2020,1903,173.1704363,16,1,safe first
1981,1723,184.1765457,16,1,safe first
1981,1648,75,16,1,safe first
1981,1483,165,16,1,safe first
1981,1324,159,16,1,safe first
2056,1183,159.7059799,16,1,safe first
1993,1183,63,16,1,safe first
1969,1354,172.6759972,16,1,safe first
1915,1498,153.7920674,16,1,safe first
1930,1654,156.7194946,16,1,safe first
1966,1771,122.4132346,16,1,safe first
1966,1951,180,16,1,safe first
2005,2116,169.5464538,16,1,safe first
1957,2071,65.7951366,16,1,safe first
1891,2035,75.17978452,16,1,safe first
1891,1873,162,16,1,safe first
1951,1693,189.7366596,16,1,safe first
1951,1636,57,16,1,safe first
1951,1468,168,16,1,safe first
2002,1300,175.5704987,16,1,safe first
1912,1264,96.93296653,16,1,safe first
1912,1084,180,16,1,safe first
2059,1063,148.492424,16,1,safe first
1894,961,193.9819579,16,1,safe first
1762,1126,211.3030998,16,1,safe first
1603,1201,175.8010239,16,1,safe first
1423,1201,180,16,1,safe first
1243,1204,180.0249983,16,1,safe first
1204,1384,184.1765457,16,1,safe first
1063,1438,150.9867544,16,1,safe first
898,1483,171.0263138,16,1,safe first
898,1663,180,16,1,safe first
898,1738,75,16,1,safe first
955,1891,163.2727779,16,1,safe first
1135,1891,180,16,1,safe first
1315,1891,180,16,1,safe first
1495,1891,180,16,1,safe first
1561,1891,66,16,1,safe first
1654,1891,93,16,1,safe first
1606,1900,48.83646179,16,1,safe first
1573,1900,33,16,1,safe first
1627,2050,159.4239631,16,1,safe first
1807,2050,180,16,1,safe first
1828,2050,21,16,1,safe first
1675,2050,153,16,1,safe first
1606,1921,146.2942241,16,1,safe first
1606,1873,48,16,1,safe first
1600,1873,6,16,1,safe first
1420,1873,180,16,1,safe first
1240,1873,180,16,1,safe first
1060,1873,180,16,1,safe first
880,1873,180,16,1,safe first
700,1840,183,16,1,safe first
793,1660,202.6055281,16,1,safe first
865,1591,99.72462083,16,1,safe first
865,1591,0,16,1,safe first
865,1591,0,16,1,safe first
865,1591,0,16,1,safe first
802,1591,63,16,1,safe first
778,1684,96.04686356,16,1,safe first
802,1714,38.41874542,16,1,safe first
895,1714,93,16,1,safe first
1075,1714,180,16,1,safe first
1255,1582,223.2129029,16,1,safe first
1165,1402,201.246118,16,1,safe first
985,1366,183.5647025,16,1,safe first
835,1543,232.0107756,16,1,safe first
883,1660,126.4634335,16,1,safe first
937,1774,126.1427762,16,1,safe first
1117,1870,204,16,1,safe first
1297,1933,190.7065809,16,1,safe first
1477,1933,180,16,1,safe first
1582,1918,106.0660172,16,1,safe first
1609,1894,36.12478374,16,1,safe first
1738,1825,146.2942241,16,1,safe first
1918,1777,186.2900964,16,1,safe first
1951,1939,165.3269488,16,1,safe first
2038,2029,125.1758763,16,1,safe first
1867,2029,171,16,1,safe first
1687,2029,180,16,1,safe first
1507,1945,198.6353443,16,1,safe first
1561,1849,110.1453585,16,1,safe first
1381,1849,180,16,1,safe first
1201,1849,180,16,1,safe first
1021,1846,180.0249983,16,1,safe first
949,1699,163.6856744,16,1,safe first
883,1699,66,16,1,safe first
910,1699,27,16,1,safe first
910,1699,0,16,1,safe first
910,1699,0,16,1,safe first
1018,1684,109.0366911,16,1,safe first
1198,1504,254.5584412,16,1,safe first
1195,1519,15.29705854,16,1,safe first
1087,1567,118.1862936,16,1,safe first
1141,1426,150.9867544,16,1,safe first
1054,1540,143.4050208,16,1,safe first
1048,1720,180.0999722,16,1,safe first
1228,1735,180.6239187,16,1,safe first
1408,1735,180,16,1,safe first
1543,1816,157.4357012,16,1,safe first
1579,1885,77.82673063,16,1,safe first
1759,1885,180,16,1,safe first
1921,1885,162,16,1,safe first
1960,2023,143.4050208,16,1,safe first
1966,2080,57.31491952,16,1,safe first
1786,2080,180,16,1,safe first
1726,1900,189.7366596,16,1,safe first
1906,1720,254.5584412,16,1,safe first
2005,1540,205.4288198,16,1,safe first
2131,1411,180.3247071,16,1,safe first
2311,1231,254.5584412,16,1,safe first
2248,1120,127.6322843,16,1,safe first
2182,1036,106.8269629,16,1,safe first
2125,1159,135.5654823,16,1,safe first
2125,1114,45,16,1,safe first
2251,970,191.3426246,16,1,safe first
2290,1129,163.7131638,16,1,safe first
2290,1237,108,16,1,safe first
2290,1417,180,16,1,safe first
2290,1567,150,16,1,safe first
2143,1621,156.6045976,16,1,safe first
2143,1801,180,16,1,safe first
2086,1981,188.8094277,16,1,safe first
2053,1969,35.11409973,16,1,safe first
1990,1789,190.7065809,16,1,safe first
1942,1609,186.2900964,16,1,safe first
1867,1468,159.7059799,16,1,safe first
1894,1318,152.4106296,16,1,safe first
1894,1138,180,16,1,safe first
2047,1075,165.4629868,16,1,safe first
2125,1123,91.58602513,16,1,safe first
2014,1075,120.9338662,16,1,safe first
2014,1027,48,16,1,safe first
1957,1069,70.80254233,16,1,safe first
1843,1162,147.122398,16,1,safe first
1780,1318,168.2408987,16,1,safe first
1780,1498,180,16,1,safe first
1918,1678,226.8126981,16,1,safe first
1933,1858,180.6239187,16,1,safe first
1999,2038,191.7185437,16,1,safe first
1879,2077,126.1784451,16,1,safe first
1699,1972,208.3866598,16,1,safe first
1519,1957,180.6239187,16,1,safe first
1339,1957,180,16,1,safe first
1159,1957,180,16,1,safe first
979,1843,213.0633709,16,1,safe first
898,1663,197.3854098,16,1,safe first
2374,2152,137.38,17,0,risky first
2554,2152,180,17,0,risky first
2734,2152,180,17,0,risky first
2776,2302,155.7690598,17,0,risky first
2776,2482,180,17,0,risky first
2776,2662,180,17,0,risky first
2701,2773,133.9626814,17,0,risky first
2521,2773,180,17,0,risky first
2341,2773,180,17,0,risky first
2212,2830,141.0319113,17,0,risky first
2212,3010,180,17,0,risky first
2212,3190,180,17,0,risky first
2248,3340,154.2595216,17,0,risky first
2428,3340,180,17,0,risky first
2608,3340,180,17,0,risky first
2788,3340,180,17,0,risky first
2968,3340,180,17,0,risky first
3148,3340,180,17,0,risky first
3268,3271,138.4232639,17,0,risky first
3268,3091,180,17,0,risky first
3268,2911,180,17,0,risky first
3268,2731,180,17,0,risky first
3268,2551,180,17,0,risky first
3268,2371,180,17,0,risky first
3136,2314,143.7810836,17,0,risky first
2956,2314,180,17,0,risky first
2776,2314,180,17,0,risky first
2596,2314,180,17,0,risky first
2416,2314,180,17,0,risky first
2281,2254,147.732867,17,0,risky first
2101,2254,180,17,0,risky first
1921,2254,180,17,0,risky first
1741,2254,180,17,0,risky first
1561,2254,180,17,0,risky first
1381,2254,180,17,0,risky first
1201,2254,180,17,0,risky first
1021,2254,180,17,0,risky first
841,2254,180,17,0,risky first
661,2089,244.1823089,17,0,risky first
745,2050,92.61209424,17,0,risky first
925,1870,254.5584412,17,0,risky first
1105,1690,254.5584412,17,0,risky first
1057,1594,107.3312629,17,0,risky first
1015,1438,161.5549442,17,0,risky first
958,1297,152.0855023,17,0,risky first
958,1117,180,17,0,risky first
958,937,180,17,0,risky first
955,757,180.0249983,17,0,risky first
775,748,180.2248596,17,0,risky first
853,748,78,17,0,risky first
1033,748,180,17,0,risky first
1213,748,180,17,0,risky first
1393,748,180,17,0,risky first
1573,748,180,17,0,risky first
1753,748,180,17,0,risky first
1933,760,180.3995565,17,0,risky first
1939,940,180.0999722,17,0,risky first
1939,1120,180,17,0,risky first
1897,1147,49.92995093,17,0,risky first
1789,1228,135,17,0,risky first
1672,1306,140.6164997,17,0,risky first
1492,1306,180,17,0,risky first
1312,1306,180,17,0,risky first
1162,1342,154.2595216,17,0,risky first
1162,1522,180,17,0,risky first
1162,1702,180,17,0,risky first
1066,1789,129.5569373,17,0,risky first
886,1789,180,17,0,risky first
787,1888,140.0071427,17,0,risky first
847,1915,65.7951366,17,0,risky first
1027,1915,180,17,0,risky first
1207,1915,180,17,0,risky first
1387,1915,180,17,0,risky first
1534,1969,156.6045976,17,0,risky first
1714,1969,180,17,0,risky first
1855,1906,154.4344521,17,0,risky first
2035,1906,180,17,0,risky first
2053,2050,145.1206395,17,0,risky first
2053,1870,180,17,0,risky first
2053,1690,180,17,0,risky first
2053,1510,180,17,0,risky first
2125,1348,177.2794404,17,0,risky first
2098,1225,125.9285512,17,0,risky first
2032,1183,78.23042886,17,0,risky first
2125,1225,102.0441081,17,0,risky first
2101,1405,181.5929514,17,0,risky first
2101,1585,180,17,0,risky first
2101,1765,180,17,0,risky first
2101,1945,180,17,0,risky first
2101,1933,12,17,0,risky first
2164,1753,190.7065809,17,0,risky first
2131,1573,183,17,0,risky first
2131,1393,180,17,0,risky first
2131,1213,180,17,0,risky first
2125,1096,117.1537451,17,0,risky first
1999,1081,126.8897159,17,0,risky first
1999,1102,21,17,0,risky first
2137,1063,143.4050208,17,0,risky first
2137,1243,180,17,0,risky first
2137,1423,180,17,0,risky first
2137,1603,180,17,0,risky first
2137,1783,180,17,0,risky first
2137,1963,180,17,0,risky first
2062,1930,81.9390017,17,0,risky first
2116,1750,187.9255172,17,0,risky first
2149,1570,183,17,0,risky first
2149,1390,180,17,0,risky first
2149,1210,180,17,0,risky first
2116,1030,183,17,0,risky first
1972,979,152.7645247,17,0,risky first
1927,1033,70.29224708,17,0,risky first
1942,1135,103.0970417,17,0,risky first
2002,1201,89.19641248,17,0,risky first
1912,1078,152.4106296,17,0,risky first
1840,1168,115.2562363,17,0,risky first
1843,1291,123.0365799,17,0,risky first
1939,1366,121.823643,17,0,risky first
2119,1366,180,17,0,risky first
2137,1540,174.9285568,17,0,risky first
2119,1720,180.8977612,17,0,risky first
2104,1900,180.6239187,17,0,risky first
2098,2017,117.1537451,17,0,risky first
1984,1837,213.0633709,17,0,risky first
1879,1657,208.3866598,17,0,risky first
1870,1477,180.2248596,17,0,risky first
1831,1297,184.1765457,17,0,risky first
1831,1117,180,17,0,risky first
1831,937,180,17,0,risky first
1843,778,159.4521872,17,0,risky first
1930,658,148.2194319,17,0,risky first
1996,679,69.26037828,17,0,risky first
2056,826,158.7734235,17,0,risky first
2002,937,123.4382437,17,0,risky first
2002,976,39,17,0,risky first
1927,1093,138.9748179,17,0,risky first
1963,1189,102.5280449,17,0,risky first
1900,1081,125.0319959,17,0,risky first
1990,985,131.5902732,17,0,risky first
2035,835,156.6045976,17,0,risky first
2143,853,109.4897255,17,0,risky first
2134,1033,180.2248596,17,0,risky first
2134,1213,180,17,0,risky first
2101,1393,183,17,0,risky first
2062,1573,184.1765457,17,0,risky first
2062,1753,180,17,0,risky first
2077,1933,180.6239187,17,0,risky first
2089,1996,64.13267498,17,0,risky first
2089,1816,180,17,0,risky first
2089,1636,180,17,0,risky first
2089,1456,180,17,0,risky first
2122,1300,159.4521872,17,0,risky first
2155,1177,127.3499117,17,0,risky first
2155,997,180,17,0,risky first
2131,832,166.7363188,17,0,risky first
2125,832,6,17,0,risky first
2059,787,79.88116173,17,0,risky first
2041,961,174.9285568,17,0,risky first
1936,1039,130.8013761,17,0,risky first
1999,1168,143.5618334,17,0,risky first
1906,1093,119.4738465,17,0,risky first
1978,982,132.3064624,17,0,risky first
2041,832,162.6929624,17,0,risky first
2137,889,111.6467644,17,0,risky first
2137,1069,180,17,0,risky first
2137,1249,180,17,0,risky first
2125,1429,180.3995565,17,0,risky first
2107,1609,180.8977612,17,0,risky first
2095,1789,180.3995565,17,0,risky first
2104,1969,180.2248596,17,0,risky first
2092,2002,35.11409973,17,0,risky first
2092,1822,180,17,0,risky first
2161,1642,192.7718859,17,0,risky first
2161,1462,180,17,0,risky first
2161,1282,180,17,0,risky first
2161,1102,180,17,0,risky first
2149,922,180.3995565,17,0,risky first
2065,802,146.4786674,17,0,risky first
2035,958,158.8584275,17,0,risky first
1939,1057,137.9021392,17,0,risky first
1981,1177,127.1377206,17,0,risky first
1903,1057,143.1223253,17,0,risky first
2005,970,134.0634178,17,0,risky first
2047,805,170.2615635,17,0,risky first
2128,919,139.8463442,17,0,risky first
2128,1099,180,17,0,risky first
2128,1279,180,17,0,risky first
2128,1459,180,17,0,risky first
2110,1639,180.8977612,17,0,risky first
2110,1819,180,17,0,risky first
2095,1999,180.6239187,17,0,risky first
2095,1945,54,17,0,risky first
2125,1765,182.4828759,17,0,risky first
2146,1585,181.2208597,17,0,risky first
2155,1405,180.2248596,17,0,risky first
2140,1225,180.6239187,17,0,risky first
2140,1045,180,17,0,risky first
2140,865,180,17,0,risky first
2053,859,87.20665112,17,0,risky first
1966,958,131.7952958,17,0,risky first
1924,1117,164.4536409,17,0,risky first
1912,1153,37.94733192,17,0,risky first
1927,973,180.6239187,17,0,risky first
2044,892,142.3024947,17,0,risky first
2140,832,113.2077736,17,0,risky first
2140,1012,180,17,0,risky first
2140,1192,180,17,0,risky first
2125,1372,180.6239187,17,0,risky first
2125,1552,180,17,0,risky first
2125,1732,180,17,0,risky first
2125,1912,180,17,0,risky first
2125,1978,66,17,0,risky first
2146,1798,181.2208597,17,0,risky first
2137,1618,180.2248596,17,0,risky first
2137,1438,180,17,0,risky first
2137,1258,180,17,0,risky first
2125,1081,177.4063133,17,0,risky first
2098,1051,40.36087214,17,0,risky first
2098,1048,3,17,0,risky first
2152,928,131.5902732,17,0,risky first
2083,799,146.2942241,17,0,risky first
2053,958,161.8054387,17,0,risky first
1945,994,113.8419958,17,0,risky first
1978,1141,150.6585544,17,0,risky first
1912,1069,97.67292358,17,0,risky first
2008,976,133.6600165,17,0,risky first
2059,808,175.5704987,17,0,risky first
2143,925,144.0312466,17,0,risky first
2143,1105,180,17,0,risky first
2143,1285,180,17,0,risky first
2104,1465,184.1765457,17,0,risky first
2086,1645,180.8977612,17,0,risky first
2086,1825,180,17,0,risky first
2086,2005,180,17,0,risky first
2086,1834,171,17,0,risky first
2086,1654,180,17,0,risky first
2086,1474,180,17,0,risky first
2158,1339,153,17,0,risky first
2161,1159,180.0249983,17,0,risky first
2143,979,180.8977612,17,0,risky first
2122,814,166.3309953,17,0,risky first
2059,940,140.8722826,17,0,risky first
1945,994,126.1427762,17,0,risky first
1918,1102,111.3238519,17,0,risky first
1930,1159,58.24946352,17,0,risky first
1918,982,177.4063133,17,0,risky first
2059,916,155.6823689,17,0,risky first
2131,844,101.8233765,17,0,risky first
2131,1024,180,17,0,risky first
2131,1204,180,17,0,risky first
2131,1384,180,17,0,risky first
2131,1564,180,17,0,risky first
2113,1744,180.8977612,17,0,risky first
2113,1924,180,17,0,risky first
2125,1906,21.63330765,17,0,risky first
2125,1726,180,17,0,risky first
2125,1546,180,17,0,risky first
2125,1366,180,17,0,risky first
2125,1186,180,17,0,risky first
2125,1006,180,17,0,risky first
2125,826,180,17,0,risky first
2038,922,129.5569373,17,0,risky first
1939,1015,135.8307771,17,0,risky first
1990,1144,138.7155363,17,0,risky first
2005,1201,58.94064811,17,0,risky first
1900,1123,130.8013761,17,0,risky first
1993,1165,102.0441081,17,0,risky first
1993,1195,30,17,0,risky first
1981,1195,12,17,0,risky first
2014,1195,33,17,0,risky first
2014,1195,0,17,0,risky first
1984,1195,30,17,0,risky first
1924,1141,80.72174428,17,0,risky first
1942,979,162.9969325,17,0,risky first
2029,874,136.3598181,17,0,risky first
2125,793,125.6065285,17,0,risky first
2305,793,180,17,0,risky first
2485,793,180,17,0,risky first
2665,793,180,17,0,risky first
2845,793,180,17,0,risky first
3025,793,180,17,0,risky first
3046,832,44.29446918,17,0,risky first
3112,709,139.5886815,17,0,risky first
3292,712,180.0249983,17,0,risky first
3298,892,180.0999722,17,0,risky first
3298,1072,180,17,0,risky first
3211,1180,138.683092,17,0,risky first
3175,1342,165.9518002,17,0,risky first
2995,1342,180,17,0,risky first
2881,1420,138.1303732,17,0,risky first
2701,1420,180,17,0,risky first
2521,1420,180,17,0,risky first
2341,1381,184.1765457,17,0,risky first
2293,1465,96.74709298,17,0,risky first
2293,1645,180,17,0,risky first
2293,1825,180,17,0,risky first
2293,2005,180,17,0,risky first
2113,2011,180.0999722,17,0,risky first
2266,2011,153,17,0,risky first
2446,2011,180,17,0,risky first
2164,2164,127.91,17,1,risky first
2146,2335,171.9447586,17,1,risky first
2095,2467,141.509717,17,1,risky first
2062,2512,55.80322571,17,1,risky first
2101,2362,154.9870962,17,1,risky first
2245,2317,150.8674915,17,1,risky first
2113,2296,133.6600165,17,1,risky first
2020,2200,133.6600165,17,1,risky first
1975,2059,148.0067566,17,1,risky first
1975,1879,180,17,1,risky first
1975,1699,180,17,1,risky first
2128,1669,155.9134375,17,1,risky first
2308,1669,180,17,1,risky first
2146,1669,162,17,1,risky first
1975,1681,171.4205355,17,1,risky first
1975,1861,180,17,1,risky first
1975,2041,180,17,1,risky first
1975,2221,180,17,1,risky first
1975,2401,180,17,1,risky first
1858,2470,135.8307771,17,1,risky first
1765,2563,131.5218613,17,1,risky first
1765,2743,180,17,1,risky first
1837,2863,139.9428455,17,1,risky first
2017,2863,180,17,1,risky first
2197,2863,180,17,1,risky first
2377,2863,180,17,1,risky first
2557,2863,180,17,1,risky first
2737,2863,180,17,1,risky first
2917,2863,180,17,1,risky first
3097,2863,180,17,1,risky first
3277,2854,180.2248596,17,1,risky first
3280,2674,180.0249983,17,1,risky first
3274,2494,180.0999722,17,1,risky first
3094,2332,242.1652328,17,1,risky first
3013,2212,144.7791421,17,1,risky first
3193,2089,218.0114676,17,1,risky first
3169,1999,93.14504818,17,1,risky first
2989,1819,254.5584412,17,1,risky first
2809,1639,254.5584412,17,1,risky first
2629,1459,254.5584412,17,1,risky first
2494,1303,206.303175,17,1,risky first
2542,1156,154.6382876,17,1,risky first
2620,1045,135.6650287,17,1,risky first
2629,1225,180.2248596,17,1,risky first
2629,1405,180,17,1,risky first
2521,1486,135,17,1,risky first
2341,1486,180,17,1,risky first
2161,1486,180,17,1,risky first
2140,1318,169.3074127,17,1,risky first
2140,1216,102,17,1,risky first
2140,1396,180,17,1,risky first
2140,1576,180,17,1,risky first
2140,1756,180,17,1,risky first
2140,1936,180,17,1,risky first
2077,1957,66.40783086,17,1,risky first
2077,1777,180,17,1,risky first
2077,1597,180,17,1,risky first
2080,1417,180.0249983,17,1,risky first
2218,1351,152.9705854,17,1,risky first
2212,1222,129.1394595,17,1,risky first
2125,1171,100.8464179,17,1,risky first
2281,1129,161.5549442,17,1,risky first
2281,1087,42,17,1,risky first
2272,1213,126.3210196,17,1,risky first
2110,1189,163.7681288,17,1,risky first
2191,1081,135,17,1,risky first
2329,1066,138.8128236,17,1,risky first
2347,1066,18,17,1,risky first
2356,1090,25.63201124,17,1,risky first
2347,1069,22.84731932,17,1,risky first
2347,1150,81,17,1,risky first
2347,1330,180,17,1,risky first
2197,1366,154.2595216,17,1,risky first
2101,1456,131.5902732,17,1,risky first
2098,1636,180.0249983,17,1,risky first
1969,1669,133.1540461,17,1,risky first
1969,1651,18,17,1,risky first
1954,1651,15,17,1,risky first
2005,1756,116.7304588,17,1,risky first
2041,1906,154.2595216,17,1,risky first
2083,2056,155.7690598,17,1,risky first
2077,1906,150.119952,17,1,risky first
2002,1792,136.458785,17,1,risky first
1915,1687,136.3598181,17,1,risky first
1915,1507,180,17,1,risky first
1915,1336,171,17,1,risky first
1915,1501,165,17,1,risky first
1915,1681,180,17,1,risky first
1966,1606,90.69729875,17,1,risky first
1966,1465,141,17,1,risky first
1966,1639,174,17,1,risky first
1966,1651,12,17,1,risky first
1966,1555,96,17,1,risky first
1903,1420,148.9765082,17,1,risky first
1903,1240,180,17,1,risky first
1912,1060,180.2248596,17,1,risky first
2092,1060,180,17,1,risky first
2272,1060,180,17,1,risky first
2347,1069,75.53806987,17,1,risky first
2404,1069,57,17,1,risky first
2404,1180,111,17,1,risky first
2404,1360,180,17,1,risky first
2404,1540,180,17,1,risky first
2404,1720,180,17,1,risky first
2296,1801,135,17,1,risky first
2116,1795,180.0999722,17,1,risky first
2113,1615,180.0249983,17,1,risky first
2113,1435,180,17,1,risky first
2203,1354,121.0826164,17,1,risky first
2128,1342,75.95393341,17,1,risky first
1948,1339,180.0249983,17,1,risky first
1945,1159,180.0249983,17,1,risky first
2023,1051,133.2216199,17,1,risky first
2203,1051,180,17,1,risky first
2383,1051,180,17,1,risky first
2443,1183,144.9965517,17,1,risky first
2443,1363,180,17,1,risky first
2443,1543,180,17,1,risky first
2401,1690,152.8823077,17,1,risky first
2221,1690,180,17,1,risky first
2041,1690,180,17,1,risky first
1981,1651,71.56116265,17,1,risky first
1963,1585,68.41052551,17,1,risky first
1960,1405,180.0249983,17,1,risky first
1918,1261,150,17,1,risky first
1927,1084,177.2286659,17,1,risky first
2038,1048,116.691902,17,1,risky first
2092,1177,139.8463442,17,1,risky first
2029,1045,146.2634609,17,1,risky first
1849,1045,180,17,1,risky first
1669,1045,180,17,1,risky first
1489,1045,180,17,1,risky first
1471,1213,168.9615341,17,1,risky first
1471,1393,180,17,1,risky first
1489,1561,168.9615341,17,1,risky first
1669,1561,180,17,1,risky first
1849,1561,180,17,1,risky first
1942,1660,135.8307771,17,1,risky first
1978,1669,37.10795063,17,1,risky first
1978,1633,36,17,1,risky first
1978,1669,36,17,1,risky first
1978,1813,144,17,1,risky first
2065,1927,143.4050208,17,1,risky first
2002,2029,119.8874472,17,1,risky first
2002,2029,0,17,1,risky first
1951,1897,141.509717,17,1,risky first
1771,1897,180,17,1,risky first
1591,1891,180.0999722,17,1,risky first
1585,1711,180.0999722,17,1,risky first
1588,1531,180.0249983,17,1,risky first
1768,1531,180,17,1,risky first
1945,1549,177.9129,17,1,risky first
1975,1651,106.3202709,17,1,risky first
1975,1660,9,17,1,risky first
1963,1660,12,17,1,risky first
1852,1642,112.4499889,17,1,risky first
1678,1657,174.6453549,17,1,risky first
1678,1837,180,17,1,risky first
1678,2017,180,17,1,risky first
1843,2035,165.9789143,17,1,risky first
1960,2035,117,17,1,risky first
1960,2035,0,17,1,risky first
1960,2035,0,17,1,risky first
1831,2035,129,17,1,risky first
1939,2035,108,17,1,risky first
1963,2035,24,17,1,risky first
1963,2035,0,17,1,risky first
1963,2035,0,17,1,risky first
1963,2035,0,17,1,risky first
1963,2035,0,17,1,risky first
1963,1867,168,17,1,risky first
1807,1840,158.3192976,17,1,risky first
1756,1696,152.7645247,17,1,risky first
1756,1516,180,17,1,risky first
1732,1354,163.7681288,17,1,risky first
1696,1204,154.2595216,17,1,risky first
1696,1024,180,17,1,risky first
1531,991,168.2676439,17,1,risky first
1654,925,139.5886815,17,1,risky first
1834,925,180,17,1,risky first
2014,925,180,17,1,risky first
2194,925,180,17,1,risky first
2338,973,151.7893277,17,1,risky first
2338,1153,180,17,1,risky first
2338,1333,180,17,1,risky first
2338,1513,180,17,1,risky first
2218,1579,136.9525465,17,1,risky first
2038,1579,180,17,1,risky first
1996,1429,155.7690598,17,1,risky first
1816,1429,180,17,1,risky first
1819,1252,177.0254219,17,1,risky first
1909,1144,140.5844942,17,1,risky first
1957,1072,86.53323061,17,1,risky first
2056,1075,99.04544412,17,1,risky first
2068,1165,90.7964757,17,1,risky first
2047,1165,21,17,1,risky first
2017,1048,120.7849328,17,1,risky first
1951,1171,139.5886815,17,1,risky first
1951,1351,180,17,1,risky first
1849,1438,134.0634178,17,1,risky first
1840,1618,180.2248596,17,1,risky first
1771,1744,143.6558387,17,1,risky first
1771,1924,180,17,1,risky first
1621,1957,153.5871088,17,1,risky first
1441,1957,180,17,1,risky first
1261,1957,180,17,1,risky first
1081,1957,180,17,1,risky first
901,1957,180,17,1,risky first
859,1810,152.8823077,17,1,risky first
862,1720,90.04998612,17,1,risky first
937,1675,87.46427842,17,1,risky first
985,1675,48,17,1,risky first
904,1675,81,17,1,risky first
892,1675,12,17,1,risky first
949,1675,57,17,1,risky first
901,1675,48,17,1,risky first
901,1675,0,17,1,risky first
901,1675,0,17,1,risky first
895,1582,93.1933474,17,1,risky first
1012,1582,117,17,1,risky first
853,1582,159,17,1,risky first
1003,1582,150,17,1,risky first
871,1582,132,17,1,risky first
856,1561,25.8069758,17,1,risky first
856,1561,0,17,1,risky first
856,1561,0,17,1,risky first
856,1561,0,17,1,risky first
949,1561,93,17,1,risky first
1078,1561,129,17,1,risky first
898,1561,180,17,1,risky first
868,1561,30,17,1,risky first
868,1495,66,17,1,risky first
916,1360,143.2794472,17,1,risky first
1015,1441,127.9140336,17,1,risky first
1015,1621,180,17,1,risky first
901,1681,128.8254633,17,1,risky first
901,1681,0,17,1,risky first
901,1681,0,17,1,risky first
901,1681,0,17,1,risky first
901,1681,0,17,1,risky first
901,1681,0,17,1,risky first
901,1681,0,17,1,risky first
901,1681,0,17,1,risky first
901,1681,0,17,1,risky first
901,1681,0,17,1,risky first
1006,1681,105,17,1,risky first
1159,1642,157.8923684,17,1,risky first
1159,1462,180,17,1,risky first
1318,1483,160.3807969,17,1,risky first
1318,1663,180,17,1,risky first
1318,1843,180,17,1,risky first
1372,1975,142.6183719,17,1,risky first
1552,1975,180,17,1,risky first
1690,2035,150.4792344,17,1,risky first
1807,2122,145.8012346,17,1,risky first
1960,2152,155.9134375,17,1,risky first
2077,2080,137.3790377,17,1,risky first
1936,2038,147.122398,17,1,risky first
1756,2038,180,17,1,risky first
1576,2038,180,17,1,risky first
1396,2023,180.6239187,17,1,risky first
1216,1843,254.5584412,17,1,risky first
1093,1705,184.859406,17,1,risky first
1141,1549,163.2176461,17,1,risky first
1321,1546,180.0249983,17,1,risky first
1432,1627,137.4117899,17,1,risky first
1321,1705,135.6650287,17,1,risky first
1141,1705,180,17,1,risky first
961,1705,180,17,1,risky first
898,1705,63,17,1,risky first
898,1705,0,17,1,risky first
898,1705,0,17,1,risky first
898,1705,0,17,1,risky first
898,1705,0,17,1,risky first
1003,1690,106.0660172,17,1,risky first
913,1690,90,17,1,risky first
889,1579,113.5649594,17,1,risky first
889,1399,180,17,1,risky first
970,1297,130.2497601,17,1,risky first
1024,1429,142.6183719,17,1,risky first
1024,1609,180,17,1,risky first
907,1657,126.4634335,17,1,risky first
868,1657,39,17,1,risky first
688,1660,180.0249983,17,1,risky first
688,1840,180,17,1,risky first
688,2020,180,17,1,risky first
835,2059,152.0855023,17,1,risky first
1015,2059,180,17,1,risky first
1195,2059,180,17,1,risky first
2176,2065,0,18,0,safe first
2236,2065,60,18,0,safe first
2416,1969,204,18,0,safe first
2596,1789,254.5584412,18,0,safe first
2491,1609,208.3866598,18,0,safe first
2311,1429,254.5584412,18,0,safe first
2131,1249,254.5584412,18,0,safe first
1996,1246,135.0333292,18,0,safe first
1996,1426,180,18,0,safe first
1996,1606,180,18,0,safe first
1996,1786,180,18,0,safe first
1996,1966,180,18,0,safe first
1996,1933,33,18,0,safe first
1996,1753,180,18,0,safe first
1996,1573,180,18,0,safe first
1975,1393,181.2208597,18,0,safe first
1894,1231,181.1215062,18,0,safe first
1930,1141,96.93296653,18,0,safe first
2110,1186,185.5397532,18,0,safe first
2119,1366,180.2248596,18,0,safe first
2071,1546,186.2900964,18,0,safe first
2038,1726,183,18,0,safe first
2038,1906,180,18,0,safe first
2089,1987,95.7183368,18,0,safe first
2113,1807,181.5929514,18,0,safe first
2113,1627,180,18,0,safe first
2131,1447,180.8977612,18,0,safe first
2161,1267,182.4828759,18,0,safe first
2125,1117,154.2595216,18,0,safe first
2032,1039,121.3795699,18,0,safe first
1984,1186,154.6382876,18,0,safe first
1915,1006,192.7718859,18,0,safe first
1735,1051,185.5397532,18,0,safe first
1726,1231,180.2248596,18,0,safe first
1906,1411,254.5584412,18,0,safe first
1966,1591,189.7366596,18,0,safe first
1972,1771,180.0999722,18,0,safe first
2005,1951,183,18,0,safe first
2050,1990,59.54829972,18,0,safe first
1942,1810,209.9142682,18,0,safe first
1921,1630,181.2208597,18,0,safe first
1888,1450,183,18,0,safe first
1813,1270,195,18,0,safe first
1789,1090,181.5929514,18,0,safe first
1915,1012,148.1890684,18,0,safe first
1972,1153,152.0855023,18,0,safe first
1900,1060,117.6137747,18,0,safe first
1801,1105,108.7474138,18,0,safe first
1795,1285,180.0999722,18,0,safe first
1858,1465,190.7065809,18,0,safe first
1942,1645,198.6353443,18,0,safe first
1954,1825,180.3995565,18,0,safe first
2005,2005,187.0855419,18,0,safe first
1954,1918,100.8464179,18,0,safe first
1954,1738,180,18,0,safe first
1954,1558,180,18,0,safe first
1861,1378,202.6055281,18,0,safe first
1765,1198,204,18,0,safe first
1786,1018,181.2208597,18,0,safe first
1786,838,180,18,0,safe first
1909,685,196.3109778,18,0,safe first
2029,793,161.4434886,18,0,safe first
2002,913,123,18,0,safe first
2017,994,82.37718131,18,0,safe first
1933,1027,90.24965374,18,0,safe first
1957,1207,181.5929514,18,0,safe first
1915,1066,147.122398,18,0,safe first
1984,949,135.8307771,18,0,safe first
2053,913,77.82673063,18,0,safe first
2140,784,155.5956298,18,0,safe first
2158,961,177.9129,18,0,safe first
2158,1141,180,18,0,safe first
2158,1321,180,18,0,safe first
2092,1501,191.7185437,18,0,safe first
2047,1681,185.5397532,18,0,safe first
2023,1861,181.5929514,18,0,safe first
2053,2032,173.6116356,18,0,safe first
2053,1873,159,18,0,safe first
2089,1693,183.5647025,18,0,safe first
2095,1513,180.0999722,18,0,safe first
2131,1333,183.5647025,18,0,safe first
2131,1153,180,18,0,safe first
2131,973,180,18,0,safe first
2107,793,181.5929514,18,0,safe first
2053,922,139.8463442,18,0,safe first
1942,1000,135.6650287,18,0,safe first
1978,1180,183.5647025,18,0,safe first
1927,1078,114.0394669,18,0,safe first
1960,949,133.1540461,18,0,safe first
2035,982,81.9390017,18,0,safe first
2044,802,180.2248596,18,0,safe first
2152,862,123.5475617,18,0,safe first
2152,1042,180,18,0,safe first
2152,1222,180,18,0,safe first
2125,1399,179.0474797,18,0,safe first
2065,1579,189.7366596,18,0,safe first
2065,1759,180,18,0,safe first
2032,1939,183,18,0,safe first
2044,1936,12.36931688,18,0,safe first
2044,1756,180,18,0,safe first
1915,1696,142.2708684,18,0,safe first
1735,1786,201.246118,18,0,safe first
1555,1966,254.5584412,18,0,safe first
1375,1909,188.8094277,18,0,safe first
1195,1729,254.5584412,18,0,safe first
1057,1645,161.5549442,18,0,safe first
1234,1825,252.4460338,18,0,safe first
1414,2005,254.5584412,18,0,safe first
1594,2185,254.5584412,18,0,safe first
1774,2365,254.5584412,18,0,safe first
1954,2545,254.5584412,18,0,safe first
2134,2668,218.0114676,18,0,safe first
2062,2848,193.8659331,18,0,safe first
2203,3028,228.6503881,18,0,safe first
2371,2932,193.494186,18,0,safe first
2260,2752,211.4734026,18,0,safe first
2245,2572,180.6239187,18,0,safe first
2191,2392,187.9255172,18,0,safe first
2191,2212,180,18,0,safe first
2191,2032,180,18,0,safe first
2182,1852,180.2248596,18,0,safe first
2155,1672,182.0137357,18,0,safe first
2125,1492,182.4828759,18,0,safe first
2158,1312,183,18,0,safe first
2158,1132,180,18,0,safe first
2158,952,180,18,0,safe first
2113,781,176.8219443,18,0,safe first
2023,886,138.2931669,18,0,safe first
1915,1000,157.0350279,18,0,safe first
2002,1174,194.537914,18,0,safe first
1921,1072,130.2497601,18,0,safe first
2005,970,132.1362933,18,0,safe first
2050,808,168.1338752,18,0,safe first
2152,910,144.2497834,18,0,safe first
2152,1090,180,18,0,safe first
2152,1270,180,18,0,safe first
2116,1450,183.5647025,18,0,safe first
2083,1630,183,18,0,safe first
2059,1810,181.5929514,18,0,safe first
2059,1990,180,18,0,safe first
2122,1879,127.6322843,18,0,safe first
2122,1699,180,18,0,safe first
2122,1519,180,18,0,safe first
2155,1339,183,18,0,safe first
2155,1159,180,18,0,safe first
2155,979,180,18,0,safe first
2155,805,174,18,0,safe first
2050,880,129.034879,18,0,safe first
1939,952,132.3064624,18,0,safe first
1945,1123,171.1052308,18,0,safe first
1921,1120,24.18677324,18,0,safe first
1975,994,137.0839159,18,0,safe first
2008,838,159.4521872,18,0,safe first
2137,814,131.2135664,18,0,safe first
2137,994,180,18,0,safe first
2137,1174,180,18,0,safe first
2113,1354,181.5929514,18,0,safe first
2053,1534,189.7366596,18,0,safe first
2053,1714,180,18,0,safe first
2053,1894,180,18,0,safe first
2053,2002,108,18,0,safe first
2065,1822,180.3995565,18,0,safe first
2086,1642,181.2208597,18,0,safe first
2107,1462,181.2208597,18,0,safe first
2140,1282,183,18,0,safe first
2140,1102,180,18,0,safe first
2140,925,177,18,0,safe first
2299,988,171.0263138,18,0,safe first
2479,1168,254.5584412,18,0,safe first
2659,1348,254.5584412,18,0,safe first
2839,1465,214.683488,18,0,safe first
2818,1465,21,18,0,safe first
2638,1639,250.3517525,18,0,safe first
2458,1669,182.4828759,18,0,safe first
2278,1795,219.7180011,18,0,safe first
2116,1942,218.7532857,18,0,safe first
2143,1999,63.07138812,18,0,safe first
2323,1846,236.2392855,18,0,safe first
2503,1735,211.4734026,18,0,safe first
2683,1657,196.1733927,18,0,safe first
2863,1549,209.9142682,18,0,safe first
2923,1480,91.43850392,18,0,safe first
2743,1660,254.5584412,18,0,safe first
2563,1840,254.5584412,18,0,safe first
2383,2020,254.5584412,18,0,safe first
2203,2038,180.8977612,18,0,safe first
2173,1984,61.77378085,18,0,safe first
2353,1804,254.5584412,18,0,safe first
2533,1729,195,18,0,safe first
2713,1549,254.5584412,18,0,safe first
2893,1492,188.8094277,18,0,safe first
2845,1501,48.83646179,18,0,safe first
2665,1681,254.5584412,18,0,safe first
2485,1861,254.5584412,18,0,safe first
2320,2041,244.1823089,18,0,safe first
2233,2125,120.9338662,18,0,safe first
2095,2029,168.1071087,18,0,safe first
2275,1924,208.3866598,18,0,safe first
2455,1855,192.7718859,18,0,safe first
2518,1675,190.7065809,18,0,safe first
2698,1600,195,18,0,safe first
2869,1456,223.5553623,18,0,safe first
2815,1444,55.31726674,18,0,safe first
2635,1624,254.5584412,18,0,safe first
2455,1804,254.5584412,18,0,safe first
2275,1984,254.5584412,18,0,safe first
2128,2101,187.8776197,18,0,safe first
2245,1978,169.7586522,18,0,safe first
2425,1798,254.5584412,18,0,safe first
2605,1618,254.5584412,18,0,safe first
2785,1489,221.4520264,18,0,safe first
2965,1441,186.2900964,18,0,safe first
2836,1621,221.4520264,18,0,safe first
2656,1801,254.5584412,18,0,safe first
2476,1846,185.5397532,18,0,safe first
2296,1951,208.3866598,18,0,safe first
2116,2068,214.683488,18,0,safe first
2221,1936,168.6683136,18,0,safe first
2401,1756,254.5584412,18,0,safe first
2581,1576,254.5584412,18,0,safe first
2761,1471,208.3866598,18,0,safe first
2899,1516,145.1516448,18,0,safe first
2731,1696,246.2194143,18,0,safe first
2551,1876,254.5584412,18,0,safe first
2371,2032,238.1931989,18,0,safe first
2191,2032,180,18,0,safe first
2125,1984,81.60882305,18,0,safe first
2305,1804,254.5584412,18,0,safe first
2485,1624,254.5584412,18,0,safe first
2665,1444,254.5584412,18,0,safe first
2827,1417,164.2345883,18,0,safe first
2905,1513,123.6931688,18,0,safe first
2725,1693,254.5584412,18,0,safe first
2545,1873,254.5584412,18,0,safe first
2452,2014,168.9082591,18,0,safe first
2272,2014,180,18,0,safe first
2107,2014,165,18,0,safe first
2287,1939,195,18,0,safe first
2467,1759,254.5584412,18,0,safe first
2647,1579,254.5584412,18,0,safe first
2827,1522,188.8094277,18,0,safe first
2947,1516,120.1499064,18,0,safe first
2788,1696,240.1686907,18,0,safe first
2608,1876,254.5584412,18,0,safe first
2428,1942,191.7185437,18,0,safe first
2248,2008,191.7185437,18,0,safe first
2119,2050,135.6650287,18,0,safe first
2299,1939,211.4734026,18,0,safe first
2479,1759,254.5584412,18,0,safe first
2659,1663,204,18,0,safe first
2839,1561,206.8912758,18,0,safe first
2965,1519,132.8156617,18,0,safe first
2788,1699,252.4460338,18,0,safe first
2608,1768,192.7718859,18,0,safe first
2428,1855,199.922485,18,0,safe first
2248,1939,198.6353443,18,0,safe first
2077,2041,199.1105221,18,0,safe first
2257,1930,211.4734026,18,0,safe first
2437,1894,183.5647025,18,0,safe first
2617,1807,199.922485,18,0,safe first
2797,1690,214.683488,18,0,safe first
2905,1510,209.9142682,18,0,safe first
2941,1492,40.24922359,18,0,safe first
2851,1672,201.246118,18,0,safe first
2707,1852,230.5124725,18,0,safe first
2527,1972,216.3330765,18,0,safe first
2347,1981,180.2248596,18,0,safe first
2167,2035,187.9255172,18,0,safe first
2146,2053,27.65863337,18,0,safe first
2326,2053,180,18,0,safe first
2506,2023,182.4828759,18,0,safe first
2686,1843,254.5584412,18,0,safe first
2854,1663,246.2194143,18,0,safe first
2875,1489,175.26266,18,0,safe first
2944,1483,69.26037828,18,0,safe first
2866,1663,196.1733927,18,0,safe first
2686,1843,254.5584412,18,0,safe first
2506,1900,188.8094277,18,0,safe first
2326,1933,183,18,0,safe first
2146,2020,199.922485,18,0,safe first
2137,2023,9.486832981,18,0,safe first
2317,1843,254.5584412,18,0,safe first
2497,1726,214.683488,18,0,safe first
2677,1594,223.2129029,18,0,safe first
2857,1501,202.6055281,18,0,safe first
2989,1450,141.509717,18,0,safe first
2884,1525,129.034879,18,0,safe first
2968,1465,103.2279032,18,0,safe first
3148,1285,254.5584412,18,0,safe first
3328,1159,219.7180011,18,0,safe first
3379,979,187.0855419,18,0,safe first
3325,799,187.9255172,18,0,safe first
3217,706,142.5236822,18,0,safe first
3037,706,180,18,0,safe first
2857,706,180,18,0,safe first
2677,706,180,18,0,safe first
2497,706,180,18,0,safe first
2317,706,180,18,0,safe first
2137,769,190.7065809,18,0,safe first
2443,2065,180,18,1,safe first
2623,2065,180,18,1,safe first
2803,2056,180.2248596,18,1,safe first
2803,2161,105,18,1,safe first
2893,2341,201.246118,18,1,safe first
2920,2473,134.7330694,18,1,safe first
3016,2566,133.6600165,18,1,safe first
3196,2413,236.2392855,18,1,safe first
3226,2302,114.9826074,18,1,safe first
3046,2302,180,18,1,safe first
2866,2302,180,18,1,safe first
2686,2302,180,18,1,safe first
2506,2302,180,18,1,safe first
2326,2302,180,18,1,safe first
2146,2302,180,18,1,safe first
1966,2200,206.8912758,18,1,safe first
1786,2200,180,18,1,safe first
1606,2233,183,18,1,safe first
1426,2233,180,18,1,safe first
1399,2068,167.1944975,18,1,safe first
1399,1888,180,18,1,safe first
1420,1708,181.2208597,18,1,safe first
1246,1528,250.3517525,18,1,safe first
1120,1390,186.868938,18,1,safe first
1015,1498,150.6286825,18,1,safe first
1015,1678,180,18,1,safe first
922,1771,131.5218613,18,1,safe first
916,1783,13.41640786,18,1,safe first
1096,1798,180.6239187,18,1,safe first
1150,1978,187.9255172,18,1,safe first
1315,2092,200.551739,18,1,safe first
1453,1945,201.6258912,18,1,safe first
1498,1837,117,18,1,safe first
1567,1897,91.43850392,18,1,safe first
1630,1873,67.41661516,18,1,safe first
1810,1873,180,18,1,safe first
1990,1966,202.6055281,18,1,safe first
2047,2068,116.8460526,18,1,safe first
2014,2068,33,18,1,safe first
2014,2068,0,18,1,safe first
2014,2068,0,18,1,safe first
1927,2068,87,18,1,safe first
1747,2035,183,18,1,safe first
1567,1855,254.5584412,18,1,safe first
1387,1675,254.5584412,18,1,safe first
1294,1549,156.6045976,18,1,safe first
1237,1405,154.870914,18,1,safe first
1105,1444,137.640837,18,1,safe first
925,1546,206.8912758,18,1,safe first
862,1648,119.8874472,18,1,safe first
892,1657,31.32091953,18,1,safe first
892,1657,0,18,1,safe first
940,1720,79.20227269,18,1,safe first
1120,1900,254.5584412,18,1,safe first
1300,1975,195,18,1,safe first
1480,1975,180,18,1,safe first
1660,1975,180,18,1,safe first
1840,1900,195,18,1,safe first
2020,1828,193.8659331,18,1,safe first
1993,1654,176.0823671,18,1,safe first
1969,1669,28.3019434,18,1,safe first
1969,1669,0,18,1,safe first
1969,1669,0,18,1,safe first
1969,1813,144,18,1,safe first
1996,1993,182.0137357,18,1,safe first
1957,1999,39.45883931,18,1,safe first
1777,1861,226.8126981,18,1,safe first
1597,1681,254.5584412,18,1,safe first
1432,1501,244.1823089,18,1,safe first
1357,1321,195,18,1,safe first
1207,1234,173.4041522,18,1,safe first
1180,1354,123,18,1,safe first
1180,1174,180,18,1,safe first
1138,994,184.8350616,18,1,safe first
1096,985,42.95346319,18,1,safe first
1120,985,24,18,1,safe first
1120,985,0,18,1,safe first
1120,985,0,18,1,safe first
1120,985,0,18,1,safe first
1120,985,0,18,1,safe first
1027,1048,112.3298714,18,1,safe first
847,1228,254.5584412,18,1,safe first
808,1408,184.1765457,18,1,safe first
964,1588,238.1931989,18,1,safe first
1144,1759,248.276056,18,1,safe first
1324,1801,184.8350616,18,1,safe first
1402,1981,196.1733927,18,1,safe first
1582,2137,238.1931989,18,1,safe first
1762,1993,230.5124725,18,1,safe first
1942,2050,188.8094277,18,1,safe first
2065,2056,123.1462545,18,1,safe first
2008,2047,57.70615219,18,1,safe first
2008,2047,0,18,1,safe first
2008,2047,0,18,1,safe first
2008,2047,0,18,1,safe first
2008,2047,0,18,1,safe first
1966,1873,178.9972067,18,1,safe first
1966,1693,180,18,1,safe first
1966,1657,36,18,1,safe first
1966,1657,0,18,1,safe first
1966,1657,0,18,1,safe first
1921,1519,145.1516448,18,1,safe first
1780,1339,228.6503881,18,1,safe first
1960,1336,180.0249983,18,1,safe first
2140,1189,232.3983649,18,1,safe first
2089,1270,95.7183368,18,1,safe first
2089,1450,180,18,1,safe first
2089,1630,180,18,1,safe first
2083,1810,180.0999722,18,1,safe first
2065,1990,180.8977612,18,1,safe first
2065,1852,138,18,1,safe first
2113,1672,186.2900964,18,1,safe first
2113,1492,180,18,1,safe first
2113,1312,180,18,1,safe first
2113,1285,27,18,1,safe first
2113,1465,180,18,1,safe first
2113,1645,180,18,1,safe first
2113,1825,180,18,1,safe first
2113,2005,180,18,1,safe first
2113,1918,87,18,1,safe first
2113,1738,180,18,1,safe first
2113,1558,180,18,1,safe first
2113,1378,180,18,1,safe first
2113,1255,123,18,1,safe first
2113,1435,180,18,1,safe first
2113,1615,180,18,1,safe first
2128,1795,180.6239187,18,1,safe first
2095,1975,183,18,1,safe first
2095,1903,72,18,1,safe first
2095,1723,180,18,1,safe first
2095,1543,180,18,1,safe first
2095,1363,180,18,1,safe first
2095,1267,96,18,1,safe first
2095,1447,180,18,1,safe first
2095,1627,180,18,1,safe first
2095,1807,180,18,1,safe first
2095,1987,180,18,1,safe first
2095,1846,141,18,1,safe first
2095,1666,180,18,1,safe first
2095,1486,180,18,1,safe first
2104,1306,180.2248596,18,1,safe first
2104,1183,123,18,1,safe first
2104,1363,180,18,1,safe first
2104,1543,180,18,1,safe first
2104,1723,180,18,1,safe first
2104,1903,180,18,1,safe first
2104,1909,6,18,1,safe first
2104,1729,180,18,1,safe first
2104,1549,180,18,1,safe first
2104,1369,180,18,1,safe first
2104,1315,54,18,1,safe first
2104,1282,33,18,1,safe first
2104,1462,180,18,1,safe first
2104,1642,180,18,1,safe first
2104,1822,180,18,1,safe first
2104,1972,150,18,1,safe first
2104,1792,180,18,1,safe first
2104,1612,180,18,1,safe first
2104,1489,123,18,1,safe first
2104,1309,180,18,1,safe first
2104,1315,6,18,1,safe first
2104,1495,180,18,1,safe first
2104,1675,180,18,1,safe first
2104,1855,180,18,1,safe first
2104,1921,66,18,1,safe first
2104,1741,180,18,1,safe first
2104,1561,180,18,1,safe first
2104,1381,180,18,1,safe first
2104,1288,93,18,1,safe first
2104,1468,180,18,1,safe first
2104,1648,180,18,1,safe first
2104,1828,180,18,1,safe first
2104,1999,171,18,1,safe first
2104,1849,150,18,1,safe first
2104,1669,180,18,1,safe first
2104,1489,180,18,1,safe first
2104,1309,180,18,1,safe first
2104,1354,45,18,1,safe first
2104,1534,180,18,1,safe first
2104,1714,180,18,1,safe first
2104,1894,180,18,1,safe first
2104,1936,42,18,1,safe first
2104,1756,180,18,1,safe first
2104,1576,180,18,1,safe first
2104,1396,180,18,1,safe first
2104,1285,111,18,1,safe first
2104,1246,39,18,1,safe first
2104,1426,180,18,1,safe first
2104,1606,180,18,1,safe first
2104,1786,180,18,1,safe first
2104,1966,180,18,1,safe first
2104,1876,90,18,1,safe first
2104,1696,180,18,1,safe first
2104,1516,180,18,1,safe first
2104,1336,180,18,1,safe first
2104,1276,60,18,1,safe first
2104,1294,18,18,1,safe first
2113,1165,129.3135724,18,1,safe first
2293,1198,183,18,1,safe first
2473,1378,254.5584412,18,1,safe first
2653,1558,254.5584412,18,1,safe first
2833,1738,254.5584412,18,1,safe first
2737,1918,204,18,1,safe first
2719,1960,45.69463864,18,1,safe first
2653,1780,191.7185437,18,1,safe first
2671,1600,180.8977612,18,1,safe first
2782,1420,211.4734026,18,1,safe first
2962,1240,254.5584412,18,1,safe first
3142,1060,254.5584412,18,1,safe first
3148,880,180.0999722,18,1,safe first
3058,715,187.9494613,18,1,safe first
3049,886,171.2366783,18,1,safe first
2869,1063,252.4460338,18,1,safe first
2689,1015,186.2900964,18,1,safe first
2509,1015,180,18,1,safe first
2329,1078,190.7065809,18,1,safe first
2149,1189,211.4734026,18,1,safe first
1969,1249,189.7366596,18,1,safe first
1789,1180,192.7718859,18,1,safe first
1609,1141,184.1765457,18,1,safe first
1429,1081,189.7366596,18,1,safe first
1249,1075,180.0999722,18,1,safe first
1069,970,208.3866598,18,1,safe first
889,913,188.8094277,18,1,safe first
727,1054,214.7673159,18,1,safe first
844,1165,161.2761607,18,1,safe first
928,1336,190.5177157,18,1,safe first
1069,1282,150.9867544,18,1,safe first
1090,1117,166.3309953,18,1,safe first
1090,964,153,18,1,safe first
1123,964,33,18,1,safe first
1123,964,0,18,1,safe first
1123,964,0,18,1,safe first
1123,964,0,18,1,safe first
1123,964,0,18,1,safe first
1003,1138,211.3669794,18,1,safe first
868,1318,225,18,1,safe first
898,1498,182.4828759,18,1,safe first
949,1588,103.4456379,18,1,safe first
949,1423,165,18,1,safe first
946,1570,147.0306091,18,1,safe first
946,1669,99,18,1,safe first
1072,1657,126.5701387,18,1,safe first
1072,1549,108,18,1,safe first
1000,1615,97.67292358,18,1,safe first
976,1435,181.5929514,18,1,safe first
976,1432,3,18,1,safe first
1018,1546,121.4907404,18,1,safe first
886,1615,148.946299,18,1,safe first
925,1615,39,18,1,safe first
922,1579,36.12478374,18,1,safe first
901,1579,21,18,1,safe first
901,1579,0,18,1,safe first
874,1579,27,18,1,safe first
886,1579,12,18,1,safe first
886,1402,177,18,1,safe first
916,1462,67.08203932,18,1,safe first
925,1642,180.2248596,18,1,safe first
1105,1822,254.5584412,18,1,safe first
1285,2002,254.5584412,18,1,safe first
1465,2182,254.5584412,18,1,safe first
1645,2362,254.5584412,18,1,safe first
1825,2470,209.9142682,18,1,safe first
2005,2299,248.276056,18,1,safe first
2038,2464,168.2676439,18,1,safe first
2035,2644,180.0249983,18,1,safe first
1981,2824,187.9255172,18,1,safe first
2062,3004,197.3854098,18,1,safe first
2242,3031,182.0137357,18,1,safe first
2422,3031,180,18,1,safe first
2602,2896,225,18,1,safe first
2782,2887,180.2248596,18,1,safe first
2962,3034,232.3983649,18,1,safe first
3142,3034,180,18,1,safe first
3295,2962,169.0946481,18,1,safe first
3115,2869,202.6055281,18,1,safe first
3196,2689,197.3854098,18,1,safe first
3016,2536,236.2392855,18,1,safe first
2836,2536,180,18,1,safe first
2656,2635,205.4288198,18,1,safe first
2476,2815,254.5584412,18,1,safe first
2296,2824,180.2248596,18,1,safe first
2116,2644,254.5584412,18,1,safe first
1936,2713,192.7718859,18,1,safe first
1756,2881,246.2194143,18,1,safe first
1576,2719,242.1652328,18,1,safe first
1396,2539,254.5584412,18,1,safe first
1216,2359,254.5584412,18,1,safe first
1036,2179,254.5584412,18,1,safe first
856,1999,254.5584412,18,1,safe first
718,1870,188.9047379,18,1,safe first
898,1747,218.0114676,18,1,safe first
907,1567,180.2248596,18,1,safe first
919,1387,180.3995565,18,1,safe first
1024,1207,208.3866598,18,1,safe first
1129,1027,208.3866598,18,1,safe first
2368,2086,185.54,19,0,risky first
2548,2029,188.8094277,19,0,risky first
2614,1849,191.7185437,19,0,risky first
2782,1669,246.2194143,19,0,risky first
2917,1489,225,19,0,risky first
2737,1549,189.7366596,19,0,risky first
2557,1729,254.5584412,19,0,risky first
2377,1834,208.3866598,19,0,risky first
2197,1990,238.1931989,19,0,risky first
2017,1993,180.0249983,19,0,risky first
1837,1813,254.5584412,19,0,risky first
1657,1633,254.5584412,19,0,risky first
1477,1519,213.0633709,19,0,risky first
1333,1420,174.7483906,19,0,risky first
1513,1240,254.5584412,19,0,risky first
1693,1060,254.5584412,19,0,risky first
1741,988,86.53323061,19,0,risky first
1921,1168,254.5584412,19,0,risky first
2026,1348,208.3866598,19,0,risky first
2206,1528,254.5584412,19,0,risky first
2386,1708,254.5584412,19,0,risky first
2566,1888,254.5584412,19,0,risky first
2746,2062,250.3517525,19,0,risky first
2926,1927,225,19,0,risky first
3082,1747,238.1931989,19,0,risky first
2974,1594,187.2778684,19,0,risky first
2914,1570,64.62197769,19,0,risky first
2956,1750,184.8350616,19,0,risky first
3034,1930,196.1733927,19,0,risky first
2881,2110,236.2392855,19,0,risky first
2872,2290,180.2248596,19,0,risky first
3052,2470,254.5584412,19,0,risky first
3232,2650,254.5584412,19,0,risky first
3148,2641,84.48076704,19,0,risky first
2968,2461,254.5584412,19,0,risky first
2788,2281,254.5584412,19,0,risky first
2608,2197,198.6353443,19,0,risky first
2428,2197,180,19,0,risky first
2248,2107,201.246118,19,0,risky first
2068,2053,187.9255172,19,0,risky first
2182,1873,213.0633709,19,0,risky first
2182,1693,180,19,0,risky first
2182,1513,180,19,0,risky first
2104,1333,196.1733927,19,0,risky first
1978,1252,149.7898528,19,0,risky first
2110,1432,223.2129029,19,0,risky first
2158,1612,186.2900964,19,0,risky first
2188,1792,182.4828759,19,0,risky first
2113,1972,195,19,0,risky first
2074,1930,57.31491952,19,0,risky first
1963,1750,211.4734026,19,0,risky first
1927,1570,183.5647025,19,0,risky first
1939,1390,180.3995565,19,0,risky first
1978,1225,169.5464538,19,0,risky first
2065,1399,194.537914,19,0,risky first
2143,1579,196.1733927,19,0,risky first
2143,1759,180,19,0,risky first
2116,1939,182.0137357,19,0,risky first
2026,1981,99.31767214,19,0,risky first
1978,1801,186.2900964,19,0,risky first
1978,1621,180,19,0,risky first
1939,1441,184.1765457,19,0,risky first
1981,1261,184.8350616,19,0,risky first
2089,1333,129.7998459,19,0,risky first
2134,1513,185.5397532,19,0,risky first
2140,1693,180.0999722,19,0,risky first
2116,1873,181.5929514,19,0,risky first
2083,2053,183,19,0,risky first
2155,2233,193.8659331,19,0,risky first
2335,2164,192.7718859,19,0,risky first
2218,1984,214.683488,19,0,risky first
2038,1804,254.5584412,19,0,risky first
1987,1624,187.0855419,19,0,risky first
1987,1444,180,19,0,risky first
1987,1264,180,19,0,risky first
2020,1327,71.11961755,19,0,risky first
2056,1507,183.5647025,19,0,risky first
2110,1687,187.9255172,19,0,risky first
2125,1867,180.6239187,19,0,risky first
2083,2047,184.8350616,19,0,risky first
2017,1927,136.9525465,19,0,risky first
1990,1747,182.0137357,19,0,risky first
1990,1567,180,19,0,risky first
1990,1387,180,19,0,risky first
1969,1249,139.5886815,19,0,risky first
2023,1243,54.33231083,19,0,risky first
2095,1423,193.8659331,19,0,risky first
2119,1603,181.5929514,19,0,risky first
2107,1783,180.3995565,19,0,risky first
2107,1963,180,19,0,risky first
1999,1888,131.487642,19,0,risky first
1999,1708,180,19,0,risky first
1960,1528,184.1765457,19,0,risky first
1969,1348,180.2248596,19,0,risky first
1936,1255,98.68130522,19,0,risky first
2047,1435,211.4734026,19,0,risky first
2095,1615,186.2900964,19,0,risky first
2128,1795,183,19,0,risky first
2086,1975,184.8350616,19,0,risky first
1975,1828,184.2009772,19,0,risky first
1975,1648,180,19,0,risky first
1975,1468,180,19,0,risky first
1975,1288,180,19,0,risky first
1993,1357,71.30918594,19,0,risky first
2020,1537,182.0137357,19,0,risky first
2059,1717,184.1765457,19,0,risky first
2059,1897,180,19,0,risky first
1981,1978,112.4499889,19,0,risky first
1939,1798,184.8350616,19,0,risky first
1966,1618,182.0137357,19,0,risky first
1984,1438,180.8977612,19,0,risky first
1987,1258,180.0249983,19,0,risky first
1987,1225,33,19,0,risky first
1999,1405,180.3995565,19,0,risky first
2098,1585,205.4288198,19,0,risky first
2098,1765,180,19,0,risky first
2086,1945,180.3995565,19,0,risky first
1966,1990,128.1600562,19,0,risky first
1912,1810,187.9255172,19,0,risky first
1936,1630,181.5929514,19,0,risky first
1948,1450,180.3995565,19,0,risky first
1975,1270,182.0137357,19,0,risky first
2110,1321,144.3121616,19,0,risky first
2110,1501,180,19,0,risky first
2110,1681,180,19,0,risky first
2110,1861,180,19,0,risky first
2062,2005,151.7893277,19,0,risky first
1978,1825,198.6353443,19,0,risky first
1978,1645,180,19,0,risky first
1978,1465,180,19,0,risky first
1978,1285,180,19,0,risky first
2053,1243,85.95929269,19,0,risky first
2050,1234,9.486832981,19,0,risky first
2050,1249,15,19,0,risky first
1957,1180,115.8015544,19,0,risky first
1957,1231,51,19,0,risky first
2128,1387,231.4670603,19,0,risky first
2308,1387,180,19,0,risky first
2488,1387,180,19,0,risky first
2668,1387,180,19,0,risky first
2848,1405,180.8977612,19,0,risky first
2830,1429,30,19,0,risky first
2668,1609,242.1652328,19,0,risky first
2488,1789,254.5584412,19,0,risky first
2308,1936,232.3983649,19,0,risky first
2128,1996,189.7366596,19,0,risky first
2236,1894,148.5530208,19,0,risky first
2416,1714,254.5584412,19,0,risky first
2596,1534,254.5584412,19,0,risky first
2776,1360,250.3517525,19,0,risky first
2788,1333,29.54657341,19,0,risky first
2926,1381,146.1095479,19,0,risky first
2797,1294,155.5956298,19,0,risky first
2695,1474,206.8912758,19,0,risky first
2524,1654,248.276056,19,0,risky first
2344,1834,254.5584412,19,0,risky first
2164,2014,254.5584412,19,0,risky first
2077,1900,143.4050208,19,0,risky first
2257,1720,254.5584412,19,0,risky first
2437,1540,254.5584412,19,0,risky first
2617,1360,254.5584412,19,0,risky first
2797,1297,190.7065809,19,0,risky first
2884,1384,123.0365799,19,0,risky first
2830,1276,120.7476708,19,0,risky first
2650,1393,214.683488,19,0,risky first
2470,1573,254.5584412,19,0,risky first
2290,1753,254.5584412,19,0,risky first
2110,1933,254.5584412,19,0,risky first
2059,1924,51.7880295,19,0,risky first
1969,1744,201.246118,19,0,risky first
1969,1564,180,19,0,risky first
1969,1384,180,19,0,risky first
1969,1207,177,19,0,risky first
2116,1357,210.0214275,19,0,risky first
2296,1447,201.246118,19,0,risky first
2476,1447,180,19,0,risky first
2656,1378,192.7718859,19,0,risky first
2680,1234,145.9863007,19,0,risky first
2728,1072,168.9615341,19,0,risky first
2788,1030,73.23933369,19,0,risky first
2863,955,106.0660172,19,0,risky first
2986,1069,167.7050983,19,0,risky first
2902,1249,198.6353443,19,0,risky first
2923,1381,133.6600165,19,0,risky first
2866,1303,96.60745313,19,0,risky first
2977,1174,170.1822552,19,0,risky first
2944,1057,121.5647975,19,0,risky first
2854,934,152.4106296,19,0,risky first
2704,1114,234.3074903,19,0,risky first
2524,1294,254.5584412,19,0,risky first
2431,1474,202.6055281,19,0,risky first
2287,1654,230.5124725,19,0,risky first
2110,1834,252.4460338,19,0,risky first
2110,2014,180,19,0,risky first
2110,2194,180,19,0,risky first
2236,2374,219.7180011,19,0,risky first
2266,2554,182.4828759,19,0,risky first
2086,2734,254.5584412,19,0,risky first
1906,2890,238.1931989,19,0,risky first
1726,2881,180.2248596,19,0,risky first
1546,2701,254.5584412,19,0,risky first
1366,2521,254.5584412,19,0,risky first
1276,2341,201.246118,19,0,risky first
1150,2161,219.7180011,19,0,risky first
970,1981,254.5584412,19,0,risky first
850,1801,216.3330765,19,0,risky first
820,1621,182.4828759,19,0,risky first
769,1441,187.0855419,19,0,risky first
910,1288,208.0624906,19,0,risky first
1090,1288,180,19,0,risky first
1270,1288,180,19,0,risky first
1450,1288,180,19,0,risky first
1630,1288,180,19,0,risky first
1810,1288,180,19,0,risky first
1990,1222,191.7185437,19,0,risky first
1996,1201,21.84032967,19,0,risky first
2149,1204,153.0294089,19,0,risky first
2329,1204,180,19,0,risky first
2509,1204,180,19,0,risky first
2689,1168,183.5647025,19,0,risky first
2788,1036,165,19,0,risky first
2923,970,150.2697574,19,0,risky first
2947,1144,175.647374,19,0,risky first
2944,1237,93.04837452,19,0,risky first
2875,1327,113.406349,19,0,risky first
2860,1345,23.43074903,19,0,risky first
2950,1234,142.9020644,19,0,risky first
2995,1090,150.8674915,19,0,risky first
2986,922,168.2408987,19,0,risky first
2806,1009,199.922485,19,0,risky first
2698,1162,187.2778684,19,0,risky first
2575,1342,218.0114676,19,0,risky first
2395,1522,254.5584412,19,0,risky first
2215,1702,254.5584412,19,0,risky first
2107,1882,209.9142682,19,0,risky first
2161,1993,123.4382437,19,0,risky first
2341,1813,254.5584412,19,0,risky first
2521,1696,214.683488,19,0,risky first
2701,1642,187.9255172,19,0,risky first
2881,1609,183,19,0,risky first
3061,1555,187.9255172,19,0,risky first
3139,1510,90.04998612,19,0,risky first
3103,1330,183.5647025,19,0,risky first
3070,1297,46.66904756,19,0,risky first
3070,1159,138,19,0,risky first
3067,1072,87.05170877,19,0,risky first
2971,1153,125.6065285,19,0,risky first
2845,1261,165.9518002,19,0,risky first
2893,1423,168.9615341,19,0,risky first
2860,1252,174.1551033,19,0,risky first
2998,1156,168.1071087,19,0,risky first
2893,976,208.3866598,19,0,risky first
2713,1063,199.922485,19,0,risky first
2533,1243,254.5584412,19,0,risky first
2353,1423,254.5584412,19,0,risky first
2173,1603,254.5584412,19,0,risky first
1993,1783,254.5584412,19,0,risky first
2056,1963,190.7065809,19,0,risky first
2236,1876,199.922485,19,0,risky first
2416,1696,254.5584412,19,0,risky first
2596,1516,254.5584412,19,0,risky first
2686,1336,201.246118,19,0,risky first
2704,1156,180.8977612,19,0,risky first
2809,988,198.1136038,19,0,risky first
2989,1036,186.2900964,19,0,risky first
2986,1216,180.0249983,19,0,risky first
2857,1312,160.8011194,19,0,risky first
2863,1366,54.33231083,19,0,risky first
2923,1210,167.1406593,19,0,risky first
3004,1084,149.7898528,19,0,risky first
2890,970,161.2203461,19,0,risky first
2710,1078,209.9142682,19,0,risky first
2530,1258,254.5584412,19,0,risky first
2350,1438,254.5584412,19,0,risky first
2170,1618,254.5584412,19,0,risky first
1990,1798,254.5584412,19,0,risky first
2101,1975,208.9258242,19,0,risky first
2143,1876,107.54069,19,0,risky first
2323,1696,254.5584412,19,0,risky first
2503,1516,254.5584412,19,0,risky first
2638,1336,225,19,0,risky first
2728,1156,201.246118,19,0,risky first
2839,982,206.3904068,19,0,risky first
3001,1066,182.4828759,19,0,risky first
2950,1246,187.0855419,19,0,risky first
2911,1357,117.6520293,19,0,risky first
2878,1285,79.20227269,19,0,risky first
2893,1204,82.37718131,19,0,risky first
2971,1105,126.0357092,19,0,risky first
2875,967,168.1071087,19,0,risky first
2773,1006,109.2016483,19,0,risky first
2593,1144,226.8126981,19,0,risky first
2413,1324,254.5584412,19,0,risky first
2233,1504,254.5584412,19,0,risky first
2053,1684,254.5584412,19,0,risky first
1927,1864,219.7180011,19,0,risky first
2050,2044,218.0114676,19,0,risky first
2074,2005,45.79301257,19,0,risky first
2074,1957,48,19,0,risky first
2176,1789,180.399,19,1,risky first
2152,1609,181.5929514,19,1,risky first
2296,1429,230.5124725,19,1,risky first
2116,1315,213.0633709,19,1,risky first
1999,1198,165.4629868,19,1,risky first
2014,1183,21.21320344,19,1,risky first
2089,1270,114.8651383,19,1,risky first
2089,1450,180,19,1,risky first
2089,1630,180,19,1,risky first
2089,1810,180,19,1,risky first
2089,1990,180,19,1,risky first
2089,1891,99,19,1,risky first
2089,1711,180,19,1,risky first
2089,1531,180,19,1,risky first
2191,1351,206.8912758,19,1,risky first
2167,1177,175.647374,19,1,risky first
1993,1237,184.0543398,19,1,risky first
2014,1351,115.9180745,19,1,risky first
2086,1531,193.8659331,19,1,risky first
2086,1711,180,19,1,risky first
2086,1891,180,19,1,risky first
2086,1990,99,19,1,risky first
2086,1810,180,19,1,risky first
2086,1630,180,19,1,risky first
2101,1450,180.6239187,19,1,risky first
1987,1300,188.4038216,19,1,risky first
1921,1231,95.48298278,19,1,risky first
1957,1102,133.9290857,19,1,risky first
2101,1132,147.0918081,19,1,risky first
2239,964,217.4120512,19,1,risky first
2059,934,182.4828759,19,1,risky first
1882,1108,248.2035455,19,1,risky first
1930,1186,91.58602513,19,1,risky first
1957,1096,93.96275858,19,1,risky first
2047,1057,98.08669635,19,1,risky first
2053,1033,24.73863375,19,1,risky first
1945,1069,113.8419958,19,1,risky first
1906,1159,98.08669635,19,1,risky first
1981,1339,195,19,1,risky first
2038,1519,188.8094277,19,1,risky first
2038,1699,180,19,1,risky first
2038,1879,180,19,1,risky first
2077,2050,175.3909918,19,1,risky first
2158,1885,183.8096842,19,1,risky first
2158,1705,180,19,1,risky first
2158,1525,180,19,1,risky first
2011,1345,232.3983649,19,1,risky first
1921,1276,113.406349,19,1,risky first
1930,1111,165.2452722,19,1,risky first
2050,1069,127.1377206,19,1,risky first
2110,1135,89.19641248,19,1,risky first
1987,1069,139.5886815,19,1,risky first
1807,1129,189.7366596,19,1,risky first
1855,1309,186.2900964,19,1,risky first
1855,1489,180,19,1,risky first
1975,1669,216.3330765,19,1,risky first
2089,1849,213.0633709,19,1,risky first
2116,2029,182.0137357,19,1,risky first
2278,1951,179.7998888,19,1,risky first
2140,1771,226.8126981,19,1,risky first
1975,1651,204.0220576,19,1,risky first
1954,1621,36.61966685,19,1,risky first
1924,1441,182.4828759,19,1,risky first
1924,1261,180,19,1,risky first
1924,1081,180,19,1,risky first
1924,901,180,19,1,risky first
1954,787,117.8812962,19,1,risky first
2074,697,150,19,1,risky first
2254,814,214.683488,19,1,risky first
2416,775,166.6283289,19,1,risky first
2425,697,78.51751397,19,1,risky first
2350,697,75,19,1,risky first
2200,805,184.8350616,19,1,risky first
2113,916,141.0319113,19,1,risky first
2158,859,72.62231062,19,1,risky first
2311,871,153.4698667,19,1,risky first
2341,1051,182.4828759,19,1,risky first
2341,1066,15,19,1,risky first
2275,1066,66,19,1,risky first
2275,943,123,19,1,risky first
2179,781,188.3082579,19,1,risky first
2125,961,187.9255172,19,1,risky first
2014,1006,119.7747887,19,1,risky first
2155,1138,193.1450232,19,1,risky first
2179,1114,33.9411255,19,1,risky first
2014,1078,168.8816153,19,1,risky first
2104,949,157.2927207,19,1,risky first
2179,826,144.0624864,19,1,risky first
2167,787,40.80441153,19,1,risky first
2005,688,189.855208,19,1,risky first
1879,835,193.6104336,19,1,risky first
1885,1015,180.0999722,19,1,risky first
1891,1195,180.0999722,19,1,risky first
2005,1375,213.0633709,19,1,risky first
2008,1498,123.0365799,19,1,risky first
1915,1318,202.6055281,19,1,risky first
1915,1138,180,19,1,risky first
1915,958,180,19,1,risky first
1936,778,181.2208597,19,1,risky first
2116,754,181.5929514,19,1,risky first
2137,934,181.2208597,19,1,risky first
2032,1042,150.6286825,19,1,risky first
2107,1105,97.9489663,19,1,risky first
2071,979,131.041978,19,1,risky first
2173,928,114.0394669,19,1,risky first
2179,838,90.19977827,19,1,risky first
2257,829,78.51751397,19,1,risky first
2257,1009,180,19,1,risky first
2314,1189,188.8094277,19,1,risky first
2314,1369,180,19,1,risky first
2251,1549,190.7065809,19,1,risky first
2071,1669,216.3330765,19,1,risky first
1975,1753,127.5617498,19,1,risky first
2005,1933,182.4828759,19,1,risky first
2026,1948,25.8069758,19,1,risky first
1978,1768,186.2900964,19,1,risky first
1978,1588,180,19,1,risky first
1966,1408,180.3995565,19,1,risky first
2092,1351,138.2931669,19,1,risky first
2272,1273,196.1733927,19,1,risky first
2296,1093,181.5929514,19,1,risky first
2275,913,181.2208597,19,1,risky first
2161,805,157.0350279,19,1,risky first
2113,922,126.4634335,19,1,risky first
2047,1054,147.5804865,19,1,risky first
2098,1123,85.80209788,19,1,risky first
2053,1006,125.3554945,19,1,risky first
2164,889,161.2761607,19,1,risky first
2290,853,131.041978,19,1,risky first
2299,1033,180.2248596,19,1,risky first
2299,1213,180,19,1,risky first
2272,1393,182.0137357,19,1,risky first
2092,1573,254.5584412,19,1,risky first
2050,1753,184.8350616,19,1,risky first
2050,1933,180,19,1,risky first
2164,1969,119.5491531,19,1,risky first
2209,1789,185.5397532,19,1,risky first
2242,1609,183,19,1,risky first
2272,1429,182.4828759,19,1,risky first
2296,1249,181.5929514,19,1,risky first
2296,1069,180,19,1,risky first
2296,889,180,19,1,risky first
2194,808,130.2497601,19,1,risky first
2080,964,193.2149063,19,1,risky first
2035,1108,150.8674915,19,1,risky first
2023,1093,19.20937271,19,1,risky first
2125,958,169.2010638,19,1,risky first
2182,790,177.4063133,19,1,risky first
2278,910,153.6749817,19,1,risky first
2278,1090,180,19,1,risky first
2278,1270,180,19,1,risky first
2251,1450,182.0137357,19,1,risky first
2170,1630,197.3854098,19,1,risky first
2170,1810,180,19,1,risky first
2119,1990,187.0855419,19,1,risky first
2092,1843,149.4590245,19,1,risky first
2233,1663,228.6503881,19,1,risky first
2299,1483,191.7185437,19,1,risky first
2299,1303,180,19,1,risky first
2299,1123,180,19,1,risky first
2299,943,180,19,1,risky first
2254,766,182.6307751,19,1,risky first
2152,868,144.2497834,19,1,risky first
2074,985,140.6164997,19,1,risky first
2062,1135,150.4792344,19,1,risky first
2029,1066,76.4852927,19,1,risky first
2131,958,148.5530208,19,1,risky first
2191,790,178.392825,19,1,risky first
2257,946,169.3871306,19,1,risky first
2257,1126,180,19,1,risky first
2242,1306,180.6239187,19,1,risky first
2146,1486,204,19,1,risky first
2089,1666,188.8094277,19,1,risky first
2089,1846,180,19,1,risky first
2131,1972,132.8156617,19,1,risky first
2218,1792,199.922485,19,1,risky first
2254,1612,183.5647025,19,1,risky first
2269,1432,180.6239187,19,1,risky first
2269,1252,180,19,1,risky first
2269,1072,180,19,1,risky first
2269,892,180,19,1,risky first
2167,814,128.4056074,19,1,risky first
2116,970,164.1249524,19,1,risky first
2029,1072,134.0634178,19,1,risky first
2053,1108,43.26661531,19,1,risky first
2071,949,160.0156242,19,1,risky first
2173,829,157.492857,19,1,risky first
2287,874,122.5601893,19,1,risky first
2287,1054,180,19,1,risky first
2287,1234,180,19,1,risky first
2179,1414,209.9142682,19,1,risky first
2080,1594,205.4288198,19,1,risky first
2056,1774,181.5929514,19,1,risky first
2065,1954,180.2248596,19,1,risky first
2065,1852,102,19,1,risky first
2065,1672,180,19,1,risky first
2086,1492,181.2208597,19,1,risky first
2257,1312,248.276056,19,1,risky first
2257,1132,180,19,1,risky first
2275,952,180.8977612,19,1,risky first
2233,793,164.4536409,19,1,risky first
2164,916,141.0319113,19,1,risky first
2038,991,146.6321929,19,1,risky first
2089,1165,181.3201588,19,1,risky first
2029,1003,172.7541606,19,1,risky first
2140,901,150.7481343,19,1,risky first
2239,814,131.7952958,19,1,risky first
2263,994,181.5929514,19,1,risky first
2263,1174,180,19,1,risky first
2221,1354,184.8350616,19,1,risky first
2095,1534,219.7180011,19,1,risky first
2071,1714,181.5929514,19,1,risky first
2071,1894,180,19,1,risky first
2020,1993,111.3642672,19,1,risky first
2020,1813,180,19,1,risky first
2020,1633,180,19,1,risky first
2020,1453,180,19,1,risky first
2182,1372,181.1215062,19,1,risky first
2278,1192,204,19,1,risky first
2278,1012,180,19,1,risky first
2278,832,180,19,1,risky first
2128,886,159.4239631,19,1,risky first
2029,1003,153.2644773,19,1,risky first
2065,1171,171.8138528,19,1,risky first
2104,1174,39.11521443,19,1,risky first
2065,1075,106.4048871,19,1,risky first
2017,1057,51.26402247,19,1,risky first
2137,952,159.4521872,19,1,risky first
2113,772,181.5929514,19,1,risky first
1969,769,144.0312466,19,1,risky first
1828,847,161.136588,19,1,risky first
1648,1027,254.5584412,19,1,risky first
1468,1207,254.5584412,19,1,risky first
1288,1387,254.5584412,19,1,risky first
1324,1450,72.56031973,19,1,risky first
1504,1507,188.8094277,19,1,risky first
1684,1558,187.0855419,19,1,risky first
1864,1624,191.7185437,19,1,risky first
1945,1804,197.3854098,19,1,risky first
2041,1984,204,19,1,risky first
1912,1864,176.1845623,19,1,risky first
1732,1780,198.6353443,19,1,risky first
1552,1600,254.5584412,19,1,risky first
1372,1465,225,19,1,risky first
1192,1477,180.3995565,19,1,risky first
1363,1657,248.276056,19,1,risky first
1543,1837,254.5584412,19,1,risky first
1723,2017,254.5584412,19,1,risky first
1903,2110,202.6055281,19,1,risky first
2083,2050,189.7366596,19,1,risky first
1912,1948,199.1105221,19,1,risky first
1732,1834,213.0633709,19,1,risky first
1552,1786,186.2900964,19,1,risky first
1372,1786,180,19,1,risky first
1192,1729,188.8094277,19,1,risky first
1138,1549,187.9255172,19,1,risky first
1294,1465,177.1778767,19,1,risky first
1474,1645,254.5584412,19,1,risky first
1654,1825,254.5584412,19,1,risky first
1834,2005,254.5584412,19,1,risky first
2014,2032,182.0137357,19,1,risky first
1900,2005,117.1537451,19,1,risky first
1720,1918,199.922485,19,1,risky first
1540,1831,199.922485,19,1,risky first
1360,1651,254.5584412,19,1,risky first
1195,1471,244.1823089,19,1,risky first
1375,1330,228.6503881,19,1,risky first
1555,1330,180,19,1,risky first
1735,1177,236.2392855,19,1,risky first
1888,1246,167.8392088,19,1,risky first
2035,1426,232.3983649,19,1,risky first
2053,1606,180.8977612,19,1,risky first
2182,1786,221.4520264,19,1,risky first
2122,1966,189.7366596,19,1,risky first
1942,1993,182.0137357,19,1,risky first
1870,1897,120,19,1,risky first
1690,1882,180.6239187,19,1,risky first
1597,1789,131.5218613,19,1,risky first
1507,1609,201.246118,19,1,risky first
1327,1483,219.7180011,19,1,risky first
1183,1516,147.732867,19,1,risky first
1363,1696,254.5584412,19,1,risky first
1543,1876,254.5584412,19,1,risky first
1723,2056,254.5584412,19,1,risky first
1903,2056,180,19,1,risky first
2083,2056,180,19,1,risky first
2176,2065,0,20,0,safe first
2200,1894,172.6759972,20,0,safe first
2209,1714,180.2248596,20,0,safe first
2227,1534,180.8977612,20,0,safe first
2134,1354,202.6055281,20,0,safe first
2047,1183,191.8593235,20,0,safe first
1990,1330,157.6642001,20,0,safe first
1990,1510,180,20,0,safe first
1990,1690,180,20,0,safe first
1993,1870,180.0249983,20,0,safe first
2050,1936,87.20665112,20,0,safe first
2050,1756,180,20,0,safe first
2050,1576,180,20,0,safe first
2098,1396,186.2900964,20,0,safe first
2119,1216,181.2208597,20,0,safe first
1939,1129,199.922485,20,0,safe first
1891,1258,137.640837,20,0,safe first
1942,1435,184.2009772,20,0,safe first
1987,1615,185.5397532,20,0,safe first
2020,1795,183,20,0,safe first
2062,1975,184.8350616,20,0,safe first
2044,1867,109.4897255,20,0,safe first
1990,1687,187.9255172,20,0,safe first
1939,1507,187.0855419,20,0,safe first
1831,1327,209.9142682,20,0,safe first
1831,1147,180,20,0,safe first
1936,1030,157.2068701,20,0,safe first
2056,1090,134.1640786,20,0,safe first
1954,1066,104.7854952,20,0,safe first
1792,1093,164.2345883,20,0,safe first
1816,1273,181.5929514,20,0,safe first
1924,1453,209.9142682,20,0,safe first
1984,1633,189.7366596,20,0,safe first
1984,1813,180,20,0,safe first
2041,1993,188.8094277,20,0,safe first
1876,1915,182.5075341,20,0,safe first
1696,1735,254.5584412,20,0,safe first
1516,1633,206.8912758,20,0,safe first
1336,1513,216.3330765,20,0,safe first
1156,1396,214.683488,20,0,safe first
976,1417,181.2208597,20,0,safe first
904,1597,193.8659331,20,0,safe first
754,1777,234.3074903,20,0,safe first
934,1909,223.2129029,20,0,safe first
1099,2002,189.4043294,20,0,safe first
1027,2182,193.8659331,20,0,safe first
910,2362,214.683488,20,0,safe first
877,2542,183,20,0,safe first
910,2722,183,20,0,safe first
763,2902,232.3983649,20,0,safe first
943,3082,254.5584412,20,0,safe first
835,3262,209.9142682,20,0,safe first
955,3304,127.1377206,20,0,safe first
1135,3271,183,20,0,safe first
1315,3175,204,20,0,safe first
1495,3256,197.3854098,20,0,safe first
1675,3187,192.7718859,20,0,safe first
1855,3223,183.5647025,20,0,safe first
2035,3193,182.4828759,20,0,safe first
2215,3172,181.2208597,20,0,safe first
2395,3262,201.246118,20,0,safe first
2575,3223,184.1765457,20,0,safe first
2755,3256,183,20,0,safe first
2935,3268,180.3995565,20,0,safe first
3115,3217,187.0855419,20,0,safe first
3295,3241,181.5929514,20,0,safe first
3283,3073,168.4280262,20,0,safe first
3121,2893,242.1652328,20,0,safe first
3178,2713,188.8094277,20,0,safe first
3181,2533,180.0249983,20,0,safe first
3142,2353,184.1765457,20,0,safe first
3199,2173,188.8094277,20,0,safe first
3208,1993,180.2248596,20,0,safe first
3139,1822,184.3963123,20,0,safe first
3145,1642,180.0999722,20,0,safe first
2989,1462,238.1931989,20,0,safe first
2809,1531,192.7718859,20,0,safe first
2629,1711,254.5584412,20,0,safe first
2449,1891,254.5584412,20,0,safe first
2269,2005,213.0633709,20,0,safe first
2098,2005,171,20,0,safe first
2272,1909,198.7259419,20,0,safe first
2452,1819,201.246118,20,0,safe first
2632,1723,204,20,0,safe first
2812,1543,254.5584412,20,0,safe first
2878,1411,147.5804865,20,0,safe first
2698,1573,242.1652328,20,0,safe first
2518,1753,254.5584412,20,0,safe first
2338,1933,254.5584412,20,0,safe first
2158,2032,205.4288198,20,0,safe first
2218,1993,71.56116265,20,0,safe first
2398,1888,208.3866598,20,0,safe first
2578,1726,242.1652328,20,0,safe first
2758,1546,254.5584412,20,0,safe first
2938,1450,204,20,0,safe first
2794,1549,174.7483906,20,0,safe first
2614,1729,254.5584412,20,0,safe first
2434,1909,254.5584412,20,0,safe first
2254,1957,186.2900964,20,0,safe first
2089,2008,172.7020556,20,0,safe first
2269,1882,219.7180011,20,0,safe first
2449,1732,234.3074903,20,0,safe first
2629,1654,196.1733927,20,0,safe first
2809,1525,221.4520264,20,0,safe first
2902,1453,117.6137747,20,0,safe first
2722,1618,244.1823089,20,0,safe first
2542,1720,206.8912758,20,0,safe first
2362,1900,254.5584412,20,0,safe first
2182,2005,208.3866598,20,0,safe first
2131,1975,59.16924877,20,0,safe first
2311,1858,214.683488,20,0,safe first
2491,1750,209.9142682,20,0,safe first
2671,1636,213.0633709,20,0,safe first
2851,1513,218.0114676,20,0,safe first
2845,1474,39.45883931,20,0,safe first
2665,1654,254.5584412,20,0,safe first
2485,1834,254.5584412,20,0,safe first
2305,1948,213.0633709,20,0,safe first
2125,2041,202.6055281,20,0,safe first
2236,1933,154.870914,20,0,safe first
2416,1822,211.4734026,20,0,safe first
2596,1675,232.3983649,20,0,safe first
2776,1552,218.0114676,20,0,safe first
2938,1435,199.8324298,20,0,safe first
2758,1579,230.5124725,20,0,safe first
2578,1759,254.5584412,20,0,safe first
2398,1939,254.5584412,20,0,safe first
2218,2029,201.246118,20,0,safe first
2152,1951,102.1763182,20,0,safe first
2332,1771,254.5584412,20,0,safe first
2512,1600,248.276056,20,0,safe first
2692,1516,198.6353443,20,0,safe first
2872,1459,188.8094277,20,0,safe first
2836,1588,133.9290857,20,0,safe first
2656,1702,213.0633709,20,0,safe first
2476,1864,242.1652328,20,0,safe first
2296,1951,199.922485,20,0,safe first
2116,2035,198.6353443,20,0,safe first
2236,1900,180.6239187,20,0,safe first
2416,1720,254.5584412,20,0,safe first
2596,1627,202.6055281,20,0,safe first
2776,1540,199.922485,20,0,safe first
2956,1444,204,20,0,safe first
2797,1525,178.4432683,20,0,safe first
2617,1651,219.7180011,20,0,safe first
2437,1756,208.3866598,20,0,safe first
2257,1936,254.5584412,20,0,safe first
2104,2011,170.3936619,20,0,safe first
2284,1852,240.1686907,20,0,safe first
2464,1729,218.0114676,20,0,safe first
2644,1603,219.7180011,20,0,safe first
2824,1492,211.4734026,20,0,safe first
2893,1453,79.25906888,20,0,safe first
2713,1633,254.5584412,20,0,safe first
2533,1729,204,20,0,safe first
2353,1909,254.5584412,20,0,safe first
2173,1993,198.6353443,20,0,safe first
2110,2005,64.13267498,20,0,safe first
2290,1870,225,20,0,safe first
2470,1744,219.7180011,20,0,safe first
2650,1630,213.0633709,20,0,safe first
2830,1519,211.4734026,20,0,safe first
2854,1498,31.89043744,20,0,safe first
2674,1678,254.5584412,20,0,safe first
2494,1858,254.5584412,20,0,safe first
2314,2029,248.276056,20,0,safe first
2134,2029,180,20,0,safe first
2191,1960,89.49860334,20,0,safe first
2371,1780,254.5584412,20,0,safe first
2551,1639,228.6503881,20,0,safe first
2731,1552,199.922485,20,0,safe first
2911,1432,216.3330765,20,0,safe first
2938,1468,45,20,0,safe first
2767,1408,181.2208597,20,0,safe first
2587,1408,180,20,0,safe first
2407,1408,180,20,0,safe first
2227,1336,193.8659331,20,0,safe first
2140,1207,155.5956298,20,0,safe first
2131,1027,180.2248596,20,0,safe first
1954,937,198.5673689,20,0,safe first
1939,1111,174.6453549,20,0,safe first
1963,1075,43.26661531,20,0,safe first
1870,1015,110.6752005,20,0,safe first
1828,1171,161.5549442,20,0,safe first
1846,1351,180.8977612,20,0,safe first
2026,1468,214.683488,20,0,safe first
2206,1648,254.5584412,20,0,safe first
2386,1828,254.5584412,20,0,safe first
2230,1861,159.4521872,20,0,safe first
2065,2008,220.9841623,20,0,safe first
2029,1831,180.6239187,20,0,safe first
1948,1651,197.3854098,20,0,safe first
1897,1471,187.0855419,20,0,safe first
1801,1291,204,20,0,safe first
1816,1111,180.6239187,20,0,safe first
1816,931,180,20,0,safe first
1834,751,180.8977612,20,0,safe first
2014,694,188.8094277,20,0,safe first
2044,874,182.4828759,20,0,safe first
1951,994,151.8189711,20,0,safe first
1960,1147,153.2644773,20,0,safe first
1933,1075,76.89603371,20,0,safe first
2035,958,155.2191998,20,0,safe first
2068,829,133.1540461,20,0,safe first
2134,805,70.22819946,20,0,safe first
2134,985,180,20,0,safe first
2134,1165,180,20,0,safe first
2116,1345,180.8977612,20,0,safe first
2068,1525,186.2900964,20,0,safe first
2038,1705,182.4828759,20,0,safe first
2077,1885,184.1765457,20,0,safe first
2080,1999,114.0394669,20,0,safe first
2128,1819,186.2900964,20,0,safe first
2140,1639,180.3995565,20,0,safe first
2152,1459,180.3995565,20,0,safe first
2164,1279,180.3995565,20,0,safe first
2164,1099,180,20,0,safe first
2164,919,180,20,0,safe first
2110,763,165.0817979,20,0,safe first
2041,892,146.2942241,20,0,safe first
1909,1000,170.5520448,20,0,safe first
1984,1162,178.5189066,20,0,safe first
1921,1042,135.532284,20,0,safe first
2017,946,135.764502,20,0,safe first
2068,799,155.5956298,20,0,safe first
2170,913,152.9705854,20,0,safe first
2167,1093,180.0249983,20,0,safe first
2140,1273,182.0137357,20,0,safe first
2089,1453,187.0855419,20,0,safe first
2077,1633,180.3995565,20,0,safe first
2044,1813,183,20,0,safe first
2074,1993,182.4828759,20,0,safe first
2119,1882,119.7747887,20,0,safe first
2134,1702,180.6239187,20,0,safe first
2134,1522,180,20,0,safe first
2161,1342,182.0137357,20,0,safe first
2161,1162,180,20,0,safe first
2161,982,180,20,0,safe first
2161,802,180,20,0,safe first
2032,850,137.640837,20,0,safe first
1957,994,162.3607095,20,0,safe first
1954,1129,135.0333292,20,0,safe first
1918,1081,60,20,0,safe first
1999,979,130.2497601,20,0,safe first
2023,811,169.7056275,20,0,safe first
2152,823,129.5569373,20,0,safe first
2152,1003,180,20,0,safe first
2152,1183,180,20,0,safe first
2113,1363,184.1765457,20,0,safe first
2107,1543,180.0999722,20,0,safe first
2107,1723,180,20,0,safe first
2101,1903,180.0999722,20,0,safe first
2083,1951,51.26402247,20,0,safe first
2119,1771,183.5647025,20,0,safe first
2119,1591,180,20,0,safe first
2134,1411,180.6239187,20,0,safe first
2143,1231,180.2248596,20,0,safe first
2143,1051,180,20,0,safe first
2143,871,180,20,0,safe first
2041,790,130.2497601,20,0,safe first
1999,970,184.8350616,20,0,safe first
1906,1039,115.8015544,20,0,safe first
1945,1162,129.034879,20,0,safe first
1942,1006,156.0288435,20,0,safe first
2017,931,106.0660172,20,0,safe first
2098,760,189.2141644,20,0,safe first
2140,919,164.4536409,20,0,safe first
2140,1099,180,20,0,safe first
2128,1279,180.3995565,20,0,safe first
2095,1447,171.2103969,20,0,safe first
2077,1627,180.8977612,20,0,safe first
2077,1807,180,20,0,safe first
2077,1987,180,20,0,safe first
2125,1864,132.0340865,20,0,safe first
2161,1684,183.5647025,20,0,safe first
2149,1504,180.3995565,20,0,safe first
2149,1324,180,20,0,safe first
2149,1144,180,20,0,safe first
2149,964,180,20,0,safe first
2122,784,182.0137357,20,0,safe first
2038,895,139.2012931,20,0,safe first
1930,997,148.5530208,20,0,safe first
1969,1168,175.3909918,20,0,safe first
1924,1024,150.8674915,20,0,safe first
2044,934,150,20,0,safe first
2119,817,138.9748179,20,0,safe first
2143,985,169.7056275,20,0,safe first
2143,1165,180,20,0,safe first
2095,1345,186.2900964,20,0,safe first
2074,1525,181.2208597,20,0,safe first
2074,1705,180,20,0,safe first
2074,1885,180,20,0,safe first
2101,2059,176.0823671,20,0,safe first
2152,1906,161.2761607,20,0,safe first
2152,1726,180,20,0,safe first
2155,1546,180.0249983,20,0,safe first
2167,1366,180.3995565,20,0,safe first
2149,1186,180.8977612,20,0,safe first
2149,1006,180,20,0,safe first
2329,2089,154.87,20,1,safe first
2473,2119,147.0918081,20,1,safe first
2536,2299,190.7065809,20,1,safe first
2653,2461,199.8324298,20,1,safe first
2830,2398,187.8776197,20,1,safe first
3010,2278,216.3330765,20,1,safe first
3190,2098,254.5584412,20,1,safe first
3229,1984,120.4865138,20,1,safe first
3157,1804,193.8659331,20,1,safe first
3214,1624,188.8094277,20,1,safe first
3133,1444,197.3854098,20,1,safe first
2953,1264,254.5584412,20,1,safe first
2773,1084,254.5584412,20,1,safe first
2647,904,219.7180011,20,1,safe first
2494,724,236.2392855,20,1,safe first
2314,763,184.1765457,20,1,safe first
2134,763,180,20,1,safe first
1954,763,180,20,1,safe first
1774,763,180,20,1,safe first
1594,784,181.2208597,20,1,safe first
1414,772,180.3995565,20,1,safe first
1234,772,180,20,1,safe first
1054,814,184.8350616,20,1,safe first
874,796,180.8977612,20,1,safe first
721,823,155.3640885,20,1,safe first
811,1003,201.246118,20,1,safe first
760,1183,187.0855419,20,1,safe first
808,1363,186.2900964,20,1,safe first
907,1543,205.4288198,20,1,safe first
1066,1519,160.8011194,20,1,safe first
1246,1486,183,20,1,safe first
1426,1519,183,20,1,safe first
1606,1519,180,20,1,safe first
1786,1519,180,20,1,safe first
1966,1549,182.4828759,20,1,safe first
2146,1705,238.1931989,20,1,safe first
2146,1801,96,20,1,safe first
2062,1981,198.6353443,20,1,safe first
2023,2125,149.1878011,20,1,safe first
1843,2125,180,20,1,safe first
1663,2125,180,20,1,safe first
1483,2044,197.3854098,20,1,safe first
1492,1864,180.2248596,20,1,safe first
1477,1684,180.6239187,20,1,safe first
1297,1504,254.5584412,20,1,safe first
1273,1450,59.09314681,20,1,safe first
1120,1435,153.7335357,20,1,safe first
991,1456,130.6981255,20,1,safe first
1171,1375,197.3854098,20,1,safe first
1309,1339,142.6183719,20,1,safe first
1309,1339,0,20,1,safe first
1309,1339,0,20,1,safe first
1399,1339,90,20,1,safe first
1453,1444,118.0720119,20,1,safe first
1273,1402,184.8350616,20,1,safe first
1261,1471,70.03570518,20,1,safe first
1441,1537,191.7185437,20,1,safe first
1621,1621,198.6353443,20,1,safe first
1801,1621,180,20,1,safe first
1978,1621,177,20,1,safe first
1957,1771,151.4628667,20,1,safe first
1957,1951,180,20,1,safe first
2032,2131,195,20,1,safe first
1858,2080,181.3201588,20,1,safe first
1678,1984,204,20,1,safe first
1498,1873,211.4734026,20,1,safe first
1405,1693,202.6055281,20,1,safe first
1285,1606,148.2194319,20,1,safe first
1105,1594,180.3995565,20,1,safe first
1084,1549,49.65883607,20,1,safe first
1003,1453,125.6065285,20,1,safe first
1018,1336,117.9576195,20,1,safe first
1120,1321,103.0970417,20,1,safe first
1216,1369,107.3312629,20,1,safe first
1183,1351,37.58989226,20,1,safe first
1306,1264,150.6585544,20,1,safe first
1378,1408,160.9968944,20,1,safe first
1378,1588,180,20,1,safe first
1378,1768,180,20,1,safe first
1456,1948,196.1733927,20,1,safe first
1636,2128,254.5584412,20,1,safe first
1816,2239,211.4734026,20,1,safe first
1996,2167,193.8659331,20,1,safe first
2176,2041,219.7180011,20,1,safe first
2182,1861,180.0999722,20,1,safe first
2128,1681,187.9255172,20,1,safe first
2035,1501,202.6055281,20,1,safe first
2026,1321,180.2248596,20,1,safe first
2119,1192,159.0282994,20,1,safe first
2221,1372,206.8912758,20,1,safe first
2275,1552,187.9255172,20,1,safe first
2230,1732,185.5397532,20,1,safe first
2170,1912,189.7366596,20,1,safe first
2086,2092,198.6353443,20,1,safe first
1906,2140,186.2900964,20,1,safe first
1726,1960,254.5584412,20,1,safe first
1546,1780,254.5584412,20,1,safe first
1417,1600,221.4520264,20,1,safe first
1384,1420,183,20,1,safe first
1321,1240,190.7065809,20,1,safe first
1153,1159,186.5073725,20,1,safe first
1117,1315,160.0999688,20,1,safe first
1132,1348,36.24913792,20,1,safe first
1009,1324,125.3195914,20,1,safe first
1009,1504,180,20,1,safe first
1057,1684,186.2900964,20,1,safe first
1087,1864,182.4828759,20,1,safe first
1267,2044,254.5584412,20,1,safe first
1447,2134,201.246118,20,1,safe first
1432,2080,56.04462508,20,1,safe first
1555,1900,218.0114676,20,1,safe first
1585,1849,59.16924877,20,1,safe first
1405,1996,232.3983649,20,1,safe first
1243,2176,242.1652328,20,1,safe first
1336,2356,202.6055281,20,1,safe first
1516,2536,254.5584412,20,1,safe first
1696,2542,180.0999722,20,1,safe first
1876,2443,205.4288198,20,1,safe first
2041,2263,244.1823089,20,1,safe first
2092,2083,187.0855419,20,1,safe first
2101,1903,180.2248596,20,1,safe first
1966,1723,225,20,1,safe first
1906,1543,189.7366596,20,1,safe first
2029,1363,218.0114676,20,1,safe first
2125,1183,204,20,1,safe first
2305,1003,254.5584412,20,1,safe first
2485,1066,190.7065809,20,1,safe first
2665,1246,254.5584412,20,1,safe first
2689,1426,181.5929514,20,1,safe first
2611,1606,196.1733927,20,1,safe first
2476,1786,225,20,1,safe first
2347,1966,221.4520264,20,1,safe first
2167,2065,205.4288198,20,1,safe first
2041,1957,165.9518002,20,1,safe first
1984,1777,188.8094277,20,1,safe first
1870,1597,213.0633709,20,1,safe first
1690,1417,254.5584412,20,1,safe first
1510,1324,202.6055281,20,1,safe first
1330,1309,180.6239187,20,1,safe first
1306,1309,24,20,1,safe first
1339,1150,162.3884232,20,1,safe first
1240,1012,169.8381583,20,1,safe first
1210,1171,161.8054387,20,1,safe first
1075,1267,165.6532523,20,1,safe first
1159,1396,153.9382993,20,1,safe first
1093,1300,116.498927,20,1,safe first
1147,1201,112.7696768,20,1,safe first
1210,1087,130.2497601,20,1,safe first
1351,1066,142.5552524,20,1,safe first
1387,1246,183.5647025,20,1,safe first
1450,1426,190.7065809,20,1,safe first
1558,1606,209.9142682,20,1,safe first
1675,1786,214.683488,20,1,safe first
1810,1966,225,20,1,safe first
1936,2146,219.7180011,20,1,safe first
1999,2113,71.11961755,20,1,safe first
1951,2047,81.60882305,20,1,safe first
1918,1867,183,20,1,safe first
1966,1687,186.2900964,20,1,safe first
1966,1654,33,20,1,safe first
1966,1474,180,20,1,safe first
2065,1294,205.4288198,20,1,safe first
2014,1237,76.4852927,20,1,safe first
1855,1333,185.7336803,20,1,safe first
1675,1513,254.5584412,20,1,safe first
1693,1693,180.8977612,20,1,safe first
1843,1873,234.3074903,20,1,safe first
1870,1921,55.07267925,20,1,safe first
1930,1984,87,20,1,safe first
1930,1804,180,20,1,safe first
1930,1624,180,20,1,safe first
1948,1444,180.8977612,20,1,safe first
2068,1264,216.3330765,20,1,safe first
2086,1339,77.12976079,20,1,safe first
2104,1519,180.8977612,20,1,safe first
2104,1699,180,20,1,safe first
2104,1879,180,20,1,safe first
2083,1984,107.0794098,20,1,safe first
2122,1804,184.1765457,20,1,safe first
2173,1624,187.0855419,20,1,safe first
2173,1444,180,20,1,safe first
2122,1264,187.0855419,20,1,safe first
2122,1348,84,20,1,safe first
2122,1528,180,20,1,safe first
2122,1708,180,20,1,safe first
2122,1888,180,20,1,safe first
2101,1987,101.2027668,20,1,safe first
2086,1807,180.6239187,20,1,safe first
2014,1627,193.8659331,20,1,safe first
2002,1447,180.3995565,20,1,safe first
2062,1267,189.7366596,20,1,safe first
2089,1288,34.20526275,20,1,safe first
2089,1468,180,20,1,safe first
2092,1648,180.0249983,20,1,safe first
2110,1828,180.8977612,20,1,safe first
2092,1999,171.9447586,20,1,safe first
2092,1852,147,20,1,safe first
2092,1672,180,20,1,safe first
2092,1492,180,20,1,safe first
2107,1312,180.6239187,20,1,safe first
2107,1303,9,20,1,safe first
2107,1483,180,20,1,safe first
2107,1663,180,20,1,safe first
2107,1843,180,20,1,safe first
2107,1996,153,20,1,safe first
2107,1819,177,20,1,safe first
2107,1639,180,20,1,safe first
2164,1459,188.8094277,20,1,safe first
2140,1279,181.5929514,20,1,safe first
2026,1159,165.5173707,20,1,safe first
1846,1168,180.2248596,20,1,safe first
1666,1348,254.5584412,20,1,safe first
1735,1528,192.7718859,20,1,safe first
1915,1708,254.5584412,20,1,safe first
1957,1888,184.8350616,20,1,safe first
1954,2068,180.0249983,20,1,safe first
1954,2056,12,20,1,safe first
1954,2056,0,20,1,safe first
1891,1891,176.6182324,20,1,safe first
1891,1711,180,20,1,safe first
1837,1531,187.9255172,20,1,safe first
1732,1351,208.3866598,20,1,safe first
1849,1171,214.683488,20,1,safe first
1990,1048,187.1095936,20,1,safe first
2170,1165,214.683488,20,1,safe first
2326,1141,157.8353573,20,1,safe first
2350,1048,96.04686356,20,1,safe first
2365,1072,28.3019434,20,1,safe first
2545,1228,238.1931989,20,1,safe first
2560,1408,180.6239187,20,1,safe first
2413,1588,232.3983649,20,1,safe first
2233,1738,234.3074903,20,1,safe first
2053,1819,197.3854098,20,1,safe first
2008,1999,185.5397532,20,1,safe first
1951,1945,78.51751397,20,1,safe first
1975,1765,181.5929514,20,1,safe first
1975,1651,114,20,1,safe first
1975,1576,75,20,1,safe first
2074,1396,205.4288198,20,1,safe first
2092,1216,180.8977612,20,1,safe first
1912,1264,186.2900964,20,1,safe first
1897,1444,180.6239187,20,1,safe first
1921,1624,181.5929514,20,1,safe first
2029,1804,209.9142682,20,1,safe first
2029,1984,180,20,1,safe first
1930,1975,99.40824915,20,1,safe first
1957,1795,182.0137357,20,1,safe first
1957,1663,132,20,1,safe first
1969,1624,40.80441153,20,1,safe first
1969,1444,180,20,1,safe first
1861,1264,209.9142682,20,1,safe first
1930,1084,192.7718859,20,1,safe first
2005,904,195,20,1,safe first
1825,871,183,20,1,safe first
1645,1009,226.8126981,20,1,safe first
1660,1189,180.6239187,20,1,safe first
1840,1324,225,20,1,safe first
2020,1234,201.246118,20,1,safe first
2170,1297,162.6929624,20,1,safe first
2101,1477,192.7718859,20,1,safe first
2050,1657,187.0855419,20,1,safe first
2050,1837,180,20,1,safe first
2059,2017,180.2248596,20,1,safe first
2080,1966,55.15432893,20,1,safe first
1999,1801,183.8096842,20,1,safe first
1939,1621,189.7366596,20,1,safe first
1999,1441,189.7366596,20,1,safe first
2083,1261,198.6353443,20,1,safe first
2053,1192,75.23961722,20,1,safe first
2227,1069,213.0844903,20,1,safe first
2050,1015,185.0540462,20,1,safe first
1870,1015,180,20,1,safe first
1690,973,184.8350616,20,1,safe first
1510,823,234.3074903,20,1,safe first
1330,883,189.7366596,20,1,safe first
1246,907,87.36131867,20,1,safe first
1342,1063,183.1720503,20,1,safe first
1342,1243,180,20,1,safe first
1342,1423,180,20,1,safe first
1285,1603,188.8094277,20,1,safe first
1105,1699,204,20,1,safe first
964,1879,228.6503881,20,1,safe first
937,2059,182.0137357,20,1,safe first
877,2239,189.7366596,20,1,safe first
784,2419,202.6055281,20,1,safe first
964,2599,254.5584412,20,1,safe first
1144,2779,254.5584412,20,1,safe first
1324,2959,254.5584412,20,1,safe first
1504,3139,254.5584412,20,1,safe first
1672,3319,246.2194143,20,1,safe first
1720,3331,49.47726751,20,1,safe first
1900,3151,254.5584412,20,1,safe first
2359,2065,180,21,0,risky first
2539,2104,184.1765457,21,0,risky first
2719,2074,182.4828759,21,0,risky first
2899,2176,206.8912758,21,0,risky first
3079,1996,254.5584412,21,0,risky first
3259,1816,254.5584412,21,0,risky first
3217,1636,184.8350616,21,0,risky first
3037,1510,219.7180011,21,0,risky first
2857,1471,184.1765457,21,0,risky first
2677,1612,228.6503881,21,0,risky first
2497,1711,205.4288198,21,0,risky first
2317,1891,254.5584412,21,0,risky first
2137,2023,223.2129029,21,0,risky first
2197,1939,103.2279032,21,0,risky first
2377,1759,254.5584412,21,0,risky first
2557,1645,213.0633709,21,0,risky first
2737,1579,191.7185437,21,0,risky first
2836,1480,140.0071427,21,0,risky first
2926,1423,106.5316854,21,0,risky first
2746,1537,213.0633709,21,0,risky first
2566,1669,223.2129029,21,0,risky first
2386,1849,254.5584412,21,0,risky first
2206,1957,209.9142682,21,0,risky first
2110,2056,137.9021392,21,0,risky first
2284,1879,248.2035455,21,0,risky first
2464,1699,254.5584412,21,0,risky first
2644,1519,254.5584412,21,0,risky first
2710,1339,191.7185437,21,0,risky first
2884,1357,174.9285568,21,0,risky first
2848,1318,53.07541804,21,0,risky first
2686,1366,168.9615341,21,0,risky first
2566,1546,216.3330765,21,0,risky first
2386,1726,254.5584412,21,0,risky first
2209,1906,252.4460338,21,0,risky first
2149,1990,103.2279032,21,0,risky first
2329,1810,254.5584412,21,0,risky first
2509,1630,254.5584412,21,0,risky first
2617,1450,209.9142682,21,0,risky first
2743,1288,205.2315765,21,0,risky first
2887,1321,147.732867,21,0,risky first
2932,1393,84.90583019,21,0,risky first
2776,1276,195,21,0,risky first
2596,1456,254.5584412,21,0,risky first
2416,1636,254.5584412,21,0,risky first
2236,1816,254.5584412,21,0,risky first
2143,1996,202.6055281,21,0,risky first
2194,1996,51,21,0,risky first
2323,1816,221.4520264,21,0,risky first
2491,1636,246.2194143,21,0,risky first
2611,1456,216.3330765,21,0,risky first
2689,1336,143.1223253,21,0,risky first
2737,1156,186.2900964,21,0,risky first
2806,1000,170.5784277,21,0,risky first
2929,1024,125.3195914,21,0,risky first
3064,1075,144.3121616,21,0,risky first
3100,1228,157.1782428,21,0,risky first
3070,1327,103.4456379,21,0,risky first
3109,1327,39,21,0,risky first
3118,1153,174.2326031,21,0,risky first
3016,1075,128.4056074,21,0,risky first
2977,1165,98.08669635,21,0,risky first
2869,1252,138.683092,21,0,risky first
2935,1381,144.9034161,21,0,risky first
2875,1426,75,21,0,risky first
2875,1270,156,21,0,risky first
2968,1216,107.54069,21,0,risky first
2968,1036,180,21,0,risky first
2824,1024,144.4991349,21,0,risky first
2656,1132,199.7198037,21,0,risky first
2476,1312,254.5584412,21,0,risky first
2371,1492,208.3866598,21,0,risky first
2224,1672,232.3983649,21,0,risky first
2095,1852,221.4520264,21,0,risky first
2095,1978,126,21,0,risky first
2191,1798,204,21,0,risky first
2269,1618,196.1733927,21,0,risky first
2395,1438,219.7180011,21,0,risky first
2575,1258,254.5584412,21,0,risky first
2701,1078,219.7180011,21,0,risky first
2881,1018,189.7366596,21,0,risky first
2977,1132,149.0369082,21,0,risky first
2902,1249,138.9748179,21,0,risky first
2884,1402,154.0551849,21,0,risky first
2863,1360,46.95742753,21,0,risky first
2920,1234,138.2931669,21,0,risky first
2977,1108,138.2931669,21,0,risky first
2893,997,139.2012931,21,0,risky first
2713,1078,197.3854098,21,0,risky first
2533,1258,254.5584412,21,0,risky first
2353,1438,254.5584412,21,0,risky first
2221,1618,223.2129029,21,0,risky first
2107,1798,213.0633709,21,0,risky first
2089,1978,180.8977612,21,0,risky first
2140,1900,93.1933474,21,0,risky first
2248,1720,209.9142682,21,0,risky first
2347,1540,205.4288198,21,0,risky first
2491,1360,230.5124725,21,0,risky first
2647,1180,238.1931989,21,0,risky first
2785,1006,222.0810663,21,0,risky first
2965,1006,180,21,0,risky first
2974,1183,177.2286659,21,0,risky first
2872,1261,128.4056074,21,0,risky first
2917,1402,148.0067566,21,0,risky first
2857,1306,113.2077736,21,0,risky first
2962,1237,125.6423495,21,0,risky first
2965,1060,177.0254219,21,0,risky first
2836,988,147.732867,21,0,risky first
2656,1129,228.6503881,21,0,risky first
2548,1309,209.9142682,21,0,risky first
2461,1489,199.922485,21,0,risky first
2401,1669,189.7366596,21,0,risky first
2335,1849,191.7185437,21,0,risky first
2155,2029,254.5584412,21,0,risky first
2191,1942,94.15412896,21,0,risky first
2326,1762,225,21,0,risky first
2440,1582,213.0633709,21,0,risky first
2608,1402,246.2194143,21,0,risky first
2683,1222,195,21,0,risky first
2731,1042,186.2900964,21,0,risky first
2878,1003,152.0855023,21,0,risky first
2956,1108,130.8013761,21,0,risky first
2902,1228,131.5902732,21,0,risky first
2872,1387,161.8054387,21,0,risky first
2848,1366,31.89043744,21,0,risky first
2905,1237,141.0319113,21,0,risky first
2971,1120,134.3316791,21,0,risky first
2905,973,161.136588,21,0,risky first
2725,1039,191.7185437,21,0,risky first
2545,1219,254.5584412,21,0,risky first
2377,1399,246.2194143,21,0,risky first
2293,1579,198.6353443,21,0,risky first
2230,1759,190.7065809,21,0,risky first
2125,1939,208.3866598,21,0,risky first
2125,2041,102,21,0,risky first
2227,1861,206.8912758,21,0,risky first
2368,1681,228.6503881,21,0,risky first
2533,1501,244.1823089,21,0,risky first
2620,1321,199.922485,21,0,risky first
2674,1141,187.9255172,21,0,risky first
2791,994,187.8776197,21,0,risky first
2965,1000,174.1034175,21,0,risky first
2965,1180,180,21,0,risky first
2866,1285,144.3121616,21,0,risky first
2926,1423,150.4792344,21,0,risky first
2872,1300,134.3316791,21,0,risky first
2968,1213,129.5569373,21,0,risky first
2968,1033,180,21,0,risky first
2815,994,157.8923684,21,0,risky first
2635,1156,242.1652328,21,0,risky first
2455,1336,254.5584412,21,0,risky first
2401,1516,187.9255172,21,0,risky first
2227,1696,250.3517525,21,0,risky first
2185,1876,184.8350616,21,0,risky first
2122,1996,135.532284,21,0,risky first
2266,1816,230.5124725,21,0,risky first
2368,1636,206.8912758,21,0,risky first
2500,1456,223.2129029,21,0,risky first
2644,1276,230.5124725,21,0,risky first
2707,1096,190.7065809,21,0,risky first
2887,1006,201.246118,21,0,risky first
2977,1099,129.4179277,21,0,risky first
2905,1216,137.3790377,21,0,risky first
2875,1369,155.9134375,21,0,risky first
2869,1348,21.84032967,21,0,risky first
2947,1219,150.7481343,21,0,risky first
2968,1063,157.4071155,21,0,risky first
2821,1015,154.6382876,21,0,risky first
2710,1153,177.1016657,21,0,risky first
2530,1333,254.5584412,21,0,risky first
2350,1513,254.5584412,21,0,risky first
2224,1693,219.7180011,21,0,risky first
2131,1873,202.6055281,21,0,risky first
2104,2008,137.6735269,21,0,risky first
2197,1828,202.6055281,21,0,risky first
2377,1648,254.5584412,21,0,risky first
2557,1468,254.5584412,21,0,risky first
2662,1288,208.3866598,21,0,risky first
2731,1108,192.7718859,21,0,risky first
2839,1003,150.6286825,21,0,risky first
2971,1057,142.6183719,21,0,risky first
2953,1225,168.9615341,21,0,risky first
2875,1324,126.0357092,21,0,risky first
2950,1435,133.9626814,21,0,risky first
2875,1306,149.2179614,21,0,risky first
2902,1219,91.0933587,21,0,risky first
2992,1126,129.4179277,21,0,risky first
2929,946,190.7065809,21,0,risky first
2749,766,254.5584412,21,0,risky first
2569,874,209.9142682,21,0,risky first
2389,961,199.922485,21,0,risky first
2209,781,254.5584412,21,0,risky first
2029,838,188.8094277,21,0,risky first
1849,913,195,21,0,risky first
1669,973,189.7366596,21,0,risky first
1489,943,182.4828759,21,0,risky first
1309,763,254.5584412,21,0,risky first
1129,745,180.8977612,21,0,risky first
949,844,205.4288198,21,0,risky first
769,1024,254.5584412,21,0,risky first
814,1204,185.5397532,21,0,risky first
976,1300,188.3082579,21,0,risky first
982,1480,180.0999722,21,0,risky first
973,1660,180.2248596,21,0,risky first
793,1840,254.5584412,21,0,risky first
769,2020,181.5929514,21,0,risky first
727,2200,184.8350616,21,0,risky first
745,2380,180.8977612,21,0,risky first
838,2560,202.6055281,21,0,risky first
778,2740,189.7366596,21,0,risky first
742,2920,183.5647025,21,0,risky first
724,3100,180.8977612,21,0,risky first
853,3280,221.4520264,21,0,risky first
946,3388,142.5236822,21,0,risky first
1126,3280,209.9142682,21,0,risky first
1306,3148,223.2129029,21,0,risky first
1486,3328,254.5584412,21,0,risky first
1666,3256,193.8659331,21,0,risky first
1846,3217,184.1765457,21,0,risky first
2026,3316,205.4288198,21,0,risky first
2206,3136,254.5584412,21,0,risky first
2386,3250,213.0633709,21,0,risky first
2566,3202,186.2900964,21,0,risky first
2746,3148,187.9255172,21,0,risky first
2926,3211,190.7065809,21,0,risky first
3106,3121,201.246118,21,0,risky first
3286,3133,180.3995565,21,0,risky first
3211,2965,183.9809773,21,0,risky first
3109,2785,206.8912758,21,0,risky first
2965,2605,230.5124725,21,0,risky first
2785,2425,254.5584412,21,0,risky first
2755,2245,182.4828759,21,0,risky first
2575,2116,221.4520264,21,0,risky first
2395,2296,254.5584412,21,0,risky first
2215,2215,197.3854098,21,0,risky first
2035,2341,219.7180011,21,0,risky first
1855,2260,197.3854098,21,0,risky first
1675,2146,213.0633709,21,0,risky first
1495,1966,254.5584412,21,0,risky first
1315,1786,254.5584412,21,0,risky first
1135,1873,199.922485,21,0,risky first
955,1909,183.5647025,21,0,risky first
775,1882,182.0137357,21,0,risky first
721,1702,187.9255172,21,0,risky first
901,1522,254.5584412,21,0,risky first
1081,1345,252.4460338,21,0,risky first
1261,1456,211.4734026,21,0,risky first
1441,1360,204,21,0,risky first
1621,1435,195,21,0,risky first
1801,1375,189.7366596,21,0,risky first
1924,1240,182.6307751,21,0,risky first
2098,1279,178.3171332,21,0,risky first
2098,1447,168,21,0,risky first
2182,1627,198.6353443,21,0,risky first
2362,1807,254.5584412,21,0,risky first
2209,1987,236.2392855,21,0,risky first
2077,1981,132.1362933,21,0,risky first
2077,1801,180,21,0,risky first
2077,1621,180,21,0,risky first
2077,1441,180,21,0,risky first
2035,1261,184.8350616,21,0,risky first
2038,1303,42.10700654,21,0,risky first
2056,1483,180.8977612,21,0,risky first
2056,1663,180,21,0,risky first
2056,1843,180,21,0,risky first
2056,2008,165,21,0,risky first
2056,1828,180,21,0,risky first
2056,1648,180,21,0,risky first
2038,1468,180.8977612,21,0,risky first
2020,1288,180.8977612,21,0,risky first
2038,1345,59.77457654,21,0,risky first
2038,1525,180,21,0,risky first
2047,1705,180.2248596,21,0,risky first
2059,1885,180.3995565,21,0,risky first
2059,2008,123,21,0,risky first
2059,1828,180,21,0,risky first
2059,1648,180,21,0,risky first
2029,1468,182.4828759,21,0,risky first
2011,1288,180.8977612,21,0,risky first
2035,1345,61.84658438,21,0,risky first
2050,1525,180.6239187,21,0,risky first
2062,1705,180.3995565,21,0,risky first
2062,1885,180,21,0,risky first
2080,1969,85.90692638,21,0,risky first
2080,1789,180,21,0,risky first
2080,1609,180,21,0,risky first
2050,1429,182.4828759,21,0,risky first
2023,1249,182.0137357,21,0,risky first
2053,1387,141.2232276,21,0,risky first
2053,1567,180,21,0,risky first
2068,1747,180.6239187,21,0,risky first
2068,1927,180,21,0,risky first
2068,1933,6,21,0,risky first
2068,1753,180,21,0,risky first
2068,1573,180,21,0,risky first
2047,1393,181.2208597,21,0,risky first
2029,1213,180.8977612,21,0,risky first
2056,1384,173.1184566,21,0,risky first
2056,1564,180,21,0,risky first
2056,1744,180,21,0,risky first
2371,1978,199.92,21,1,risky first
2482,1798,211.4734026,21,1,risky first
2539,1618,188.8094277,21,1,risky first
2578,1438,184.1765457,21,1,risky first
2602,1258,181.5929514,21,1,risky first
2746,1078,230.5124725,21,1,risky first
2926,997,197.3854098,21,1,risky first
3106,1024,182.0137357,21,1,risky first
3286,934,201.246118,21,1,risky first
3217,754,192.7718859,21,1,risky first
3037,769,180.6239187,21,1,risky first
2857,946,252.4460338,21,1,risky first
2677,886,189.7366596,21,1,risky first
2497,1054,246.2194143,21,1,risky first
2317,955,205.4288198,21,1,risky first
2170,1030,165.0272705,21,1,risky first
2134,1210,183.5647025,21,1,risky first
2164,1390,182.4828759,21,1,risky first
2146,1570,180.8977612,21,1,risky first
2134,1750,180.3995565,21,1,risky first
2101,1930,183,21,1,risky first
2098,2110,180.0249983,21,1,risky first
1954,2152,150,21,1,risky first
1816,2038,178.9972067,21,1,risky first
1822,1858,180.0999722,21,1,risky first
2002,1768,201.246118,21,1,risky first
2182,1759,180.2248596,21,1,risky first
2299,1579,214.683488,21,1,risky first
2167,1399,223.2129029,21,1,risky first
1999,1297,196.5400722,21,1,risky first
2074,1198,124.2014493,21,1,risky first
2254,1111,199.922485,21,1,risky first
2434,1162,187.0855419,21,1,risky first
2569,1342,225,21,1,risky first
2527,1522,184.8350616,21,1,risky first
2347,1696,250.3517525,21,1,risky first
2167,1753,188.8094277,21,1,risky first
2095,1933,193.8659331,21,1,risky first
2128,2113,183,21,1,risky first
2305,2104,177.2286659,21,1,risky first
2380,2017,114.8651383,21,1,risky first
2560,1981,183.5647025,21,1,risky first
2716,1801,238.1931989,21,1,risky first
2806,1621,201.246118,21,1,risky first
2626,1492,221.4520264,21,1,risky first
2446,1492,180,21,1,risky first
2266,1426,191.7185437,21,1,risky first
2086,1390,183.5647025,21,1,risky first
1906,1276,213.0633709,21,1,risky first
1936,1096,182.4828759,21,1,risky first
1957,1066,36.61966685,21,1,risky first
2089,979,158.0917455,21,1,risky first
2269,979,180,21,1,risky first
2449,1114,225,21,1,risky first
2527,1294,196.1733927,21,1,risky first
2347,1474,254.5584412,21,1,risky first
2167,1588,213.0633709,21,1,risky first
1990,1642,185.0540462,21,1,risky first
1966,1528,116.498927,21,1,risky first
1912,1348,187.9255172,21,1,risky first
1912,1168,180,21,1,risky first
1957,1063,114.2365966,21,1,risky first
2134,988,192.2342321,21,1,risky first
2266,988,132,21,1,risky first
2266,988,0,21,1,risky first
2248,871,118.3765179,21,1,risky first
2068,898,182.0137357,21,1,risky first
1891,1060,239.9437434,21,1,risky first
1921,1240,182.4828759,21,1,risky first
2053,1345,168.6683136,21,1,risky first
2233,1312,183,21,1,risky first
2278,1138,179.7247896,21,1,risky first
2245,1042,101.5135459,21,1,risky first
2065,1006,183.5647025,21,1,risky first
1885,1102,204,21,1,risky first
1882,1282,180.0249983,21,1,risky first
2062,1387,208.3866598,21,1,risky first
2086,1387,24,21,1,risky first
2266,1303,198.6353443,21,1,risky first
2269,1123,180.0249983,21,1,risky first
2152,1075,126.4634335,21,1,risky first
2041,1084,111.3642672,21,1,risky first
1861,1087,180.0249983,21,1,risky first
1924,1267,190.7065809,21,1,risky first
2047,1447,218.0114676,21,1,risky first
2113,1627,191.7185437,21,1,risky first
2137,1807,181.5929514,21,1,risky first
2104,1987,183,21,1,risky first
2104,1867,120,21,1,risky first
2104,1687,180,21,1,risky first
2029,1507,195,21,1,risky first
1930,1327,205.4288198,21,1,risky first
1930,1147,180,21,1,risky first
2008,1009,158.5181378,21,1,risky first
2074,1162,166.6283289,21,1,risky first
2002,1045,137.3790377,21,1,risky first
1849,1108,165.4629868,21,1,risky first
1903,1288,187.9255172,21,1,risky first
2020,1468,214.683488,21,1,risky first
2110,1648,201.246118,21,1,risky first
2128,1828,180.8977612,21,1,risky first
2107,2008,181.2208597,21,1,risky first
2254,1957,155.5956298,21,1,risky first
2158,1777,204,21,1,risky first
1978,1597,254.5584412,21,1,risky first
1906,1417,193.8659331,21,1,risky first
1906,1237,180,21,1,risky first
1906,1057,180,21,1,risky first
1906,877,180,21,1,risky first
1957,742,144.3121616,21,1,risky first
2137,754,180.3995565,21,1,risky first
2143,934,180.0999722,21,1,risky first
2059,994,103.2279032,21,1,risky first
2032,1111,120.0749766,21,1,risky first
2077,979,139.4596716,21,1,risky first
2155,853,148.1890684,21,1,risky first
2275,826,123,21,1,risky first
2395,1006,216.3330765,21,1,risky first
2341,1144,148.1890684,21,1,risky first
2257,1060,118.7939392,21,1,risky first
2212,1069,45.89117562,21,1,risky first
2269,1018,76.4852927,21,1,risky first
2263,838,180.0999722,21,1,risky first
2239,826,26.83281573,21,1,risky first
2239,823,3,21,1,risky first
2113,844,127.7380131,21,1,risky first
2041,967,142.5236822,21,1,risky first
2032,1147,180.2248596,21,1,risky first
2026,1096,51.35172831,21,1,risky first
2104,964,153.3231881,21,1,risky first
2131,808,158.3192976,21,1,risky first
2251,748,134.1640786,21,1,risky first
2275,928,181.5929514,21,1,risky first
2275,1108,180,21,1,risky first
2275,1288,180,21,1,risky first
2200,1468,195,21,1,risky first
2161,1648,184.1765457,21,1,risky first
2143,1828,180.8977612,21,1,risky first
2104,2008,184.1765457,21,1,risky first
2104,1846,162,21,1,risky first
2104,1666,180,21,1,risky first
2062,1486,184.8350616,21,1,risky first
1930,1306,223.2129029,21,1,risky first
1930,1126,180,21,1,risky first
1930,946,180,21,1,risky first
1930,766,180,21,1,risky first
2107,748,177.9129,21,1,risky first
2140,928,183,21,1,risky first
2092,994,81.60882305,21,1,risky first
2032,1045,78.74642849,21,1,risky first
2089,1135,106.5316854,21,1,risky first
2041,997,146.1095479,21,1,risky first
2152,928,130.6981255,21,1,risky first
2227,805,144.0624864,21,1,risky first
2407,964,240.1686907,21,1,risky first
2449,1144,184.8350616,21,1,risky first
2269,1324,254.5584412,21,1,risky first
2092,1504,252.4460338,21,1,risky first
2092,1684,180,21,1,risky first
2092,1864,180,21,1,risky first
2092,1846,18,21,1,risky first
1912,1903,188.8094277,21,1,risky first
1810,2083,206.8912758,21,1,risky first
1708,2263,206.8912758,21,1,risky first
1627,2278,82.37718131,21,1,risky first
1645,2278,18,21,1,risky first
1822,2326,183.3930206,21,1,risky first
2002,2506,254.5584412,21,1,risky first
2182,2368,226.8126981,21,1,risky first
2281,2191,202.8053254,21,1,risky first
2101,2011,254.5584412,21,1,risky first
1990,1831,211.4734026,21,1,risky first
1966,1651,181.5929514,21,1,risky first
1864,1471,206.8912758,21,1,risky first
1864,1291,180,21,1,risky first
1864,1114,177,21,1,risky first
1864,943,171,21,1,risky first
1924,763,189.7366596,21,1,risky first
2065,769,141.1276018,21,1,risky first
2176,829,126.1784451,21,1,risky first
2176,928,99,21,1,risky first
2251,814,136.458785,21,1,risky first
2431,976,242.1652328,21,1,risky first
2611,1072,204,21,1,risky first
2512,892,205.4288198,21,1,risky first
2332,712,254.5584412,21,1,risky first
2152,718,180.0999722,21,1,risky first
1990,730,162.4438364,21,1,risky first
1870,910,216.3330765,21,1,risky first
1870,1090,180,21,1,risky first
1870,1270,180,21,1,risky first
2014,1435,219,21,1,risky first
2194,1378,188.8094277,21,1,risky first
2332,1207,219.7384809,21,1,risky first
2332,1087,120,21,1,risky first
2299,1003,90.24965374,21,1,risky first
2275,1003,24,21,1,risky first
2275,1003,0,21,1,risky first
2254,943,63.5688603,21,1,risky first
2188,772,183.2948444,21,1,risky first
2098,730,99.31767214,21,1,risky first
1918,760,182.4828759,21,1,risky first
1828,940,201.246118,21,1,risky first
1828,1120,180,21,1,risky first
1828,1300,180,21,1,risky first
1999,1369,184.3963123,21,1,risky first
2179,1426,188.8094277,21,1,risky first
2359,1246,254.5584412,21,1,risky first
2299,1066,189.7366596,21,1,risky first
2260,886,184.1765457,21,1,risky first
2164,805,125.6065285,21,1,risky first
2161,811,6.708203932,21,1,risky first
1984,739,191.0837513,21,1,risky first
1804,901,242.1652328,21,1,risky first
1786,1081,180.8977612,21,1,risky first
1606,1261,254.5584412,21,1,risky first
1426,1441,254.5584412,21,1,risky first
1246,1441,180,21,1,risky first
1231,1558,117.9576195,21,1,risky first
1411,1660,206.8912758,21,1,risky first
1591,1693,183,21,1,risky first
1771,1723,182.4828759,21,1,risky first
1948,1564,237.9285607,21,1,risky first
2026,1387,193.4244038,21,1,risky first
2206,1300,199.922485,21,1,risky first
2386,1399,205.4288198,21,1,risky first
2353,1579,183,21,1,risky first
2173,1759,254.5584412,21,1,risky first
2089,1939,198.6353443,21,1,risky first
1930,1951,159.4521872,21,1,risky first
1750,1840,211.4734026,21,1,risky first
1570,1723,214.683488,21,1,risky first
1390,1639,198.6353443,21,1,risky first
1210,1459,254.5584412,21,1,risky first
1093,1600,183.2211778,21,1,risky first
1216,1780,218.0114676,21,1,risky first
1396,1891,211.4734026,21,1,risky first
1576,2044,236.2392855,21,1,risky first
1756,2041,180.0249983,21,1,risky first
1936,1945,204,21,1,risky first
2008,1990,84.90583019,21,1,risky first
1828,1981,180.2248596,21,1,risky first
1648,2029,186.2900964,21,1,risky first
1468,1879,234.3074903,21,1,risky first
1288,2029,234.3074903,21,1,risky first
1108,1861,246.2194143,21,1,risky first
928,1954,202.6055281,21,1,risky first
748,1831,218.0114676,21,1,risky first
841,1654,199.9449924,21,1,risky first
1021,1567,199.922485,21,1,risky first
1201,1531,183.5647025,21,1,risky first
1381,1711,254.5584412,21,1,risky first
1561,1801,201.246118,21,1,risky first
1741,1789,180.3995565,21,1,risky first
1921,1618,248.276056,21,1,risky first
1969,1570,67.88225099,21,1,risky first
1858,1585,112.0089282,21,1,risky first
1687,1678,194.6535384,21,1,risky first
1507,1693,180.6239187,21,1,risky first
1327,1546,232.3983649,21,1,risky first
1147,1507,184.1765457,21,1,risky first
1174,1627,123,21,1,risky first
1354,1765,226.8126981,21,1,risky first
1534,1672,202.6055281,21,1,risky first
1714,1783,211.4734026,21,1,risky first
1894,1780,180.0249983,21,1,risky first
2065,1936,231.4670603,21,1,risky first
2182,2116,214.683488,21,1,risky first
2362,2158,184.8350616,21,1,risky first
2542,2305,232.3983649,21,1,risky first
2722,2395,201.246118,21,1,risky first
2902,2515,216.3330765,21,1,risky first
3082,2416,205.4288198,21,1,risky first
3262,2236,254.5584412,21,1,risky first
3151,2056,211.4734026,21,1,risky first
2971,1876,254.5584412,21,1,risky first
2791,1696,254.5584412,21,1,risky first
2611,1516,254.5584412,21,1,risky first
2431,1336,254.5584412,21,1,risky first
2251,1369,183,21,1,risky first
2071,1468,205.4288198,21,1,risky first
1891,1585,214.683488,21,1,risky first
1711,1741,238.1931989,21,1,risky first
1531,1567,250.3517525,21,1,risky first
1351,1489,196.1733927,21,1,risky first
1183,1438,175.5704987,21,1,risky first
1342,1291,216.5409892,21,1,risky first
1522,1432,228.6503881,21,1,risky first
1624,1318,152.9705854,21,1,risky first
1804,1189,221.4520264,21,1,risky first
1864,1369,189.7366596,21,1,risky first
2176,1996,69,22,0,safe first
2110,1816,191.7185437,22,0,safe first
2101,1636,180.2248596,22,0,safe first
2101,1456,180,22,0,safe first
2026,1276,195,22,0,safe first
2026,1333,57,22,0,safe first
2026,1513,180,22,0,safe first
2026,1693,180,22,0,safe first
2026,1873,180,22,0,safe first
2026,2011,138,22,0,safe first
2026,1831,180,22,0,safe first
2026,1651,180,22,0,safe first
2026,1471,180,22,0,safe first
2026,1300,171,22,0,safe first
1915,1300,111,22,0,safe first
1966,1144,164.1249524,22,0,safe first
2137,1177,174.1551033,22,0,safe first
2137,1357,180,22,0,safe first
2137,1537,180,22,0,safe first
2137,1717,180,22,0,safe first
2137,1897,180,22,0,safe first
2137,1993,96,22,0,safe first
2137,1813,180,22,0,safe first
2137,1633,180,22,0,safe first
2137,1453,180,22,0,safe first
2191,1273,187.9255172,22,0,safe first
2191,1093,180,22,0,safe first
2047,1075,145.1206395,22,0,safe first
2047,1084,9,22,0,safe first
2173,1105,127.7380131,22,0,safe first
2173,1285,180,22,0,safe first
2173,1465,180,22,0,safe first
2173,1645,180,22,0,safe first
2173,1825,180,22,0,safe first
2173,2005,180,22,0,safe first
2062,2056,122.1556384,22,0,safe first
2062,1876,180,22,0,safe first
1921,1696,228.6503881,22,0,safe first
1900,1516,181.2208597,22,0,safe first
1756,1336,230.5124725,22,0,safe first
1762,1156,180.0999722,22,0,safe first
1927,1060,190.8952592,22,0,safe first
1978,1168,119.4361754,22,0,safe first
1876,1012,186.3866948,22,0,safe first
1807,1063,85.80209788,22,0,safe first
1807,1243,180,22,0,safe first
1807,1423,180,22,0,safe first
1981,1603,250.3517525,22,0,safe first
2020,1783,184.1765457,22,0,safe first
2020,1963,180,22,0,safe first
1900,1999,125.2836781,22,0,safe first
1720,1819,254.5584412,22,0,safe first
1540,1777,184.8350616,22,0,safe first
1360,1792,180.6239187,22,0,safe first
1180,1759,183,22,0,safe first
1000,1921,242.1652328,22,0,safe first
820,1741,254.5584412,22,0,safe first
757,1561,190.7065809,22,0,safe first
937,1381,254.5584412,22,0,safe first
1117,1201,254.5584412,22,0,safe first
1258,1021,228.6503881,22,0,safe first
1078,841,254.5584412,22,0,safe first
1240,685,224.8999778,22,0,safe first
1420,790,208.3866598,22,0,safe first
1600,970,254.5584412,22,0,safe first
1780,985,180.6239187,22,0,safe first
1822,805,184.8350616,22,0,safe first
1834,736,70.03570518,22,0,safe first
2014,736,180,22,0,safe first
2191,817,194.6535384,22,0,safe first
2269,997,196.1733927,22,0,safe first
2170,1177,205.4288198,22,0,safe first
2170,1357,180,22,0,safe first
2179,1537,180.2248596,22,0,safe first
1999,1717,254.5584412,22,0,safe first
1819,1897,254.5584412,22,0,safe first
1639,2032,225,22,0,safe first
1459,1894,226.8126981,22,0,safe first
1279,1714,254.5584412,22,0,safe first
1099,1765,187.0855419,22,0,safe first
919,1945,254.5584412,22,0,safe first
760,2119,235.7053245,22,0,safe first
940,2119,180,22,0,safe first
1120,2251,223.2129029,22,0,safe first
1300,2431,254.5584412,22,0,safe first
1480,2521,201.246118,22,0,safe first
1660,2521,180,22,0,safe first
1840,2521,180,22,0,safe first
2020,2548,182.0137357,22,0,safe first
2200,2707,240.1686907,22,0,safe first
2278,2671,85.90692638,22,0,safe first
2326,2491,186.2900964,22,0,safe first
2326,2311,180,22,0,safe first
2452,2131,219.7180011,22,0,safe first
2632,2086,185.5397532,22,0,safe first
2812,2086,180,22,0,safe first
2992,2086,180,22,0,safe first
3112,1909,213.8434006,22,0,safe first
3145,1729,183,22,0,safe first
2965,1549,254.5584412,22,0,safe first
2893,1576,76.89603371,22,0,safe first
2857,1756,183.5647025,22,0,safe first
2677,1936,254.5584412,22,0,safe first
2497,2116,254.5584412,22,0,safe first
2317,2296,254.5584412,22,0,safe first
2266,2215,95.7183368,22,0,safe first
2086,2035,254.5584412,22,0,safe first
2143,2032,57.07889277,22,0,safe first
2140,1879,153.0294089,22,0,safe first
2320,1699,254.5584412,22,0,safe first
2500,1519,254.5584412,22,0,safe first
2680,1339,254.5584412,22,0,safe first
2860,1342,180.0249983,22,0,safe first
2824,1522,183.5647025,22,0,safe first
2644,1702,254.5584412,22,0,safe first
2464,1789,199.922485,22,0,safe first
2302,1684,193.0518065,22,0,safe first
2170,1786,166.8172653,22,0,safe first
2146,1966,181.5929514,22,0,safe first
2197,2053,100.8464179,22,0,safe first
2269,1876,191.0837513,22,0,safe first
2428,1813,171.0263138,22,0,safe first
2449,1633,181.2208597,22,0,safe first
2629,1567,191.7185437,22,0,safe first
2809,1564,180.0249983,22,0,safe first
2914,1459,148.492424,22,0,safe first
2734,1639,254.5584412,22,0,safe first
2554,1669,182.4828759,22,0,safe first
2374,1798,221.4520264,22,0,safe first
2194,1978,254.5584412,22,0,safe first
2215,2062,86.58521814,22,0,safe first
2395,1918,230.5124725,22,0,safe first
2575,1738,254.5584412,22,0,safe first
2755,1558,254.5584412,22,0,safe first
2830,1483,106.0660172,22,0,safe first
2923,1459,96.04686356,22,0,safe first
2743,1618,240.1686907,22,0,safe first
2563,1798,254.5584412,22,0,safe first
2383,1849,187.0855419,22,0,safe first
2224,1792,168.9082591,22,0,safe first
2224,1972,180,22,0,safe first
2140,2116,166.7093279,22,0,safe first
2320,1975,228.6503881,22,0,safe first
2500,1795,254.5584412,22,0,safe first
2680,1615,254.5584412,22,0,safe first
2860,1435,254.5584412,22,0,safe first
2818,1396,57.31491952,22,0,safe first
2638,1576,254.5584412,22,0,safe first
2458,1756,254.5584412,22,0,safe first
2278,1936,254.5584412,22,0,safe first
2167,2092,191.4601786,22,0,safe first
2347,2002,201.246118,22,0,safe first
2527,1822,254.5584412,22,0,safe first
2707,1642,254.5584412,22,0,safe first
2887,1462,254.5584412,22,0,safe first
2761,1630,210,22,0,safe first
2581,1810,254.5584412,22,0,safe first
2401,1990,254.5584412,22,0,safe first
2221,1981,180.2248596,22,0,safe first
2206,2059,79.42921377,22,0,safe first
2167,2059,39,22,0,safe first
2347,1903,238.1931989,22,0,safe first
2527,1789,213.0633709,22,0,safe first
2707,1681,209.9142682,22,0,safe first
2887,1501,254.5584412,22,0,safe first
2833,1588,102.396289,22,0,safe first
2653,1768,254.5584412,22,0,safe first
2473,1948,254.5584412,22,0,safe first
2293,2113,244.1823089,22,0,safe first
2113,2086,182.0137357,22,0,safe first
2248,2062,137.1167386,22,0,safe first
2428,2050,180.3995565,22,0,safe first
2608,1870,254.5584412,22,0,safe first
2788,1690,254.5584412,22,0,safe first
2968,1510,254.5584412,22,0,safe first
2890,1609,126.0357092,22,0,safe first
2710,1789,254.5584412,22,0,safe first
2530,1969,254.5584412,22,0,safe first
2350,1978,180.2248596,22,0,safe first
2170,2077,205.4288198,22,0,safe first
2137,2077,33,22,0,safe first
2293,2026,164.1249524,22,0,safe first
2473,1846,254.5584412,22,0,safe first
2653,1666,254.5584412,22,0,safe first
2833,1534,223.2129029,22,0,safe first
2848,1543,17.49285568,22,0,safe first
2668,1723,254.5584412,22,0,safe first
2488,1882,240.1686907,22,0,safe first
2308,1939,188.8094277,22,0,safe first
2167,2119,228.6503881,22,0,safe first
2140,2071,55.07267925,22,0,safe first
2320,1987,198.6353443,22,0,safe first
2500,1807,254.5584412,22,0,safe first
2680,1627,254.5584412,22,0,safe first
2860,1447,254.5584412,22,0,safe first
2773,1591,168.2408987,22,0,safe first
2593,1771,254.5584412,22,0,safe first
2413,1951,254.5584412,22,0,safe first
2233,2077,219.7180011,22,0,safe first
2155,2077,78,22,0,safe first
2335,1942,225,22,0,safe first
2515,1876,191.7185437,22,0,safe first
2695,1735,228.6503881,22,0,safe first
2875,1555,254.5584412,22,0,safe first
2887,1570,19.20937271,22,0,safe first
2917,1417,155.9134375,22,0,safe first
2758,1321,185.7336803,22,0,safe first
2578,1141,254.5584412,22,0,safe first
2398,1123,180.8977612,22,0,safe first
2218,1090,183,22,0,safe first
2206,952,138.5207566,22,0,safe first
2179,787,167.1944975,22,0,safe first
2053,847,139.5564402,22,0,safe first
1990,979,146.2634609,22,0,safe first
1921,1096,135.8307771,22,0,safe first
1936,1156,61.84658438,22,0,safe first
1927,982,174.2326031,22,0,safe first
2026,895,131.7952958,22,0,safe first
2128,808,134.0634178,22,0,safe first
2161,973,168.2676439,22,0,safe first
2161,1153,180,22,0,safe first
2161,1333,180,22,0,safe first
2074,1513,199.922485,22,0,safe first
2125,1693,187.0855419,22,0,safe first
2125,1873,180,22,0,safe first
2125,2053,180,22,0,safe first
2125,2233,180,22,0,safe first
2125,2413,180,22,0,safe first
2125,2593,180,22,0,safe first
2185,2773,189.7366596,22,0,safe first
2365,2953,254.5584412,22,0,safe first
2545,2953,180,22,0,safe first
2725,2953,180,22,0,safe first
2905,2953,180,22,0,safe first
3010,2803,183.0983342,22,0,safe first
3190,2803,180,22,0,safe first
3229,2656,152.0855023,22,0,safe first
3049,2656,180,22,0,safe first
2869,2524,223.2129029,22,0,safe first
2761,2344,209.9142682,22,0,safe first
2656,2164,208.3866598,22,0,safe first
2476,1984,254.5584412,22,0,safe first
2296,1984,180,22,0,safe first
2116,1939,185.5397532,22,0,safe first
1936,1828,211.4734026,22,0,safe first
1756,1819,180.2248596,22,0,safe first
1576,1639,254.5584412,22,0,safe first
1414,1474,231.2336481,22,0,safe first
1591,1414,186.8930175,22,0,safe first
1741,1234,234.3074903,22,0,safe first
1741,1054,180,22,0,safe first
1741,874,180,22,0,safe first
1840,724,179.7247896,22,0,safe first
2020,724,180,22,0,safe first
2041,898,175.26266,22,0,safe first
1936,979,132.6122166,22,0,safe first
1915,1147,169.3074127,22,0,safe first
1924,1165,20.1246118,22,0,safe first
1927,985,180.0249983,22,0,safe first
2044,904,142.3024947,22,0,safe first
2116,784,139.9428455,22,0,safe first
2164,934,157.492857,22,0,safe first
2164,1114,180,22,0,safe first
2164,1294,180,22,0,safe first
2164,1474,180,22,0,safe first
2164,1654,180,22,0,safe first
2137,1834,182.0137357,22,0,safe first
2122,2014,180.6239187,22,0,safe first
2143,1855,160.3807969,22,0,safe first
2221,1675,196.1733927,22,0,safe first
2236,1495,180.6239187,22,0,safe first
2194,1315,184.8350616,22,0,safe first
2194,1135,180,22,0,safe first
2194,955,180,22,0,safe first
2125,820,151.6113452,22,0,safe first
2056,931,130.6981255,22,0,safe first
1933,1012,147.2752525,22,0,safe first
1972,1180,172.4673882,22,0,safe first
1927,1048,139.4596716,22,0,safe first
1927,991,57,22,0,safe first
2026,901,133.7946187,22,0,safe first
2137,802,148.7346631,22,0,safe first
2179,976,178.9972067,22,0,safe first
2179,1156,180,22,0,safe first
2179,1336,180,22,0,safe first
2179,1516,180,22,0,safe first
2179,1696,180,22,0,safe first
2179,1876,180,22,0,safe first
2119,2056,189.7366596,22,0,safe first
2182,1981,97.9489663,22,0,safe first
2182,1801,180,22,0,safe first
2308,1621,219.7180011,22,0,safe first
2488,1453,246.2194143,22,0,safe first
2668,1453,180,22,0,safe first
2848,1453,180,22,0,safe first
2887,1504,64.20280368,22,0,safe first
2707,1684,254.5584412,22,0,safe first
2527,1864,254.5584412,22,0,safe first
2497,1894,42.42640687,22,0,safe first
2461,2065,180,22,1,safe first
2494,1912,156.5183695,22,1,safe first
2467,1741,173.1184566,22,1,safe first
2287,1741,180,22,1,safe first
2107,1741,180,22,1,safe first
1942,1777,168.8816153,22,1,safe first
1834,1957,209.9142682,22,1,safe first
1654,2137,254.5584412,22,1,safe first
1474,2317,254.5584412,22,1,safe first
1645,2347,173.6116356,22,1,safe first
1825,2383,183.5647025,22,1,safe first
1828,2479,96.04686356,22,1,safe first
1828,2428,51,22,1,safe first
1828,2536,108,22,1,safe first
1828,2716,180,22,1,safe first
1960,2788,150.359569,22,1,safe first
2140,2788,180,22,1,safe first
2245,2890,146.3864748,22,1,safe first
2137,2998,152.7350647,22,1,safe first
1957,2998,180,22,1,safe first
1777,2998,180,22,1,safe first
1597,2998,180,22,1,safe first
1417,2998,180,22,1,safe first
1237,2998,180,22,1,safe first
1111,2923,146.6321929,22,1,safe first
1057,3088,173.6116356,22,1,safe first
1057,3085,3,22,1,safe first
1015,2905,184.8350616,22,1,safe first
880,2725,225,22,1,safe first
712,2545,246.2194143,22,1,safe first
829,2380,202.272094,22,1,safe first
829,2200,180,22,1,safe first
1006,2095,205.8008746,22,1,safe first
1186,2095,180,22,1,safe first
1366,2095,180,22,1,safe first
1381,1990,106.0660172,22,1,safe first
1381,1810,180,22,1,safe first
1381,1630,180,22,1,safe first
1273,1534,144.4991349,22,1,safe first
1186,1414,148.2194319,22,1,safe first
1366,1378,183.5647025,22,1,safe first
1546,1378,180,22,1,safe first
1726,1378,180,22,1,safe first
1906,1378,180,22,1,safe first
2002,1486,144.4991349,22,1,safe first
2095,1603,149.4590245,22,1,safe first
2143,1750,154.6382876,22,1,safe first
2143,1930,180,22,1,safe first
2071,2065,153,22,1,safe first
1942,1993,147.732867,22,1,safe first
1780,1942,169.8381583,22,1,safe first
1672,1822,161.4434886,22,1,safe first
1672,1642,180,22,1,safe first
1504,1462,246.2194143,22,1,safe first
1324,1429,183,22,1,safe first
1177,1387,152.8823077,22,1,safe first
1267,1219,190.5885621,22,1,safe first
1447,1177,184.8350616,22,1,safe first
1627,1177,180,22,1,safe first
1807,1177,180,22,1,safe first
1987,1177,180,22,1,safe first
2038,1327,158.4329511,22,1,safe first
2038,1507,180,22,1,safe first
2038,1687,180,22,1,safe first
2155,1792,157.2068701,22,1,safe first
2158,1972,180.0249983,22,1,safe first
2059,2152,205.4288198,22,1,safe first
1954,2050,146.3864748,22,1,safe first
1927,1870,182.0137357,22,1,safe first
1747,1690,254.5584412,22,1,safe first
1855,1510,209.9142682,22,1,safe first
2035,1330,254.5584412,22,1,safe first
2101,1150,191.7185437,22,1,safe first
2236,970,225,22,1,safe first
2416,886,198.6353443,22,1,safe first
2593,928,181.9148152,22,1,safe first
2683,1036,140.5844942,22,1,safe first
2731,1195,166.0873264,22,1,safe first
2731,1375,180,22,1,safe first
2554,1555,252.4460338,22,1,safe first
2374,1573,180.8977612,22,1,safe first
2194,1573,180,22,1,safe first
2014,1582,180.2248596,22,1,safe first
1993,1762,181.2208597,22,1,safe first
1993,1942,180,22,1,safe first
2014,2071,130.6981255,22,1,safe first
1876,2023,146.1095479,22,1,safe first
1786,1843,201.246118,22,1,safe first
1786,1663,180,22,1,safe first
1732,1483,187.9255172,22,1,safe first
1552,1303,254.5584412,22,1,safe first
1372,1123,254.5584412,22,1,safe first
1240,1288,211.3030998,22,1,safe first
1159,1381,123.3288287,22,1,safe first
1012,1243,201.6258912,22,1,safe first
1012,1423,180,22,1,safe first
1012,1603,180,22,1,safe first
1117,1699,142.2708684,22,1,safe first
1234,1780,142.3024947,22,1,safe first
1357,1864,148.946299,22,1,safe first
1537,1864,180,22,1,safe first
1717,1864,180,22,1,safe first
1897,2029,244.1823089,22,1,safe first
2077,2029,180,22,1,safe first
2257,2029,180,22,1,safe first
2437,2029,180,22,1,safe first
2617,2029,180,22,1,safe first
2695,1918,135.6650287,22,1,safe first
2695,1738,180,22,1,safe first
2848,1558,236.2392855,22,1,safe first
3022,1378,250.3517525,22,1,safe first
2863,1198,240.1686907,22,1,safe first
2836,1018,182.0137357,22,1,safe first
2656,838,254.5584412,22,1,safe first
2527,790,137.640837,22,1,safe first
2467,970,189.7366596,22,1,safe first
2287,1150,254.5584412,22,1,safe first
2158,1231,152.3220273,22,1,safe first
2122,1186,57.62811814,22,1,safe first
2122,1366,180,22,1,safe first
2053,1546,192.7718859,22,1,safe first
1978,1726,195,22,1,safe first
2020,1906,184.8350616,22,1,safe first
2020,2002,96,22,1,safe first
2020,1822,180,22,1,safe first
2020,1642,180,22,1,safe first
2020,1462,180,22,1,safe first
2047,1282,182.0137357,22,1,safe first
1969,1102,196.1733927,22,1,safe first
1789,1147,185.5397532,22,1,safe first
1696,1285,166.412139,22,1,safe first
1525,1324,175.3909918,22,1,safe first
1525,1504,180,22,1,safe first
1525,1684,180,22,1,safe first
1567,1828,150,22,1,safe first
1726,1828,159,22,1,safe first
1759,1693,138.9748179,22,1,safe first
1738,1561,133.6600165,22,1,safe first
1558,1501,189.7366596,22,1,safe first
1378,1405,204,22,1,safe first
1300,1312,121.3795699,22,1,safe first
1273,1321,28.46049894,22,1,safe first
1273,1255,66,22,1,safe first
1216,1201,78.51751397,22,1,safe first
1117,1294,135.8307771,22,1,safe first
1129,1387,93.77099765,22,1,safe first
1054,1267,141.509717,22,1,safe first
1024,1321,61.77378085,22,1,safe first
946,1396,108.2081328,22,1,safe first
946,1576,180,22,1,safe first
946,1756,180,22,1,safe first
946,1936,180,22,1,safe first
1051,2017,132.6122166,22,1,safe first
1231,2023,180.0999722,22,1,safe first
1411,2146,218.0114676,22,1,safe first
1591,2251,208.3866598,22,1,safe first
1771,2311,189.7366596,22,1,safe first
1948,2257,185.0540462,22,1,safe first
2026,2077,196.1733927,22,1,safe first
1903,1897,218.0114676,22,1,safe first
1774,1717,221.4520264,22,1,safe first
1774,1537,180,22,1,safe first
1774,1357,180,22,1,safe first
1822,1177,186.2900964,22,1,safe first
2002,1006,248.276056,22,1,safe first
2125,1186,218.0114676,22,1,safe first
2125,1366,180,22,1,safe first
2125,1546,180,22,1,safe first
1969,1726,238.1931989,22,1,safe first
1924,1906,185.5397532,22,1,safe first
2092,2020,203.0270918,22,1,safe first
2092,1840,180,22,1,safe first
1942,1660,234.3074903,22,1,safe first
2068,1480,219.7180011,22,1,safe first
2062,1300,180.0999722,22,1,safe first
2158,1345,106.0235823,22,1,safe first
2053,1525,208.3866598,22,1,safe first
1873,1705,254.5584412,22,1,safe first
1933,1885,189.7366596,22,1,safe first
2113,2014,221.4520264,22,1,safe first
2113,1834,180,22,1,safe first
2113,1654,180,22,1,safe first
2086,1474,182.0137357,22,1,safe first
2155,1294,192.7718859,22,1,safe first
2065,1114,201.246118,22,1,safe first
1987,1189,108.2081328,22,1,safe first
1987,1369,180,22,1,safe first
1987,1549,180,22,1,safe first
1987,1729,180,22,1,safe first
1987,1909,180,22,1,safe first
1993,2077,168.1071087,22,1,safe first
1960,1912,168.2676439,22,1,safe first
1831,1732,221.4520264,22,1,safe first
1651,1552,254.5584412,22,1,safe first
1798,1372,232.3983649,22,1,safe first
1978,1192,254.5584412,22,1,safe first
2158,1237,185.5397532,22,1,safe first
2338,1372,225,22,1,safe first
2299,1552,184.1765457,22,1,safe first
2119,1732,254.5584412,22,1,safe first
2062,1912,188.8094277,22,1,safe first
1975,2092,199.922485,22,1,safe first
1795,2200,209.9142682,22,1,safe first
1615,2020,254.5584412,22,1,safe first
1435,1840,254.5584412,22,1,safe first
1255,1660,254.5584412,22,1,safe first
1144,1549,156.9777054,22,1,safe first
1078,1549,66,22,1,safe first
1027,1597,70.03570518,22,1,safe first
853,1462,220.2294258,22,1,safe first
733,1339,171.8400419,22,1,safe first
874,1324,141.7956276,22,1,safe first
1018,1180,203.646753,22,1,safe first
1018,1180,0,22,1,safe first
1018,1180,0,22,1,safe first
1018,1048,132,22,1,safe first
1021,946,102.0441081,22,1,safe first
1201,940,180.0999722,22,1,safe first
1381,796,230.5124725,22,1,safe first
1561,796,180,22,1,safe first
1741,973,252.4460338,22,1,safe first
1921,1018,185.5397532,22,1,safe first
2101,1171,236.2392855,22,1,safe first
2155,1351,187.9255172,22,1,safe first
2155,1531,180,22,1,safe first
2206,1711,187.0855419,22,1,safe first
2119,1804,127.3499117,22,1,safe first
2119,1786,18,22,1,safe first
2119,1609,177,22,1,safe first
2113,1429,180.0999722,22,1,safe first
2104,1249,180.2248596,22,1,safe first
2095,1390,141.2869421,22,1,safe first
1945,1570,234.3074903,22,1,safe first
1948,1750,180.0249983,22,1,safe first
1918,1930,182.4828759,22,1,safe first
2056,1990,150.4792344,22,1,safe first
2056,1810,180,22,1,safe first
2029,1630,182.0137357,22,1,safe first
2185,1450,238.1931989,22,1,safe first
2074,1270,211.4734026,22,1,safe first
2155,1333,102.6157883,22,1,safe first
2080,1513,195,22,1,safe first
1915,1693,244.1823089,22,1,safe first
2056,1873,228.6503881,22,1,safe first
2071,2050,177.6344561,22,1,safe first
2071,1897,153,22,1,safe first
2173,1717,206.8912758,22,1,safe first
2188,1687,33.54101966,22,1,safe first
2011,1687,177,22,1,safe first
1831,1813,219.7180011,22,1,safe first
1681,1993,234.3074903,22,1,safe first
1708,2173,182.0137357,22,1,safe first
1888,2344,248.276056,22,1,safe first
2068,2344,180,22,1,safe first
2248,2344,180,22,1,safe first
2428,2344,180,22,1,safe first
2533,2254,138.2931669,22,1,safe first
2692,2083,233.4994647,22,1,safe first
2872,2083,180,22,1,safe first
3052,2230,232.3983649,22,1,safe first
3232,2410,254.5584412,22,1,safe first
3256,2443,40.80441153,22,1,safe first
3091,2500,174.5680383,22,1,safe first
2911,2680,254.5584412,22,1,safe first
2746,2860,244.1823089,22,1,safe first
2860,3040,213.0633709,22,1,safe first
2899,3220,184.1765457,22,1,safe first
2719,3400,254.5584412,22,1,safe first
2635,3241,179.8249148,22,1,safe first
2455,3061,254.5584412,22,1,safe first
2275,2881,254.5584412,22,1,safe first
2176,2875,99.18165153,22,1,safe first
2026,3055,234.3074903,22,1,safe first
1846,3184,221.4520264,22,1,safe first
1666,3010,250.3517525,22,1,safe first
1486,2830,254.5584412,22,1,safe first
1306,2650,254.5584412,22,1,safe first
1405,2476,200.1924074,22,1,safe first
1351,2296,187.9255172,22,1,safe first
1309,2116,184.8350616,22,1,safe first
1489,1936,254.5584412,22,1,safe first
2413,2065,180,23,0,risky first
2593,2065,180,23,0,risky first
2587,2221,156.115342,23,0,risky first
2407,2281,189.7366596,23,0,risky first
2227,2461,254.5584412,23,0,risky first
2047,2641,254.5584412,23,0,risky first
1867,2512,221.4520264,23,0,risky first
1687,2332,254.5584412,23,0,risky first
1507,2152,254.5584412,23,0,risky first
1366,2050,174.0258601,23,0,risky first
1537,1873,246.1097316,23,0,risky first
1498,1693,184.1765457,23,0,risky first
1552,1513,187.9255172,23,0,risky first
1732,1333,254.5584412,23,0,risky first
1906,1288,179.7247896,23,0,risky first
1969,1204,105,23,0,risky first
1999,1336,135.3661701,23,0,risky first
2032,1516,183,23,0,risky first
2212,1678,242.1652328,23,0,risky first
2392,1612,191.7185437,23,0,risky first
2572,1576,183.5647025,23,0,risky first
2752,1480,204,23,0,risky first
2890,1435,145.1516448,23,0,risky first
2989,1525,133.7946187,23,0,risky first
2875,1705,213.0633709,23,0,risky first
2716,1810,190.5413341,23,0,risky first
2617,1990,205.4288198,23,0,risky first
2437,2035,185.5397532,23,0,risky first
2257,2026,180.2248596,23,0,risky first
2083,2053,176.0823671,23,0,risky first
2197,1960,147.122398,23,0,risky first
2377,1927,183,23,0,risky first
2557,1747,254.5584412,23,0,risky first
2737,1672,195,23,0,risky first
2917,1492,254.5584412,23,0,risky first
2824,1393,135.8307771,23,0,risky first
2644,1573,254.5584412,23,0,risky first
2488,1753,238.1931989,23,0,risky first
2350,1933,226.8126981,23,0,risky first
2170,1993,189.7366596,23,0,risky first
2170,2110,117,23,0,risky first
2350,2290,254.5584412,23,0,risky first
2530,2470,254.5584412,23,0,risky first
2647,2650,214.683488,23,0,risky first
2827,2830,254.5584412,23,0,risky first
3007,2860,182.4828759,23,0,risky first
3187,2680,254.5584412,23,0,risky first
3295,2545,172.8843544,23,0,risky first
3115,2374,248.276056,23,0,risky first
3004,2269,152.7939789,23,0,risky first
2824,2089,254.5584412,23,0,risky first
2644,1909,254.5584412,23,0,risky first
2626,1783,127.2792206,23,0,risky first
2806,1603,254.5584412,23,0,risky first
2842,1483,125.2836781,23,0,risky first
2857,1429,56.04462508,23,0,risky first
2677,1510,197.3854098,23,0,risky first
2497,1690,254.5584412,23,0,risky first
2317,1870,254.5584412,23,0,risky first
2137,2050,254.5584412,23,0,risky first
2188,1966,98.27003612,23,0,risky first
2368,1786,254.5584412,23,0,risky first
2548,1606,254.5584412,23,0,risky first
2716,1564,173.1704363,23,0,risky first
2896,1438,219.7180011,23,0,risky first
2794,1441,102.0441081,23,0,risky first
2614,1621,254.5584412,23,0,risky first
2434,1801,254.5584412,23,0,risky first
2254,1981,254.5584412,23,0,risky first
2074,2041,189.7366596,23,0,risky first
2203,1924,174.1551033,23,0,risky first
2383,1744,254.5584412,23,0,risky first
2563,1570,250.3517525,23,0,risky first
2743,1516,187.9255172,23,0,risky first
2923,1408,209.9142682,23,0,risky first
2776,1375,150.6585544,23,0,risky first
2596,1555,254.5584412,23,0,risky first
2416,1735,254.5584412,23,0,risky first
2236,1915,254.5584412,23,0,risky first
2077,2074,224.8599564,23,0,risky first
2197,2101,123,23,0,risky first
2197,1945,156,23,0,risky first
2338,1828,183.2211778,23,0,risky first
2518,1648,254.5584412,23,0,risky first
2698,1555,202.6055281,23,0,risky first
2878,1411,230.5124725,23,0,risky first
2830,1465,72.24956747,23,0,risky first
2650,1594,221.4520264,23,0,risky first
2470,1774,254.5584412,23,0,risky first
2290,1954,254.5584412,23,0,risky first
2263,2134,182.0137357,23,0,risky first
2110,2101,156.5183695,23,0,risky first
2188,1975,148.1890684,23,0,risky first
2368,1795,254.5584412,23,0,risky first
2548,1666,221.4520264,23,0,risky first
2728,1519,232.3983649,23,0,risky first
2908,1429,201.246118,23,0,risky first
2782,1414,126.8897159,23,0,risky first
2602,1588,250.3517525,23,0,risky first
2422,1768,254.5584412,23,0,risky first
2242,1948,254.5584412,23,0,risky first
2107,2101,204.0441129,23,0,risky first
2287,1963,226.8126981,23,0,risky first
2467,1783,254.5584412,23,0,risky first
2647,1660,218.0114676,23,0,risky first
2827,1537,218.0114676,23,0,risky first
2866,1444,100.8464179,23,0,risky first
2686,1504,189.7366596,23,0,risky first
2506,1684,254.5584412,23,0,risky first
2326,1864,254.5584412,23,0,risky first
2146,2044,254.5584412,23,0,risky first
2089,1996,74.51845409,23,0,risky first
2269,1912,198.6353443,23,0,risky first
2449,1780,223.2129029,23,0,risky first
2629,1672,209.9142682,23,0,risky first
2809,1537,225,23,0,risky first
2860,1435,114.0394669,23,0,risky first
2680,1585,234.3074903,23,0,risky first
2500,1765,254.5584412,23,0,risky first
2335,1945,244.1823089,23,0,risky first
2320,2125,180.6239187,23,0,risky first
2155,2065,175.5704987,23,0,risky first
2104,2104,64.20280368,23,0,risky first
2284,1975,221.4520264,23,0,risky first
2464,1804,248.276056,23,0,risky first
2644,1717,199.922485,23,0,risky first
2824,1537,254.5584412,23,0,risky first
2923,1516,101.2027668,23,0,risky first
2743,1564,186.2900964,23,0,risky first
2563,1744,254.5584412,23,0,risky first
2383,1924,254.5584412,23,0,risky first
2332,2098,181.3201588,23,0,risky first
2221,2020,135.6650287,23,0,risky first
2146,2110,117.1537451,23,0,risky first
2077,2071,79.25906888,23,0,risky first
2257,2026,185.5397532,23,0,risky first
2437,1846,254.5584412,23,0,risky first
2617,1666,254.5584412,23,0,risky first
2797,1567,205.4288198,23,0,risky first
2881,1453,141.6050847,23,0,risky first
2944,1405,79.20227269,23,0,risky first
2794,1345,161.5549442,23,0,risky first
2614,1165,254.5584412,23,0,risky first
2434,1123,184.8350616,23,0,risky first
2254,988,225,23,0,risky first
2140,1084,149.0369082,23,0,risky first
2023,1168,144.0312466,23,0,risky first
2023,1219,51,23,0,risky first
2188,1294,181.2456896,23,0,risky first
2083,1474,208.3866598,23,0,risky first
2206,1654,218.0114676,23,0,risky first
2302,1834,204,23,0,risky first
2200,1933,142.1442929,23,0,risky first
2116,2041,136.821051,23,0,risky first
2116,1873,168,23,0,risky first
2116,1693,180,23,0,risky first
2116,1513,180,23,0,risky first
2188,1333,193.8659331,23,0,risky first
2161,1153,182.0137357,23,0,risky first
2035,1057,158.4045454,23,0,risky first
2017,1114,59.77457654,23,0,risky first
2119,934,206.8912758,23,0,risky first
2131,1009,75.95393341,23,0,risky first
2185,1099,104.9571341,23,0,risky first
2125,1267,178.392825,23,0,risky first
2083,1447,184.8350616,23,0,risky first
2029,1627,187.9255172,23,0,risky first
2023,1807,180.0999722,23,0,risky first
2074,1987,187.0855419,23,0,risky first
2041,1921,73.79024326,23,0,risky first
1903,1741,226.8126981,23,0,risky first
1903,1561,180,23,0,risky first
1903,1381,180,23,0,risky first
1903,1300,81,23,0,risky first
1870,1300,33,23,0,risky first
1900,1300,30,23,0,risky first
1768,1201,165,23,0,risky first
1840,1150,88.23264702,23,0,risky first
1879,1015,140.5204611,23,0,risky first
1942,1120,122.4499898,23,0,risky first
1963,1075,49.65883607,23,0,risky first
1900,1075,63,23,0,risky first
1837,1114,74.09453421,23,0,risky first
1816,1279,166.3309953,23,0,risky first
1978,1459,242.1652328,23,0,risky first
2035,1639,188.8094277,23,0,risky first
2035,1819,180,23,0,risky first
2083,1999,186.2900964,23,0,risky first
1966,2068,135.8307771,23,0,risky first
1786,2068,180,23,0,risky first
1606,2173,208.3866598,23,0,risky first
1426,2326,236.2392855,23,0,risky first
1276,2506,234.3074903,23,0,risky first
1096,2620,213.0633709,23,0,risky first
916,2764,230.5124725,23,0,risky first
736,2944,254.5584412,23,0,risky first
838,3049,146.3864748,23,0,risky first
886,3229,186.2900964,23,0,risky first
1051,3103,207.6078033,23,0,risky first
1105,2923,187.9255172,23,0,risky first
1210,2743,208.3866598,23,0,risky first
1108,2563,206.8912758,23,0,risky first
1111,2383,180.0249983,23,0,risky first
1291,2203,254.5584412,23,0,risky first
1429,2023,226.8126981,23,0,risky first
1567,1843,226.8126981,23,0,risky first
1612,1663,185.5397532,23,0,risky first
1777,1483,244.1823089,23,0,risky first
1777,1303,180,23,0,risky first
1819,1123,184.8350616,23,0,risky first
1819,943,180,23,0,risky first
1843,775,169.7056275,23,0,risky first
1843,724,51,23,0,risky first
2005,721,162.0277754,23,0,risky first
2002,865,144.0312466,23,0,risky first
1927,1000,154.4344521,23,0,risky first
1975,1168,174.7226373,23,0,risky first
2068,1093,119.4738465,23,0,risky first
1966,1090,102.0441081,23,0,risky first
1906,1036,80.72174428,23,0,risky first
2053,943,173.9482682,23,0,risky first
2029,835,110.6345335,23,0,risky first
2146,793,124.3100961,23,0,risky first
2146,973,180,23,0,risky first
2149,1153,180.0249983,23,0,risky first
2149,1333,180,23,0,risky first
2110,1513,184.1765457,23,0,risky first
2131,1693,181.2208597,23,0,risky first
2074,1873,188.8094277,23,0,risky first
2056,2017,145.1206395,23,0,risky first
2092,1837,183.5647025,23,0,risky first
2116,1657,181.5929514,23,0,risky first
2170,1477,187.9255172,23,0,risky first
2191,1297,181.2208597,23,0,risky first
2191,1117,180,23,0,risky first
2104,1051,109.2016483,23,0,risky first
2098,1069,18.97366596,23,0,risky first
2248,961,184.8350616,23,0,risky first
2428,781,254.5584412,23,0,risky first
2608,820,184.1765457,23,0,risky first
2788,1000,254.5584412,23,0,risky first
2968,1180,254.5584412,23,0,risky first
2974,1285,105.1712889,23,0,risky first
2920,1420,145.3994498,23,0,risky first
3019,1456,105.3422992,23,0,risky first
3199,1474,180.8977612,23,0,risky first
3316,1585,161.2761607,23,0,risky first
3238,1756,187.9494613,23,0,risky first
3217,1936,181.2208597,23,0,risky first
3181,2116,183.5647025,23,0,risky first
3145,2296,183.5647025,23,0,risky first
3193,2476,186.2900964,23,0,risky first
3241,2656,186.2900964,23,0,risky first
3169,2836,193.8659331,23,0,risky first
3169,3016,180,23,0,risky first
3169,3196,180,23,0,risky first
3091,3376,196.1733927,23,0,risky first
2911,3352,181.5929514,23,0,risky first
2731,3289,190.7065809,23,0,risky first
2551,3109,254.5584412,23,0,risky first
2371,3070,184.1765457,23,0,risky first
2191,2992,196.1733927,23,0,risky first
2011,2812,254.5584412,23,0,risky first
1831,2716,204,23,0,risky first
1651,2584,223.2129029,23,0,risky first
1471,2404,254.5584412,23,0,risky first
1369,2299,146.3864748,23,0,risky first
1192,2299,177,23,0,risky first
1012,2299,180,23,0,risky first
832,2245,187.9255172,23,0,risky first
958,2158,153.1176019,23,0,risky first
1018,1978,189.7366596,23,0,risky first
1111,1798,202.6055281,23,0,risky first
1111,1618,180,23,0,risky first
1282,1438,248.276056,23,0,risky first
1462,1258,254.5584412,23,0,risky first
1549,1078,199.922485,23,0,risky first
1666,898,214.683488,23,0,risky first
1846,760,226.8126981,23,0,risky first
2026,766,180.0999722,23,0,risky first
2008,946,180.8977612,23,0,risky first
1924,1057,139.2012931,23,0,risky first
1957,1144,93.04837452,23,0,risky first
1921,988,160.0999688,23,0,risky first
2017,979,96.42095208,23,0,risky first
2035,940,42.95346319,23,0,risky first
2092,760,188.8094277,23,0,risky first
2155,856,114.8259553,23,0,risky first
2194,1036,184.1765457,23,0,risky first
2194,1216,180,23,0,risky first
2194,1396,180,23,0,risky first
2194,1576,180,23,0,risky first
2251,1756,188.8094277,23,0,risky first
2143,1876,161.4434886,23,0,risky first
2065,1999,145.6468331,23,0,risky first
2158,1876,154.2011673,23,0,risky first
2212,1726,159.4239631,23,0,risky first
2158,1546,187.9255172,23,0,risky first
2158,1366,180,23,0,risky first
2137,2194,134.77,23,1,risky first
2317,2125,192.7718859,23,1,risky first
2497,2011,213.0633709,23,1,risky first
2677,2011,180,23,1,risky first
2857,2083,193.8659331,23,1,risky first
2926,2236,167.8392088,23,1,risky first
2980,2356,131.5902732,23,1,risky first
3160,2263,202.6055281,23,1,risky first
3340,2191,193.8659331,23,1,risky first
3298,2257,78.23042886,23,1,risky first
3118,2326,192.7718859,23,1,risky first
2992,2446,174,23,1,risky first
2905,2626,199.922485,23,1,risky first
2740,2803,241.979338,23,1,risky first
2848,2923,161.4434886,23,1,risky first
2950,3103,206.8912758,23,1,risky first
2776,3136,177.1016657,23,1,risky first
2596,2977,240.1686907,23,1,risky first
2416,3100,218.0114676,23,1,risky first
2236,3034,191.7185437,23,1,risky first
2056,2881,236.2392855,23,1,risky first
1876,2743,226.8126981,23,1,risky first
1696,2563,254.5584412,23,1,risky first
1639,2461,116.8460526,23,1,risky first
1618,2323,139.5886815,23,1,risky first
1618,2197,126,23,1,risky first
1591,2017,182.0137357,23,1,risky first
1543,1837,186.2900964,23,1,risky first
1363,1684,236.2392855,23,1,risky first
1204,1504,240.1686907,23,1,risky first
1312,1480,110.6345335,23,1,risky first
1492,1660,254.5584412,23,1,risky first
1672,1840,254.5584412,23,1,risky first
1852,1846,180.0999722,23,1,risky first
2008,1795,164.1249524,23,1,risky first
1957,1681,124.8879498,23,1,risky first
1957,1645,36,23,1,risky first
1957,1645,0,23,1,risky first
1957,1645,0,23,1,risky first
1957,1645,0,23,1,risky first
1957,1645,0,23,1,risky first
2026,1795,165.1090549,23,1,risky first
1852,1690,203.2264747,23,1,risky first
1672,1510,254.5584412,23,1,risky first
1492,1390,216.3330765,23,1,risky first
1312,1387,180.0249983,23,1,risky first
1189,1426,129.034879,23,1,risky first
1165,1450,33.9411255,23,1,risky first
1273,1483,112.9291813,23,1,risky first
1396,1561,145.6468331,23,1,risky first
1576,1699,226.8126981,23,1,risky first
1756,1879,254.5584412,23,1,risky first
1936,1990,211.4734026,23,1,risky first
2020,2056,106.8269629,23,1,risky first
1840,1894,242.1652328,23,1,risky first
1660,1714,254.5584412,23,1,risky first
1480,1534,254.5584412,23,1,risky first
1300,1414,216.3330765,23,1,risky first
1219,1411,81.05553652,23,1,risky first
1399,1528,214.683488,23,1,risky first
1579,1708,254.5584412,23,1,risky first
1759,1888,254.5584412,23,1,risky first
1939,1999,211.4734026,23,1,risky first
1975,2023,43.26661531,23,1,risky first
1795,1843,254.5584412,23,1,risky first
1615,1663,254.5584412,23,1,risky first
1435,1483,254.5584412,23,1,risky first
1300,1348,190.9188309,23,1,risky first
1339,1336,40.80441153,23,1,risky first
1237,1306,106.3202709,23,1,risky first
1180,1402,111.6467644,23,1,risky first
1258,1294,133.2216199,23,1,risky first
1438,1435,228.6503881,23,1,risky first
1618,1615,254.5584412,23,1,risky first
1756,1795,226.8126981,23,1,risky first
1936,1975,254.5584412,23,1,risky first
2089,2011,157.1782428,23,1,risky first
1975,2011,114,23,1,risky first
1960,2068,58.94064811,23,1,risky first
1963,2026,42.10700654,23,1,risky first
1783,1846,254.5584412,23,1,risky first
1603,1666,254.5584412,23,1,risky first
1516,1504,183.883115,23,1,risky first
1405,1390,159.1131673,23,1,risky first
1273,1294,163.2176461,23,1,risky first
1273,1294,0,23,1,risky first
1273,1261,33,23,1,risky first
1153,1216,128.1600562,23,1,risky first
1126,1330,117.1537451,23,1,risky first
1147,1423,95.34149149,23,1,risky first
1075,1348,103.9663407,23,1,risky first
979,1279,118.224363,23,1,risky first
964,1441,162.6929624,23,1,risky first
1072,1621,209.9142682,23,1,risky first
1252,1801,254.5584412,23,1,risky first
1432,1867,191.7185437,23,1,risky first
1612,1927,189.7366596,23,1,risky first
1792,2077,234.3074903,23,1,risky first
1882,2017,108.1665383,23,1,risky first
1732,1945,166.3850955,23,1,risky first
1762,1939,30.59411708,23,1,risky first
1591,1837,199.1105221,23,1,risky first
1426,1657,244.1823089,23,1,risky first
1396,1495,164.7543626,23,1,risky first
1348,1354,148.946299,23,1,risky first
1294,1189,173.6116356,23,1,risky first
1114,1201,180.3995565,23,1,risky first
1117,1309,108.0416586,23,1,risky first
1177,1432,136.8539367,23,1,risky first
1075,1375,116.8460526,23,1,risky first
1096,1231,145.523194,23,1,risky first
1276,1081,234.3074903,23,1,risky first
1456,1258,252.4460338,23,1,risky first
1636,1438,254.5584412,23,1,risky first
1816,1618,254.5584412,23,1,risky first
1996,1798,254.5584412,23,1,risky first
2020,1948,151.9078668,23,1,risky first
2155,1978,138.2931669,23,1,risky first
2335,1798,254.5584412,23,1,risky first
2515,1618,254.5584412,23,1,risky first
2695,1438,254.5584412,23,1,risky first
2875,1258,254.5584412,23,1,risky first
3007,1129,184.567061,23,1,risky first
3070,1006,138.1955137,23,1,risky first
3067,826,180.0249983,23,1,risky first
3181,829,114.0394669,23,1,risky first
3244,1009,190.7065809,23,1,risky first
3268,1189,181.5929514,23,1,risky first
3172,1369,204,23,1,risky first
2992,1549,254.5584412,23,1,risky first
2812,1729,254.5584412,23,1,risky first
2632,1633,204,23,1,risky first
2452,1453,254.5584412,23,1,risky first
2272,1273,254.5584412,23,1,risky first
2092,1207,191.7185437,23,1,risky first
2092,1360,153,23,1,risky first
2026,1540,191.7185437,23,1,risky first
2026,1720,180,23,1,risky first
2065,1900,184.1765457,23,1,risky first
2065,1993,93,23,1,risky first
2065,1813,180,23,1,risky first
2128,1633,190.7065809,23,1,risky first
2077,1453,187.0855419,23,1,risky first
2089,1273,180.3995565,23,1,risky first
2083,1300,27.65863337,23,1,risky first
1990,1480,202.6055281,23,1,risky first
1981,1651,171.2366783,23,1,risky first
1945,1765,119.5491531,23,1,risky first
1945,1945,180,23,1,risky first
2038,2020,119.4738465,23,1,risky first
1969,2062,80.77747211,23,1,risky first
1963,1882,180.0999722,23,1,risky first
1963,1702,180,23,1,risky first
2047,1522,198.6353443,23,1,risky first
2113,1342,191.7185437,23,1,risky first
2146,1162,183,23,1,risky first
2293,1036,193.6104336,23,1,risky first
2134,1054,160.0156242,23,1,risky first
1954,1228,250.3517525,23,1,risky first
1831,1408,218.0114676,23,1,risky first
1936,1531,161.7219837,23,1,risky first
2008,1711,193.8659331,23,1,risky first
2065,1891,188.8094277,23,1,risky first
2089,2059,169.7056275,23,1,risky first
1909,1945,213.0633709,23,1,risky first
1729,1765,254.5584412,23,1,risky first
1675,1615,159.4239631,23,1,risky first
1855,1468,232.3983649,23,1,risky first
1777,1348,143.1223253,23,1,risky first
1798,1168,181.2208597,23,1,risky first
1978,988,254.5584412,23,1,risky first
2158,808,254.5584412,23,1,risky first
2077,757,95.7183368,23,1,risky first
1897,757,180,23,1,risky first
1765,928,216.0208323,23,1,risky first
1810,973,63.63961031,23,1,risky first
1912,1081,148.5530208,23,1,risky first
2080,1141,178.392825,23,1,risky first
2080,1318,177,23,1,risky first
2080,1432,114,23,1,risky first
2095,1273,159.7059799,23,1,risky first
2140,1336,77.4209274,23,1,risky first
2101,1516,184.1765457,23,1,risky first
2101,1696,180,23,1,risky first
2110,1876,180.2248596,23,1,risky first
2089,2011,136.6235704,23,1,risky first
2089,1831,180,23,1,risky first
2125,1651,183.5647025,23,1,risky first
2152,1471,182.0137357,23,1,risky first
2107,1291,185.5397532,23,1,risky first
2107,1315,24,23,1,risky first
2107,1495,180,23,1,risky first
2077,1675,182.4828759,23,1,risky first
2077,1855,180,23,1,risky first
2107,2023,170.6575518,23,1,risky first
2107,1846,177,23,1,risky first
2107,1666,180,23,1,risky first
1972,1486,225,23,1,risky first
2041,1306,192.7718859,23,1,risky first
2143,1126,206.8912758,23,1,risky first
2290,1033,173.9482682,23,1,risky first
2227,1090,84.95881355,23,1,risky first
2047,1153,190.7065809,23,1,risky first
2023,1333,181.5929514,23,1,risky first
2041,1513,180.8977612,23,1,risky first
2068,1693,182.0137357,23,1,risky first
2068,1873,180,23,1,risky first
2068,2050,177,23,1,risky first
1987,1975,110.390217,23,1,risky first
1903,1795,198.6353443,23,1,risky first
1840,1645,162.6929624,23,1,risky first
2020,1501,230.5124725,23,1,risky first
2032,1354,147.4889826,23,1,risky first
2080,1174,186.2900964,23,1,risky first
2257,1105,189.9736824,23,1,risky first
2275,1015,91.78235124,23,1,risky first
2182,1009,93.1933474,23,1,risky first
2002,1141,223.2129029,23,1,risky first
1981,1321,181.2208597,23,1,risky first
2116,1501,225,23,1,risky first
2110,1681,180.0999722,23,1,risky first
2089,1861,181.2208597,23,1,risky first
2077,2038,177.4063133,23,1,risky first
1897,2011,182.0137357,23,1,risky first
1771,1831,219.7180011,23,1,risky first
1810,1651,184.1765457,23,1,risky first
1912,1471,206.8912758,23,1,risky first
2038,1291,219.7180011,23,1,risky first
2194,1111,238.1931989,23,1,risky first
2293,1102,99.40824915,23,1,risky first
2455,1282,242.1652328,23,1,risky first
2434,1462,181.2208597,23,1,risky first
2263,1642,248.276056,23,1,risky first
2083,1822,254.5584412,23,1,risky first
2089,2002,180.0999722,23,1,risky first
1909,2017,180.6239187,23,1,risky first
1816,1837,202.6055281,23,1,risky first
1816,1657,180,23,1,risky first
1828,1477,180.3995565,23,1,risky first
1966,1297,226.8126981,23,1,risky first
2146,1126,248.276056,23,1,risky first
2323,1201,192.2342321,23,1,risky first
2350,1192,28.46049894,23,1,risky first
2170,1249,188.8094277,23,1,risky first
2119,1429,187.0855419,23,1,risky first
2089,1609,182.4828759,23,1,risky first
2086,1789,180.0249983,23,1,risky first
2056,1969,182.4828759,23,1,risky first
1930,1945,128.26535,23,1,risky first
1840,1765,201.246118,23,1,risky first
1810,1585,182.4828759,23,1,risky first
1990,1405,254.5584412,23,1,risky first
2062,1225,193.8659331,23,1,risky first
2242,1174,187.0855419,23,1,risky first
2413,1354,248.276056,23,1,risky first
2266,1480,193.6104336,23,1,risky first
2215,1660,187.0855419,23,1,risky first
2107,1840,209.9142682,23,1,risky first
2059,2020,186.2900964,23,1,risky first
1885,1927,197.2941966,23,1,risky first
1768,1747,214.683488,23,1,risky first
1699,1567,192.7718859,23,1,risky first
1879,1387,254.5584412,23,1,risky first
2059,1207,254.5584412,23,1,risky first
2143,1219,84.85281374,23,1,risky first
1963,1297,196.1733927,23,1,risky first
1783,1198,205.4288198,23,1,risky first
1603,1111,199.922485,23,1,risky first
1423,1105,180.0999722,23,1,risky first
1243,1066,184.1765457,23,1,risky first
1210,1216,153.5871088,23,1,risky first
1099,1303,141.0319113,23,1,risky first
1147,1393,102,23,1,risky first
1177,1456,69.7782201,23,1,risky first
1243,1456,66,23,1,risky first
1150,1396,110.6752005,23,1,risky first
1126,1324,75.89466384,23,1,risky first
1147,1225,101.2027668,23,1,risky first
1222,1174,90.69729875,23,1,risky first
1243,1078,98.27003612,23,1,risky first
1084,910,231.3114783,23,1,risky first
904,1003,202.6055281,23,1,risky first
2176,2131,66,24,0,safe first
2260,2227,127.5617498,24,0,safe first
2173,2284,104.0096149,24,0,safe first
1993,2107,252.4460338,24,0,safe first
1813,1927,254.5584412,24,0,safe first
1693,1909,121.3424905,24,0,safe first
1513,1771,226.8126981,24,0,safe first
1471,1672,107.54069,24,0,safe first
1651,1516,238.1931989,24,0,safe first
1807,1336,238.1931989,24,0,safe first
1966,1192,214.5157337,24,0,safe first
1996,1372,182.4828759,24,0,safe first
2062,1552,191.7185437,24,0,safe first
2080,1732,180.8977612,24,0,safe first
2080,1912,180,24,0,safe first
2080,1918,6,24,0,safe first
2080,1738,180,24,0,safe first
2080,1558,180,24,0,safe first
2137,1378,188.8094277,24,0,safe first
2107,1198,182.4828759,24,0,safe first
1966,1018,228.6503881,24,0,safe first
1786,1096,196.1733927,24,0,safe first
1855,1276,192.7718859,24,0,safe first
2035,1456,254.5584412,24,0,safe first
2107,1636,193.8659331,24,0,safe first
2107,1816,180,24,0,safe first
2107,1996,180,24,0,safe first
2107,1984,12,24,0,safe first
2107,1804,180,24,0,safe first
2107,1624,180,24,0,safe first
2161,1444,187.9255172,24,0,safe first
2161,1264,180,24,0,safe first
2161,1084,180,24,0,safe first
2053,1018,126.5701387,24,0,safe first
2053,1144,126,24,0,safe first
2029,1036,110.6345335,24,0,safe first
2149,1015,121.823643,24,0,safe first
2173,1195,181.5929514,24,0,safe first
2152,1375,181.2208597,24,0,safe first
2119,1555,183,24,0,safe first
2119,1735,180,24,0,safe first
2119,1915,180,24,0,safe first
2119,1936,21,24,0,safe first
2140,1756,181.2208597,24,0,safe first
2191,1576,187.0855419,24,0,safe first
2191,1396,180,24,0,safe first
2191,1216,180,24,0,safe first
2161,1036,182.4828759,24,0,safe first
2029,856,223.2129029,24,0,safe first
1945,940,118.7939392,24,0,safe first
1942,1012,72.0624729,24,0,safe first
1909,1108,101.5135459,24,0,safe first
1969,1159,78.74642849,24,0,safe first
1933,1135,43.26661531,24,0,safe first
1837,997,168.1071087,24,0,safe first
1837,1165,168,24,0,safe first
1837,1345,180,24,0,safe first
1957,1525,216.3330765,24,0,safe first
2005,1705,186.2900964,24,0,safe first
2062,1885,188.8094277,24,0,safe first
2062,1936,51,24,0,safe first
1954,1756,209.9142682,24,0,safe first
2113,1849,184.2009772,24,0,safe first
2293,1975,219.7180011,24,0,safe first
2473,1987,180.3995565,24,0,safe first
2653,2143,238.1931989,24,0,safe first
2788,2257,176.6946519,24,0,safe first
2848,2152,120.9338662,24,0,safe first
3028,2326,250.3517525,24,0,safe first
2959,2422,118.224363,24,0,safe first
2779,2422,180,24,0,safe first
2599,2422,180,24,0,safe first
2419,2557,225,24,0,safe first
2239,2638,197.3854098,24,0,safe first
2059,2458,254.5584412,24,0,safe first
1879,2278,254.5584412,24,0,safe first
1699,2098,254.5584412,24,0,safe first
1750,1945,161.2761607,24,0,safe first
1852,1765,206.8912758,24,0,safe first
1921,1585,192.7718859,24,0,safe first
2071,1405,234.3074903,24,0,safe first
2173,1225,206.8912758,24,0,safe first
2173,1045,180,24,0,safe first
2173,865,180,24,0,safe first
2047,829,131.041978,24,0,safe first
2002,946,125.3554945,24,0,safe first
1927,1060,136.458785,24,0,safe first
2011,1108,96.74709298,24,0,safe first
1945,1102,66.2721661,24,0,safe first
1906,1051,64.20280368,24,0,safe first
1942,1015,50.91168825,24,0,safe first
2053,937,135.6650287,24,0,safe first
2119,757,191.7185437,24,0,safe first
2194,904,165.0272705,24,0,safe first
2278,1084,198.6353443,24,0,safe first
2278,1264,180,24,0,safe first
2134,1444,230.5124725,24,0,safe first
2059,1624,195,24,0,safe first
2056,1804,180.0249983,24,0,safe first
2071,1984,180.6239187,24,0,safe first
2071,1843,141,24,0,safe first
1954,1663,214.683488,24,0,safe first
1834,1483,216.3330765,24,0,safe first
1798,1303,183.5647025,24,0,safe first
1819,1123,181.2208597,24,0,safe first
1819,943,180,24,0,safe first
1825,763,180.0999722,24,0,safe first
2005,739,181.5929514,24,0,safe first
2017,910,171.4205355,24,0,safe first
1906,979,130.6981255,24,0,safe first
1924,1159,180.8977612,24,0,safe first
1930,1207,48.37354649,24,0,safe first
1930,1054,153,24,0,safe first
1942,976,78.91767863,24,0,safe first
2026,889,120.9338662,24,0,safe first
2155,757,184.567061,24,0,safe first
2179,937,181.5929514,24,0,safe first
2179,1117,180,24,0,safe first
2164,1297,180.6239187,24,0,safe first
2074,1477,201.246118,24,0,safe first
2074,1657,180,24,0,safe first
2074,1837,180,24,0,safe first
2074,1972,135,24,0,safe first
2074,1792,180,24,0,safe first
2098,1612,181.5929514,24,0,safe first
2161,1432,190.7065809,24,0,safe first
2137,1252,181.5929514,24,0,safe first
2137,1072,180,24,0,safe first
2137,892,180,24,0,safe first
2062,802,117.1537451,24,0,safe first
2017,964,168.1338752,24,0,safe first
1900,1000,122.4132346,24,0,safe first
1927,1132,134.7330694,24,0,safe first
1915,1162,32.31098884,24,0,safe first
1975,1156,60.29925373,24,0,safe first
2020,1192,57.62811814,24,0,safe first
1930,1099,129.4179277,24,0,safe first
1942,988,111.6467644,24,0,safe first
2035,895,131.5218613,24,0,safe first
2143,718,207.3475343,24,0,safe first
2173,877,161.8054387,24,0,safe first
2173,1057,180,24,0,safe first
2173,1237,180,24,0,safe first
2125,1417,186.2900964,24,0,safe first
2068,1597,188.8094277,24,0,safe first
2008,1777,189.7366596,24,0,safe first
2050,1894,124.3100961,24,0,safe first
2050,2020,126,24,0,safe first
2083,1858,165.3269488,24,0,safe first
2140,1678,188.8094277,24,0,safe first
2155,1498,180.6239187,24,0,safe first
2182,1318,182.0137357,24,0,safe first
2158,1138,181.5929514,24,0,safe first
2158,958,180,24,0,safe first
2119,778,184.1765457,24,0,safe first
2032,850,112.9291813,24,0,safe first
2002,925,80.77747211,24,0,safe first
1966,976,62.42595614,24,0,safe first
1918,1114,146.1095479,24,0,safe first
1993,1171,94.20191081,24,0,safe first
1930,1096,97.9489663,24,0,safe first
1990,979,131.487642,24,0,safe first
2035,829,156.6045976,24,0,safe first
2212,793,180.6239187,24,0,safe first
2218,973,180.0999722,24,0,safe first
2230,1153,180.3995565,24,0,safe first
2206,1333,181.5929514,24,0,safe first
2098,1513,209.9142682,24,0,safe first
1996,1693,206.8912758,24,0,safe first
1915,1873,197.3854098,24,0,safe first
2032,2029,195,24,0,safe first
2032,1951,78,24,0,safe first
2089,1771,188.8094277,24,0,safe first
2089,1591,180,24,0,safe first
2167,1411,196.1733927,24,0,safe first
2179,1231,180.3995565,24,0,safe first
2155,1051,181.5929514,24,0,safe first
2155,871,180,24,0,safe first
2068,811,105.6834897,24,0,safe first
2020,991,186.2900964,24,0,safe first
1942,1006,79.42921377,24,0,safe first
1942,1159,153,24,0,safe first
1984,1171,43.68065934,24,0,safe first
1906,1102,104.1393297,24,0,safe first
1963,985,130.1460718,24,0,safe first
2017,838,156.6045976,24,0,safe first
2161,772,158.4045454,24,0,safe first
2176,952,180.6239187,24,0,safe first
2176,1132,180,24,0,safe first
2128,1312,186.2900964,24,0,safe first
2062,1492,191.7185437,24,0,safe first
1990,1672,193.8659331,24,0,safe first
1990,1852,180,24,0,safe first
1990,2032,180,24,0,safe first
2002,1966,67.08203932,24,0,safe first
2032,1786,182.4828759,24,0,safe first
2167,1606,225,24,0,safe first
2179,1426,180.3995565,24,0,safe first
2179,1246,180,24,0,safe first
2179,1066,180,24,0,safe first
2179,886,180,24,0,safe first
2086,736,176.490793,24,0,safe first
2029,865,141.0319113,24,0,safe first
1954,973,131.487642,24,0,safe first
1930,1120,148.946299,24,0,safe first
1942,1156,37.94733192,24,0,safe first
1912,1054,106.3202709,24,0,safe first
1999,988,109.2016483,24,0,safe first
2029,877,114.9826074,24,0,safe first
2161,769,170.5520448,24,0,safe first
2161,949,180,24,0,safe first
2161,1129,180,24,0,safe first
2161,1309,180,24,0,safe first
2125,1489,183.5647025,24,0,safe first
2008,1669,214.683488,24,0,safe first
1963,1849,185.5397532,24,0,safe first
2038,2029,195,24,0,safe first
2062,1888,143.0279693,24,0,safe first
2170,1708,209.9142682,24,0,safe first
2170,1528,180,24,0,safe first
2170,1348,180,24,0,safe first
2170,1168,180,24,0,safe first
2170,988,180,24,0,safe first
2125,877,119.7747887,24,0,safe first
2125,802,75,24,0,safe first
2053,910,129.7998459,24,0,safe first
1936,1009,153.2644773,24,0,safe first
1981,1132,130.9732797,24,0,safe first
1996,1192,61.84658438,24,0,safe first
1921,1219,79.71198153,24,0,safe first
1963,1219,42,24,0,safe first
2053,1081,164.7543626,24,0,safe first
2026,1180,102.6157883,24,0,safe first
1990,1213,48.83646179,24,0,safe first
1990,1186,27,24,0,safe first
1990,1177,9,24,0,safe first
1990,1189,12,24,0,safe first
1990,1186,3,24,0,safe first
1948,1162,48.37354649,24,0,safe first
2011,1174,64.13267498,24,0,safe first
1918,1177,93.04837452,24,0,safe first
1972,1162,56.04462508,24,0,safe first
2020,1204,63.78087488,24,0,safe first
1993,1204,27,24,0,safe first
2023,1162,51.6139516,24,0,safe first
1939,1117,95.29428105,24,0,safe first
1909,1090,40.36087214,24,0,safe first
1936,964,128.8603896,24,0,safe first
2029,874,129.4179277,24,0,safe first
2170,832,147.122398,24,0,safe first
2170,1012,180,24,0,safe first
2170,1192,180,24,0,safe first
2149,1372,181.2208597,24,0,safe first
2038,1552,211.4734026,24,0,safe first
1918,1732,216.3330765,24,0,safe first
1924,1912,180.0999722,24,0,safe first
2056,2035,180.4244994,24,0,safe first
2095,2134,106.4048871,24,0,safe first
2002,2284,176.490793,24,0,safe first
1822,2410,219.7180011,24,0,safe first
1669,2461,161.2761607,24,0,safe first
1801,2521,144.9965517,24,0,safe first
1981,2548,182.0137357,24,0,safe first
2002,2656,110.0227249,24,0,safe first
2083,2827,189.2141644,24,0,safe first
1921,2863,165.9518002,24,0,safe first
1741,2926,190.7065809,24,0,safe first
1561,3106,254.5584412,24,0,safe first
1381,3262,238.1931989,24,0,safe first
1201,3181,197.3854098,24,0,safe first
1021,3184,180.0249983,24,0,safe first
841,3274,201.246118,24,0,safe first
661,3190,198.6353443,24,0,safe first
688,3010,182.0137357,24,0,safe first
652,2830,183.5647025,24,0,safe first
652,2650,180,24,0,safe first
652,2470,180,24,0,safe first
652,2290,180,24,0,safe first
652,2110,180,24,0,safe first
652,2035,75,24,0,safe first
652,1858,177,24,0,safe first
652,1858,0,24,0,safe first
652,1687,171,24,0,safe first
805,1507,236.2392855,24,0,safe first
739,1327,191.7185437,24,0,safe first
739,1147,180,24,0,safe first
739,967,180,24,0,safe first
739,787,180,24,0,safe first
853,646,181.3201588,24,0,safe first
1033,826,254.5584412,24,0,safe first
1213,889,190.7065809,24,0,safe first
1393,889,180,24,0,safe first
1573,886,180.0249983,24,0,safe first
1753,766,216.3330765,24,0,safe first
1921,757,168.2408987,24,0,safe first
2005,835,114.629839,24,0,safe first
1963,961,132.8156617,24,0,safe first
1936,1096,137.6735269,24,0,safe first
2002,1156,89.19641248,24,0,safe first
2263,2191,141.03,24,1,safe first
2443,2077,213.0633709,24,1,safe first
2620,2212,222.6072775,24,1,safe first
2566,2269,78.51751397,24,1,safe first
2395,2281,171.4205355,24,1,safe first
2278,2293,117.6137747,24,1,safe first
2245,2317,40.80441153,24,1,safe first
2179,2356,76.66159404,24,1,safe first
2179,2536,180,24,1,safe first
2179,2650,114,24,1,safe first
2317,2668,139.1689621,24,1,safe first
2497,2734,191.7185437,24,1,safe first
2677,2734,180,24,1,safe first
2857,2851,214.683488,24,1,safe first
3001,2944,171.4205355,24,1,safe first
3046,3049,114.2365966,24,1,safe first
2905,3040,141.2869421,24,1,safe first
2905,2929,111,24,1,safe first
2947,2881,63.78087488,24,1,safe first
3022,2995,136.458785,24,1,safe first
3202,2875,216.3330765,24,1,safe first
3319,2761,163.3554407,24,1,safe first
3313,2581,180.0999722,24,1,safe first
3133,2401,254.5584412,24,1,safe first
3094,2380,44.29446918,24,1,safe first
2956,2380,138,24,1,safe first
2830,2380,126,24,1,safe first
2650,2338,184.8350616,24,1,safe first
2470,2275,190.7065809,24,1,safe first
2290,2275,180,24,1,safe first
2245,2311,57.62811814,24,1,safe first
2065,2284,182.0137357,24,1,safe first
1894,2119,237.6257562,24,1,safe first
1942,2053,81.60882305,24,1,safe first
1942,1915,138,24,1,safe first
1858,1735,198.6353443,24,1,safe first
1678,1762,182.0137357,24,1,safe first
1519,1861,187.3018953,24,1,safe first
1606,1948,123.0365799,24,1,safe first
1627,2128,181.2208597,24,1,safe first
1627,2296,168,24,1,safe first
1612,2365,70.61161378,24,1,safe first
1432,2302,190.7065809,24,1,safe first
1273,2140,226.9911893,24,1,safe first
1255,2038,103.576059,24,1,safe first
1285,1858,182.4828759,24,1,safe first
1465,1855,180.0249983,24,1,safe first
1570,1855,105,24,1,safe first
1585,1882,30.88689042,24,1,safe first
1705,1882,120,24,1,safe first
1597,1882,108,24,1,safe first
1630,1948,73.79024326,24,1,safe first
1582,1855,104.6565813,24,1,safe first
1594,1675,180.3995565,24,1,safe first
1774,1495,254.5584412,24,1,safe first
1906,1315,223.2129029,24,1,safe first
2068,1135,242.1652328,24,1,safe first
2158,1144,90.44888059,24,1,safe first
2248,1078,111.6064514,24,1,safe first
2329,1078,81,24,1,safe first
2338,1078,9,24,1,safe first
2242,1078,96,24,1,safe first
2062,1078,180,24,1,safe first
1882,1204,219.7180011,24,1,safe first
1702,1384,254.5584412,24,1,safe first
1723,1519,136.6235704,24,1,safe first
1903,1636,214.683488,24,1,safe first
2038,1681,142.3024947,24,1,safe first
2218,1855,250.3517525,24,1,safe first
2050,1942,189.1903803,24,1,safe first
2080,2023,86.37708029,24,1,safe first
2041,2023,39,24,1,safe first
1867,1915,204.792578,24,1,safe first
1834,1822,98.68130522,24,1,safe first
1960,1660,205.2315765,24,1,safe first
2011,1480,187.0855419,24,1,safe first
2092,1399,114.5512986,24,1,safe first
2062,1306,97.71898485,24,1,safe first
2002,1300,60.29925373,24,1,safe first
1996,1231,69.26037828,24,1,safe first
2044,1156,89.04493248,24,1,safe first
2212,1156,168,24,1,safe first
2269,1141,58.94064811,24,1,safe first
2263,1321,180.0999722,24,1,safe first
2083,1387,191.7185437,24,1,safe first
1936,1567,232.3983649,24,1,safe first
1999,1633,91.24143795,24,1,safe first
1999,1729,96,24,1,safe first
2005,1909,180.0999722,24,1,safe first
2056,2020,122.1556384,24,1,safe first
2005,1930,103.4456379,24,1,safe first
1972,1750,183,24,1,safe first
1972,1669,81,24,1,safe first
2017,1576,103.3150521,24,1,safe first
2017,1465,111,24,1,safe first
1843,1357,204.792578,24,1,safe first
1957,1282,136.458785,24,1,safe first
1957,1222,60,24,1,safe first
1957,1117,105,24,1,safe first
2047,1021,131.5902732,24,1,safe first
2104,1144,135.5654823,24,1,safe first
2176,991,169.0946481,24,1,safe first
2284,1009,109.4897255,24,1,safe first
2284,1162,153,24,1,safe first
2257,1342,182.0137357,24,1,safe first
2122,1522,225,24,1,safe first
2011,1702,211.4734026,24,1,safe first
1993,1882,180.8977612,24,1,safe first
2038,2035,159.4804063,24,1,safe first
1975,1939,114.8259553,24,1,safe first
1975,1759,180,24,1,safe first
1975,1630,129,24,1,safe first
1909,1462,180.4993075,24,1,safe first
1936,1333,131.7952958,24,1,safe first
1957,1249,86.58521814,24,1,safe first
1918,1192,69.0651866,24,1,safe first
1957,1078,120.4865138,24,1,safe first
1975,1024,56.92099788,24,1,safe first
2041,1024,66,24,1,safe first
2041,1102,78,24,1,safe first
2047,1153,51.35172831,24,1,safe first
2014,1066,93.04837452,24,1,safe first
1936,1078,78.91767863,24,1,safe first
1936,1258,180,24,1,safe first
1936,1438,180,24,1,safe first
1969,1618,183,24,1,safe first
1969,1798,180,24,1,safe first
2080,1978,211.4734026,24,1,safe first
2089,2158,180.2248596,24,1,safe first
2239,2329,227.466481,24,1,safe first
2239,2329,0,24,1,safe first
2086,2260,167.8392088,24,1,safe first
1909,2095,241.979338,24,1,safe first
1900,2095,9,24,1,safe first
1813,2044,100.8464179,24,1,safe first
1924,2044,111,24,1,safe first
1942,1888,157.0350279,24,1,safe first
1942,1708,180,24,1,safe first
1999,1651,80.61017306,24,1,safe first
1963,1615,50.91168825,24,1,safe first
1963,1435,180,24,1,safe first
1930,1255,183,24,1,safe first
1930,1075,180,24,1,safe first
1957,904,173.1184566,24,1,safe first
1930,850,60.37383539,24,1,safe first
2011,748,130.2497601,24,1,safe first
2131,781,124.4548111,24,1,safe first
2131,961,180,24,1,safe first
2032,1018,114.2365966,24,1,safe first
2041,1177,159.2545133,24,1,safe first
2170,1177,129,24,1,safe first
2179,1177,9,24,1,safe first
2179,1177,0,24,1,safe first
2179,1102,75,24,1,safe first
2053,1090,126.5701387,24,1,safe first
2053,1000,90,24,1,safe first
2056,946,54.08326913,24,1,safe first
2134,964,80.04998438,24,1,safe first
2179,874,100.623059,24,1,safe first
2227,799,89.04493248,24,1,safe first
2296,931,148.946299,24,1,safe first
2296,1081,150,24,1,safe first
2296,1237,156,24,1,safe first
2296,1369,132,24,1,safe first
2245,1549,187.0855419,24,1,safe first
2065,1729,254.5584412,24,1,safe first
2005,1852,136.8539367,24,1,safe first
2119,1948,149.0369082,24,1,safe first
2056,2038,109.8590005,24,1,safe first
1885,2089,178.4432683,24,1,safe first
1705,2269,254.5584412,24,1,safe first
1525,2449,254.5584412,24,1,safe first
1363,2587,212.8097742,24,1,safe first
1183,2767,254.5584412,24,1,safe first
1003,2713,187.9255172,24,1,safe first
847,2602,191.4601786,24,1,safe first
700,2539,159.9312352,24,1,safe first
733,2719,183,24,1,safe first
874,2899,228.6503881,24,1,safe first
739,3079,225,24,1,safe first
697,3259,184.8350616,24,1,safe first
817,3286,123,24,1,safe first
997,3286,180,24,1,safe first
1177,3286,180,24,1,safe first
1357,3286,180,24,1,safe first
1534,3325,181.2456896,24,1,safe first
1699,3325,165,24,1,safe first
1879,3325,180,24,1,safe first
2059,3325,180,24,1,safe first
2239,3325,180,24,1,safe first
2419,3157,246.2194143,24,1,safe first
2599,3022,225,24,1,safe first
2779,3052,182.4828759,24,1,safe first
2959,3112,189.7366596,24,1,safe first
3139,3250,226.8126981,24,1,safe first
3313,3109,223.9575853,24,1,safe first
3145,2974,215.5203007,24,1,safe first
2965,2794,254.5584412,24,1,safe first
2920,2638,162.3607095,24,1,safe first
2947,2458,182.0137357,24,1,safe first
2947,2278,180,24,1,safe first
2947,2098,180,24,1,safe first
2947,1918,180,24,1,safe first
2767,1738,254.5584412,24,1,safe first
2725,1558,184.8350616,24,1,safe first
2545,1378,254.5584412,24,1,safe first
2365,1198,254.5584412,24,1,safe first
2227,1048,203.823453,24,1,safe first
2272,1048,45,24,1,safe first
2290,883,165.9789143,24,1,safe first
2203,739,168.2408987,24,1,safe first
2140,820,102.6157883,24,1,safe first
2071,952,148.946299,24,1,safe first
2029,1102,155.7690598,24,1,safe first
2071,1150,63.78087488,24,1,safe first
2026,1072,90.04998612,24,1,safe first
2119,970,138.0326048,24,1,safe first
2173,790,187.9255172,24,1,safe first
2263,853,109.8590005,24,1,safe first
2263,1033,180,24,1,safe first
2263,1213,180,24,1,safe first
2233,1384,173.6116356,24,1,safe first
2086,1564,232.3983649,24,1,safe first
2032,1744,187.9255172,24,1,safe first
2068,1924,183.5647025,24,1,safe first
2068,1918,6,24,1,safe first
2209,1738,228.6503881,24,1,safe first
2269,1558,189.7366596,24,1,safe first
2302,1378,183,24,1,safe first
2302,1198,180,24,1,safe first
2302,1018,180,24,1,safe first
2275,838,182.0137357,24,1,safe first
2200,757,110.390217,24,1,safe first
2149,922,172.7020556,24,1,safe first
2038,994,132.3064624,24,1,safe first
2050,1111,117.6137747,24,1,safe first
2077,1174,68.54195795,24,1,safe first
2017,1117,82.75868534,24,1,safe first
2074,949,177.4063133,24,1,safe first
2131,988,69.0651866,24,1,safe first
2179,832,163.2176461,24,1,safe first
2221,745,96.60745313,24,1,safe first
2398,874,219.020547,24,1,safe first
2323,1054,195,24,1,safe first
2293,1234,182.4828759,24,1,safe first
2182,1414,211.4734026,24,1,safe first
2056,1594,219.7180011,24,1,safe first
1969,1774,199.922485,24,1,safe first
2023,1954,187.9255172,24,1,safe first
2047,1945,25.63201124,24,1,safe first
2104,1765,188.8094277,24,1,safe first
2062,1585,184.8350616,24,1,safe first
2197,1405,225,24,1,safe first
2251,1225,187.9255172,24,1,safe first
2314,1045,190.7065809,24,1,safe first
2314,865,180,24,1,safe first
2161,733,202.0717694,24,1,safe first
2134,784,57.70615219,24,1,safe first
2122,940,156.4608577,24,1,safe first
2095,994,60.37383539,24,1,safe first
2041,1111,128.8603896,24,1,safe first
2086,1177,79.88116173,24,1,safe first
2014,1111,97.67292358,24,1,safe first
2053,1012,106.4048871,24,1,safe first
2179,934,148.1890684,24,1,safe first
2182,811,123.0365799,24,1,safe first
2278,901,131.5902732,24,1,safe first
2278,1081,180,24,1,safe first
2278,1261,180,24,1,safe first
2215,1441,190.7065809,24,1,safe first
2050,1621,244.1823089,24,1,safe first
1984,1801,191.7185437,24,1,safe first
2047,1981,190.7065809,24,1,safe first
2047,1921,60,24,1,safe first
2161,1741,213.0633709,24,1,safe first
2185,1561,181.5929514,24,1,safe first
2290,1381,208.3866598,24,1,safe first
2290,1201,180,24,1,safe first
2290,1021,180,24,1,safe first
2272,841,180.8977612,24,1,safe first
2194,820,80.77747211,24,1,safe first
2113,865,92.66067127,24,1,safe first
2086,994,131.7952958,24,1,safe first
2077,1111,117.3456433,24,1,safe first
2062,1156,47.4341649,24,1,safe first
2053,1000,156.2593997,24,1,safe first
2056,943,57.07889277,24,1,safe first
2146,952,90.44888059,24,1,safe first
2206,781,181.2208597,24,1,safe first
2284,943,179.7998888,24,1,safe first
2257,1123,182.0137357,24,1,safe first
2464,2155,201.25,25,0,risky first
2560,2326,196.1045639,25,0,risky first
2560,2218,108,25,0,risky first
2560,2038,180,25,0,risky first
2542,1858,180.8977612,25,0,risky first
2362,1678,254.5584412,25,0,risky first
2182,1504,250.3517525,25,0,risky first
2083,1378,160.2404443,25,0,risky first
1978,1219,190.5413341,25,0,risky first
1978,1366,147,25,0,risky first
1978,1546,180,25,0,risky first
1978,1726,180,25,0,risky first
1984,1906,180.0999722,25,0,risky first
2068,2068,182.4828759,25,0,risky first
1909,2248,240.1686907,25,0,risky first
1729,2428,254.5584412,25,0,risky first
1813,2608,198.6353443,25,0,risky first
1993,2752,230.5124725,25,0,risky first
2068,2761,75.53806987,25,0,risky first
2179,2830,130.6981255,25,0,risky first
2179,2707,123,25,0,risky first
2179,2527,180,25,0,risky first
2179,2347,180,25,0,risky first
2329,2167,234.3074903,25,0,risky first
2404,1987,195,25,0,risky first
2398,1807,180.0999722,25,0,risky first
2302,1627,204,25,0,risky first
2191,1447,211.4734026,25,0,risky first
2044,1300,207.8893937,25,0,risky first
2170,1240,139.5564402,25,0,risky first
2011,1168,174.5422585,25,0,risky first
1831,1132,183.5647025,25,0,risky first
1756,1312,195,25,0,risky first
1861,1492,208.3866598,25,0,risky first
2026,1672,244.1823089,25,0,risky first
2068,1852,184.8350616,25,0,risky first
2092,1912,64.62197769,25,0,risky first
2152,2083,181.2208597,25,0,risky first
2332,2224,228.6503881,25,0,risky first
2512,2224,180,25,0,risky first
2692,2224,180,25,0,risky first
2872,2209,180.6239187,25,0,risky first
3052,2029,254.5584412,25,0,risky first
2887,1930,192.4214125,25,0,risky first
2707,1750,254.5584412,25,0,risky first
2701,1663,87.20665112,25,0,risky first
2881,1528,225,25,0,risky first
2836,1477,68.01470429,25,0,risky first
2656,1657,254.5584412,25,0,risky first
2476,1837,254.5584412,25,0,risky first
2296,2017,254.5584412,25,0,risky first
2116,2023,180.0999722,25,0,risky first
1936,1855,246.2194143,25,0,risky first
1756,1675,254.5584412,25,0,risky first
1576,1495,254.5584412,25,0,risky first
1396,1333,242.1652328,25,0,risky first
1216,1186,232.3983649,25,0,risky first
1036,1006,254.5584412,25,0,risky first
856,1018,180.3995565,25,0,risky first
676,1198,254.5584412,25,0,risky first
667,1360,162.2498074,25,0,risky first
832,1441,183.8096842,25,0,risky first
1012,1621,254.5584412,25,0,risky first
1192,1801,254.5584412,25,0,risky first
1372,1981,254.5584412,25,0,risky first
1552,2161,254.5584412,25,0,risky first
1708,2314,218.5062928,25,0,risky first
1888,2314,180,25,0,risky first
2068,2404,201.246118,25,0,risky first
2248,2584,254.5584412,25,0,risky first
2428,2764,254.5584412,25,0,risky first
2608,2944,254.5584412,25,0,risky first
2788,3124,254.5584412,25,0,risky first
2827,3016,114.8259553,25,0,risky first
2827,2836,180,25,0,risky first
2827,2656,180,25,0,risky first
2827,2476,180,25,0,risky first
2908,2311,183.8096842,25,0,risky first
2908,2131,180,25,0,risky first
2908,1951,180,25,0,risky first
2965,1771,188.8094277,25,0,risky first
2959,1591,180.0999722,25,0,risky first
2863,1411,204,25,0,risky first
2683,1378,183,25,0,risky first
2503,1429,187.0855419,25,0,risky first
2323,1429,180,25,0,risky first
2143,1450,181.2208597,25,0,risky first
1963,1549,205.4288198,25,0,risky first
1912,1729,187.0855419,25,0,risky first
1894,1909,180.8977612,25,0,risky first
1993,2008,140.0071427,25,0,risky first
2086,2128,151.8189711,25,0,risky first
2266,2128,180,25,0,risky first
2446,1960,246.2194143,25,0,risky first
2626,1780,254.5584412,25,0,risky first
2806,1600,254.5584412,25,0,risky first
2914,1453,182.4088814,25,0,risky first
2734,1597,230.5124725,25,0,risky first
2554,1777,254.5584412,25,0,risky first
2374,1957,254.5584412,25,0,risky first
2194,2014,188.8094277,25,0,risky first
2161,2020,33.54101966,25,0,risky first
2341,1840,254.5584412,25,0,risky first
2521,1660,254.5584412,25,0,risky first
2701,1480,254.5584412,25,0,risky first
2881,1504,181.5929514,25,0,risky first
2920,1486,42.95346319,25,0,risky first
2740,1666,254.5584412,25,0,risky first
2560,1756,201.246118,25,0,risky first
2380,1936,254.5584412,25,0,risky first
2200,1990,187.9255172,25,0,risky first
2146,2086,110.1453585,25,0,risky first
2326,1912,250.3517525,25,0,risky first
2506,1732,254.5584412,25,0,risky first
2686,1552,254.5584412,25,0,risky first
2866,1501,187.0855419,25,0,risky first
2833,1501,33,25,0,risky first
2653,1681,254.5584412,25,0,risky first
2473,1747,191.7185437,25,0,risky first
2293,1882,225,25,0,risky first
2113,1996,213.0633709,25,0,risky first
2203,1891,138.2931669,25,0,risky first
2383,1711,254.5584412,25,0,risky first
2563,1609,206.8912758,25,0,risky first
2743,1576,183,25,0,risky first
2917,1426,229.7302766,25,0,risky first
2737,1576,234.3074903,25,0,risky first
2557,1756,254.5584412,25,0,risky first
2377,1936,254.5584412,25,0,risky first
2197,1990,187.9255172,25,0,risky first
2176,1984,21.84032967,25,0,risky first
2356,1804,254.5584412,25,0,risky first
2512,1624,238.1931989,25,0,risky first
2692,1603,181.2208597,25,0,risky first
2872,1516,199.922485,25,0,risky first
2857,1543,30.88689042,25,0,risky first
2677,1723,254.5584412,25,0,risky first
2497,1828,208.3866598,25,0,risky first
2317,1882,187.9255172,25,0,risky first
2137,2062,254.5584412,25,0,risky first
2245,1954,152.7350647,25,0,risky first
2425,1774,254.5584412,25,0,risky first
2605,1594,254.5584412,25,0,risky first
2785,1492,206.8912758,25,0,risky first
2917,1468,134.1640786,25,0,risky first
2737,1633,244.1823089,25,0,risky first
2557,1726,202.6055281,25,0,risky first
2377,1804,196.1733927,25,0,risky first
2197,1969,244.1823089,25,0,risky first
2158,1999,49.2036584,25,0,risky first
2329,1855,223.5553623,25,0,risky first
2488,1750,190.5413341,25,0,risky first
2668,1615,225,25,0,risky first
2848,1546,192.7718859,25,0,risky first
2851,1528,18.24828759,25,0,risky first
2671,1618,201.246118,25,0,risky first
2491,1780,242.1652328,25,0,risky first
2311,1867,199.922485,25,0,risky first
2131,2047,254.5584412,25,0,risky first
2230,1951,137.9021392,25,0,risky first
2410,1864,199.922485,25,0,risky first
2590,1756,209.9142682,25,0,risky first
2770,1675,197.3854098,25,0,risky first
2950,1495,254.5584412,25,0,risky first
2830,1597,157.492857,25,0,risky first
2650,1777,254.5584412,25,0,risky first
2470,1957,254.5584412,25,0,risky first
2290,2086,221.4520264,25,0,risky first
2110,2086,180,25,0,risky first
2266,1930,220.6173157,25,0,risky first
2446,1828,206.8912758,25,0,risky first
2626,1648,254.5584412,25,0,risky first
2806,1555,202.6055281,25,0,risky first
2896,1486,113.406349,25,0,risky first
2992,1468,97.67292358,25,0,risky first
2920,1432,80.49844719,25,0,risky first
3091,1432,171,25,0,risky first
3271,1432,180,25,0,risky first
3307,1285,151.3439791,25,0,risky first
3157,1105,234.3074903,25,0,risky first
3157,925,180,25,0,risky first
3124,745,183,25,0,risky first
2944,739,180.0999722,25,0,risky first
2764,751,180.3995565,25,0,risky first
2584,931,254.5584412,25,0,risky first
2404,1111,254.5584412,25,0,risky first
2224,1087,181.5929514,25,0,risky first
2044,1021,191.7185437,25,0,risky first
1951,1186,189.4043294,25,0,risky first
1969,1033,154.0551849,25,0,risky first
1789,1057,181.5929514,25,0,risky first
1672,1237,214.683488,25,0,risky first
1654,1369,133.2216199,25,0,risky first
1798,1534,219,25,0,risky first
1978,1714,254.5584412,25,0,risky first
2059,1879,183.8096842,25,0,risky first
2056,2017,138.0326048,25,0,risky first
2056,2197,180,25,0,risky first
2056,2377,180,25,0,risky first
2056,2557,180,25,0,risky first
2212,2737,238.1931989,25,0,risky first
2392,2917,254.5584412,25,0,risky first
2572,3097,254.5584412,25,0,risky first
2599,3208,114.2365966,25,0,risky first
2515,3151,101.5135459,25,0,risky first
2335,3295,230.5124725,25,0,risky first
2155,3256,184.1765457,25,0,risky first
1975,3076,254.5584412,25,0,risky first
1795,2980,204,25,0,risky first
1615,2800,254.5584412,25,0,risky first
1435,2647,236.2392855,25,0,risky first
1255,2467,254.5584412,25,0,risky first
1168,2287,199.922485,25,0,risky first
1336,2131,229.2596781,25,0,risky first
1516,1951,254.5584412,25,0,risky first
1540,1771,181.5929514,25,0,risky first
1360,1591,254.5584412,25,0,risky first
1492,1420,216.0208323,25,0,risky first
1672,1240,254.5584412,25,0,risky first
1852,1060,254.5584412,25,0,risky first
1933,1069,81.49846624,25,0,risky first
1942,1135,66.61080993,25,0,risky first
2005,1168,71.11961755,25,0,risky first
1870,1039,186.7243958,25,0,risky first
1807,1150,127.6322843,25,0,risky first
1813,1264,114.1577855,25,0,risky first
1843,1351,92.0271699,25,0,risky first
1987,1531,230.5124725,25,0,risky first
2167,1711,254.5584412,25,0,risky first
2251,1879,187.8297101,25,0,risky first
2098,2038,220.6581066,25,0,risky first
2278,1888,234.3074903,25,0,risky first
2458,1708,254.5584412,25,0,risky first
2638,1528,254.5584412,25,0,risky first
2794,1411,195,25,0,risky first
2926,1441,135.3661701,25,0,risky first
2998,1342,122.4132346,25,0,risky first
2998,1162,180,25,0,risky first
3046,1027,143.2794472,25,0,risky first
3181,880,199.5845685,25,0,risky first
3253,724,171.8138528,25,0,risky first
3073,754,182.4828759,25,0,risky first
2893,595,240.1686907,25,0,risky first
2713,514,197.3854098,25,0,risky first
2533,661,232.3983649,25,0,risky first
2353,664,180.0249983,25,0,risky first
2173,664,180,25,0,risky first
1999,787,213.0844903,25,0,risky first
2053,829,68.41052551,25,0,risky first
2068,889,61.84658438,25,0,risky first
2068,994,105,25,0,risky first
1927,1009,141.7956276,25,0,risky first
1987,1141,144.9965517,25,0,risky first
2068,1075,104.4844486,25,0,risky first
1945,1075,123,25,0,risky first
1987,967,115.8792475,25,0,risky first
2068,844,147.2752525,25,0,risky first
2191,739,161.7219837,25,0,risky first
2257,919,191.7185437,25,0,risky first
2257,1099,180,25,0,risky first
2257,1279,180,25,0,risky first
2119,1459,226.8126981,25,0,risky first
1939,1639,254.5584412,25,0,risky first
1834,1819,208.3866598,25,0,risky first
2014,1999,254.5584412,25,0,risky first
1942,2056,91.83136719,25,0,risky first
1762,1876,254.5584412,25,0,risky first
1582,1696,254.5584412,25,0,risky first
1480,1573,159.7904878,25,0,risky first
1561,1432,162.6099628,25,0,risky first
1381,1261,248.276056,25,0,risky first
1201,1081,254.5584412,25,0,risky first
1021,901,254.5584412,25,0,risky first
841,772,221.4520264,25,0,risky first
919,952,196.1733927,25,0,risky first
1099,1132,254.5584412,25,0,risky first
1279,1201,192.7718859,25,0,risky first
1459,1021,254.5584412,25,0,risky first
1639,976,185.5397532,25,0,risky first
1819,889,199.922485,25,0,risky first
1843,757,134.1640786,25,0,risky first
2020,757,177,25,0,risky first
2023,916,159.0282994,25,0,risky first
1936,1030,143.4050208,25,0,risky first
2002,1153,139.5886815,25,0,risky first
1915,1051,134.0634178,25,0,risky first
1930,982,70.61161378,25,0,risky first
2056,910,145.1206395,25,0,risky first
2140,733,195.9209024,25,0,risky first
2179,904,175.3909918,25,0,risky first
2179,1084,180,25,0,risky first
2179,1264,180,25,0,risky first
2044,1444,225,25,0,risky first
1987,1624,188.8094277,25,0,risky first
1831,1804,238.1931989,25,0,risky first
1918,1984,199.922485,25,0,risky first
2041,2110,176.0823671,25,0,risky first
2041,2077,33,25,0,risky first
2041,2077,0,25,0,risky first
2230,2041,59.1,25,1,risky first
2278,1882,166.0873264,25,1,risky first
2458,1843,184.1765457,25,1,risky first
2638,1825,180.8977612,25,1,risky first
2815,1825,177,25,1,risky first
2638,1726,202.8053254,25,1,risky first
2599,1546,184.1765457,25,1,risky first
2446,1366,236.2392855,25,1,risky first
2266,1258,209.9142682,25,1,risky first
2086,1234,181.5929514,25,1,risky first
1966,1414,216.3330765,25,1,risky first
1966,1594,180,25,1,risky first
2089,1774,218.0114676,25,1,risky first
2035,1915,150.9867544,25,1,risky first
2107,1966,88.23264702,25,1,risky first
2107,1786,180,25,1,risky first
2107,1606,180,25,1,risky first
2107,1426,180,25,1,risky first
1969,1246,226.8126981,25,1,risky first
2125,1141,188.0452073,25,1,risky first
2260,1264,182.6307751,25,1,risky first
2110,1444,234.3074903,25,1,risky first
1990,1624,216.3330765,25,1,risky first
1936,1804,187.9255172,25,1,risky first
2008,1984,193.8659331,25,1,risky first
2170,2161,239.9437434,25,1,risky first
2350,1996,244.1823089,25,1,risky first
2530,1858,226.8126981,25,1,risky first
2710,1912,187.9255172,25,1,risky first
2890,1750,242.1652328,25,1,risky first
3070,1570,254.5584412,25,1,risky first
3223,1390,236.2392855,25,1,risky first
3043,1318,193.8659331,25,1,risky first
2863,1138,254.5584412,25,1,risky first
2683,958,254.5584412,25,1,risky first
2503,778,254.5584412,25,1,risky first
2323,868,201.246118,25,1,risky first
2173,1036,225.2198925,25,1,risky first
2293,1012,122.3764683,25,1,risky first
2311,1099,88.84255737,25,1,risky first
2491,1204,208.3866598,25,1,risky first
2392,1336,165,25,1,risky first
2239,1336,153,25,1,risky first
2128,1300,116.691902,25,1,risky first
1948,1300,180,25,1,risky first
1900,1132,174.7226373,25,1,risky first
2038,1069,151.7003626,25,1,risky first
2149,1105,116.691902,25,1,risky first
2179,1075,42.42640687,25,1,risky first
2254,1009,99.90495483,25,1,risky first
2326,1189,193.8659331,25,1,risky first
2215,1369,211.4734026,25,1,risky first
2125,1549,201.246118,25,1,risky first
2101,1729,181.5929514,25,1,risky first
2053,1909,186.2900964,25,1,risky first
2104,1975,83.40863265,25,1,risky first
2176,2101,145.1206395,25,1,risky first
2185,2281,180.2248596,25,1,risky first
2005,2461,254.5584412,25,1,risky first
1957,2641,186.2900964,25,1,risky first
2134,2821,252.4460338,25,1,risky first
2023,3001,211.4734026,25,1,risky first
1843,3007,180.0999722,25,1,risky first
1774,2908,120.6731122,25,1,risky first
1678,2728,204,25,1,risky first
1498,2548,254.5584412,25,1,risky first
1318,2368,254.5584412,25,1,risky first
1138,2284,198.6353443,25,1,risky first
958,2338,187.9255172,25,1,risky first
778,2518,254.5584412,25,1,risky first
697,2698,197.3854098,25,1,risky first
877,2878,254.5584412,25,1,risky first
925,3058,186.2900964,25,1,risky first
745,3238,254.5584412,25,1,risky first
880,3301,148.9765082,25,1,risky first
1060,3121,254.5584412,25,1,risky first
1240,2941,254.5584412,25,1,risky first
1420,2761,254.5584412,25,1,risky first
1387,2605,159.4521872,25,1,risky first
1282,2425,208.3866598,25,1,risky first
1462,2272,236.2392855,25,1,risky first
1576,2305,118.6802427,25,1,risky first
1756,2308,180.0249983,25,1,risky first
1936,2140,246.2194143,25,1,risky first
1972,2044,102.5280449,25,1,risky first
1912,1975,91.43850392,25,1,risky first
1732,1795,254.5584412,25,1,risky first
1708,1615,181.5929514,25,1,risky first
1528,1435,254.5584412,25,1,risky first
1426,1300,169.2010638,25,1,risky first
1345,1300,81,25,1,risky first
1225,1324,122.3764683,25,1,risky first
1201,1414,93.14504818,25,1,risky first
1381,1543,221.4520264,25,1,risky first
1561,1708,244.1823089,25,1,risky first
1600,1759,64.20280368,25,1,risky first
1510,1582,198.5673689,25,1,risky first
1330,1507,195,25,1,risky first
1171,1477,161.8054387,25,1,risky first
1234,1657,190.7065809,25,1,risky first
1327,1837,202.6055281,25,1,risky first
1507,1909,193.8659331,25,1,risky first
1687,1909,180,25,1,risky first
1825,1891,139.1689621,25,1,risky first
1957,1711,223.2129029,25,1,risky first
2137,1648,190.7065809,25,1,risky first
2317,1720,193.8659331,25,1,risky first
2497,1900,254.5584412,25,1,risky first
2476,2008,110.0227249,25,1,risky first
2296,2188,254.5584412,25,1,risky first
2116,2074,213.0633709,25,1,risky first
2011,2050,107.7079384,25,1,risky first
1888,1885,205.8008746,25,1,risky first
1708,1705,254.5584412,25,1,risky first
1528,1525,254.5584412,25,1,risky first
1348,1462,190.7065809,25,1,risky first
1183,1462,165,25,1,risky first
1363,1642,254.5584412,25,1,risky first
1543,1822,254.5584412,25,1,risky first
1723,1846,181.5929514,25,1,risky first
1903,1846,180,25,1,risky first
2083,1957,211.4734026,25,1,risky first
1993,2014,106.5316854,25,1,risky first
1843,1891,193.9819579,25,1,risky first
1663,1804,199.922485,25,1,risky first
1483,1624,254.5584412,25,1,risky first
1303,1477,232.3983649,25,1,risky first
1198,1489,105.6834897,25,1,risky first
1378,1648,240.1686907,25,1,risky first
1558,1738,201.246118,25,1,risky first
1738,1918,254.5584412,25,1,risky first
1918,1930,180.3995565,25,1,risky first
2017,1951,101.2027668,25,1,risky first
1888,1822,182.4335495,25,1,risky first
1726,1711,196.3797342,25,1,risky first
1546,1687,181.5929514,25,1,risky first
1366,1651,183.5647025,25,1,risky first
1186,1471,254.5584412,25,1,risky first
1276,1567,131.5902732,25,1,risky first
1456,1747,254.5584412,25,1,risky first
1636,1909,242.1652328,25,1,risky first
1816,2011,206.8912758,25,1,risky first
1996,2071,189.7366596,25,1,risky first
1978,1957,115.4123044,25,1,risky first
1798,1858,205.4288198,25,1,risky first
1618,1780,196.1733927,25,1,risky first
1438,1768,180.3995565,25,1,risky first
1258,1588,254.5584412,25,1,risky first
1153,1456,168.6683136,25,1,risky first
1333,1633,252.4460338,25,1,risky first
1513,1813,254.5584412,25,1,risky first
1693,1993,254.5584412,25,1,risky first
1873,2002,180.2248596,25,1,risky first
2053,2002,180,25,1,risky first
1879,1936,186.096749,25,1,risky first
1699,1777,240.1686907,25,1,risky first
1519,1681,204,25,1,risky first
1339,1600,197.3854098,25,1,risky first
1168,1447,229.4558781,25,1,risky first
1345,1615,244.0348336,25,1,risky first
1525,1795,254.5584412,25,1,risky first
1636,1960,198.861761,25,1,risky first
1816,1960,180,25,1,risky first
1996,2020,189.7366596,25,1,risky first
1936,1963,82.75868534,25,1,risky first
1756,1783,254.5584412,25,1,risky first
1576,1603,254.5584412,25,1,risky first
1396,1519,198.6353443,25,1,risky first
1216,1489,182.4828759,25,1,risky first
1273,1543,78.51751397,25,1,risky first
1453,1723,254.5584412,25,1,risky first
1600,1903,232.3983649,25,1,risky first
1780,1903,180,25,1,risky first
1960,1903,180,25,1,risky first
2101,2026,187.1095936,25,1,risky first
1930,1852,243.9610625,25,1,risky first
1750,1777,195,25,1,risky first
1570,1861,198.6353443,25,1,risky first
1390,1681,254.5584412,25,1,risky first
1210,1501,254.5584412,25,1,risky first
1030,1582,197.3854098,25,1,risky first
976,1762,187.9255172,25,1,risky first
1156,1942,254.5584412,25,1,risky first
1336,1993,187.0855419,25,1,risky first
1516,1960,183,25,1,risky first
1696,1852,209.9142682,25,1,risky first
1876,1870,180.8977612,25,1,risky first
2056,1978,209.9142682,25,1,risky first
2005,1954,56.36488268,25,1,risky first
1825,1774,254.5584412,25,1,risky first
1645,1624,234.3074903,25,1,risky first
1555,1717,129.4179277,25,1,risky first
1543,1873,156.4608577,25,1,risky first
1363,1720,236.2392855,25,1,risky first
1237,1540,219.7180011,25,1,risky first
1120,1483,130.1460718,25,1,risky first
940,1663,254.5584412,25,1,risky first
991,1738,90.69729875,25,1,risky first
1171,1882,230.5124725,25,1,risky first
1351,1702,254.5584412,25,1,risky first
1531,1669,183,25,1,risky first
1711,1669,180,25,1,risky first
1891,1669,180,25,1,risky first
2071,1765,204,25,1,risky first
2134,1945,190.7065809,25,1,risky first
1963,1963,171.9447586,25,1,risky first
1843,1954,120.3370267,25,1,risky first
1663,1858,204,25,1,risky first
1483,1789,192.7718859,25,1,risky first
1303,1609,254.5584412,25,1,risky first
1123,1453,238.1931989,25,1,risky first
943,1603,234.3074903,25,1,risky first
991,1783,186.2900964,25,1,risky first
1171,1903,216.3330765,25,1,risky first
1351,1903,180,25,1,risky first
1531,1903,180,25,1,risky first
1711,1903,180,25,1,risky first
1891,1903,180,25,1,risky first
2071,2041,226.8126981,25,1,risky first
1909,1903,212.8097742,25,1,risky first
1729,1804,205.4288198,25,1,risky first
1549,1723,197.3854098,25,1,risky first
1369,1657,191.7185437,25,1,risky first
1189,1477,254.5584412,25,1,risky first
1009,1516,184.1765457,25,1,risky first
919,1651,162.2498074,25,1,risky first
1099,1831,254.5584412,25,1,risky first
1279,1711,216.3330765,25,1,risky first
1459,1873,242.1652328,25,1,risky first
1639,1939,191.7185437,25,1,risky first
1819,1837,206.8912758,25,1,risky first
1999,1954,214.683488,25,1,risky first
1984,2035,82.37718131,25,1,risky first
1804,2035,180,25,1,risky first
1624,2035,180,25,1,risky first
1444,2035,180,25,1,risky first
1264,2035,180,25,1,risky first
1084,1858,252.4460338,25,1,risky first
1138,1771,102.396289,25,1,risky first
1156,1606,165.9789143,25,1,risky first
976,1585,181.2208597,25,1,risky first
925,1585,51,25,1,risky first
955,1585,30,25,1,risky first
979,1639,59.09314681,25,1,risky first
871,1576,125.0319959,25,1,risky first
871,1558,18,25,1,risky first
958,1558,87,25,1,risky first
1033,1537,77.88452991,25,1,risky first
955,1378,177.1016657,25,1,risky first
1072,1327,127.6322843,25,1,risky first
1168,1474,175.5704987,25,1,risky first
1198,1522,56.60388679,25,1,risky first
1198,1423,99,25,1,risky first
1378,1288,225,25,1,risky first
1558,1132,238.1931989,25,1,risky first
1738,1195,190.7065809,25,1,risky first
1918,1081,213.0633709,25,1,risky first
2098,1135,187.9255172,25,1,risky first
2014,1135,84,25,1,risky first
1966,1051,96.74709298,25,1,risky first
1897,1162,130.6981255,25,1,risky first
1897,1294,132,25,1,risky first
2077,1474,254.5584412,25,1,risky first
2257,1654,254.5584412,25,1,risky first
2299,1834,184.8350616,25,1,risky first
2119,2014,254.5584412,25,1,risky first
2215,1972,104.7854952,25,1,risky first
2395,1792,254.5584412,25,1,risky first
2575,1612,254.5584412,25,1,risky first
2755,1474,226.8126981,25,1,risky first
2935,1456,180.8977612,25,1,risky first
3115,1276,254.5584412,25,1,risky first
3277,1096,242.1652328,25,1,risky first
3097,916,254.5584412,25,1,risky first
2917,832,198.6353443,25,1,risky first
2737,748,198.6353443,25,1,risky first
2557,928,254.5584412,25,1,risky first
2377,1093,244.1823089,25,1,risky first
2335,1093,42,25,1,risky first
2176,2065,0,26,0,safe first
2176,2065,0,26,0,safe first
2131,2065,45,26,0,safe first
1951,2023,184.8350616,26,0,safe first
1771,2173,234.3074903,26,0,safe first
1708,2353,190.7065809,26,0,safe first
1792,2494,164.1249524,26,0,safe first
1957,2632,215.1023012,26,0,safe first
2137,2812,254.5584412,26,0,safe first
2188,2992,187.0855419,26,0,safe first
2188,3133,141,26,0,safe first
2110,3181,91.58602513,26,0,safe first
2068,3319,144.2497834,26,0,safe first
1912,3151,229.2596781,26,0,safe first
1774,2971,226.8126981,26,0,safe first
1723,2902,85.80209788,26,0,safe first
1543,2734,246.2194143,26,0,safe first
1363,2554,254.5584412,26,0,safe first
1183,2374,254.5584412,26,0,safe first
1003,2392,180.8977612,26,0,safe first
823,2572,254.5584412,26,0,safe first
643,2605,183,26,0,safe first
574,2425,192.7718859,26,0,safe first
739,2245,244.1823089,26,0,safe first
919,2065,254.5584412,26,0,safe first
1042,1885,218.0114676,26,0,safe first
934,1744,177.6091214,26,0,safe first
934,1564,180,26,0,safe first
934,1384,180,26,0,safe first
880,1204,187.9255172,26,0,safe first
865,1090,114.9826074,26,0,safe first
1045,910,254.5584412,26,0,safe first
1141,754,183.1720503,26,0,safe first
961,754,180,26,0,safe first
781,754,180,26,0,safe first
880,859,144.3121616,26,0,safe first
1060,1006,232.3983649,26,0,safe first
1240,1186,254.5584412,26,0,safe first
1420,1114,193.8659331,26,0,safe first
1600,1198,198.6353443,26,0,safe first
1780,1366,246.2194143,26,0,safe first
1888,1288,133.2216199,26,0,safe first
2011,1279,123.3288287,26,0,safe first
2011,1216,63,26,0,safe first
2065,1393,185.0540462,26,0,safe first
2137,1573,193.8659331,26,0,safe first
2161,1753,181.5929514,26,0,safe first
2221,1900,158.7734235,26,0,safe first
2104,1963,132.8834075,26,0,safe first
2080,1993,38.41874542,26,0,safe first
2053,1813,182.0137357,26,0,safe first
2218,1633,244.1823089,26,0,safe first
2137,1522,137.4117899,26,0,safe first
2137,1342,180,26,0,safe first
2137,1165,177,26,0,safe first
2026,1165,111,26,0,safe first
2197,1165,171,26,0,safe first
2206,1342,177.2286659,26,0,safe first
2206,1522,180,26,0,safe first
2206,1702,180,26,0,safe first
2092,1882,213.0633709,26,0,safe first
2092,2041,159,26,0,safe first
2092,1885,156,26,0,safe first
2248,1858,158.3192976,26,0,safe first
2377,1792,144.9034161,26,0,safe first
2464,1612,199.922485,26,0,safe first
2644,1432,254.5584412,26,0,safe first
2806,1381,169.8381583,26,0,safe first
2929,1432,133.1540461,26,0,safe first
2752,1432,177,26,0,safe first
2572,1603,248.276056,26,0,safe first
2392,1783,254.5584412,26,0,safe first
2212,1963,254.5584412,26,0,safe first
2122,2086,152.4106296,26,0,safe first
2302,1930,238.1931989,26,0,safe first
2482,1750,254.5584412,26,0,safe first
2662,1570,254.5584412,26,0,safe first
2830,1552,168.9615341,26,0,safe first
2947,1450,155.2191998,26,0,safe first
2770,1522,191.0837513,26,0,safe first
2590,1702,254.5584412,26,0,safe first
2410,1882,254.5584412,26,0,safe first
2230,2062,254.5584412,26,0,safe first
2089,2062,141,26,0,safe first
2269,2233,248.276056,26,0,safe first
2449,2413,254.5584412,26,0,safe first
2629,2593,254.5584412,26,0,safe first
2809,2773,254.5584412,26,0,safe first
2989,2953,254.5584412,26,0,safe first
3070,3133,197.3854098,26,0,safe first
3076,3313,180.0999722,26,0,safe first
3208,3226,158.0917455,26,0,safe first
3337,3076,197.8408451,26,0,safe first
3157,2920,238.1931989,26,0,safe first
2977,2740,254.5584412,26,0,safe first
3073,2635,142.2708684,26,0,safe first
3145,2455,193.8659331,26,0,safe first
3145,2275,180,26,0,safe first
3145,2095,180,26,0,safe first
3145,1915,180,26,0,safe first
3139,1735,180.0999722,26,0,safe first
3139,1555,180,26,0,safe first
3046,1498,109.0779538,26,0,safe first
2878,1441,177.4063133,26,0,safe first
2698,1441,180,26,0,safe first
2518,1459,180.8977612,26,0,safe first
2338,1639,254.5584412,26,0,safe first
2158,1819,254.5584412,26,0,safe first
2026,1999,223.2129029,26,0,safe first
1966,1963,69.97142274,26,0,safe first
1960,1855,108.1665383,26,0,safe first
2140,1675,254.5584412,26,0,safe first
2320,1495,254.5584412,26,0,safe first
2500,1315,254.5584412,26,0,safe first
2680,1135,254.5584412,26,0,safe first
2860,955,254.5584412,26,0,safe first
3040,775,254.5584412,26,0,safe first
2941,751,101.8675611,26,0,safe first
2761,745,180.0999722,26,0,safe first
2581,925,254.5584412,26,0,safe first
2401,1105,254.5584412,26,0,safe first
2221,1171,191.7185437,26,0,safe first
2125,1075,135.764502,26,0,safe first
2032,1000,119.4738465,26,0,safe first
2005,1168,170.1558109,26,0,safe first
2005,1018,150,26,0,safe first
2068,1072,82.97590012,26,0,safe first
2176,964,152.7350647,26,0,safe first
2191,1054,91.24143795,26,0,safe first
2230,1234,184.1765457,26,0,safe first
2161,1414,192.7718859,26,0,safe first
2161,1594,180,26,0,safe first
2110,1774,187.0855419,26,0,safe first
2014,1852,123.6931688,26,0,safe first
2077,2008,168.2408987,26,0,safe first
1945,1888,178.392825,26,0,safe first
1765,1708,254.5584412,26,0,safe first
1585,1528,254.5584412,26,0,safe first
1555,1348,182.4828759,26,0,safe first
1735,1168,254.5584412,26,0,safe first
1906,1015,229.4558781,26,0,safe first
1924,1186,171.9447586,26,0,safe first
1954,1189,30.14962686,26,0,safe first
1900,1120,87.6184912,26,0,safe first
1813,958,183.883115,26,0,safe first
1792,1132,175.26266,26,0,safe first
1783,1213,81.49846624,26,0,safe first
1903,1381,206.4558064,26,0,safe first
1972,1561,192.7718859,26,0,safe first
2119,1741,232.3983649,26,0,safe first
2119,1921,180,26,0,safe first
2119,2017,96,26,0,safe first
2227,1918,146.5093854,26,0,safe first
2407,1738,254.5584412,26,0,safe first
2587,1558,254.5584412,26,0,safe first
2767,1405,236.2392855,26,0,safe first
2914,1423,148.0979406,26,0,safe first
2737,1468,182.6307751,26,0,safe first
2557,1648,254.5584412,26,0,safe first
2377,1828,254.5584412,26,0,safe first
2197,2008,254.5584412,26,0,safe first
2101,2059,108.7060256,26,0,safe first
2179,1963,123.6931688,26,0,safe first
2359,1783,254.5584412,26,0,safe first
2539,1603,254.5584412,26,0,safe first
2695,1423,238.1931989,26,0,safe first
2860,1336,186.5314987,26,0,safe first
2920,1417,100.8017857,26,0,safe first
2809,1354,127.6322843,26,0,safe first
2647,1489,210.8767412,26,0,safe first
2467,1669,254.5584412,26,0,safe first
2287,1849,254.5584412,26,0,safe first
2107,2029,254.5584412,26,0,safe first
2218,1927,150.7481343,26,0,safe first
2398,1747,254.5584412,26,0,safe first
2578,1567,254.5584412,26,0,safe first
2758,1387,254.5584412,26,0,safe first
2914,1477,180.0999722,26,0,safe first
2767,1411,161.136588,26,0,safe first
2587,1591,254.5584412,26,0,safe first
2407,1771,254.5584412,26,0,safe first
2227,1951,254.5584412,26,0,safe first
2095,2104,202.0717694,26,0,safe first
2275,1927,252.4460338,26,0,safe first
2455,1747,254.5584412,26,0,safe first
2635,1567,254.5584412,26,0,safe first
2815,1414,236.2392855,26,0,safe first
2977,1510,188.3082579,26,0,safe first
2803,1657,227.7827913,26,0,safe first
2623,1837,254.5584412,26,0,safe first
2443,1876,184.1765457,26,0,safe first
2263,2056,254.5584412,26,0,safe first
2083,2071,180.6239187,26,0,safe first
2206,1921,193.9819579,26,0,safe first
2386,1741,254.5584412,26,0,safe first
2566,1561,254.5584412,26,0,safe first
2746,1402,240.1686907,26,0,safe first
2926,1435,183,26,0,safe first
2779,1552,187.8776197,26,0,safe first
2599,1732,254.5584412,26,0,safe first
2419,1912,254.5584412,26,0,safe first
2239,2092,254.5584412,26,0,safe first
2059,2002,201.246118,26,0,safe first
2104,1822,185.5397532,26,0,safe first
2104,1642,180,26,0,safe first
2104,1462,180,26,0,safe first
2146,1282,184.8350616,26,0,safe first
2197,1165,127.6322843,26,0,safe first
2197,1072,93,26,0,safe first
2197,928,144,26,0,safe first
2197,790,138,26,0,safe first
2056,790,141,26,0,safe first
2056,844,54,26,0,safe first
2056,973,129,26,0,safe first
1954,973,102,26,0,safe first
1927,1105,134.7330694,26,0,safe first
1987,1153,76.83749085,26,0,safe first
1927,1063,108.1665383,26,0,safe first
1927,955,108,26,0,safe first
2068,952,141.0319113,26,0,safe first
2068,877,75,26,0,safe first
2170,724,183.883115,26,0,safe first
2350,904,254.5584412,26,0,safe first
2263,1084,199.922485,26,0,safe first
2182,1264,197.3854098,26,0,safe first
2086,1444,204,26,0,safe first
2086,1624,180,26,0,safe first
2083,1804,180.0249983,26,0,safe first
2020,1984,190.7065809,26,0,safe first
2020,2089,105,26,0,safe first
2191,1951,219.7384809,26,0,safe first
2371,1771,254.5584412,26,0,safe first
2545,1591,250.3517525,26,0,safe first
2368,1438,233.9615353,26,0,safe first
2188,1288,234.3074903,26,0,safe first
2125,1225,89.09545443,26,0,safe first
2140,1213,19.20937271,26,0,safe first
2269,1063,197.8408451,26,0,safe first
2200,916,162.3884232,26,0,safe first
2200,736,180,26,0,safe first
2047,727,153.2644773,26,0,safe first
2035,868,141.509717,26,0,safe first
2008,967,102.6157883,26,0,safe first
1933,1054,114.8651383,26,0,safe first
1933,1177,123,26,0,safe first
1921,1168,15,26,0,safe first
1921,1003,165,26,0,safe first
1942,1003,21,26,0,safe first
2008,979,70.22819946,26,0,safe first
2059,838,149.939988,26,0,safe first
2068,829,12.72792206,26,0,safe first
2098,820,31.32091953,26,0,safe first
2179,877,99.04544412,26,0,safe first
2179,1057,180,26,0,safe first
2179,1237,180,26,0,safe first
2179,1417,180,26,0,safe first
2071,1597,209.9142682,26,0,safe first
2011,1720,136.8539367,26,0,safe first
1999,1846,126.5701387,26,0,safe first
2002,2005,159.0282994,26,0,safe first
2065,1945,87,26,0,safe first
2203,1765,226.8126981,26,0,safe first
2383,1585,254.5584412,26,0,safe first
2563,1405,254.5584412,26,0,safe first
2743,1255,234.3074903,26,0,safe first
2923,1123,223.2129029,26,0,safe first
3103,946,252.4460338,26,0,safe first
3283,913,183,26,0,safe first
3154,913,129,26,0,safe first
2974,913,180,26,0,safe first
2794,1057,230.5124725,26,0,safe first
2614,1237,254.5584412,26,0,safe first
2659,1201,57.62811814,26,0,safe first
2785,1177,128.26535,26,0,safe first
2899,1357,213.0633709,26,0,safe first
2821,1444,116.8460526,26,0,safe first
2641,1444,180,26,0,safe first
2461,1597,236.2392855,26,0,safe first
2281,1777,254.5584412,26,0,safe first
2101,1957,254.5584412,26,0,safe first
2077,1945,26.83281573,26,0,safe first
2257,1780,244.1823089,26,0,safe first
2437,1609,248.276056,26,0,safe first
2617,1609,180,26,0,safe first
2797,1534,195,26,0,safe first
2920,1444,152.4106296,26,0,safe first
2740,1531,199.922485,26,0,safe first
2560,1711,254.5584412,26,0,safe first
2380,1891,254.5584412,26,0,safe first
2200,2017,219.7180011,26,0,safe first
2098,2017,102,26,0,safe first
2278,1873,230.5124725,26,0,safe first
2458,1693,254.5584412,26,0,safe first
2638,1513,254.5584412,26,0,safe first
2818,1444,192.7718859,26,0,safe first
2857,1450,39.45883931,26,0,safe first
2782,1561,133.9626814,26,0,safe first
2962,1465,204,26,0,safe first
2848,1465,114,26,0,safe first
2347,2065,171,26,1,safe first
2527,2065,180,26,1,safe first
2629,2065,102,26,1,safe first
2629,1906,159,26,1,safe first
2629,1789,117,26,1,safe first
2563,1750,76.66159404,26,1,safe first
2383,1750,180,26,1,safe first
2203,1750,180,26,1,safe first
2077,1768,127.2792206,26,1,safe first
2077,1948,180,26,1,safe first
2077,2128,180,26,1,safe first
2116,2230,109.2016483,26,1,safe first
2296,2230,180,26,1,safe first
2476,2230,180,26,1,safe first
2656,2230,180,26,1,safe first
2836,2230,180,26,1,safe first
2971,2308,155.9134375,26,1,safe first
2971,2446,138,26,1,safe first
2971,2626,180,26,1,safe first
2971,2734,108,26,1,safe first
2971,2911,177,26,1,safe first
2971,3061,150,26,1,safe first
2842,3061,129,26,1,safe first
2662,3061,180,26,1,safe first
2482,3061,180,26,1,safe first
2302,3061,180,26,1,safe first
2122,3061,180,26,1,safe first
1942,3061,180,26,1,safe first
1822,3004,132.849539,26,1,safe first
1735,2935,111.0405331,26,1,safe first
1555,2935,180,26,1,safe first
1447,2869,126.5701387,26,1,safe first
1447,2689,180,26,1,safe first
1447,2509,180,26,1,safe first
1447,2551,42,26,1,safe first
1585,2560,138.2931669,26,1,safe first
1765,2698,226.8126981,26,1,safe first
1945,2878,254.5584412,26,1,safe first
2038,2998,151.8189711,26,1,safe first
1879,2998,159,26,1,safe first
1699,2998,180,26,1,safe first
1519,2983,180.6239187,26,1,safe first
1339,2854,221.4520264,26,1,safe first
1318,2743,112.9690223,26,1,safe first
1318,2659,84,26,1,safe first
1318,2485,174,26,1,safe first
1318,2305,180,26,1,safe first
1318,2125,180,26,1,safe first
1465,2038,170.8156901,26,1,safe first
1645,1858,254.5584412,26,1,safe first
1825,1678,254.5584412,26,1,safe first
2005,1672,180.0999722,26,1,safe first
2185,1726,187.9255172,26,1,safe first
2365,1546,254.5584412,26,1,safe first
2545,1366,254.5584412,26,1,safe first
2554,1360,10.81665383,26,1,safe first
2398,1279,175.7754249,26,1,safe first
2218,1180,205.4288198,26,1,safe first
2098,1180,120,26,1,safe first
2098,1162,18,26,1,safe first
2221,982,218.0114676,26,1,safe first
2401,970,180.3995565,26,1,safe first
2494,1150,202.6055281,26,1,safe first
2494,1225,75,26,1,safe first
2338,1225,156,26,1,safe first
2158,1225,180,26,1,safe first
2128,1324,103.4456379,26,1,safe first
2128,1504,180,26,1,safe first
2128,1684,180,26,1,safe first
2128,1864,180,26,1,safe first
2128,2029,165,26,1,safe first
2128,1924,105,26,1,safe first
2128,1744,180,26,1,safe first
2128,1564,180,26,1,safe first
2128,1399,165,26,1,safe first
2128,1300,99,26,1,safe first
2248,1300,120,26,1,safe first
2269,1168,133.6600165,26,1,safe first
2113,1162,156.115342,26,1,safe first
1981,1162,132,26,1,safe first
1975,1303,141.1276018,26,1,safe first
2014,1432,134.7664647,26,1,safe first
1927,1288,168.2408987,26,1,safe first
1747,1108,254.5584412,26,1,safe first
1783,940,171.8138528,26,1,safe first
1963,907,183,26,1,safe first
2143,757,234.3074903,26,1,safe first
2323,850,202.6055281,26,1,safe first
2503,1030,254.5584412,26,1,safe first
2488,1078,50.28916384,26,1,safe first
2332,1255,235.9343129,26,1,safe first
2152,1435,254.5584412,26,1,safe first
2122,1501,72.49827584,26,1,safe first
2122,1429,72,26,1,safe first
2230,1420,108.3743512,26,1,safe first
2230,1288,132,26,1,safe first
2287,1249,69.0651866,26,1,safe first
2212,1231,77.12976079,26,1,safe first
2161,1162,85.80209788,26,1,safe first
1981,1162,180,26,1,safe first
1972,1303,141.2869421,26,1,safe first
1972,1483,180,26,1,safe first
2128,1663,238.1931989,26,1,safe first
2149,1786,124.7798061,26,1,safe first
2026,1885,157.8923684,26,1,safe first
2026,2038,153,26,1,safe first
2026,1960,78,26,1,safe first
2026,1780,180,26,1,safe first
2002,1600,181.5929514,26,1,safe first
1849,1420,236.2392855,26,1,safe first
1792,1297,135.5654823,26,1,safe first
1933,1201,170.5784277,26,1,safe first
1957,1078,125.3195914,26,1,safe first
2119,1102,163.7681288,26,1,safe first
2125,1066,36.49657518,26,1,safe first
1975,1033,153.5871088,26,1,safe first
1843,1075,138.5207566,26,1,safe first
1843,1255,180,26,1,safe first
1930,1435,199.922485,26,1,safe first
2041,1615,211.4734026,26,1,safe first
2128,1795,199.922485,26,1,safe first
2035,1891,133.6600165,26,1,safe first
2035,2044,153,26,1,safe first
1879,2044,156,26,1,safe first
1699,2044,180,26,1,safe first
1582,2044,117,26,1,safe first
1582,1876,168,26,1,safe first
1462,1873,120.0374941,26,1,safe first
1282,1744,221.4520264,26,1,safe first
1141,1579,217.039167,26,1,safe first
1240,1489,133.7946187,26,1,safe first
1255,1489,15,26,1,safe first
1435,1504,180.6239187,26,1,safe first
1615,1684,254.5584412,26,1,safe first
1795,1771,199.922485,26,1,safe first
1975,1786,180.6239187,26,1,safe first
2155,1894,209.9142682,26,1,safe first
2188,1951,65.8634952,26,1,safe first
2116,1972,75,26,1,safe first
1960,1972,156,26,1,safe first
1780,1972,180,26,1,safe first
1639,1972,141,26,1,safe first
1474,1966,165.1090549,26,1,safe first
1294,1786,254.5584412,26,1,safe first
1165,1672,172.1540008,26,1,safe first
1345,1564,209.9142682,26,1,safe first
1525,1384,254.5584412,26,1,safe first
1705,1204,254.5584412,26,1,safe first
1885,1024,254.5584412,26,1,safe first
1972,1027,87.05170877,26,1,safe first
2056,1042,85.32877592,26,1,safe first
2056,1207,165,26,1,safe first
2113,1207,57,26,1,safe first
2056,1078,141.0319113,26,1,safe first
2014,1075,42.10700654,26,1,safe first
2053,1009,76.66159404,26,1,safe first
1924,1009,129,26,1,safe first
1798,1180,212.407627,26,1,safe first
1798,1360,180,26,1,safe first
1966,1540,246.2194143,26,1,safe first
2113,1720,232.3983649,26,1,safe first
2113,1900,180,26,1,safe first
2101,2041,141.509717,26,1,safe first
1921,2041,180,26,1,safe first
1741,2041,180,26,1,safe first
1561,1861,254.5584412,26,1,safe first
1381,1681,254.5584412,26,1,safe first
1201,1501,254.5584412,26,1,safe first
1279,1393,133.2216199,26,1,safe first
1459,1537,230.5124725,26,1,safe first
1639,1717,254.5584412,26,1,safe first
1819,1846,221.4520264,26,1,safe first
1999,1945,205.4288198,26,1,safe first
2005,2071,126.1427762,26,1,safe first
1867,1969,171.6041958,26,1,safe first
1837,2074,109.2016483,26,1,safe first
1837,2254,180,26,1,safe first
1837,2434,180,26,1,safe first
1702,2614,225,26,1,safe first
1522,2794,254.5584412,26,1,safe first
1342,2974,254.5584412,26,1,safe first
1162,3154,254.5584412,26,1,safe first
982,3334,254.5584412,26,1,safe first
802,3343,180.2248596,26,1,safe first
622,3163,254.5584412,26,1,safe first
625,3055,108.0416586,26,1,safe first
805,2875,254.5584412,26,1,safe first
985,2695,254.5584412,26,1,safe first
1165,2515,254.5584412,26,1,safe first
1174,2359,156.2593997,26,1,safe first
1174,2179,180,26,1,safe first
1174,1999,180,26,1,safe first
1174,1819,180,26,1,safe first
1174,1639,180,26,1,safe first
1225,1459,187.0855419,26,1,safe first
1405,1279,254.5584412,26,1,safe first
1585,1351,193.8659331,26,1,safe first
1765,1531,254.5584412,26,1,safe first
1945,1711,254.5584412,26,1,safe first
2083,1891,226.8126981,26,1,safe first
2113,1972,86.37708029,26,1,safe first
2113,1876,96,26,1,safe first
2113,1696,180,26,1,safe first
2209,1516,204,26,1,safe first
2389,1336,254.5584412,26,1,safe first
2251,1234,171.6041958,26,1,safe first
2239,1147,87.82368701,26,1,safe first
2227,1051,96.74709298,26,1,safe first
2212,1069,23.43074903,26,1,safe first
2215,1048,21.21320344,26,1,safe first
2395,952,204,26,1,safe first
2566,772,248.276056,26,1,safe first
2404,760,162.4438364,26,1,safe first
2224,760,180,26,1,safe first
2176,820,76.83749085,26,1,safe first
2149,991,173.1184566,26,1,safe first
2044,1057,124.0201597,26,1,safe first
2113,1153,118.224363,26,1,safe first
2032,1081,108.3743512,26,1,safe first
2053,997,86.58521814,26,1,safe first
2179,952,133.7946187,26,1,safe first
2113,925,71.30918594,26,1,safe first
2179,871,85.27602242,26,1,safe first
2224,778,103.3150521,26,1,safe first
2404,856,196.1733927,26,1,safe first
2545,1036,228.6503881,26,1,safe first
2371,1216,250.3517525,26,1,safe first
2191,1396,254.5584412,26,1,safe first
2014,1576,252.4460338,26,1,safe first
2062,1756,186.2900964,26,1,safe first
2065,1843,87.05170877,26,1,safe first
2080,2020,177.6344561,26,1,safe first
2080,1918,102,26,1,safe first
2080,1738,180,26,1,safe first
1924,1558,238.1931989,26,1,safe first
1744,1378,254.5584412,26,1,safe first
1564,1198,254.5584412,26,1,safe first
1384,1018,254.5584412,26,1,safe first
1204,838,254.5584412,26,1,safe first
1072,763,151.8189711,26,1,safe first
892,943,254.5584412,26,1,safe first
769,1123,218.0114676,26,1,safe first
889,1303,216.3330765,26,1,safe first
1021,1321,133.2216199,26,1,safe first
1090,1378,89.49860334,26,1,safe first
1189,1378,99,26,1,safe first
1369,1255,218.0114676,26,1,safe first
1549,1234,181.2208597,26,1,safe first
1729,1414,254.5584412,26,1,safe first
1789,1438,64.62197769,26,1,safe first
1621,1438,168,26,1,safe first
1441,1405,183,26,1,safe first
1354,1387,88.84255737,26,1,safe first
1207,1387,147,26,1,safe first
1330,1387,123,26,1,safe first
1510,1516,221.4520264,26,1,safe first
1690,1546,182.4828759,26,1,safe first
1870,1546,180,26,1,safe first
2050,1648,206.8912758,26,1,safe first
2230,1828,254.5584412,26,1,safe first
2149,1894,104.4844486,26,1,safe first
2125,2041,148.946299,26,1,safe first
2032,2041,93,26,1,safe first
1852,1879,242.1652328,26,1,safe first
1672,1699,254.5584412,26,1,safe first
1492,1564,225,26,1,safe first
1312,1474,201.246118,26,1,safe first
1180,1474,132,26,1,safe first
1360,1474,180,26,1,safe first
1540,1612,226.8126981,26,1,safe first
1720,1792,254.5584412,26,1,safe first
1900,1972,254.5584412,26,1,safe first
2020,2095,171.8400419,26,1,safe first
1942,2035,98.4073168,26,1,safe first
1762,1855,254.5584412,26,1,safe first
2341,2125,128.52,27,0,risky first
2341,2083,42,27,0,risky first
2347,1909,174.1034175,27,0,risky first
2464,1834,138.9748179,27,0,risky first
2599,1774,147.732867,27,0,risky first
2761,1744,164.7543626,27,0,risky first
2761,1564,180,27,0,risky first
2911,1468,178.089865,27,0,risky first
2875,1465,36.12478374,27,0,risky first
2695,1465,180,27,0,risky first
2614,1579,139.8463442,27,0,risky first
2434,1579,180,27,0,risky first
2254,1579,180,27,0,risky first
2200,1717,148.1890684,27,0,risky first
2107,1825,142.5236822,27,0,risky first
2107,2005,180,27,0,risky first
2092,1939,67.68308504,27,0,risky first
1912,1939,180,27,0,risky first
1810,1855,132.1362933,27,0,risky first
1924,1801,126.1427762,27,0,risky first
2104,1801,180,27,0,risky first
2218,1729,134.8332303,27,0,risky first
2254,1597,136.821051,27,0,risky first
2434,1597,180,27,0,risky first
2614,1597,180,27,0,risky first
2743,1540,141.0319113,27,0,risky first
2851,1459,135,27,0,risky first
2863,1459,12,27,0,risky first
2770,1558,135.8307771,27,0,risky first
2770,1738,180,27,0,risky first
2677,1831,131.5218613,27,0,risky first
2497,1831,180,27,0,risky first
2317,1837,180.0999722,27,0,risky first
2293,2005,169.7056275,27,0,risky first
2113,2005,180,27,0,risky first
2104,2176,171.2366783,27,0,risky first
2104,2356,180,27,0,risky first
2035,2473,135.8307771,27,0,risky first
1855,2473,180,27,0,risky first
1723,2536,146.2634609,27,0,risky first
1723,2716,180,27,0,risky first
1711,2800,84.85281374,27,0,risky first
1891,2800,180,27,0,risky first
2071,2800,180,27,0,risky first
2239,2764,171.8138528,27,0,risky first
2302,2635,143.5618334,27,0,risky first
2482,2635,180,27,0,risky first
2662,2635,180,27,0,risky first
2782,2530,159.4521872,27,0,risky first
2827,2371,165.2452722,27,0,risky first
2827,2191,180,27,0,risky first
2827,2011,180,27,0,risky first
2827,1831,180,27,0,risky first
2827,1651,180,27,0,risky first
2854,1555,99.72462083,27,0,risky first
2767,1501,102.396289,27,0,risky first
2773,1324,177.1016657,27,0,risky first
2899,1408,151.4331536,27,0,risky first
2845,1351,78.51751397,27,0,risky first
2845,1306,45,27,0,risky first
2740,1381,129.034879,27,0,risky first
2680,1513,144.9965517,27,0,risky first
2500,1606,202.6055281,27,0,risky first
2320,1786,254.5584412,27,0,risky first
2140,1966,254.5584412,27,0,risky first
2074,2032,93.33809512,27,0,risky first
2254,1852,254.5584412,27,0,risky first
2434,1672,254.5584412,27,0,risky first
2614,1492,254.5584412,27,0,risky first
2782,1321,239.718585,27,0,risky first
2887,1327,105.1712889,27,0,risky first
2908,1423,98.27003612,27,0,risky first
2815,1300,154.2011673,27,0,risky first
2635,1276,181.5929514,27,0,risky first
2467,1405,211.8135973,27,0,risky first
2287,1585,254.5584412,27,0,risky first
2107,1765,254.5584412,27,0,risky first
2083,1879,116.498927,27,0,risky first
2083,1972,93,27,0,risky first
2140,1825,157.6642001,27,0,risky first
2320,1684,228.6503881,27,0,risky first
2500,1504,254.5584412,27,0,risky first
2680,1324,254.5584412,27,0,risky first
2707,1186,140.6164997,27,0,risky first
2737,1015,173.6116356,27,0,risky first
2917,1015,180,27,0,risky first
2953,1165,154.2595216,27,0,risky first
2869,1291,151.4331536,27,0,risky first
2926,1420,141.0319113,27,0,risky first
2956,1348,78,27,0,risky first
3001,1333,47.4341649,27,0,risky first
2860,1285,148.946299,27,0,risky first
2956,1249,102.5280449,27,0,risky first
2989,1069,183,27,0,risky first
2836,1021,160.3527362,27,0,risky first
2656,1147,219.7180011,27,0,risky first
2476,1327,254.5584412,27,0,risky first
2296,1507,254.5584412,27,0,risky first
2116,1687,254.5584412,27,0,risky first
1936,1864,252.4460338,27,0,risky first
2044,1948,136.821051,27,0,risky first
2125,2038,121.0826164,27,0,risky first
2305,1870,246.2194143,27,0,risky first
2485,1690,254.5584412,27,0,risky first
2665,1510,254.5584412,27,0,risky first
2683,1330,180.8977612,27,0,risky first
2683,1150,180,27,0,risky first
2686,970,180.0249983,27,0,risky first
2866,928,184.8350616,27,0,risky first
2959,1030,138.0326048,27,0,risky first
2959,1210,180,27,0,risky first
2866,1315,140.2640367,27,0,risky first
2941,1426,133.9626814,27,0,risky first
2863,1321,130.8013761,27,0,risky first
2947,1222,129.8345101,27,0,risky first
2965,1048,174.9285568,27,0,risky first
2806,1024,160.8011194,27,0,risky first
2722,1024,84,27,0,risky first
2542,1165,228.6503881,27,0,risky first
2362,1345,254.5584412,27,0,risky first
2182,1492,232.3983649,27,0,risky first
2020,1648,224.8999778,27,0,risky first
1876,1810,216.7487024,27,0,risky first
2014,1864,148.1890684,27,0,risky first
2080,2005,155.6823689,27,0,risky first
2080,1852,153,27,0,risky first
2080,1672,180,27,0,risky first
2017,1492,190.7065809,27,0,risky first
1981,1312,183.5647025,27,0,risky first
1981,1273,39,27,0,risky first
2149,1414,219.3285207,27,0,risky first
2104,1540,133.7946187,27,0,risky first
2125,1678,139.5886815,27,0,risky first
2122,1858,180.0249983,27,0,risky first
2110,2023,165.4357881,27,0,risky first
2089,1876,148.492424,27,0,risky first
2089,1696,180,27,0,risky first
2089,1516,180,27,0,risky first
2044,1336,185.5397532,27,0,risky first
1960,1195,164.1249524,27,0,risky first
2134,1333,222.0810663,27,0,risky first
2041,1474,168.9082591,27,0,risky first
2062,1594,121.823643,27,0,risky first
2068,1774,180.0999722,27,0,risky first
2098,1954,182.4828759,27,0,risky first
2098,1951,3,27,0,risky first
2098,1771,180,27,0,risky first
2059,1591,184.1765457,27,0,risky first
2026,1411,183,27,0,risky first
2011,1231,180.6239187,27,0,risky first
2107,1354,156.0288435,27,0,risky first
2182,1495,159.7059799,27,0,risky first
2101,1624,152.3220273,27,0,risky first
2101,1804,180,27,0,risky first
2101,1984,180,27,0,risky first
2101,1894,90,27,0,risky first
2101,1714,180,27,0,risky first
2101,1534,180,27,0,risky first
2068,1354,183,27,0,risky first
1981,1258,129.5569373,27,0,risky first
2032,1252,51.35172831,27,0,risky first
2095,1432,190.7065809,27,0,risky first
2095,1612,180,27,0,risky first
2077,1792,180.8977612,27,0,risky first
2074,1942,150.029997,27,0,risky first
2074,1957,15,27,0,risky first
2074,1777,180,27,0,risky first
2074,1597,180,27,0,risky first
2062,1417,180.3995565,27,0,risky first
1999,1237,190.7065809,27,0,risky first
2041,1300,75.71657678,27,0,risky first
2095,1459,167.9196236,27,0,risky first
2095,1639,180,27,0,risky first
2095,1819,180,27,0,risky first
2095,1999,180,27,0,risky first
2095,1885,114,27,0,risky first
2095,1705,180,27,0,risky first
2074,1525,181.2208597,27,0,risky first
2023,1345,187.0855419,27,0,risky first
2002,1228,118.8696765,27,0,risky first
2059,1255,63.07138812,27,0,risky first
2116,1363,122.1187946,27,0,risky first
2095,1543,181.2208597,27,0,risky first
2092,1723,180.0249983,27,0,risky first
2092,1903,180,27,0,risky first
2092,2005,102,27,0,risky first
2092,1825,180,27,0,risky first
2092,1645,180,27,0,risky first
2092,1465,180,27,0,risky first
2062,1285,182.4828759,27,0,risky first
2032,1240,54.08326913,27,0,risky first
2068,1384,148.4318025,27,0,risky first
2068,1564,180,27,0,risky first
2092,1744,181.5929514,27,0,risky first
2092,1924,180,27,0,risky first
2092,1999,75,27,0,risky first
2092,1819,180,27,0,risky first
2092,1639,180,27,0,risky first
2074,1459,180.8977612,27,0,risky first
2020,1279,187.9255172,27,0,risky first
2017,1300,21.21320344,27,0,risky first
2050,1480,183,27,0,risky first
2050,1660,180,27,0,risky first
2077,1840,182.0137357,27,0,risky first
2077,2020,180,27,0,risky first
2080,1858,162.0277754,27,0,risky first
2080,1678,180,27,0,risky first
2080,1498,180,27,0,risky first
2035,1318,185.5397532,27,0,risky first
2047,1213,105.6834897,27,0,risky first
2065,1393,180.8977612,27,0,risky first
2065,1573,180,27,0,risky first
2065,1753,180,27,0,risky first
2065,1933,180,27,0,risky first
2065,1945,12,27,0,risky first
2065,1765,180,27,0,risky first
2065,1585,180,27,0,risky first
2065,1405,180,27,0,risky first
2017,1225,186.2900964,27,0,risky first
2005,1333,108.6646217,27,0,risky first
2059,1513,187.9255172,27,0,risky first
2059,1693,180,27,0,risky first
2059,1873,180,27,0,risky first
2059,2053,180,27,0,risky first
2074,2209,156.7194946,27,0,risky first
2074,2035,174,27,0,risky first
2074,1855,180,27,0,risky first
2074,1675,180,27,0,risky first
2056,1495,180.8977612,27,0,risky first
1999,1315,188.8094277,27,0,risky first
1999,1264,51,27,0,risky first
1999,1255,9,27,0,risky first
1981,1168,88.84255737,27,0,risky first
1993,1216,49.47726751,27,0,risky first
2005,1210,13.41640786,27,0,risky first
1987,1207,18.24828759,27,0,risky first
1966,1186,29.69848481,27,0,risky first
2065,1186,99,27,0,risky first
1921,1186,144,27,0,risky first
2098,1186,177,27,0,risky first
2125,1021,167.1944975,27,0,risky first
1975,952,165.1090549,27,0,risky first
1876,850,142.1442929,27,0,risky first
1702,835,174.6453549,27,0,risky first
1681,1015,181.2208597,27,0,risky first
1501,1030,180.6239187,27,0,risky first
1387,1108,138.1303732,27,0,risky first
1207,1117,180.2248596,27,0,risky first
1027,1117,180,27,0,risky first
847,1117,180,27,0,risky first
787,1249,144.9965517,27,0,risky first
787,1429,180,27,0,risky first
787,1609,180,27,0,risky first
832,1783,179.7247896,27,0,risky first
1012,1963,254.5584412,27,0,risky first
1192,2143,254.5584412,27,0,risky first
1372,2323,254.5584412,27,0,risky first
1378,2503,180.0999722,27,0,risky first
1504,2575,145.1206395,27,0,risky first
1684,2575,180,27,0,risky first
1756,2695,139.9428455,27,0,risky first
1912,2671,157.8353573,27,0,risky first
2092,2491,254.5584412,27,0,risky first
2272,2431,189.7366596,27,0,risky first
2452,2317,213.0633709,27,0,risky first
2632,2164,236.2392855,27,0,risky first
2812,2098,191.7185437,27,0,risky first
2992,2263,244.1823089,27,0,risky first
3172,2188,195,27,0,risky first
3337,2047,217.039167,27,0,risky first
3433,1993,110.1453585,27,0,risky first
3445,1933,61.18823416,27,0,risky first
3283,1825,194.6997689,27,0,risky first
3181,1693,166.8172653,27,0,risky first
3208,1516,179.0474797,27,0,risky first
3187,1336,181.2208597,27,0,risky first
3187,1156,180,27,0,risky first
3121,1033,139.5886815,27,0,risky first
3001,1102,138.4232639,27,0,risky first
2944,1210,122.1187946,27,0,risky first
2875,1318,128.1600562,27,0,risky first
2926,1432,124.8879498,27,0,risky first
2866,1309,136.8539367,27,0,risky first
2992,1213,158.4045454,27,0,risky first
2974,1033,180.8977612,27,0,risky first
2806,940,192.0234361,27,0,risky first
2626,1120,254.5584412,27,0,risky first
2446,1300,254.5584412,27,0,risky first
2266,1480,254.5584412,27,0,risky first
2086,1660,254.5584412,27,0,risky first
2098,1789,129.5569373,27,0,risky first
2098,1969,180,27,0,risky first
2233,2038,151.6113452,27,0,risky first
2413,1870,246.2194143,27,0,risky first
2584,1690,248.276056,27,0,risky first
2677,1555,163.9329131,27,0,risky first
2653,1381,175.647374,27,0,risky first
2653,1201,180,27,0,risky first
2707,1096,118.0720119,27,0,risky first
2272,2065,96,27,1,risky first
2368,1960,142.2708684,27,1,risky first
2467,1849,148.7346631,27,1,risky first
2647,1669,254.5584412,27,1,risky first
2827,1489,254.5584412,27,1,risky first
3007,1324,244.1823089,27,1,risky first
3187,1144,254.5584412,27,1,risky first
3208,1006,139.5886815,27,1,risky first
3028,826,254.5584412,27,1,risky first
2848,775,187.0855419,27,1,risky first
2668,775,180,27,1,risky first
2488,775,180,27,1,risky first
2308,775,180,27,1,risky first
2128,775,180,27,1,risky first
1948,805,182.4828759,27,1,risky first
1768,826,181.2208597,27,1,risky first
1588,826,180,27,1,risky first
1408,826,180,27,1,risky first
1228,826,180,27,1,risky first
1144,856,89.19641248,27,1,risky first
1018,856,126,27,1,risky first
838,856,180,27,1,risky first
658,922,191.7185437,27,1,risky first
727,991,97.5807358,27,1,risky first
802,1138,165.0272705,27,1,risky first
886,1318,198.6353443,27,1,risky first
1024,1471,206.041258,27,1,risky first
1186,1429,167.3559082,27,1,risky first
1366,1333,204,27,1,risky first
1546,1153,254.5584412,27,1,risky first
1726,973,254.5584412,27,1,risky first
1906,793,254.5584412,27,1,risky first
1933,886,96.84007435,27,1,risky first
1933,1066,180,27,1,risky first
2053,1159,151.8189711,27,1,risky first
2140,1279,148.2194319,27,1,risky first
2083,1459,188.8094277,27,1,risky first
2083,1639,180,27,1,risky first
1960,1792,196.3109778,27,1,risky first
2071,1864,132.3064624,27,1,risky first
2056,2044,180.6239187,27,1,risky first
1990,2065,69.26037828,27,1,risky first
1990,1972,93,27,1,risky first
1990,1864,108,27,1,risky first
1990,1684,180,27,1,risky first
2068,1504,196.1733927,27,1,risky first
2104,1324,183.5647025,27,1,risky first
2104,1195,129,27,1,risky first
2104,1372,177,27,1,risky first
2101,1552,180.0249983,27,1,risky first
2041,1732,189.7366596,27,1,risky first
1930,1912,211.4734026,27,1,risky first
1990,2032,134.1640786,27,1,risky first
1996,2032,6,27,1,risky first
1996,1867,165,27,1,risky first
1996,1687,180,27,1,risky first
1996,1507,180,27,1,risky first
2056,1327,189.7366596,27,1,risky first
2041,1147,180.6239187,27,1,risky first
1996,1228,92.66067127,27,1,risky first
1861,1288,147.732867,27,1,risky first
1681,1288,180,27,1,risky first
1501,1369,197.3854098,27,1,risky first
1330,1531,235.5525419,27,1,risky first
1402,1627,120,27,1,risky first
1540,1735,175.2369824,27,1,risky first
1588,1864,137.640837,27,1,risky first
1624,1864,36,27,1,risky first
1804,1864,180,27,1,risky first
1873,1981,135.8307771,27,1,risky first
2029,2020,160.8011194,27,1,risky first
2056,1978,49.92995093,27,1,risky first
1900,1990,156.4608577,27,1,risky first
1720,1990,180,27,1,risky first
1540,1990,180,27,1,risky first
1369,1876,205.5164227,27,1,risky first
1195,1750,214.8301655,27,1,risky first
1015,1597,236.2392855,27,1,risky first
967,1459,146.1095479,27,1,risky first
988,1480,29.69848481,27,1,risky first
1075,1417,107.4150827,27,1,risky first
1225,1417,150,27,1,risky first
1252,1471,60.37383539,27,1,risky first
1297,1480,45.89117562,27,1,risky first
1387,1660,201.246118,27,1,risky first
1567,1840,254.5584412,27,1,risky first
1747,2011,248.276056,27,1,risky first
1927,2011,180,27,1,risky first
2071,1957,153.7920674,27,1,risky first
2071,1777,180,27,1,risky first
2071,1597,180,27,1,risky first
2071,1417,180,27,1,risky first
2071,1237,180,27,1,risky first
2146,1297,96.04686356,27,1,risky first
2146,1477,180,27,1,risky first
2125,1657,181.2208597,27,1,risky first
2098,1837,182.0137357,27,1,risky first
2083,2017,180.6239187,27,1,risky first
1903,1897,216.3330765,27,1,risky first
1723,1717,254.5584412,27,1,risky first
1543,1537,254.5584412,27,1,risky first
1546,1495,42.10700654,27,1,risky first
1726,1396,205.4288198,27,1,risky first
1906,1219,252.4460338,27,1,risky first
2086,1219,180,27,1,risky first
2113,1378,161.2761607,27,1,risky first
2092,1558,181.2208597,27,1,risky first
2092,1738,180,27,1,risky first
2092,1918,180,27,1,risky first
2113,1900,27.65863337,27,1,risky first
2113,1720,180,27,1,risky first
2113,1540,180,27,1,risky first
2113,1360,180,27,1,risky first
2113,1216,144,27,1,risky first
2113,1396,180,27,1,risky first
2113,1576,180,27,1,risky first
2113,1756,180,27,1,risky first
2113,1936,180,27,1,risky first
2056,2098,171.7352614,27,1,risky first
1990,2098,66,27,1,risky first
1885,2098,105,27,1,risky first
1705,1942,238.1931989,27,1,risky first
1615,1837,138.2931669,27,1,risky first
1462,1678,220.6581066,27,1,risky first
1423,1498,184.1765457,27,1,risky first
1423,1318,180,27,1,risky first
1252,1291,173.1184566,27,1,risky first
1171,1402,137.4117899,27,1,risky first
1066,1312,138.2931669,27,1,risky first
916,1348,154.2595216,27,1,risky first
916,1528,180,27,1,risky first
916,1678,150,27,1,risky first
964,1678,48,27,1,risky first
1144,1678,180,27,1,risky first
1225,1678,81,27,1,risky first
1393,1678,168,27,1,risky first
1573,1795,214.683488,27,1,risky first
1753,1864,192.7718859,27,1,risky first
1831,1993,150.7481343,27,1,risky first
2011,1900,202.6055281,27,1,risky first
2089,1732,185.2241885,27,1,risky first
2077,1552,180.3995565,27,1,risky first
2077,1372,180,27,1,risky first
2095,1219,154.0551849,27,1,risky first
2095,1399,180,27,1,risky first
2095,1579,180,27,1,risky first
2122,1759,182.0137357,27,1,risky first
2053,1891,148.946299,27,1,risky first
1963,1996,138.2931669,27,1,risky first
1984,2026,36.61966685,27,1,risky first
1975,1858,168.2408987,27,1,risky first
1975,1678,180,27,1,risky first
1975,1612,66,27,1,risky first
2119,1432,230.5124725,27,1,risky first
2173,1267,173.6116356,27,1,risky first
2125,1192,89.04493248,27,1,risky first
2302,1126,188.9047379,27,1,risky first
2302,1126,0,27,1,risky first
2302,1126,0,27,1,risky first
2302,1126,0,27,1,risky first
2302,1126,0,27,1,risky first
2302,1123,3,27,1,risky first
2302,1111,12,27,1,risky first
2167,1162,144.3121616,27,1,risky first
1996,1240,187.9494613,27,1,risky first
1837,1420,240.1686907,27,1,risky first
1903,1537,134.3316791,27,1,risky first
1951,1675,146.1095479,27,1,risky first
2047,1807,163.2176461,27,1,risky first
2071,1927,122.3764683,27,1,risky first
2071,2005,78,27,1,risky first
1969,1825,206.8912758,27,1,risky first
1978,1645,180.2248596,27,1,risky first
2014,1465,183.5647025,27,1,risky first
2035,1285,181.2208597,27,1,risky first
1855,1105,254.5584412,27,1,risky first
1675,925,254.5584412,27,1,risky first
1672,748,177.0254219,27,1,risky first
1852,748,180,27,1,risky first
2032,748,180,27,1,risky first
2212,748,180,27,1,risky first
2392,922,250.3517525,27,1,risky first
2386,1102,180.0999722,27,1,risky first
2224,1279,239.9437434,27,1,risky first
2140,1213,106.8269629,27,1,risky first
2107,1360,150.6585544,27,1,risky first
2107,1540,180,27,1,risky first
2107,1720,180,27,1,risky first
2083,1900,181.5929514,27,1,risky first
2083,2056,156,27,1,risky first
2050,1894,165.3269488,27,1,risky first
1978,1714,193.8659331,27,1,risky first
1960,1579,136.1947136,27,1,risky first
1999,1399,184.1765457,27,1,risky first
2068,1219,192.7718859,27,1,risky first
2116,1222,48.09365863,27,1,risky first
2026,1402,201.246118,27,1,risky first
2038,1582,180.3995565,27,1,risky first
2059,1762,181.2208597,27,1,risky first
2074,1942,180.6239187,27,1,risky first
2074,2020,78,27,1,risky first
2074,1840,180,27,1,risky first
2074,1660,180,27,1,risky first
2074,1498,162,27,1,risky first
2104,1318,182.4828759,27,1,risky first
2266,1153,231.2336481,27,1,risky first
2347,1081,108.3743512,27,1,risky first
2365,1081,18,27,1,risky first
2446,1081,81,27,1,risky first
2626,1246,244.1823089,27,1,risky first
2791,1426,244.1823089,27,1,risky first
2611,1606,254.5584412,27,1,risky first
2431,1786,254.5584412,27,1,risky first
2251,1762,181.5929514,27,1,risky first
2071,1603,240.1686907,27,1,risky first
1924,1423,232.3983649,27,1,risky first
2050,1318,164.0152432,27,1,risky first
2104,1216,115.4123044,27,1,risky first
2062,1162,68.41052551,27,1,risky first
1882,1231,192.7718859,27,1,risky first
1702,1168,190.7065809,27,1,risky first
1522,1129,184.1765457,27,1,risky first
1342,1204,195,27,1,risky first
1162,1381,252.4460338,27,1,risky first
1168,1354,27.65863337,27,1,risky first
1168,1333,21,27,1,risky first
1033,1279,145.3994498,27,1,risky first
991,1435,161.5549442,27,1,risky first
910,1615,197.3854098,27,1,risky first
1009,1795,205.4288198,27,1,risky first
1189,1975,254.5584412,27,1,risky first
1369,2083,209.9142682,27,1,risky first
1549,1936,232.3983649,27,1,risky first
1729,1819,214.683488,27,1,risky first
1840,1981,196.3797342,27,1,risky first
2020,2035,187.9255172,27,1,risky first
1987,2104,76.4852927,27,1,risky first
1807,1969,225,27,1,risky first
1627,1807,242.1652328,27,1,risky first
1447,1699,209.9142682,27,1,risky first
1267,1639,189.7366596,27,1,risky first
1096,1639,171,27,1,risky first
916,1639,180,27,1,risky first
889,1681,49.92995093,27,1,risky first
889,1618,63,27,1,risky first
859,1555,69.7782201,27,1,risky first
958,1555,99,27,1,risky first
871,1555,87,27,1,risky first
871,1555,0,27,1,risky first
871,1555,0,27,1,risky first
871,1375,180,27,1,risky first
871,1474,99,27,1,risky first
877,1654,180.0999722,27,1,risky first
967,1708,104.9571341,27,1,risky first
1000,1681,42.63801121,27,1,risky first
922,1501,196.1733927,27,1,risky first
922,1441,60,27,1,risky first
922,1621,180,27,1,risky first
892,1663,51.6139516,27,1,risky first
892,1507,156,27,1,risky first
934,1327,184.8350616,27,1,risky first
898,1342,39,27,1,risky first
898,1522,180,27,1,risky first
898,1702,180,27,1,risky first
1018,1882,216.3330765,27,1,risky first
1198,2062,254.5584412,27,1,risky first
1378,2242,254.5584412,27,1,risky first
1558,2350,209.9142682,27,1,risky first
1738,2269,197.3854098,27,1,risky first
1918,2089,254.5584412,27,1,risky first
2098,1909,254.5584412,27,1,risky first
2278,1729,254.5584412,27,1,risky first
2458,1549,254.5584412,27,1,risky first
2638,1369,254.5584412,27,1,risky first
2818,1189,254.5584412,27,1,risky first
2764,1084,118.0720119,27,1,risky first
2584,904,254.5584412,27,1,risky first
2404,724,254.5584412,27,1,risky first
2224,685,184.1765457,27,1,risky first
2044,811,219.7180011,27,1,risky first
1864,877,191.7185437,27,1,risky first
1684,958,197.3854098,27,1,risky first
1504,1072,213.0633709,27,1,risky first
1324,1141,192.7718859,27,1,risky first
1144,1225,198.6353443,27,1,risky first
1150,1342,117.1537451,27,1,risky first
1243,1390,104.6565813,27,1,risky first
1243,1324,66,27,1,risky first
2176,1864,180,28,0,safe first
2242,1684,191.7185437,28,0,safe first
2389,1504,232.3983649,28,0,safe first
2425,1324,183.5647025,28,0,safe first
2398,1144,182.0137357,28,0,safe first
2440,964,184.8350616,28,0,safe first
2404,784,183.5647025,28,0,safe first
2224,760,181.5929514,28,0,safe first
2044,760,180,28,0,safe first
1864,760,180,28,0,safe first
1684,760,180,28,0,safe first
1504,802,184.8350616,28,0,safe first
1324,802,180,28,0,safe first
1144,808,180.0999722,28,0,safe first
964,769,184.1765457,28,0,safe first
784,769,180,28,0,safe first
739,916,153.7335357,28,0,safe first
919,1096,254.5584412,28,0,safe first
979,1276,189.7366596,28,0,safe first
979,1456,180,28,0,safe first
940,1636,184.1765457,28,0,safe first
901,1816,184.1765457,28,0,safe first
901,1996,180,28,0,safe first
901,2176,180,28,0,safe first
1012,2356,211.4734026,28,0,safe first
1117,2536,208.3866598,28,0,safe first
1297,2716,254.5584412,28,0,safe first
1477,2896,254.5584412,28,0,safe first
1657,3037,228.6503881,28,0,safe first
1837,3037,180,28,0,safe first
2017,3037,180,28,0,safe first
2197,2956,197.3854098,28,0,safe first
2377,2875,197.3854098,28,0,safe first
2557,2875,180,28,0,safe first
2737,2875,180,28,0,safe first
2917,2875,180,28,0,safe first
3097,2860,180.6239187,28,0,safe first
3277,2992,223.2129029,28,0,safe first
3346,2830,176.0823671,28,0,safe first
3262,2650,198.6353443,28,0,safe first
3214,2470,186.2900964,28,0,safe first
3214,2290,180,28,0,safe first
3214,2110,180,28,0,safe first
3190,1930,181.5929514,28,0,safe first
3010,1750,254.5584412,28,0,safe first
2953,1570,188.8094277,28,0,safe first
2863,1468,136.0294086,28,0,safe first
2683,1648,254.5584412,28,0,safe first
2503,1828,254.5584412,28,0,safe first
2323,1879,187.0855419,28,0,safe first
2143,2059,254.5584412,28,0,safe first
2197,1963,110.1453585,28,0,safe first
2377,1783,254.5584412,28,0,safe first
2557,1603,254.5584412,28,0,safe first
2737,1531,193.8659331,28,0,safe first
2836,1495,105.3422992,28,0,safe first
2917,1450,92.66067127,28,0,safe first
2737,1576,219.7180011,28,0,safe first
2557,1756,254.5584412,28,0,safe first
2377,1936,254.5584412,28,0,safe first
2197,2026,201.246118,28,0,safe first
2134,2002,67.41661516,28,0,safe first
2314,1822,254.5584412,28,0,safe first
2494,1642,254.5584412,28,0,safe first
2674,1462,254.5584412,28,0,safe first
2779,1282,208.3866598,28,0,safe first
2959,1384,206.8912758,28,0,safe first
2863,1252,163.2176461,28,0,safe first
2683,1327,195,28,0,safe first
2503,1507,254.5584412,28,0,safe first
2323,1687,254.5584412,28,0,safe first
2143,1867,254.5584412,28,0,safe first
2095,2029,168.9615341,28,0,safe first
2233,1852,224.4393014,28,0,safe first
2413,1672,254.5584412,28,0,safe first
2593,1492,254.5584412,28,0,safe first
2773,1312,254.5584412,28,0,safe first
2953,1402,201.246118,28,0,safe first
2800,1303,182.2361106,28,0,safe first
2620,1483,254.5584412,28,0,safe first
2440,1663,254.5584412,28,0,safe first
2260,1843,254.5584412,28,0,safe first
2080,2020,252.4460338,28,0,safe first
2173,1855,189.4043294,28,0,safe first
2353,1675,254.5584412,28,0,safe first
2533,1495,254.5584412,28,0,safe first
2701,1315,246.2194143,28,0,safe first
2743,1135,184.8350616,28,0,safe first
2836,955,202.6055281,28,0,safe first
2989,1045,177.5077463,28,0,safe first
2980,1204,159.2545133,28,0,safe first
2902,1249,90.04998612,28,0,safe first
2932,1372,126.6056871,28,0,safe first
2881,1273,111.3642672,28,0,safe first
2929,1204,84.05355436,28,0,safe first
2968,1066,143.4050208,28,0,safe first
2902,889,188.9047379,28,0,safe first
2752,841,157.492857,28,0,safe first
2572,1021,254.5584412,28,0,safe first
2407,1201,244.1823089,28,0,safe first
2248,1381,240.1686907,28,0,safe first
2182,1561,191.7185437,28,0,safe first
2137,1741,185.5397532,28,0,safe first
2101,1921,183.5647025,28,0,safe first
1996,1927,105.1712889,28,0,safe first
2032,1747,183.5647025,28,0,safe first
2002,1567,182.4828759,28,0,safe first
2002,1387,180,28,0,safe first
2002,1234,153,28,0,safe first
2086,1402,187.8297101,28,0,safe first
2086,1582,180,28,0,safe first
2086,1762,180,28,0,safe first
2086,1942,180,28,0,safe first
2086,1912,30,28,0,safe first
2053,1732,183,28,0,safe first
2014,1552,184.1765457,28,0,safe first
2014,1372,180,28,0,safe first
1984,1207,167.7050983,28,0,safe first
2074,1384,198.5673689,28,0,safe first
2074,1564,180,28,0,safe first
2074,1744,180,28,0,safe first
2074,1924,180,28,0,safe first
2035,1936,40.80441153,28,0,safe first
2032,1756,180.0249983,28,0,safe first
2032,1576,180,28,0,safe first
2032,1396,180,28,0,safe first
2005,1231,167.1944975,28,0,safe first
2032,1405,176.0823671,28,0,safe first
2056,1585,181.5929514,28,0,safe first
2074,1765,180.8977612,28,0,safe first
2074,1945,180,28,0,safe first
2050,1903,48.37354649,28,0,safe first
2050,1723,180,28,0,safe first
2050,1543,180,28,0,safe first
2029,1363,181.2208597,28,0,safe first
1999,1219,147.0918081,28,0,safe first
2068,1399,192.7718859,28,0,safe first
2080,1579,180.3995565,28,0,safe first
2056,1759,181.5929514,28,0,safe first
2083,1939,182.0137357,28,0,safe first
2083,1921,18,28,0,safe first
2083,1741,180,28,0,safe first
2056,1561,182.0137357,28,0,safe first
2023,1381,183,28,0,safe first
2005,1258,124.3100961,28,0,safe first
2029,1438,181.5929514,28,0,safe first
2062,1618,183,28,0,safe first
2080,1798,180.8977612,28,0,safe first
2080,1978,180,28,0,safe first
2080,1912,66,28,0,safe first
2080,1732,180,28,0,safe first
2065,1552,180.6239187,28,0,safe first
2038,1372,182.0137357,28,0,safe first
1972,1264,126.5701387,28,0,safe first
1993,1315,55.15432893,28,0,safe first
2095,1495,206.8912758,28,0,safe first
2095,1675,180,28,0,safe first
2095,1855,180,28,0,safe first
2095,2035,180,28,0,safe first
2095,1933,102,28,0,safe first
2095,1753,180,28,0,safe first
2029,1573,191.7185437,28,0,safe first
2029,1393,180,28,0,safe first
2005,1219,175.647374,28,0,safe first
2092,1390,191.8593235,28,0,safe first
2092,1570,180,28,0,safe first
2071,1750,181.2208597,28,0,safe first
2083,1930,180.3995565,28,0,safe first
2083,1936,6,28,0,safe first
2083,1756,180,28,0,safe first
2032,1576,187.0855419,28,0,safe first
2032,1396,180,28,0,safe first
2002,1216,182.4828759,28,0,safe first
2002,1333,117,28,0,safe first
2053,1513,187.0855419,28,0,safe first
2068,1693,180.6239187,28,0,safe first
2068,1873,180,28,0,safe first
2068,1999,126,28,0,safe first
2068,1819,180,28,0,safe first
2068,1639,180,28,0,safe first
2068,1459,180,28,0,safe first
2047,1279,181.2208597,28,0,safe first
2008,1258,44.29446918,28,0,safe first
2086,1438,196.1733927,28,0,safe first
2110,1618,181.5929514,28,0,safe first
2107,1798,180.0249983,28,0,safe first
2083,1978,181.5929514,28,0,safe first
2083,1888,90,28,0,safe first
2083,1708,180,28,0,safe first
2068,1528,180.6239187,28,0,safe first
2020,1348,186.2900964,28,0,safe first
2005,1270,79.42921377,28,0,safe first
2122,1450,214.683488,28,0,safe first
2122,1630,180,28,0,safe first
2122,1810,180,28,0,safe first
2098,1990,181.5929514,28,0,safe first
2098,1975,15,28,0,safe first
2098,1810,165,28,0,safe first
2098,1630,180,28,0,safe first
2098,1450,180,28,0,safe first
2020,1270,196.1733927,28,0,safe first
2071,1297,57.70615219,28,0,safe first
2191,1249,129.2439554,28,0,safe first
2371,1069,254.5584412,28,0,safe first
2551,889,254.5584412,28,0,safe first
2731,892,180.0249983,28,0,safe first
2911,970,196.1733927,28,0,safe first
2992,1090,144.7791421,28,0,safe first
2935,1219,141.0319113,28,0,safe first
2875,1345,139.5564402,28,0,safe first
2929,1357,55.31726674,28,0,safe first
2860,1246,130.6981255,28,0,safe first
2992,1144,166.8172653,28,0,safe first
2902,964,201.246118,28,0,safe first
2791,1024,126.1784451,28,0,safe first
2617,1123,200.1924074,28,0,safe first
2518,1303,205.4288198,28,0,safe first
2338,1483,254.5584412,28,0,safe first
2158,1663,254.5584412,28,0,safe first
2008,1843,234.3074903,28,0,safe first
2059,2023,187.0855419,28,0,safe first
2119,1915,123.5475617,28,0,safe first
2266,1735,232.3983649,28,0,safe first
2446,1555,254.5584412,28,0,safe first
2626,1432,218.0114676,28,0,safe first
2713,1252,199.922485,28,0,safe first
2746,1072,183,28,0,safe first
2788,994,88.58893836,28,0,safe first
2962,979,174.6453549,28,0,safe first
2962,1159,180,28,0,safe first
2908,1249,104.9571341,28,0,safe first
2869,1324,84.53401682,28,0,safe first
2959,1405,121.0826164,28,0,safe first
2845,1285,165.5173707,28,0,safe first
2923,1210,108.2081328,28,0,safe first
2989,1087,139.5886815,28,0,safe first
2887,985,144.2497834,28,0,safe first
2707,1051,191.7185437,28,0,safe first
2527,1231,254.5584412,28,0,safe first
2365,1411,242.1652328,28,0,safe first
2185,1591,254.5584412,28,0,safe first
2014,1771,248.276056,28,0,safe first
2050,1951,183.5647025,28,0,safe first
2188,1888,151.7003626,28,0,safe first
2368,1708,254.5584412,28,0,safe first
2548,1528,254.5584412,28,0,safe first
2668,1348,216.3330765,28,0,safe first
2722,1168,187.9255172,28,0,safe first
2809,988,199.922485,28,0,safe first
2974,1024,168.8816153,28,0,safe first
2962,1204,180.3995565,28,0,safe first
2857,1258,118.0720119,28,0,safe first
2896,1387,134.7664647,28,0,safe first
2848,1342,65.7951366,28,0,safe first
2947,1207,167.4096771,28,0,safe first
2971,1051,157.8353573,28,0,safe first
2791,994,188.8094277,28,0,safe first
2701,1174,201.246118,28,0,safe first
2701,1354,180,28,0,safe first
2542,1534,240.1686907,28,0,safe first
2362,1714,254.5584412,28,0,safe first
2182,1894,254.5584412,28,0,safe first
2047,1975,157.4357012,28,0,safe first
2215,1795,246.2194143,28,0,safe first
2395,1615,254.5584412,28,0,safe first
2575,1435,254.5584412,28,0,safe first
2683,1255,209.9142682,28,0,safe first
2749,1075,191.7185437,28,0,safe first
2872,970,161.7219837,28,0,safe first
2980,1060,140.5844942,28,0,safe first
2947,1228,171.2103969,28,0,safe first
2887,1339,126.1784451,28,0,safe first
2869,1384,48.46648326,28,0,safe first
2902,1231,156.5183695,28,0,safe first
3013,1117,159.1131673,28,0,safe first
2893,973,187.4459922,28,0,safe first
2746,1063,172.3629891,28,0,safe first
2746,1243,180,28,0,safe first
2698,1423,186.2900964,28,0,safe first
2518,1603,254.5584412,28,0,safe first
2338,1783,254.5584412,28,0,safe first
2158,1963,254.5584412,28,0,safe first
2110,1948,50.28916384,28,0,safe first
2290,1768,254.5584412,28,0,safe first
2470,1588,254.5584412,28,0,safe first
2650,1408,254.5584412,28,0,safe first
2698,1228,186.2900964,28,0,safe first
2770,1048,193.8659331,28,0,safe first
2923,979,167.8392088,28,0,safe first
2971,1120,148.946299,28,0,safe first
2869,1243,159.7904878,28,0,safe first
2902,1387,147.732867,28,0,safe first
2866,1324,72.56031973,28,0,safe first
2983,1180,185.5397532,28,0,safe first
2938,1000,185.5397532,28,0,safe first
2815,1024,125.3195914,28,0,safe first
2737,1069,90.04998612,28,0,safe first
2737,1069,0,28,0,safe first
2737,1069,0,28,0,safe first
2365,2104,166.63,28,1,safe first
2545,2284,254.5584412,28,1,safe first
2725,2464,254.5584412,28,1,safe first
2644,2644,197.3854098,28,1,safe first
2617,2794,152.4106296,28,1,safe first
2524,2893,135.8307771,28,1,safe first
2344,3016,218.0114676,28,1,safe first
2164,2950,191.7185437,28,1,safe first
1984,2770,254.5584412,28,1,safe first
1804,2590,254.5584412,28,1,safe first
1624,2410,254.5584412,28,1,safe first
1444,2230,254.5584412,28,1,safe first
1435,2050,180.2248596,28,1,safe first
1489,1870,187.9255172,28,1,safe first
1654,1690,244.1823089,28,1,safe first
1834,1510,254.5584412,28,1,safe first
2014,1330,254.5584412,28,1,safe first
2131,1249,142.3024947,28,1,safe first
2068,1429,190.7065809,28,1,safe first
2167,1609,205.4288198,28,1,safe first
2017,1789,234.3074903,28,1,safe first
2077,1969,189.7366596,28,1,safe first
2092,2023,56.04462508,28,1,safe first
2092,2083,60,28,1,safe first
2092,1915,168,28,1,safe first
2026,1735,191.7185437,28,1,safe first
1954,1555,193.8659331,28,1,safe first
2059,1375,208.3866598,28,1,safe first
1948,1276,148.7346631,28,1,safe first
2104,1156,196.8146336,28,1,safe first
1975,1219,143.5618334,28,1,safe first
1987,1399,180.3995565,28,1,safe first
2071,1579,198.6353443,28,1,safe first
2071,1759,180,28,1,safe first
1990,1762,81.05553652,28,1,safe first
2167,1774,177.4063133,28,1,safe first
2281,1855,139.8463442,28,1,safe first
2329,1876,52.39274759,28,1,safe first
2329,1696,180,28,1,safe first
2359,1516,182.4828759,28,1,safe first
2290,1336,192.7718859,28,1,safe first
2194,1180,183.1720503,28,1,safe first
2014,1180,180,28,1,safe first
1834,1180,180,28,1,safe first
1654,1180,180,28,1,safe first
1474,1180,180,28,1,safe first
1294,1303,218.0114676,28,1,safe first
1201,1483,202.6055281,28,1,safe first
1381,1615,223.2129029,28,1,safe first
1561,1735,216.3330765,28,1,safe first
1741,1735,180,28,1,safe first
1921,1600,225,28,1,safe first
2101,1540,189.7366596,28,1,safe first
2236,1633,163.9329131,28,1,safe first
2122,1813,213.0633709,28,1,safe first
2077,1993,185.5397532,28,1,safe first
1930,2149,214.3478481,28,1,safe first
1750,2149,180,28,1,safe first
1570,1972,252.4460338,28,1,safe first
1441,1792,221.4520264,28,1,safe first
1321,1612,216.3330765,28,1,safe first
1195,1432,219.7180011,28,1,safe first
1183,1564,132.5443322,28,1,safe first
1276,1744,202.6055281,28,1,safe first
1456,1789,185.5397532,28,1,safe first
1636,1789,180,28,1,safe first
1816,1789,180,28,1,safe first
1996,1879,201.246118,28,1,safe first
2059,2038,171.0263138,28,1,safe first
2014,2134,106.0235823,28,1,safe first
1969,2113,49.65883607,28,1,safe first
1840,1933,221.4520264,28,1,safe first
1660,1753,254.5584412,28,1,safe first
1480,1573,254.5584412,28,1,safe first
1300,1489,198.6353443,28,1,safe first
1120,1483,180.0999722,28,1,safe first
1120,1663,180,28,1,safe first
1207,1843,199.922485,28,1,safe first
1387,2005,242.1652328,28,1,safe first
1567,2005,180,28,1,safe first
1747,2002,180.0249983,28,1,safe first
1927,1984,180.8977612,28,1,safe first
2092,2002,165.9789143,28,1,safe first
2092,1822,180,28,1,safe first
2092,1642,180,28,1,safe first
1996,1462,204,28,1,safe first
1912,1297,185.1512895,28,1,safe first
1945,1117,183,28,1,safe first
1957,1012,105.6834897,28,1,safe first
2113,1081,170.5784277,28,1,safe first
2104,1204,123.3288287,28,1,safe first
2104,1144,60,28,1,safe first
1939,985,229.1418774,28,1,safe first
1759,1027,184.8350616,28,1,safe first
1630,1207,221.4520264,28,1,safe first
1498,1387,223.2129029,28,1,safe first
1429,1567,192.7718859,28,1,safe first
1609,1747,254.5584412,28,1,safe first
1789,1798,187.0855419,28,1,safe first
1969,1885,199.922485,28,1,safe first
2011,2026,147.122398,28,1,safe first
1831,1993,183,28,1,safe first
1651,1975,180.8977612,28,1,safe first
1471,1915,189.7366596,28,1,safe first
1291,1771,230.5124725,28,1,safe first
1219,1591,193.8659331,28,1,safe first
1144,1420,186.7243958,28,1,safe first
964,1546,219.7180011,28,1,safe first
934,1726,182.4828759,28,1,safe first
991,1906,188.8094277,28,1,safe first
1081,2086,201.246118,28,1,safe first
1261,2209,218.0114676,28,1,safe first
1441,2209,180,28,1,safe first
1621,2209,180,28,1,safe first
1801,2209,180,28,1,safe first
1951,2116,176.490793,28,1,safe first
1999,2026,102,28,1,safe first
1819,2026,180,28,1,safe first
1639,2026,180,28,1,safe first
1459,2005,181.2208597,28,1,safe first
1297,1882,203.4035398,28,1,safe first
1117,1876,180.0999722,28,1,safe first
937,1711,244.1823089,28,1,safe first
817,1636,141.509717,28,1,safe first
916,1456,205.4288198,28,1,safe first
1024,1336,161.4434886,28,1,safe first
1204,1156,254.5584412,28,1,safe first
1384,1111,185.5397532,28,1,safe first
1564,1126,180.6239187,28,1,safe first
1744,1282,238.1931989,28,1,safe first
1924,1252,182.4828759,28,1,safe first
1957,1147,110.063618,28,1,safe first
1891,997,163.8780034,28,1,safe first
1774,856,183.2211778,28,1,safe first
1594,856,180,28,1,safe first
1414,976,216.3330765,28,1,safe first
1276,1156,226.8126981,28,1,safe first
1219,1336,188.8094277,28,1,safe first
1306,1516,199.922485,28,1,safe first
1486,1642,219.7180011,28,1,safe first
1666,1723,197.3854098,28,1,safe first
1846,1807,198.6353443,28,1,safe first
2026,1987,254.5584412,28,1,safe first
2017,2110,123.3288287,28,1,safe first
1948,1966,159.6778006,28,1,safe first
1768,1786,254.5584412,28,1,safe first
1588,1606,254.5584412,28,1,safe first
1408,1546,189.7366596,28,1,safe first
1228,1462,198.6353443,28,1,safe first
1321,1600,166.412139,28,1,safe first
1501,1702,206.8912758,28,1,safe first
1681,1810,209.9142682,28,1,safe first
1861,1858,186.2900964,28,1,safe first
2038,2029,246.1097316,28,1,safe first
1921,1864,202.272094,28,1,safe first
1741,1762,206.8912758,28,1,safe first
1561,1582,254.5584412,28,1,safe first
1381,1471,211.4734026,28,1,safe first
1201,1468,180.0249983,28,1,safe first
1369,1648,246.2194143,28,1,safe first
1525,1726,174.4133022,28,1,safe first
1705,1780,187.9255172,28,1,safe first
1885,1897,214.683488,28,1,safe first
2065,2023,219.7180011,28,1,safe first
2059,1915,108.1665383,28,1,safe first
2128,1744,184.3963123,28,1,safe first
2230,1564,206.8912758,28,1,safe first
2266,1384,183.5647025,28,1,safe first
2266,1204,180,28,1,safe first
2239,1075,131.7952958,28,1,safe first
2236,1048,27.16615541,28,1,safe first
2212,1069,31.89043744,28,1,safe first
2212,1009,60,28,1,safe first
2095,952,130.1460718,28,1,safe first
2050,1084,139.4596716,28,1,safe first
2101,1093,51.7880295,28,1,safe first
1942,1069,160.8011194,28,1,safe first
1942,1228,159,28,1,safe first
1954,1348,120.5985075,28,1,safe first
2029,1528,195,28,1,safe first
2053,1708,181.5929514,28,1,safe first
2053,1888,180,28,1,safe first
2053,1996,108,28,1,safe first
2053,1816,180,28,1,safe first
2053,1636,180,28,1,safe first
2005,1456,186.2900964,28,1,safe first
2014,1300,156.2593997,28,1,safe first
1915,1255,108.7474138,28,1,safe first
1915,1075,180,28,1,safe first
1915,895,180,28,1,safe first
1984,715,192.7718859,28,1,safe first
2164,748,183,28,1,safe first
2164,739,9,28,1,safe first
1984,706,183,28,1,safe first
1804,706,180,28,1,safe first
1624,841,225,28,1,safe first
1444,1021,254.5584412,28,1,safe first
1264,1120,205.4288198,28,1,safe first
1105,1300,240.1686907,28,1,safe first
1213,1480,209.9142682,28,1,safe first
1351,1660,226.8126981,28,1,safe first
1444,1831,194.6535384,28,1,safe first
1624,1831,180,28,1,safe first
1804,1831,180,28,1,safe first
1984,1933,206.8912758,28,1,safe first
2005,2032,101.2027668,28,1,safe first
1825,2032,180,28,1,safe first
1645,2017,180.6239187,28,1,safe first
1465,1837,254.5584412,28,1,safe first
1285,1657,254.5584412,28,1,safe first
1192,1477,202.6055281,28,1,safe first
1012,1567,201.246118,28,1,safe first
931,1747,197.3854098,28,1,safe first
1033,1927,206.8912758,28,1,safe first
1213,2107,254.5584412,28,1,safe first
1393,2266,240.1686907,28,1,safe first
1573,2302,183.5647025,28,1,safe first
1753,2281,181.2208597,28,1,safe first
1933,2203,196.1733927,28,1,safe first
2020,2074,155.5956298,28,1,safe first
1840,1981,202.6055281,28,1,safe first
1660,1849,223.2129029,28,1,safe first
1480,1744,208.3866598,28,1,safe first
1300,1828,198.6353443,28,1,safe first
1120,1831,180.0249983,28,1,safe first
940,1681,234.3074903,28,1,safe first
868,1609,101.8233765,28,1,safe first
958,1651,99.31767214,28,1,safe first
1027,1546,125.6423495,28,1,safe first
1207,1366,254.5584412,28,1,safe first
1387,1249,214.683488,28,1,safe first
1567,1345,204,28,1,safe first
1747,1525,254.5584412,28,1,safe first
1822,1705,195,28,1,safe first
1879,1885,188.8094277,28,1,safe first
2056,2065,252.4460338,28,1,safe first
1876,2065,180,28,1,safe first
1696,1978,199.922485,28,1,safe first
1516,1882,204,28,1,safe first
1336,1702,254.5584412,28,1,safe first
1201,1522,225,28,1,safe first
1168,1516,33.54101966,28,1,safe first
1225,1537,60.74537019,28,1,safe first
1270,1372,171.0263138,28,1,safe first
1405,1537,213.1900561,28,1,safe first
1585,1546,180.2248596,28,1,safe first
1765,1546,180,28,1,safe first
1945,1492,187.9255172,28,1,safe first
2125,1438,187.9255172,28,1,safe first
2296,1261,246.1097316,28,1,safe first
2296,1081,180,28,1,safe first
2269,901,182.0137357,28,1,safe first
2239,811,94.86832981,28,1,safe first
2158,868,99.04544412,28,1,safe first
2083,994,146.6321929,28,1,safe first
2044,946,61.84658438,28,1,safe first
2182,910,142.6183719,28,1,safe first
2134,736,180.4993075,28,1,safe first
1957,691,182.6307751,28,1,safe first
1777,772,197.3854098,28,1,safe first
1735,952,184.8350616,28,1,safe first
1771,1132,183.5647025,28,1,safe first
1912,1312,228.6503881,28,1,safe first
2092,1387,195,28,1,safe first
2272,1300,199.922485,28,1,safe first
2311,1120,184.1765457,28,1,safe first
2356,1081,59.54829972,28,1,safe first
2284,988,117.6137747,28,1,safe first
2269,811,177.6344561,28,1,safe first
2110,670,212.513529,28,1,safe first
2236,670,126,28,1,safe first
2416,670,180,28,1,safe first
2596,670,180,28,1,safe first
2776,751,197.3854098,28,1,safe first
2956,931,254.5584412,28,1,safe first
3136,1024,202.6055281,28,1,safe first
3229,1204,202.6055281,28,1,safe first
3199,1384,182.4828759,28,1,safe first
3202,1564,180.0249983,28,1,safe first
3112,1744,201.246118,28,1,safe first
3055,1924,188.8094277,28,1,safe first
2998,2104,188.8094277,28,1,safe first
2857,2191,165.6804153,28,1,safe first
2770,2335,168.2408987,28,1,safe first
2590,2377,184.8350616,28,1,safe first
2410,2476,205.4288198,28,1,safe first
2230,2632,238.1931989,28,1,safe first
2050,2743,211.4734026,28,1,safe first
1870,2683,189.7366596,28,1,safe first
1690,2512,248.276056,28,1,safe first
1651,2332,184.1765457,28,1,safe first
1492,2152,240.1686907,28,1,safe first
1573,1972,197.3854098,28,1,safe first
1609,1792,183.5647025,28,1,safe first
1609,1612,180,28,1,safe first
1609,1432,180,28,1,safe first
2446,2065,180,29,0,risky first
2569,1999,139.5886815,29,0,risky first
2749,2068,192.7718859,29,0,risky first
2929,2119,187.0855419,29,0,risky first
3013,2227,136.821051,29,0,risky first
2833,2290,190.7065809,29,0,risky first
2653,2470,254.5584412,29,0,risky first
2473,2521,187.0855419,29,0,risky first
2293,2521,180,29,0,risky first
2113,2452,192.7718859,29,0,risky first
1933,2362,201.246118,29,0,risky first
1753,2182,254.5584412,29,0,risky first
1642,2041,179.4491571,29,0,risky first
1774,1897,195.3458472,29,0,risky first
1594,1762,225,29,0,risky first
1660,1708,85.27602242,29,0,risky first
1840,1528,254.5584412,29,0,risky first
1966,1348,219.7180011,29,0,risky first
1987,1228,121.823643,29,0,risky first
2020,1408,183,29,0,risky first
2152,1588,223.2129029,29,0,risky first
2152,1768,180,29,0,risky first
2152,1948,180,29,0,risky first
2059,1954,93.1933474,29,0,risky first
2071,1774,180.3995565,29,0,risky first
2146,1621,170.3936619,29,0,risky first
2107,1441,184.1765457,29,0,risky first
2161,1261,187.9255172,29,0,risky first
2023,1213,146.1095479,29,0,risky first
2140,1231,118.3765179,29,0,risky first
2140,1411,180,29,0,risky first
2140,1591,180,29,0,risky first
2140,1771,180,29,0,risky first
2140,1951,180,29,0,risky first
2122,2014,65.520989,29,0,risky first
2131,1834,180.2248596,29,0,risky first
2131,1654,180,29,0,risky first
2131,1474,180,29,0,risky first
2182,1360,124.8879498,29,0,risky first
2182,1180,180,29,0,risky first
2098,1048,156.4608577,29,0,risky first
2014,1159,139.2012931,29,0,risky first
1918,1060,137.9021392,29,0,risky first
1813,1141,132.6122166,29,0,risky first
1846,1321,183,29,0,risky first
2005,1360,163.7131638,29,0,risky first
2101,1540,204,29,0,risky first
2116,1720,180.6239187,29,0,risky first
2116,1900,180,29,0,risky first
2125,2044,144.2809759,29,0,risky first
2299,2014,176.5672676,29,0,risky first
2479,1924,201.246118,29,0,risky first
2344,1783,195.2075818,29,0,risky first
2164,1603,254.5584412,29,0,risky first
2050,1462,181.3201588,29,0,risky first
2158,1303,192.2108218,29,0,risky first
2158,1123,180,29,0,risky first
2125,1081,53.41348144,29,0,risky first
2098,1069,29.54657341,29,0,risky first
2098,1009,60,29,0,risky first
1933,979,167.7050983,29,0,risky first
1939,1081,102.1763182,29,0,risky first
1987,1192,120.9338662,29,0,risky first
1900,1099,127.3499117,29,0,risky first
1786,1054,122.5601893,29,0,risky first
1774,1234,180.3995565,29,0,risky first
1900,1414,219.7180011,29,0,risky first
2080,1594,254.5584412,29,0,risky first
2146,1774,191.7185437,29,0,risky first
2080,1954,191.7185437,29,0,risky first
2107,1957,27.16615541,29,0,risky first
2107,1777,180,29,0,risky first
2107,1597,180,29,0,risky first
2023,1489,136.821051,29,0,risky first
1891,1417,150.359569,29,0,risky first
1900,1300,117.3456433,29,0,risky first
1894,1300,6,29,0,risky first
1813,1189,137.4117899,29,0,risky first
1813,1009,180,29,0,risky first
1813,829,180,29,0,risky first
1936,763,139.5886815,29,0,risky first
2029,859,133.6600165,29,0,risky first
1951,967,133.2216199,29,0,risky first
1957,1135,168.1071087,29,0,risky first
1906,1081,74.27651042,29,0,risky first
2011,967,154.9870962,29,0,risky first
2044,787,183,29,0,risky first
2158,865,138.1303732,29,0,risky first
2158,1045,180,29,0,risky first
2158,1225,180,29,0,risky first
2158,1405,180,29,0,risky first
2158,1585,180,29,0,risky first
2158,1765,180,29,0,risky first
2158,1945,180,29,0,risky first
2107,2038,106.0660172,29,0,risky first
2107,1858,180,29,0,risky first
2107,1678,180,29,0,risky first
2107,1498,180,29,0,risky first
2155,1318,186.2900964,29,0,risky first
2155,1138,180,29,0,risky first
2155,958,180,29,0,risky first
2140,787,171.656634,29,0,risky first
2044,877,131.5902732,29,0,risky first
1933,958,137.4117899,29,0,risky first
1924,1135,177.2286659,29,0,risky first
1933,1105,31.32091953,29,0,risky first
1942,1000,105.3850084,29,0,risky first
1987,952,65.7951366,29,0,risky first
2056,802,165.1090549,29,0,risky first
2140,895,125.3195914,29,0,risky first
2155,1075,180.6239187,29,0,risky first
2155,1255,180,29,0,risky first
2155,1435,180,29,0,risky first
2155,1615,180,29,0,risky first
2155,1795,180,29,0,risky first
2146,1975,180.2248596,29,0,risky first
2155,1957,20.1246118,29,0,risky first
2155,1777,180,29,0,risky first
2155,1597,180,29,0,risky first
2155,1417,180,29,0,risky first
2155,1237,180,29,0,risky first
2137,1072,165.9789143,29,0,risky first
2098,1048,45.79301257,29,0,risky first
2107,1069,22.84731932,29,0,risky first
2158,925,152.7645247,29,0,risky first
2083,814,133.9626814,29,0,risky first
2035,955,148.946299,29,0,risky first
1939,1063,144.4991349,29,0,risky first
1978,1150,95.34149149,29,0,risky first
1933,1006,150.8674915,29,0,risky first
2026,895,144.8102206,29,0,risky first
2113,790,136.3598181,29,0,risky first
2158,937,153.7335357,29,0,risky first
2158,1117,180,29,0,risky first
2158,1297,180,29,0,risky first
2158,1477,180,29,0,risky first
2158,1657,180,29,0,risky first
2158,1837,180,29,0,risky first
2125,2017,183,29,0,risky first
2164,1969,61.84658438,29,0,risky first
2164,1789,180,29,0,risky first
2164,1609,180,29,0,risky first
2164,1429,180,29,0,risky first
2164,1249,180,29,0,risky first
2164,1069,180,29,0,risky first
2164,889,180,29,0,risky first
2071,808,123.3288287,29,0,risky first
2002,865,89.49860334,29,0,risky first
1924,991,148.1890684,29,0,risky first
1972,1171,186.2900964,29,0,risky first
1918,1054,128.8603896,29,0,risky first
2020,940,152.9705854,29,0,risky first
2068,820,129.2439554,29,0,risky first
2152,895,112.6099463,29,0,risky first
2152,1075,180,29,0,risky first
2170,1255,180.8977612,29,0,risky first
2170,1435,180,29,0,risky first
2170,1615,180,29,0,risky first
2170,1795,180,29,0,risky first
2116,1975,187.9255172,29,0,risky first
2161,1945,54.08326913,29,0,risky first
2161,1765,180,29,0,risky first
2161,1585,180,29,0,risky first
2161,1405,180,29,0,risky first
2161,1225,180,29,0,risky first
2161,1045,180,29,0,risky first
2161,865,180,29,0,risky first
2059,784,130.2497601,29,0,risky first
2050,955,171.2366783,29,0,risky first
1942,1033,133.2216199,29,0,risky first
1978,1159,131.041978,29,0,risky first
1918,1009,161.5549442,29,0,risky first
2044,895,169.9176271,29,0,risky first
2083,784,117.6520293,29,0,risky first
2152,871,111.0405331,29,0,risky first
2152,1051,180,29,0,risky first
2152,1231,180,29,0,risky first
2152,1411,180,29,0,risky first
2152,1591,180,29,0,risky first
2152,1771,180,29,0,risky first
2152,1951,180,29,0,risky first
2191,2131,184.1765457,29,0,risky first
2371,2269,226.8126981,29,0,risky first
2551,2269,180,29,0,risky first
2731,2089,254.5584412,29,0,risky first
2791,1909,189.7366596,29,0,risky first
2785,1729,180.0999722,29,0,risky first
2785,1549,180,29,0,risky first
2923,1405,199.4492417,29,0,risky first
2779,1444,149.1878011,29,0,risky first
2779,1624,180,29,0,risky first
2767,1804,180.3995565,29,0,risky first
2587,1984,254.5584412,29,0,risky first
2407,2164,254.5584412,29,0,risky first
2272,2164,135,29,0,risky first
2092,2092,193.8659331,29,0,risky first
2263,2074,171.9447586,29,0,risky first
2443,2074,180,29,0,risky first
2623,1912,242.1652328,29,0,risky first
2803,1732,254.5584412,29,0,risky first
2938,1552,225,29,0,risky first
2830,1477,131.487642,29,0,risky first
2650,1477,180,29,0,risky first
2470,1651,250.3517525,29,0,risky first
2290,1831,254.5584412,29,0,risky first
2110,2011,254.5584412,29,0,risky first
2227,1963,126.4634335,29,0,risky first
2407,1783,254.5584412,29,0,risky first
2587,1603,254.5584412,29,0,risky first
2767,1423,254.5584412,29,0,risky first
2866,1423,99,29,0,risky first
2698,1366,177.4063133,29,0,risky first
2638,1546,189.7366596,29,0,risky first
2458,1726,254.5584412,29,0,risky first
2278,1906,254.5584412,29,0,risky first
2122,2077,231.4670603,29,0,risky first
2302,1960,214.683488,29,0,risky first
2479,1780,252.4460338,29,0,risky first
2635,1600,238.1931989,29,0,risky first
2815,1468,223.2129029,29,0,risky first
2821,1468,6,29,0,risky first
2647,1405,185.0540462,29,0,risky first
2467,1489,198.6353443,29,0,risky first
2287,1669,254.5584412,29,0,risky first
2107,1849,254.5584412,29,0,risky first
2077,1999,152.9705854,29,0,risky first
2257,1828,248.276056,29,0,risky first
2437,1648,254.5584412,29,0,risky first
2617,1468,254.5584412,29,0,risky first
2797,1432,183.5647025,29,0,risky first
2836,1432,39,29,0,risky first
2656,1432,180,29,0,risky first
2476,1612,254.5584412,29,0,risky first
2302,1792,250.3517525,29,0,risky first
2122,1972,254.5584412,29,0,risky first
2209,1939,93.04837452,29,0,risky first
2389,1759,254.5584412,29,0,risky first
2569,1597,242.1652328,29,0,risky first
2749,1552,185.5397532,29,0,risky first
2887,1399,206.041258,29,0,risky first
2707,1339,189.7366596,29,0,risky first
2527,1504,244.1823089,29,0,risky first
2347,1684,254.5584412,29,0,risky first
2167,1864,254.5584412,29,0,risky first
2104,2044,190.7065809,29,0,risky first
2284,1957,199.922485,29,0,risky first
2464,1777,254.5584412,29,0,risky first
2644,1597,254.5584412,29,0,risky first
2812,1498,195,29,0,risky first
2896,1450,96.74709298,29,0,risky first
2716,1588,226.8126981,29,0,risky first
2536,1768,254.5584412,29,0,risky first
2356,1948,254.5584412,29,0,risky first
2176,2056,209.9142682,29,0,risky first
2212,2056,36,29,0,risky first
2392,1930,219.7180011,29,0,risky first
2572,1750,254.5584412,29,0,risky first
2752,1570,254.5584412,29,0,risky first
2932,1459,211.4734026,29,0,risky first
2791,1486,143.5618334,29,0,risky first
2611,1528,184.8350616,29,0,risky first
2431,1708,254.5584412,29,0,risky first
2251,1888,254.5584412,29,0,risky first
2128,2047,201.0223868,29,0,risky first
2308,2047,180,29,0,risky first
2485,2179,220.8008152,29,0,risky first
2332,2239,164.3441511,29,0,risky first
2152,2419,254.5584412,29,0,risky first
2095,2599,188.8094277,29,0,risky first
1990,2635,111,29,0,risky first
1813,2455,252.4460338,29,0,risky first
1993,2275,254.5584412,29,0,risky first
2173,2095,254.5584412,29,0,risky first
2353,1945,234.3074903,29,0,risky first
2533,1828,214.683488,29,0,risky first
2713,1648,254.5584412,29,0,risky first
2893,1474,250.3517525,29,0,risky first
2743,1621,210.0214275,29,0,risky first
2563,1801,254.5584412,29,0,risky first
2383,1981,254.5584412,29,0,risky first
2203,2062,197.3854098,29,0,risky first
2197,2062,6,29,0,risky first
2377,2026,183.5647025,29,0,risky first
2557,1846,254.5584412,29,0,risky first
2737,1666,254.5584412,29,0,risky first
2917,1486,254.5584412,29,0,risky first
2752,1561,181.2456896,29,0,risky first
2572,1741,254.5584412,29,0,risky first
2392,1921,254.5584412,29,0,risky first
2212,2050,221.4520264,29,0,risky first
2182,2050,30,29,0,risky first
2362,1981,192.7718859,29,0,risky first
2542,1801,254.5584412,29,0,risky first
2722,1621,254.5584412,29,0,risky first
2902,1444,252.4460338,29,0,risky first
2833,1564,138.4232639,29,0,risky first
2887,1453,123.4382437,29,0,risky first
2707,1480,182.0137357,29,0,risky first
2527,1495,180.6239187,29,0,risky first
2422,2029,183.56,29,1,risky first
2602,1942,199.922485,29,1,risky first
2722,1789,194.4453651,29,1,risky first
2542,1609,254.5584412,29,1,risky first
2362,1429,254.5584412,29,1,risky first
2182,1267,242.1652328,29,1,risky first
2122,1327,84.85281374,29,1,risky first
2122,1507,180,29,1,risky first
1948,1687,250.3517525,29,1,risky first
1894,1867,187.9255172,29,1,risky first
2005,1966,148.7346631,29,1,risky first
2098,1981,94.20191081,29,1,risky first
2224,1801,219.7180011,29,1,risky first
2353,1621,221.4520264,29,1,risky first
2173,1441,254.5584412,29,1,risky first
1993,1375,191.7185437,29,1,risky first
1948,1246,136.6235704,29,1,risky first
2044,1186,113.2077736,29,1,risky first
1864,1279,202.6055281,29,1,risky first
1837,1459,182.0137357,29,1,risky first
1948,1639,211.4734026,29,1,risky first
1927,1819,181.2208597,29,1,risky first
1978,1939,130.3878829,29,1,risky first
2074,1981,104.7854952,29,1,risky first
2254,2020,184.1765457,29,1,risky first
2434,2020,180,29,1,risky first
2614,2020,180,29,1,risky first
2794,1882,226.8126981,29,1,risky first
2833,1702,184.1765457,29,1,risky first
2890,1558,154.870914,29,1,risky first
2875,1582,28.3019434,29,1,risky first
2944,1561,72.12489168,29,1,risky first
3124,1381,254.5584412,29,1,risky first
3304,1201,254.5584412,29,1,risky first
3124,1021,254.5584412,29,1,risky first
2944,853,246.2194143,29,1,risky first
2764,865,180.3995565,29,1,risky first
2584,865,180,29,1,risky first
2404,964,205.4288198,29,1,risky first
2263,1099,195.2075818,29,1,risky first
2155,1183,136.821051,29,1,risky first
2251,1282,137.9021392,29,1,risky first
2233,1282,18,29,1,risky first
2335,1138,176.465294,29,1,risky first
2317,1270,133.2216199,29,1,risky first
2254,1399,143.5618334,29,1,risky first
2224,1351,56.60388679,29,1,risky first
2335,1204,184.2009772,29,1,risky first
2365,1102,106.3202709,29,1,risky first
2329,1102,36,29,1,risky first
2149,1102,180,29,1,risky first
1969,1138,183.5647025,29,1,risky first
1789,1318,254.5584412,29,1,risky first
1717,1498,193.8659331,29,1,risky first
1846,1672,216.6033241,29,1,risky first
2026,1852,254.5584412,29,1,risky first
2080,2032,187.9255172,29,1,risky first
2245,2056,166.7363188,29,1,risky first
2425,1897,240.1686907,29,1,risky first
2383,1717,184.8350616,29,1,risky first
2275,1807,140.5844942,29,1,risky first
2095,1924,214.683488,29,1,risky first
1915,1744,254.5584412,29,1,risky first
1951,1606,142.6183719,29,1,risky first
2131,1426,254.5584412,29,1,risky first
2155,1561,137.1167386,29,1,risky first
2008,1708,207.8893937,29,1,risky first
1990,1573,136.1947136,29,1,risky first
1825,1393,244.1823089,29,1,risky first
1876,1213,187.0855419,29,1,risky first
1942,1033,191.7185437,29,1,risky first
2122,853,254.5584412,29,1,risky first
2302,709,230.5124725,29,1,risky first
2482,889,254.5584412,29,1,risky first
2662,1069,254.5584412,29,1,risky first
2842,1249,254.5584412,29,1,risky first
3022,1429,254.5584412,29,1,risky first
3202,1609,254.5584412,29,1,risky first
3163,1747,143.4050208,29,1,risky first
2983,1624,218.0114676,29,1,risky first
2881,1591,107.2054103,29,1,risky first
2701,1723,223.2129029,29,1,risky first
2635,1744,69.26037828,29,1,risky first
2470,1744,165,29,1,risky first
2290,1744,180,29,1,risky first
2110,1693,187.0855419,29,1,risky first
1975,1660,138.9748179,29,1,risky first
1975,1606,54,29,1,risky first
1957,1516,91.78235124,29,1,risky first
1966,1639,123.3288287,29,1,risky first
2146,1573,191.7185437,29,1,risky first
2317,1393,248.276056,29,1,risky first
2323,1213,180.0999722,29,1,risky first
2353,1105,112.0892502,29,1,risky first
2281,1039,97.67292358,29,1,risky first
2179,1012,105.5130324,29,1,risky first
2320,1033,142.5552524,29,1,risky first
2344,1084,56.36488268,29,1,risky first
2344,1084,0,29,1,risky first
2344,1084,0,29,1,risky first
2344,1084,0,29,1,risky first
2227,1024,131.487642,29,1,risky first
2047,1159,225,29,1,risky first
2044,1126,33.13608305,29,1,risky first
2170,1051,146.6321929,29,1,risky first
2350,1084,183,29,1,risky first
2353,1096,12.36931688,29,1,risky first
2353,1276,180,29,1,risky first
2266,1456,199.922485,29,1,risky first
2086,1621,244.1823089,29,1,risky first
1972,1636,114.9826074,29,1,risky first
1858,1693,127.4558747,29,1,risky first
1678,1843,234.3074903,29,1,risky first
1612,1891,81.60882305,29,1,risky first
1792,1945,187.9255172,29,1,risky first
1954,2074,207.0869383,29,1,risky first
2068,2038,119.5491531,29,1,risky first
1975,2038,93,29,1,risky first
1975,1897,141,29,1,risky first
1975,1717,180,29,1,risky first
1975,1654,63,29,1,risky first
1975,1654,0,29,1,risky first
1975,1600,54,29,1,risky first
1915,1420,189.7366596,29,1,risky first
1855,1240,189.7366596,29,1,risky first
1885,1060,182.4828759,29,1,risky first
2065,1102,184.8350616,29,1,risky first
2146,1075,85.38149682,29,1,risky first
2032,1033,121.4907404,29,1,risky first
2065,979,63.28506933,29,1,risky first
2245,997,180.8977612,29,1,risky first
2347,1084,134.0634178,29,1,risky first
2347,1084,0,29,1,risky first
2347,1084,0,29,1,risky first
2347,1105,21,29,1,risky first
2323,1285,181.5929514,29,1,risky first
2143,1465,254.5584412,29,1,risky first
1969,1645,250.3517525,29,1,risky first
1918,1696,72.12489168,29,1,risky first
1738,1783,199.922485,29,1,risky first
1864,1858,146.6321929,29,1,risky first
2044,2038,254.5584412,29,1,risky first
1975,2047,69.58448103,29,1,risky first
1975,1915,132,29,1,risky first
1975,1735,180,29,1,risky first
1975,1675,60,29,1,risky first
2029,1630,70.29224708,29,1,risky first
2209,1450,254.5584412,29,1,risky first
2389,1270,254.5584412,29,1,risky first
2569,1090,254.5584412,29,1,risky first
2749,910,254.5584412,29,1,risky first
2929,730,254.5584412,29,1,risky first
3109,808,196.1733927,29,1,risky first
3289,988,254.5584412,29,1,risky first
3265,1015,36.12478374,29,1,risky first
3127,1021,138.1303732,29,1,risky first
2947,1021,180,29,1,risky first
2767,856,244.1823089,29,1,risky first
2587,784,193.8659331,29,1,risky first
2407,784,180,29,1,risky first
2227,784,180,29,1,risky first
2170,913,141.0319113,29,1,risky first
2077,988,119.4738465,29,1,risky first
2089,1141,153.4698667,29,1,risky first
2014,1060,110.390217,29,1,risky first
2131,961,153.2644773,29,1,risky first
2209,787,190.682983,29,1,risky first
2284,853,99.90495483,29,1,risky first
2284,880,27,29,1,risky first
2239,829,68.01470429,29,1,risky first
2161,784,90.04998612,29,1,risky first
2128,958,177.1016657,29,1,risky first
2041,1057,131.7952958,29,1,risky first
2083,1156,107.54069,29,1,risky first
2050,988,171.2103969,29,1,risky first
2155,895,140.2640367,29,1,risky first
2257,811,132.1362933,29,1,risky first
2269,988,177.4063133,29,1,risky first
2338,1093,125.6423495,29,1,risky first
2338,1258,165,29,1,risky first
2170,1438,246.2194143,29,1,risky first
1990,1618,254.5584412,29,1,risky first
1870,1738,169.7056275,29,1,risky first
1801,1918,192.7718859,29,1,risky first
1969,2074,229.2596781,29,1,risky first
1981,2047,29.54657341,29,1,risky first
1981,2008,39,29,1,risky first
1981,2188,180,29,1,risky first
1981,2215,27,29,1,risky first
1981,2071,144,29,1,risky first
1981,1891,180,29,1,risky first
1960,1711,181.2208597,29,1,risky first
1960,1531,180,29,1,risky first
1930,1351,182.4828759,29,1,risky first
1930,1171,180,29,1,risky first
1930,991,180,29,1,risky first
1930,811,180,29,1,risky first
2095,733,182.5075341,29,1,risky first
2113,895,162.9969325,29,1,risky first
2080,988,98.68130522,29,1,risky first
2086,1144,156.115342,29,1,risky first
2035,1057,100.8464179,29,1,risky first
2074,949,114.8259553,29,1,risky first
2158,835,141.6050847,29,1,risky first
2263,823,105.6834897,29,1,risky first
2344,1003,197.3854098,29,1,risky first
2338,1096,93.1933474,29,1,risky first
2299,1156,71.56116265,29,1,risky first
2263,1291,139.7175723,29,1,risky first
2083,1471,254.5584412,29,1,risky first
1987,1651,204,29,1,risky first
1921,1723,97.67292358,29,1,risky first
1831,1903,201.246118,29,1,risky first
2011,2041,226.8126981,29,1,risky first
1969,2029,43.68065934,29,1,risky first
1969,1927,102,29,1,risky first
1969,1747,180,29,1,risky first
2023,1567,187.9255172,29,1,risky first
2203,1387,254.5584412,29,1,risky first
2293,1207,201.246118,29,1,risky first
2272,1027,181.2208597,29,1,risky first
2284,847,180.3995565,29,1,risky first
2122,823,163.7681288,29,1,risky first
2113,952,129.3135724,29,1,risky first
2032,1075,147.2752525,29,1,risky first
2026,1111,36.49657518,29,1,risky first
2101,970,159.7059799,29,1,risky first
2155,841,139.8463442,29,1,risky first
2278,754,150.6585544,29,1,risky first
2299,934,181.2208597,29,1,risky first
2347,1069,143.2794472,29,1,risky first
2302,1120,68.01470429,29,1,risky first
2302,1261,141,29,1,risky first
2122,1441,254.5584412,29,1,risky first
1987,1615,220.2294258,29,1,risky first
1882,1777,193.0518065,29,1,risky first
2008,1957,219.7180011,29,1,risky first
2005,1924,33.13608305,29,1,risky first
1963,1744,184.8350616,29,1,risky first
1963,1636,108,29,1,risky first
2038,1483,170.3936619,29,1,risky first
2203,1315,235.4761134,29,1,risky first
2299,1264,108.7060256,29,1,risky first
2299,1084,180,29,1,risky first
2299,904,180,29,1,risky first
2350,1051,155.5956298,29,1,risky first
2356,1081,30.59411708,29,1,risky first
2356,1096,15,29,1,risky first
2356,1075,21,29,1,risky first
2356,1075,0,29,1,risky first
2356,1075,0,29,1,risky first
2356,1075,0,29,1,risky first
2356,1075,0,29,1,risky first
2356,1075,0,29,1,risky first
2356,1075,0,29,1,risky first
2356,1075,0,29,1,risky first
2356,1060,15,29,1,risky first
2356,880,180,29,1,risky first
2200,784,183.1720503,29,1,risky first
2155,952,173.9223965,29,1,risky first
2059,994,104.7854952,29,1,risky first
2107,1108,123.6931688,29,1,risky first
2182,1075,81.9390017,29,1,risky first
2182,1075,0,29,1,risky first
2182,1138,63,29,1,risky first
2089,1075,112.3298714,29,1,risky first
2065,970,107.7079384,29,1,risky first
2140,847,144.0624864,29,1,risky first
2278,841,138.1303732,29,1,risky first
2278,1021,180,29,1,risky first
2278,1201,180,29,1,risky first
2239,1372,175.3909918,29,1,risky first
2059,1498,219.7180011,29,1,risky first
1978,1678,197.3854098,29,1,risky first
1999,1690,24.18677324,29,1,risky first
1963,1654,50.91168825,29,1,risky first
1963,1735,81,29,1,risky first
1993,1915,182.4828759,29,1,risky first
2023,2059,147.0918081,29,1,risky first
1999,2059,24,29,1,risky first
1999,2059,0,29,1,risky first
2056,2059,57,29,1,risky first
2077,2059,21,29,1,risky first
2098,2059,21,29,1,risky first
2149,1861,180,30,0,safe first
2149,1681,180,30,0,safe first
2149,1501,180,30,0,safe first
2062,1321,199.922485,30,0,safe first
2017,1213,117,30,0,safe first
2017,1393,180,30,0,safe first
2068,1573,187.0855419,30,0,safe first
2068,1753,180,30,0,safe first
2068,1933,180,30,0,safe first
2068,1987,54,30,0,safe first
2068,1807,180,30,0,safe first
2068,1627,180,30,0,safe first
2056,1447,180.3995565,30,0,safe first
2134,1267,196.1733927,30,0,safe first
2038,1108,185.7336803,30,0,safe first
2065,1186,82.54089895,30,0,safe first
1897,1186,168,30,0,safe first
1885,1363,177.4063133,30,0,safe first
1999,1543,213.0633709,30,0,safe first
2026,1723,182.0137357,30,0,safe first
2038,1903,180.3995565,30,0,safe first
2068,1969,72.49827584,30,0,safe first
1990,1789,196.1733927,30,0,safe first
1969,1630,160.3807969,30,0,safe first
1906,1450,190.7065809,30,0,safe first
1855,1300,158.4329511,30,0,safe first
1807,1243,74.51845409,30,0,safe first
1807,1063,180,30,0,safe first
1921,973,145.2446212,30,0,safe first
1963,1153,184.8350616,30,0,safe first
1969,1054,99.18165153,30,0,safe first
1828,994,153.2351135,30,0,safe first
1828,1174,180,30,0,safe first
1828,1354,180,30,0,safe first
1867,1534,184.1765457,30,0,safe first
1903,1714,183.5647025,30,0,safe first
1957,1894,187.9255172,30,0,safe first
2128,2074,248.276056,30,0,safe first
2236,2254,209.9142682,30,0,safe first
2365,2434,221.4520264,30,0,safe first
2545,2614,254.5584412,30,0,safe first
2725,2794,254.5584412,30,0,safe first
2905,2974,254.5584412,30,0,safe first
3085,3154,254.5584412,30,0,safe first
3166,3292,160.0156242,30,0,safe first
2986,3292,180,30,0,safe first
2806,3292,180,30,0,safe first
2626,3292,180,30,0,safe first
2446,3292,180,30,0,safe first
2266,3292,180,30,0,safe first
2086,3292,180,30,0,safe first
1906,3292,180,30,0,safe first
1726,3292,180,30,0,safe first
1546,3292,180,30,0,safe first
1366,3292,180,30,0,safe first
1186,3292,180,30,0,safe first
1006,3292,180,30,0,safe first
826,3292,180,30,0,safe first
703,3217,144.0624864,30,0,safe first
733,3037,182.4828759,30,0,safe first
763,2857,182.4828759,30,0,safe first
763,2677,180,30,0,safe first
763,2497,180,30,0,safe first
763,2317,180,30,0,safe first
763,2137,180,30,0,safe first
763,1957,180,30,0,safe first
739,1777,181.5929514,30,0,safe first
739,1597,180,30,0,safe first
754,1417,180.6239187,30,0,safe first
865,1237,211.4734026,30,0,safe first
778,1057,199.922485,30,0,safe first
799,877,181.2208597,30,0,safe first
850,703,181.3201588,30,0,safe first
919,859,170.5784277,30,0,safe first
1099,907,186.2900964,30,0,safe first
1279,727,254.5584412,30,0,safe first
1402,787,136.8539367,30,0,safe first
1582,787,180,30,0,safe first
1762,787,180,30,0,safe first
1939,817,179.5243716,30,0,safe first
2047,928,154.870914,30,0,safe first
2170,994,139.5886815,30,0,safe first
2350,883,211.4734026,30,0,safe first
2488,802,160.0156242,30,0,safe first
2632,847,150.8674915,30,0,safe first
2812,847,180,30,0,safe first
2992,847,180,30,0,safe first
3172,847,180,30,0,safe first
3295,856,123.3288287,30,0,safe first
3295,1036,180,30,0,safe first
3295,1216,180,30,0,safe first
3220,1366,167.7050983,30,0,safe first
3061,1390,160.8011194,30,0,safe first
2923,1447,149.3084057,30,0,safe first
2743,1447,180,30,0,safe first
2563,1405,184.8350616,30,0,safe first
2383,1288,214.683488,30,0,safe first
2266,1351,132.8834075,30,0,safe first
2266,1531,180,30,0,safe first
2209,1711,188.8094277,30,0,safe first
2077,1891,223.2129029,30,0,safe first
2137,2041,161.5549442,30,0,safe first
2317,1912,221.4520264,30,0,safe first
2470,1759,216.374675,30,0,safe first
2650,1759,180,30,0,safe first
2755,1666,140.2640367,30,0,safe first
2812,1486,188.8094277,30,0,safe first
2926,1471,114.9826074,30,0,safe first
2824,1444,105.5130324,30,0,safe first
2644,1480,183.5647025,30,0,safe first
2464,1660,254.5584412,30,0,safe first
2284,1840,254.5584412,30,0,safe first
2104,2020,254.5584412,30,0,safe first
2245,2041,142.5552524,30,0,safe first
2425,1861,254.5584412,30,0,safe first
2605,1681,254.5584412,30,0,safe first
2785,1624,188.8094277,30,0,safe first
2944,1450,235.7053245,30,0,safe first
2764,1531,197.3854098,30,0,safe first
2584,1711,254.5584412,30,0,safe first
2404,1891,254.5584412,30,0,safe first
2224,2026,225,30,0,safe first
2098,2026,126,30,0,safe first
2245,2068,152.8823077,30,0,safe first
2341,2167,137.9021392,30,0,safe first
2521,1987,254.5584412,30,0,safe first
2701,1807,254.5584412,30,0,safe first
2881,1627,254.5584412,30,0,safe first
2929,1447,186.2900964,30,0,safe first
2776,1429,154.0551849,30,0,safe first
2596,1588,240.1686907,30,0,safe first
2416,1768,254.5584412,30,0,safe first
2236,1948,254.5584412,30,0,safe first
2152,2083,159,30,0,safe first
2332,1999,198.6353443,30,0,safe first
2512,1819,254.5584412,30,0,safe first
2692,1639,254.5584412,30,0,safe first
2872,1459,254.5584412,30,0,safe first
2809,1432,68.54195795,30,0,safe first
2629,1612,254.5584412,30,0,safe first
2449,1792,254.5584412,30,0,safe first
2269,1972,254.5584412,30,0,safe first
2089,2122,234.3074903,30,0,safe first
2167,1942,196.1733927,30,0,safe first
2347,1762,254.5584412,30,0,safe first
2527,1738,181.5929514,30,0,safe first
2707,1636,206.8912758,30,0,safe first
2887,1456,254.5584412,30,0,safe first
2818,1480,73.05477397,30,0,safe first
2638,1660,254.5584412,30,0,safe first
2458,1840,254.5584412,30,0,safe first
2278,1999,240.1686907,30,0,safe first
2098,2017,180.8977612,30,0,safe first
2221,2017,123,30,0,safe first
2401,1837,254.5584412,30,0,safe first
2581,1783,187.9255172,30,0,safe first
2761,1603,254.5584412,30,0,safe first
2929,1432,239.718585,30,0,safe first
2749,1534,206.8912758,30,0,safe first
2569,1714,254.5584412,30,0,safe first
2389,1894,254.5584412,30,0,safe first
2209,1954,189.7366596,30,0,safe first
2113,2005,108.7060256,30,0,safe first
2293,1900,208.3866598,30,0,safe first
2473,1861,184.1765457,30,0,safe first
2653,1801,189.7366596,30,0,safe first
2833,1741,189.7366596,30,0,safe first
2929,1597,173.0664612,30,0,safe first
2875,1447,159.4239631,30,0,safe first
2695,1597,234.3074903,30,0,safe first
2515,1777,254.5584412,30,0,safe first
2335,1957,254.5584412,30,0,safe first
2155,1972,180.6239187,30,0,safe first
2044,2002,114.9826074,30,0,safe first
2224,1918,198.6353443,30,0,safe first
2404,1831,199.922485,30,0,safe first
2584,1801,182.4828759,30,0,safe first
2764,1621,254.5584412,30,0,safe first
2899,1465,206.303175,30,0,safe first
2719,1624,240.1686907,30,0,safe first
2539,1804,254.5584412,30,0,safe first
2359,1984,254.5584412,30,0,safe first
2179,2008,181.5929514,30,0,safe first
2161,2008,18,30,0,safe first
2341,1852,238.1931989,30,0,safe first
2521,1672,254.5584412,30,0,safe first
2701,1642,182.4828759,30,0,safe first
2881,1462,254.5584412,30,0,safe first
2737,1519,154.870914,30,0,safe first
2557,1699,254.5584412,30,0,safe first
2377,1879,254.5584412,30,0,safe first
2197,2059,254.5584412,30,0,safe first
2149,2068,48.83646179,30,0,safe first
2329,1918,234.3074903,30,0,safe first
2509,1738,254.5584412,30,0,safe first
2689,1645,202.6055281,30,0,safe first
2869,1465,254.5584412,30,0,safe first
2926,1450,58.94064811,30,0,safe first
2800,1450,126,30,0,safe first
2620,1297,236.2392855,30,0,safe first
2440,1126,248.276056,30,0,safe first
2278,1033,186.7966809,30,0,safe first
2170,910,163.6856744,30,0,safe first
1990,910,180,30,0,safe first
1918,1066,171.8138528,30,0,safe first
1936,1135,71.30918594,30,0,safe first
1888,1054,94.15412896,30,0,safe first
1708,1165,211.4734026,30,0,safe first
1807,1258,135.8307771,30,0,safe first
1843,1339,88.63972022,30,0,safe first
1987,1519,230.5124725,30,0,safe first
1942,1678,165.2452722,30,0,safe first
1942,1858,180,30,0,safe first
2071,2038,221.4520264,30,0,safe first
2071,1954,84,30,0,safe first
1966,1774,208.3866598,30,0,safe first
1966,1594,180,30,0,safe first
1858,1414,209.9142682,30,0,safe first
1792,1234,191.7185437,30,0,safe first
1792,1054,180,30,0,safe first
1792,874,180,30,0,safe first
1873,760,139.8463442,30,0,safe first
2011,811,147.122398,30,0,safe first
1993,979,168.9615341,30,0,safe first
1924,1114,151.6113452,30,0,safe first
1921,1141,27.16615541,30,0,safe first
1927,973,168.1071087,30,0,safe first
2068,934,146.2942241,30,0,safe first
2068,829,105,30,0,safe first
2095,718,114.2365966,30,0,safe first
2164,820,123.1462545,30,0,safe first
2164,1000,180,30,0,safe first
2164,1180,180,30,0,safe first
2119,1360,185.5397532,30,0,safe first
2017,1540,206.8912758,30,0,safe first
2005,1720,180.3995565,30,0,safe first
1993,1900,180.3995565,30,0,safe first
2074,2044,165.2180378,30,0,safe first
2110,1882,165.9518002,30,0,safe first
2110,1702,180,30,0,safe first
2155,1522,185.5397532,30,0,safe first
2173,1342,180.8977612,30,0,safe first
2173,1162,180,30,0,safe first
2173,982,180,30,0,safe first
2134,844,143.4050208,30,0,safe first
2050,808,91.38927727,30,0,safe first
2002,973,171.8400419,30,0,safe first
1936,1063,111.6064514,30,0,safe first
1969,1162,104.3551628,30,0,safe first
1915,1033,139.8463442,30,0,safe first
2050,970,148.9765082,30,0,safe first
2086,790,183.5647025,30,0,safe first
2155,838,84.05355436,30,0,safe first
2155,1018,180,30,0,safe first
2155,1198,180,30,0,safe first
2140,1378,180.6239187,30,0,safe first
2044,1558,204,30,0,safe first
2041,1738,180.0249983,30,0,safe first
2041,1918,180,30,0,safe first
2077,1966,60,30,0,safe first
2122,1786,185.5397532,30,0,safe first
2137,1606,180.6239187,30,0,safe first
2155,1426,180.8977612,30,0,safe first
2155,1246,180,30,0,safe first
2155,1066,180,30,0,safe first
2155,886,180,30,0,safe first
2056,799,131.7952958,30,0,safe first
2047,976,177.2286659,30,0,safe first
1918,1051,149.2179614,30,0,safe first
1975,1138,104.0096149,30,0,safe first
1921,1000,148.1890684,30,0,safe first
2038,913,145.8012346,30,0,safe first
2125,802,141.0319113,30,0,safe first
2152,979,179.0474797,30,0,safe first
2152,1159,180,30,0,safe first
2152,1339,180,30,0,safe first
2098,1519,187.9255172,30,0,safe first
2098,1699,180,30,0,safe first
2071,1879,182.0137357,30,0,safe first
2071,2011,132,30,0,safe first
2116,1831,185.5397532,30,0,safe first
2155,1651,184.1765457,30,0,safe first
2197,1471,184.8350616,30,0,safe first
2197,1291,180,30,0,safe first
2197,1111,180,30,0,safe first
2197,931,180,30,0,safe first
2119,751,196.1733927,30,0,safe first
2059,847,113.2077736,30,0,safe first
1981,958,135.6650287,30,0,safe first
1900,1057,127.9140336,30,0,safe first
1972,1123,97.67292358,30,0,safe first
1933,1120,39.11521443,30,0,safe first
1981,949,177.6091214,30,0,safe first
2053,904,84.90583019,30,0,safe first
2140,790,143.4050208,30,0,safe first
2158,970,180.8977612,30,0,safe first
2158,1150,180,30,0,safe first
2152,1330,180.0999722,30,0,safe first
2047,1510,208.3866598,30,0,safe first
2215,2131,114.04,30,1,safe first
2395,2131,180,30,1,safe first
2575,2131,180,30,1,safe first
2638,2281,162.6929624,30,1,safe first
2728,2380,133.7946187,30,1,safe first
2863,2449,151.6113452,30,1,safe first
3043,2449,180,30,1,safe first
3118,2449,75,30,1,safe first
3118,2278,171,30,1,safe first
3118,2098,180,30,1,safe first
3118,1918,180,30,1,safe first
3061,1897,60.74537019,30,1,safe first
3016,1906,45.89117562,30,1,safe first
3016,1726,180,30,1,safe first
3016,1546,180,30,1,safe first
3016,1366,180,30,1,safe first
2905,1294,132.3064624,30,1,safe first
2725,1294,180,30,1,safe first
2545,1294,180,30,1,safe first
2365,1294,180,30,1,safe first
2185,1294,180,30,1,safe first
2101,1219,112.6099463,30,1,safe first
2113,1306,87.82368701,30,1,safe first
2227,1369,130.2497601,30,1,safe first
2227,1549,180,30,1,safe first
2227,1729,180,30,1,safe first
2122,1840,152.7939789,30,1,safe first
2122,2020,180,30,1,safe first
1996,2041,127.7380131,30,1,safe first
1996,1981,60,30,1,safe first
1996,1915,66,30,1,safe first
1954,1735,184.8350616,30,1,safe first
1978,1678,61.84658438,30,1,safe first
1978,1645,33,30,1,safe first
1978,1537,108,30,1,safe first
1921,1408,141.0319113,30,1,safe first
1921,1228,180,30,1,safe first
2089,1213,168.6683136,30,1,safe first
2260,1198,171.656634,30,1,safe first
2314,1129,87.6184912,30,1,safe first
2329,1087,44.59820624,30,1,safe first
2329,1054,33,30,1,safe first
2296,1054,33,30,1,safe first
2260,970,91.38927727,30,1,safe first
2095,970,165,30,1,safe first
1999,1063,133.6600165,30,1,safe first
1903,1177,149.0369082,30,1,safe first
1903,1357,180,30,1,safe first
1903,1537,180,30,1,safe first
1954,1663,135.9301291,30,1,safe first
1954,1843,180,30,1,safe first
1954,1957,114,30,1,safe first
1954,2044,87,30,1,safe first
1954,1909,135,30,1,safe first
1954,1729,180,30,1,safe first
1954,1654,75,30,1,safe first
1954,1489,165,30,1,safe first
1987,1366,127.3499117,30,1,safe first
2167,1366,180,30,1,safe first
2296,1306,142.2708684,30,1,safe first
2320,1126,181.5929514,30,1,safe first
2356,1081,57.62811814,30,1,safe first
2356,1081,0,30,1,safe first
2290,1081,66,30,1,safe first
2233,1030,76.4852927,30,1,safe first
2146,1138,138.683092,30,1,safe first
2014,1207,148.946299,30,1,safe first
2014,1165,42,30,1,safe first
2014,1165,0,30,1,safe first
2113,1147,100.623059,30,1,safe first
2167,1018,139.8463442,30,1,safe first
2281,1093,136.458785,30,1,safe first
2281,1273,180,30,1,safe first
2281,1453,180,30,1,safe first
2221,1633,189.7366596,30,1,safe first
2167,1813,187.9255172,30,1,safe first
2119,1993,186.2900964,30,1,safe first
2038,2077,116.691902,30,1,safe first
1987,2050,57.70615219,30,1,safe first
1987,2050,0,30,1,safe first
1987,2050,0,30,1,safe first
1987,2050,0,30,1,safe first
1987,2050,0,30,1,safe first
1987,1924,126,30,1,safe first
1987,1744,180,30,1,safe first
1960,1651,96.84007435,30,1,safe first
1960,1558,93,30,1,safe first
1960,1393,165,30,1,safe first
1906,1300,107.54069,30,1,safe first
1906,1120,180,30,1,safe first
2032,1066,137.0839159,30,1,safe first
2107,1189,144.0624864,30,1,safe first
2179,1075,134.8332303,30,1,safe first
2164,1075,15,30,1,safe first
2149,1165,91.24143795,30,1,safe first
2050,1102,117.3456433,30,1,safe first
1924,1009,156.6045976,30,1,safe first
1912,1189,180.3995565,30,1,safe first
1912,1369,180,30,1,safe first
1912,1549,180,30,1,safe first
1912,1729,180,30,1,safe first
1912,1909,180,30,1,safe first
2050,1978,154.2886904,30,1,safe first
1987,1984,63.28506933,30,1,safe first
1987,1804,180,30,1,safe first
1948,1624,184.1765457,30,1,safe first
1948,1444,180,30,1,safe first
1915,1264,183,30,1,safe first
1873,1084,184.8350616,30,1,safe first
1900,904,182.0137357,30,1,safe first
1957,724,188.8094277,30,1,safe first
2071,664,128.8254633,30,1,safe first
2131,799,147.732867,30,1,safe first
2107,967,169.7056275,30,1,safe first
2074,1105,141.8908031,30,1,safe first
2029,1129,51,30,1,safe first
2053,1006,125.3195914,30,1,safe first
2158,952,118.0720119,30,1,safe first
2179,826,127.7380131,30,1,safe first
2281,742,132.1362933,30,1,safe first
2302,913,172.2846482,30,1,safe first
2302,1093,180,30,1,safe first
2302,1273,180,30,1,safe first
2176,1453,219.7180011,30,1,safe first
1999,1633,252.4460338,30,1,safe first
1999,1813,180,30,1,safe first
2038,1993,184.1765457,30,1,safe first
2038,1960,33,30,1,safe first
2038,1780,180,30,1,safe first
2038,1600,180,30,1,safe first
1918,1420,216.3330765,30,1,safe first
1918,1240,180,30,1,safe first
1957,1066,178.3171332,30,1,safe first
1957,889,177,30,1,safe first
1918,844,59.54829972,30,1,safe first
2005,685,181.2456896,30,1,safe first
2095,679,90.19977827,30,1,safe first
2137,805,132.8156617,30,1,safe first
2137,985,180,30,1,safe first
2137,994,9,30,1,safe first
2035,1009,103.0970417,30,1,safe first
2074,1153,149.1878011,30,1,safe first
2035,1117,53.07541804,30,1,safe first
2080,988,136.6235704,30,1,safe first
2170,892,131.5902732,30,1,safe first
2275,796,142.2708684,30,1,safe first
2290,967,171.656634,30,1,safe first
2290,1147,180,30,1,safe first
2290,1327,180,30,1,safe first
2194,1507,204,30,1,safe first
2167,1687,182.0137357,30,1,safe first
2107,1867,189.7366596,30,1,safe first
2083,2029,163.7681288,30,1,safe first
2110,1852,179.0474797,30,1,safe first
2227,1672,214.683488,30,1,safe first
2233,1492,180.0999722,30,1,safe first
2266,1312,183,30,1,safe first
2266,1132,180,30,1,safe first
2239,1051,85.38149682,30,1,safe first
2212,1069,32.44996148,30,1,safe first
2272,1069,60,30,1,safe first
2305,907,165.3269488,30,1,safe first
2230,736,186.7243958,30,1,safe first
2146,820,118.7939392,30,1,safe first
2116,994,176.5672676,30,1,safe first
2047,1018,73.05477397,30,1,safe first
2095,1183,171.8400419,30,1,safe first
2026,1075,128.1600562,30,1,safe first
2074,949,134.8332303,30,1,safe first
2143,970,72.12489168,30,1,safe first
2185,790,184.8350616,30,1,safe first
2254,829,79.25906888,30,1,safe first
2254,1009,180,30,1,safe first
2254,1189,180,30,1,safe first
2209,1369,185.5397532,30,1,safe first
2191,1549,180.8977612,30,1,safe first
2164,1729,182.0137357,30,1,safe first
2116,1909,186.2900964,30,1,safe first
2077,1972,74.09453421,30,1,safe first
2170,1792,202.6055281,30,1,safe first
2305,1612,225,30,1,safe first
2287,1432,180.8977612,30,1,safe first
2287,1252,180,30,1,safe first
2287,1072,180,30,1,safe first
2287,892,180,30,1,safe first
2221,742,163.8780034,30,1,safe first
2176,835,103.3150521,30,1,safe first
2107,970,151.6113452,30,1,safe first
2014,1057,127.3499117,30,1,safe first
2089,1171,136.458785,30,1,safe first
2059,1090,86.37708029,30,1,safe first
2056,937,153.0294089,30,1,safe first
2104,979,63.78087488,30,1,safe first
2170,832,161.136588,30,1,safe first
2266,799,101.5135459,30,1,safe first
2266,979,180,30,1,safe first
2266,1159,180,30,1,safe first
2266,1339,180,30,1,safe first
2212,1519,187.9255172,30,1,safe first
2143,1699,192.7718859,30,1,safe first
2077,1879,191.7185437,30,1,safe first
2056,2050,172.2846482,30,1,safe first
1978,2050,78,30,1,safe first
1978,1957,93,30,1,safe first
1978,1777,180,30,1,safe first
1978,1660,117,30,1,safe first
1957,1642,27.65863337,30,1,safe first
1819,1519,184.859406,30,1,safe first
1894,1381,157.0636814,30,1,safe first
1894,1201,180,30,1,safe first
1894,1021,180,30,1,safe first
1894,841,180,30,1,safe first
2002,661,209.9142682,30,1,safe first
2137,664,135.0333292,30,1,safe first
2137,844,180,30,1,safe first
2119,994,151.0761397,30,1,safe first
2056,1060,91.24143795,30,1,safe first
2089,1135,81.9390017,30,1,safe first
2020,1069,95.48298278,30,1,safe first
2074,949,131.5902732,30,1,safe first
2101,982,42.63801121,30,1,safe first
2044,985,57.07889277,30,1,safe first
2059,1165,180.6239187,30,1,safe first
2041,1096,71.30918594,30,1,safe first
2041,964,132,30,1,safe first
2164,904,136.8539367,30,1,safe first
2254,763,167.2752223,30,1,safe first
2254,943,180,30,1,safe first
2254,1123,180,30,1,safe first
2254,1303,180,30,1,safe first
2224,1483,182.4828759,30,1,safe first
2170,1663,187.9255172,30,1,safe first
2107,1843,190.7065809,30,1,safe first
2107,2023,180,30,1,safe first
2086,1906,118.8696765,30,1,safe first
2122,1726,183.5647025,30,1,safe first
2185,1546,190.7065809,30,1,safe first
2254,1366,192.7718859,30,1,safe first
2254,1186,180,30,1,safe first
2269,1006,180.6239187,30,1,safe first
2251,844,162.9969325,30,1,safe first
2158,817,96.84007435,30,1,safe first
2158,979,162,30,1,safe first
2026,1024,139.4596716,30,1,safe first
2101,1144,141.509717,30,1,safe first
2014,1117,91.0933587,30,1,safe first
2065,982,144.3121616,30,1,safe first
2164,892,133.7946187,30,1,safe first
2263,778,150.9867544,30,1,safe first
2263,958,180,30,1,safe first
2263,1138,180,30,1,safe first
2263,1318,180,30,1,safe first
2215,1498,186.2900964,30,1,safe first
2182,1678,183,30,1,safe first
2155,1858,182.0137357,30,1,safe first
2074,2029,189.2141644,30,1,safe first
2119,1858,176.8219443,30,1,safe first
2200,1678,197.3854098,30,1,safe first
2224,1498,181.5929514,30,1,safe first
2266,1318,184.8350616,30,1,safe first
2266,1138,180,30,1,safe first
2266,958,180,30,1,safe first
2245,802,157.4071155,30,1,safe first
2167,910,133.2216199,30,1,safe first
2047,1009,155.5667059,30,1,safe first
2101,1189,187.9255172,30,1,safe first
2104,1189,3,30,1,safe first
2122,1189,18,30,1,safe first
2116,1189,6,30,1,safe first
2122,1189,6,30,1,safe first
2053,1186,69.0651866,30,1,safe first
2080,1189,27.16615541,30,1,safe first
2050,1105,89.19641248,30,1,safe first
2056,1006,99.18165153,30,1,safe first
2170,967,120.4865138,30,1,safe first
2197,787,182.0137357,30,1,safe first
2353,673,193.2149063,30,1,safe first
2461,853,209.9142682,30,1,safe first
2641,1033,254.5584412,30,1,safe first
2821,1213,254.5584412,30,1,safe first
2941,1288,141.509717,30,1,safe first
2995,1147,150.9867544,30,1,safe first
3175,1147,180,30,1,safe first
3355,1021,219.7180011,30,1,safe first
3373,856,165.9789143,30,1,safe first
3268,712,178.2161609,30,1,safe first
3235,856,147.732867,30,1,safe first
3235,1036,180,30,1,safe first
3235,1216,180,30,1,safe first
3235,1396,180,30,1,safe first
2350,2074,174,31,0,risky first
2359,2191,117.3456433,31,0,risky first
2332,2020,173.1184566,31,0,risky first
2464,1954,147.5804865,31,0,risky first
2440,1954,24,31,0,risky first
2260,1954,180,31,0,risky first
2080,1954,180,31,0,risky first
2014,2086,147.5804865,31,0,risky first
2014,2266,180,31,0,risky first
1867,2335,162.3884232,31,0,risky first
1687,2335,180,31,0,risky first
1507,2335,180,31,0,risky first
1375,2251,156.4608577,31,0,risky first
1375,2071,180,31,0,risky first
1375,1891,180,31,0,risky first
1375,1711,180,31,0,risky first
1375,1531,180,31,0,risky first
1543,1486,173.9223965,31,0,risky first
1723,1486,180,31,0,risky first
1903,1486,180,31,0,risky first
1981,1336,169.0680336,31,0,risky first
1981,1240,96,31,0,risky first
1999,1420,180.8977612,31,0,risky first
2035,1600,183.5647025,31,0,risky first
2035,1780,180,31,0,risky first
2068,1960,183,31,0,risky first
2068,1984,24,31,0,risky first
2068,1813,171,31,0,risky first
2068,1633,180,31,0,risky first
2068,1453,180,31,0,risky first
2134,1273,191.7185437,31,0,risky first
2014,1201,139.9428455,31,0,risky first
2122,1285,136.821051,31,0,risky first
2122,1465,180,31,0,risky first
2122,1645,180,31,0,risky first
2122,1825,180,31,0,risky first
2122,2005,180,31,0,risky first
2122,1960,45,31,0,risky first
2122,1780,180,31,0,risky first
2122,1600,180,31,0,risky first
2149,1420,182.0137357,31,0,risky first
2149,1240,180,31,0,risky first
2149,1060,180,31,0,risky first
1990,1075,159.7059799,31,0,risky first
2008,1066,20.1246118,31,0,risky first
2125,1090,119.4361754,31,0,risky first
2125,1270,180,31,0,risky first
2125,1450,180,31,0,risky first
2125,1630,180,31,0,risky first
2125,1810,180,31,0,risky first
2104,1990,181.2208597,31,0,risky first
2104,1909,81,31,0,risky first
2104,1729,180,31,0,risky first
2104,1549,180,31,0,risky first
2137,1369,183,31,0,risky first
2170,1189,183,31,0,risky first
2146,1009,181.5929514,31,0,risky first
1999,928,167.8392088,31,0,risky first
1942,1024,111.6467644,31,0,risky first
1981,1153,134.7664647,31,0,risky first
1942,1012,146.2942241,31,0,risky first
2020,877,155.9134375,31,0,risky first
2113,1027,176.490793,31,0,risky first
2113,1069,42,31,0,risky first
2143,1204,138.2931669,31,0,risky first
2143,1384,180,31,0,risky first
2143,1564,180,31,0,risky first
2143,1744,180,31,0,risky first
2143,1924,180,31,0,risky first
2122,2005,83.67795409,31,0,risky first
2119,1825,180.0249983,31,0,risky first
1984,1645,225,31,0,risky first
1873,1465,211.4734026,31,0,risky first
1810,1297,179.4240787,31,0,risky first
1810,1258,39,31,0,risky first
1936,1393,184.6645608,31,0,risky first
2116,1393,180,31,0,risky first
2167,1237,164.1249524,31,0,risky first
2155,1057,180.3995565,31,0,risky first
2098,1069,58.24946352,31,0,risky first
2155,1012,80.61017306,31,0,risky first
2155,832,180,31,0,risky first
2023,808,134.1640786,31,0,risky first
1981,952,150,31,0,risky first
1933,1099,154.6382876,31,0,risky first
1972,1102,39.11521443,31,0,risky first
1942,994,112.0892502,31,0,risky first
2029,862,158.0917455,31,0,risky first
2152,832,126.6056871,31,0,risky first
2152,1012,180,31,0,risky first
2152,1192,180,31,0,risky first
2152,1372,180,31,0,risky first
2152,1552,180,31,0,risky first
2152,1732,180,31,0,risky first
2125,1912,182.0137357,31,0,risky first
2089,2014,108.1665383,31,0,risky first
2092,1834,180.0249983,31,0,risky first
2236,1654,230.5124725,31,0,risky first
2236,1474,180,31,0,risky first
2215,1294,181.2208597,31,0,risky first
2194,1114,181.2208597,31,0,risky first
2194,934,180,31,0,risky first
2140,769,173.6116356,31,0,risky first
2044,865,135.764502,31,0,risky first
1951,961,133.6600165,31,0,risky first
1930,1132,172.2846482,31,0,risky first
1921,1108,25.63201124,31,0,risky first
1963,949,164.4536409,31,0,risky first
2068,853,142.2708684,31,0,risky first
2152,805,96.74709298,31,0,risky first
2191,985,184.1765457,31,0,risky first
2191,1165,180,31,0,risky first
2191,1345,180,31,0,risky first
2191,1525,180,31,0,risky first
2152,1705,184.1765457,31,0,risky first
2122,1885,182.4828759,31,0,risky first
2134,2062,177.4063133,31,0,risky first
2314,2062,180,31,0,risky first
2494,2041,181.2208597,31,0,risky first
2674,1861,254.5584412,31,0,risky first
2854,1681,254.5584412,31,0,risky first
2905,1501,187.0855419,31,0,risky first
2773,1450,141.509717,31,0,risky first
2593,1615,244.1823089,31,0,risky first
2413,1795,254.5584412,31,0,risky first
2233,1975,254.5584412,31,0,risky first
2188,2032,72.62231062,31,0,risky first
2356,1852,246.2194143,31,0,risky first
2536,1672,254.5584412,31,0,risky first
2716,1546,219.7180011,31,0,risky first
2896,1525,181.2208597,31,0,risky first
2797,1585,115.7626883,31,0,risky first
2617,1765,254.5584412,31,0,risky first
2437,1837,193.8659331,31,0,risky first
2257,1987,234.3074903,31,0,risky first
2107,2026,154.9870962,31,0,risky first
2287,1864,242.1652328,31,0,risky first
2467,1684,254.5584412,31,0,risky first
2647,1504,254.5584412,31,0,risky first
2827,1408,204,31,0,risky first
2863,1507,105.3422992,31,0,risky first
2683,1687,254.5584412,31,0,risky first
2503,1867,254.5584412,31,0,risky first
2323,1981,213.0633709,31,0,risky first
2143,1981,180,31,0,risky first
2221,1966,79.42921377,31,0,risky first
2401,1786,254.5584412,31,0,risky first
2581,1606,254.5584412,31,0,risky first
2761,1585,181.2208597,31,0,risky first
2938,1567,177.9129,31,0,risky first
2815,1561,123.1462545,31,0,risky first
2635,1741,254.5584412,31,0,risky first
2455,1921,254.5584412,31,0,risky first
2275,1993,193.8659331,31,0,risky first
2095,2038,185.5397532,31,0,risky first
2263,1954,187.8297101,31,0,risky first
2443,1774,254.5584412,31,0,risky first
2623,1594,254.5584412,31,0,risky first
2803,1561,183,31,0,risky first
2950,1489,163.6856744,31,0,risky first
2770,1633,230.5124725,31,0,risky first
2590,1813,254.5584412,31,0,risky first
2410,1993,254.5584412,31,0,risky first
2230,2017,181.5929514,31,0,risky first
2143,2008,87.46427842,31,0,risky first
2323,1828,254.5584412,31,0,risky first
2503,1648,254.5584412,31,0,risky first
2683,1621,182.0137357,31,0,risky first
2863,1540,197.3854098,31,0,risky first
2836,1555,30.88689042,31,0,risky first
2656,1735,254.5584412,31,0,risky first
2476,1915,254.5584412,31,0,risky first
2296,2062,232.3983649,31,0,risky first
2116,2062,180,31,0,risky first
2251,1990,153,31,0,risky first
2431,1810,254.5584412,31,0,risky first
2611,1630,254.5584412,31,0,risky first
2791,1549,197.3854098,31,0,risky first
2935,1477,160.9968944,31,0,risky first
2755,1657,254.5584412,31,0,risky first
2575,1837,254.5584412,31,0,risky first
2395,1933,204,31,0,risky first
2215,1966,183,31,0,risky first
2188,2146,182.0137357,31,0,risky first
2368,2326,254.5584412,31,0,risky first
2548,2506,254.5584412,31,0,risky first
2482,2686,191.7185437,31,0,risky first
2302,2737,187.0855419,31,0,risky first
2122,2737,180,31,0,risky first
1942,2785,186.2900964,31,0,risky first
1762,2965,254.5584412,31,0,risky first
1582,3145,254.5584412,31,0,risky first
1612,3046,103.4456379,31,0,risky first
1705,2866,202.6055281,31,0,risky first
1855,2686,234.3074903,31,0,risky first
1855,2506,180,31,0,risky first
1855,2326,180,31,0,risky first
1972,2146,214.683488,31,0,risky first
2152,1966,254.5584412,31,0,risky first
2332,1786,254.5584412,31,0,risky first
2512,1606,254.5584412,31,0,risky first
2692,1588,180.8977612,31,0,risky first
2872,1528,189.7366596,31,0,risky first
2815,1540,58.24946352,31,0,risky first
2635,1720,254.5584412,31,0,risky first
2455,1876,238.1931989,31,0,risky first
2275,1996,216.3330765,31,0,risky first
2095,2035,184.1765457,31,0,risky first
2269,1888,227.7827913,31,0,risky first
2449,1708,254.5584412,31,0,risky first
2629,1657,187.0855419,31,0,risky first
2809,1543,213.0633709,31,0,risky first
2848,1504,55.15432893,31,0,risky first
2668,1684,254.5584412,31,0,risky first
2488,1864,254.5584412,31,0,risky first
2308,2023,240.1686907,31,0,risky first
2128,2023,180,31,0,risky first
2275,1843,232.3983649,31,0,risky first
2455,1663,254.5584412,31,0,risky first
2635,1483,254.5584412,31,0,risky first
2815,1411,193.8659331,31,0,risky first
2878,1480,93.43446901,31,0,risky first
2698,1660,254.5584412,31,0,risky first
2518,1840,254.5584412,31,0,risky first
2338,2020,254.5584412,31,0,risky first
2158,2038,180.8977612,31,0,risky first
2233,1891,165.0272705,31,0,risky first
2413,1711,254.5584412,31,0,risky first
2593,1663,186.2900964,31,0,risky first
2773,1642,181.2208597,31,0,risky first
2941,1492,225.2198925,31,0,risky first
2899,1483,42.95346319,31,0,risky first
2905,1474,10.81665383,31,0,risky first
2983,1465,78.51751397,31,0,risky first
2980,1558,93.04837452,31,0,risky first
2800,1738,254.5584412,31,0,risky first
2620,1750,180.3995565,31,0,risky first
2440,1804,187.9255172,31,0,risky first
2260,1984,254.5584412,31,0,risky first
2080,2164,254.5584412,31,0,risky first
1900,2308,230.5124725,31,0,risky first
1720,2308,180,31,0,risky first
1540,2419,211.4734026,31,0,risky first
1360,2587,246.2194143,31,0,risky first
1180,2569,180.8977612,31,0,risky first
1000,2389,254.5584412,31,0,risky first
820,2209,254.5584412,31,0,risky first
727,2029,202.6055281,31,0,risky first
727,1849,180,31,0,risky first
784,1669,188.8094277,31,0,risky first
880,1489,204,31,0,risky first
880,1309,180,31,0,risky first
880,1129,180,31,0,risky first
943,949,190.7065809,31,0,risky first
1123,787,242.1652328,31,0,risky first
1303,943,238.1931989,31,0,risky first
1483,1123,254.5584412,31,0,risky first
1663,1303,254.5584412,31,0,risky first
1843,1483,254.5584412,31,0,risky first
2023,1663,254.5584412,31,0,risky first
2194,1843,248.276056,31,0,risky first
2038,2023,238.1931989,31,0,risky first
1996,2203,184.8350616,31,0,risky first
2176,2383,254.5584412,31,0,risky first
2356,2563,254.5584412,31,0,risky first
2536,2743,254.5584412,31,0,risky first
2716,2923,254.5584412,31,0,risky first
2896,3103,254.5584412,31,0,risky first
3076,3283,254.5584412,31,0,risky first
3256,3298,180.6239187,31,0,risky first
3280,3118,181.5929514,31,0,risky first
3217,2938,190.7065809,31,0,risky first
3217,2758,180,31,0,risky first
3154,2578,190.7065809,31,0,risky first
3025,2398,221.4520264,31,0,risky first
3136,2218,211.4734026,31,0,risky first
3136,2038,180,31,0,risky first
3136,1858,180,31,0,risky first
3097,1678,184.1765457,31,0,risky first
2977,1498,216.3330765,31,0,risky first
2941,1318,183.5647025,31,0,risky first
3103,1138,242.1652328,31,0,risky first
3151,958,186.2900964,31,0,risky first
3211,778,189.7366596,31,0,risky first
3031,742,183.5647025,31,0,risky first
2851,802,189.7366596,31,0,risky first
2671,796,180.0999722,31,0,risky first
2491,694,206.8912758,31,0,risky first
2311,874,254.5584412,31,0,risky first
2131,832,184.8350616,31,0,risky first
2089,787,61.55485359,31,0,risky first
2038,958,178.4432683,31,0,risky first
1945,994,99.72462083,31,0,risky first
2008,1150,168.2408987,31,0,risky first
2050,1084,78.23042886,31,0,risky first
1924,1012,145.1206395,31,0,risky first
2038,880,174.4133022,31,0,risky first
2161,838,129.9730741,31,0,risky first
2233,1018,193.8659331,31,0,risky first
2218,2005,73.24,31,1,risky first
2398,2005,180,31,1,risky first
2578,1894,211.4734026,31,1,risky first
2758,1714,254.5584412,31,1,risky first
2938,1534,254.5584412,31,1,risky first
2914,1354,181.5929514,31,1,risky first
2734,1174,254.5584412,31,1,risky first
2878,994,230.5124725,31,1,risky first
3058,958,183.5647025,31,1,risky first
3082,931,36.12478374,31,1,risky first
3163,826,132.6122166,31,1,risky first
3064,769,114.2365966,31,1,risky first
2884,769,180,31,1,risky first
2704,769,180,31,1,risky first
2524,769,180,31,1,risky first
2344,919,234.3074903,31,1,risky first
2164,1099,254.5584412,31,1,risky first
2101,1279,190.7065809,31,1,risky first
2236,1459,225,31,1,risky first
2179,1639,188.8094277,31,1,risky first
2164,1819,180.6239187,31,1,risky first
2095,1999,192.7718859,31,1,risky first
2050,1915,95.29428105,31,1,risky first
1912,1753,212.8097742,31,1,risky first
1984,1867,134.8332303,31,1,risky first
1951,2041,177.1016657,31,1,risky first
1816,1954,160.6051058,31,1,risky first
1636,1879,195,31,1,risky first
1594,1807,83.35466394,31,1,risky first
1594,1627,180,31,1,risky first
1693,1447,205.4288198,31,1,risky first
1873,1267,254.5584412,31,1,risky first
2053,1192,195,31,1,risky first
2233,1159,183,31,1,risky first
2314,1120,89.89994438,31,1,risky first
2314,1120,0,31,1,risky first
2314,1120,0,31,1,risky first
2314,1120,0,31,1,risky first
2362,1081,61.84658438,31,1,risky first
2431,1216,151.6113452,31,1,risky first
2428,1396,180.0249983,31,1,risky first
2248,1576,254.5584412,31,1,risky first
2185,1756,190.7065809,31,1,risky first
2125,1936,189.7366596,31,1,risky first
2044,2107,189.2141644,31,1,risky first
1954,2056,103.4456379,31,1,risky first
1954,1942,114,31,1,risky first
1777,1762,252.4460338,31,1,risky first
1858,1633,152.3220273,31,1,risky first
1969,1648,112.0089282,31,1,risky first
2023,1468,187.9255172,31,1,risky first
1921,1522,115.4123044,31,1,risky first
1981,1651,142.2708684,31,1,risky first
1924,1510,152.0855023,31,1,risky first
1882,1330,184.8350616,31,1,risky first
1798,1444,141.6050847,31,1,risky first
1900,1624,206.8912758,31,1,risky first
1963,1642,65.520989,31,1,risky first
1834,1816,216.6033241,31,1,risky first
1831,1996,180.0249983,31,1,risky first
2011,2053,188.8094277,31,1,risky first
2191,2062,180.2248596,31,1,risky first
2269,2242,196.1733927,31,1,risky first
2449,2179,190.7065809,31,1,risky first
2629,1999,254.5584412,31,1,risky first
2809,1819,254.5584412,31,1,risky first
2989,1639,254.5584412,31,1,risky first
3169,1681,184.8350616,31,1,risky first
3205,1861,183.5647025,31,1,risky first
3025,2041,254.5584412,31,1,risky first
2845,2221,254.5584412,31,1,risky first
2905,2401,189.7366596,31,1,risky first
2977,2581,193.8659331,31,1,risky first
2827,2761,234.3074903,31,1,risky first
2902,2941,195,31,1,risky first
2953,3121,187.0855419,31,1,risky first
3067,3301,213.0633709,31,1,risky first
2887,3172,221.4520264,31,1,risky first
2707,3058,213.0633709,31,1,risky first
2527,3025,183,31,1,risky first
2347,2845,254.5584412,31,1,risky first
2167,2665,254.5584412,31,1,risky first
1987,2485,254.5584412,31,1,risky first
1807,2641,238.1931989,31,1,risky first
1627,2821,254.5584412,31,1,risky first
1447,3001,254.5584412,31,1,risky first
1267,3181,254.5584412,31,1,risky first
1120,3292,184.2009772,31,1,risky first
1069,3112,187.0855419,31,1,risky first
889,2932,254.5584412,31,1,risky first
757,2752,223.2129029,31,1,risky first
757,2572,180,31,1,risky first
823,2392,191.7185437,31,1,risky first
793,2212,182.4828759,31,1,risky first
964,2143,184.3963123,31,1,risky first
1144,2143,180,31,1,risky first
1324,2014,221.4520264,31,1,risky first
1504,1834,254.5584412,31,1,risky first
1684,1654,254.5584412,31,1,risky first
1864,1567,199.922485,31,1,risky first
2044,1633,191.7185437,31,1,risky first
2197,1498,204.0441129,31,1,risky first
2071,1363,184.6645608,31,1,risky first
1894,1264,202.8053254,31,1,risky first
1906,1084,180.3995565,31,1,risky first
1726,1192,209.9142682,31,1,risky first
1699,1372,182.0137357,31,1,risky first
1825,1552,219.7180011,31,1,risky first
1942,1666,163.3554407,31,1,risky first
1978,1642,43.26661531,31,1,risky first
1951,1627,30.88689042,31,1,risky first
1963,1687,61.18823416,31,1,risky first
2119,1867,238.1931989,31,1,risky first
1948,1915,177.6091214,31,1,risky first
1948,1735,180,31,1,risky first
1978,1597,141.2232276,31,1,risky first
1879,1417,205.4288198,31,1,risky first
2035,1408,156.2593997,31,1,risky first
2215,1354,187.9255172,31,1,risky first
2305,1189,187.9494613,31,1,risky first
2257,1009,186.2900964,31,1,risky first
2263,1009,6,31,1,risky first
2125,1102,166.412139,31,1,risky first
1945,1012,201.246118,31,1,risky first
1972,832,182.0137357,31,1,risky first
2152,655,252.4460338,31,1,risky first
2332,655,180,31,1,risky first
2512,715,189.7366596,31,1,risky first
2593,895,197.3854098,31,1,risky first
2413,1045,234.3074903,31,1,risky first
2329,1075,89.19641248,31,1,risky first
2164,1078,165.0272705,31,1,risky first
2014,1078,150,31,1,risky first
1978,1039,53.07541804,31,1,risky first
1918,1204,175.5704987,31,1,risky first
2023,1384,208.3866598,31,1,risky first
2044,1564,181.2208597,31,1,risky first
2080,1744,183.5647025,31,1,risky first
2008,1924,193.8659331,31,1,risky first
2044,2008,91.38927727,31,1,risky first
1984,1828,189.7366596,31,1,risky first
1978,1651,177.1016657,31,1,risky first
1975,1576,75.05997602,31,1,risky first
1903,1396,193.8659331,31,1,risky first
1903,1216,180,31,1,risky first
1861,1036,184.8350616,31,1,risky first
1852,856,180.2248596,31,1,risky first
1675,856,177,31,1,risky first
1495,1036,254.5584412,31,1,risky first
1492,1216,180.0249983,31,1,risky first
1438,1396,187.9255172,31,1,risky first
1258,1468,193.8659331,31,1,risky first
1165,1570,138.0326048,31,1,risky first
1285,1750,216.3330765,31,1,risky first
1465,1927,252.4460338,31,1,risky first
1645,1888,184.1765457,31,1,risky first
1825,1888,180,31,1,risky first
2005,1957,192.7718859,31,1,risky first
1939,2038,104.4844486,31,1,risky first
1759,1969,192.7718859,31,1,risky first
1579,1831,226.8126981,31,1,risky first
1399,1780,187.0855419,31,1,risky first
1219,1600,254.5584412,31,1,risky first
1126,1456,171.4205355,31,1,risky first
946,1636,254.5584412,31,1,risky first
1039,1816,202.6055281,31,1,risky first
1219,1996,254.5584412,31,1,risky first
1399,2017,181.2208597,31,1,risky first
1579,2017,180,31,1,risky first
1759,2017,180,31,1,risky first
1939,2017,180,31,1,risky first
2050,2017,111,31,1,risky first
1978,2047,78,31,1,risky first
1978,2047,0,31,1,risky first
1978,1999,48,31,1,risky first
1978,1951,48,31,1,risky first
1927,1990,64.20280368,31,1,risky first
1747,1981,180.2248596,31,1,risky first
1567,1870,211.4734026,31,1,risky first
1585,1870,18,31,1,risky first
1561,1903,40.80441153,31,1,risky first
1381,1912,180.2248596,31,1,risky first
1201,1903,180.2248596,31,1,risky first
1021,1723,254.5584412,31,1,risky first
1093,1543,193.8659331,31,1,risky first
1273,1363,254.5584412,31,1,risky first
1453,1363,180,31,1,risky first
1633,1375,180.3995565,31,1,risky first
1813,1381,180.0999722,31,1,risky first
1993,1363,180.8977612,31,1,risky first
2053,1363,60,31,1,risky first
2233,1462,205.4288198,31,1,risky first
2191,1450,43.68065934,31,1,risky first
2290,1270,205.4288198,31,1,risky first
2290,1090,180,31,1,risky first
2179,940,186.6038585,31,1,risky first
2011,991,175.5704987,31,1,risky first
2044,1114,127.3499117,31,1,risky first
2044,1057,57,31,1,risky first
2089,943,122.5601893,31,1,risky first
2269,994,187.0855419,31,1,risky first
2335,1174,191.7185437,31,1,risky first
2335,1354,180,31,1,risky first
2335,1534,180,31,1,risky first
2335,1714,180,31,1,risky first
2311,1894,181.5929514,31,1,risky first
2131,2074,254.5584412,31,1,risky first
2185,1927,156.6045976,31,1,risky first
2185,1747,180,31,1,risky first
2236,1567,187.0855419,31,1,risky first
2257,1387,181.2208597,31,1,risky first
2257,1207,180,31,1,risky first
2257,1027,180,31,1,risky first
2257,847,180,31,1,risky first
2149,859,108.6646217,31,1,risky first
2068,991,154.870914,31,1,risky first
2014,1006,56.04462508,31,1,risky first
2158,1135,193.3313218,31,1,risky first
2179,1114,29.69848481,31,1,risky first
2038,1108,141.1276018,31,1,risky first
2053,988,120.9338662,31,1,risky first
2131,958,83.57032966,31,1,risky first
2179,844,123.6931688,31,1,risky first
2242,850,63.28506933,31,1,risky first
2272,1030,182.4828759,31,1,risky first
2305,1210,183,31,1,risky first
2281,1390,181.5929514,31,1,risky first
2278,1570,180.0249983,31,1,risky first
2239,1750,184.1765457,31,1,risky first
2194,1930,185.5397532,31,1,risky first
2014,2032,206.8912758,31,1,risky first
1834,1876,238.1931989,31,1,risky first
1654,1696,254.5584412,31,1,risky first
1474,1516,254.5584412,31,1,risky first
1294,1474,184.8350616,31,1,risky first
1234,1552,98.4073168,31,1,risky first
1414,1732,254.5584412,31,1,risky first
1594,1867,225,31,1,risky first
1774,1918,187.0855419,31,1,risky first
1954,1990,193.8659331,31,1,risky first
1957,2056,66.06814664,31,1,risky first
1777,1876,254.5584412,31,1,risky first
1597,1696,254.5584412,31,1,risky first
1417,1546,234.3074903,31,1,risky first
1237,1510,183.5647025,31,1,risky first
1312,1510,75,31,1,risky first
1492,1690,254.5584412,31,1,risky first
1672,1870,254.5584412,31,1,risky first
1852,1930,189.7366596,31,1,risky first
2032,1987,188.8094277,31,1,risky first
1918,1939,123.6931688,31,1,risky first
1738,1759,254.5584412,31,1,risky first
1558,1579,254.5584412,31,1,risky first
1378,1459,216.3330765,31,1,risky first
1198,1468,180.2248596,31,1,risky first
1351,1648,236.2392855,31,1,risky first
1531,1828,254.5584412,31,1,risky first
1711,2008,254.5584412,31,1,risky first
1891,2059,187.0855419,31,1,risky first
2071,2059,180,31,1,risky first
1912,2104,165.2452722,31,1,risky first
1732,1924,254.5584412,31,1,risky first
1552,1744,254.5584412,31,1,risky first
1372,1564,254.5584412,31,1,risky first
1192,1411,236.2392855,31,1,risky first
1345,1588,233.9615353,31,1,risky first
1525,1768,254.5584412,31,1,risky first
1705,1885,214.683488,31,1,risky first
1885,1912,182.0137357,31,1,risky first
2029,2092,230.5124725,31,1,risky first
1849,1987,208.3866598,31,1,risky first
1669,1807,254.5584412,31,1,risky first
1489,1627,254.5584412,31,1,risky first
1309,1564,190.7065809,31,1,risky first
1162,1462,178.9217706,31,1,risky first
1201,1282,184.1765457,31,1,risky first
1381,1123,240.1686907,31,1,risky first
1561,1207,198.6353443,31,1,risky first
1741,1387,254.5584412,31,1,risky first
1735,1567,180.0999722,31,1,risky first
1915,1747,254.5584412,31,1,risky first
1933,1927,180.8977612,31,1,risky first
2005,2071,160.9968944,31,1,risky first
1876,2161,157.2927207,31,1,risky first
1720,1990,231.4670603,31,1,risky first
1540,1810,254.5584412,31,1,risky first
1360,1630,254.5584412,31,1,risky first
1195,1450,244.1823089,31,1,risky first
1375,1624,250.3517525,31,1,risky first
1555,1804,254.5584412,31,1,risky first
1735,1978,250.3517525,31,1,risky first
1915,1978,180,31,1,risky first
2095,2032,187.9255172,31,1,risky first
1930,1972,175.5704987,31,1,risky first
2176,2209,144,32,0,safe first
2176,2389,180,32,0,safe first
2176,2569,180,32,0,safe first
2176,2605,36,32,0,safe first
2176,2425,180,32,0,safe first
2209,2245,183,32,0,safe first
2209,2065,180,32,0,safe first
2209,1885,180,32,0,safe first
2209,1705,180,32,0,safe first
2209,1525,180,32,0,safe first
2152,1345,188.8094277,32,0,safe first
2044,1195,184.8350616,32,0,safe first
2071,1369,176.0823671,32,0,safe first
2071,1549,180,32,0,safe first
2071,1729,180,32,0,safe first
2071,1909,180,32,0,safe first
2071,1960,51,32,0,safe first
2071,1780,180,32,0,safe first
2071,1600,180,32,0,safe first
2074,1447,153.0294089,32,0,safe first
2137,1318,143.5618334,32,0,safe first
2068,1138,192.7718859,32,0,safe first
2047,1168,36.61966685,32,0,safe first
2122,1303,154.4344521,32,0,safe first
2122,1483,180,32,0,safe first
2122,1663,180,32,0,safe first
2122,1843,180,32,0,safe first
2098,2023,181.5929514,32,0,safe first
2098,1972,51,32,0,safe first
2098,1792,180,32,0,safe first
2098,1612,180,32,0,safe first
2098,1432,180,32,0,safe first
2173,1303,149.2179614,32,0,safe first
2173,1123,180,32,0,safe first
2077,1045,123.6931688,32,0,safe first
2014,1144,117.3456433,32,0,safe first
2119,1036,150.6286825,32,0,safe first
2158,1216,184.1765457,32,0,safe first
2158,1396,180,32,0,safe first
2158,1576,180,32,0,safe first
2158,1756,180,32,0,safe first
2158,1936,180,32,0,safe first
2065,2071,163.9329131,32,0,safe first
2074,1891,180.2248596,32,0,safe first
2218,1711,230.5124725,32,0,safe first
2218,1531,180,32,0,safe first
2218,1351,180,32,0,safe first
2194,1171,181.5929514,32,0,safe first
2149,991,185.5397532,32,0,safe first
2032,976,117.9576195,32,0,safe first
1933,1072,137.9021392,32,0,safe first
1969,1117,57.62811814,32,0,safe first
1825,1030,168.2408987,32,0,safe first
1804,1159,130.6981255,32,0,safe first
1804,1339,180,32,0,safe first
1963,1519,240.1686907,32,0,safe first
1993,1699,182.4828759,32,0,safe first
2020,1879,182.0137357,32,0,safe first
2041,2026,148.492424,32,0,safe first
2041,1930,96,32,0,safe first
1933,1750,209.9142682,32,0,safe first
1891,1570,184.8350616,32,0,safe first
1828,1390,190.7065809,32,0,safe first
1804,1210,181.5929514,32,0,safe first
1804,1030,180,32,0,safe first
1804,850,180,32,0,safe first
1912,748,148.5530208,32,0,safe first
2041,835,155.5956298,32,0,safe first
1963,994,177.1016657,32,0,safe first
1903,1039,75,32,0,safe first
1993,1207,190.5885621,32,0,safe first
1927,1087,136.9525465,32,0,safe first
2026,976,148.7346631,32,0,safe first
2074,796,186.2900964,32,0,safe first
2155,862,104.4844486,32,0,safe first
2155,1042,180,32,0,safe first
2155,1222,180,32,0,safe first
2155,1402,180,32,0,safe first
2155,1582,180,32,0,safe first
2116,1762,184.1765457,32,0,safe first
2083,1942,183,32,0,safe first
2083,1897,45,32,0,safe first
2179,1717,204,32,0,safe first
2179,1537,180,32,0,safe first
2179,1357,180,32,0,safe first
2167,1177,180.3995565,32,0,safe first
2167,997,180,32,0,safe first
2167,817,180,32,0,safe first
2044,745,142.5236822,32,0,safe first
2044,925,180,32,0,safe first
2020,964,45.79301257,32,0,safe first
1924,973,96.42095208,32,0,safe first
1954,1153,182.4828759,32,0,safe first
1909,1120,55.80322571,32,0,safe first
1966,985,146.5400969,32,0,safe first
2035,832,167.8392088,32,0,safe first
2152,883,127.6322843,32,0,safe first
2152,1063,180,32,0,safe first
2152,1243,180,32,0,safe first
2152,1423,180,32,0,safe first
2152,1603,180,32,0,safe first
2152,1783,180,32,0,safe first
2104,1963,186.2900964,32,0,safe first
2104,2023,60,32,0,safe first
2104,1843,180,32,0,safe first
2176,1663,193.8659331,32,0,safe first
2176,1483,180,32,0,safe first
2176,1303,180,32,0,safe first
2176,1123,180,32,0,safe first
2176,943,180,32,0,safe first
2134,790,158.6600139,32,0,safe first
2050,895,134.465609,32,0,safe first
1927,985,152.4106296,32,0,safe first
1957,1165,182.4828759,32,0,safe first
1900,1072,109.0779538,32,0,safe first
1981,961,137.4117899,32,0,safe first
2044,808,165.4629868,32,0,safe first
2140,907,137.9021392,32,0,safe first
2140,1087,180,32,0,safe first
2140,1267,180,32,0,safe first
2140,1447,180,32,0,safe first
2083,1627,188.8094277,32,0,safe first
2083,1807,180,32,0,safe first
2083,1987,180,32,0,safe first
2083,1849,138,32,0,safe first
2083,1669,180,32,0,safe first
2206,1489,218.0114676,32,0,safe first
2317,1309,211.4734026,32,0,safe first
2317,1129,180,32,0,safe first
2242,949,195,32,0,safe first
2125,847,155.2191998,32,0,safe first
2041,811,91.38927727,32,0,safe first
1993,967,163.2176461,32,0,safe first
1927,1072,124.0201597,32,0,safe first
1921,1159,87.20665112,32,0,safe first
1939,979,180.8977612,32,0,safe first
2032,862,149.4590245,32,0,safe first
2158,787,146.6321929,32,0,safe first
2176,967,180.8977612,32,0,safe first
2176,1147,180,32,0,safe first
2176,1327,180,32,0,safe first
2176,1507,180,32,0,safe first
2128,1687,186.2900964,32,0,safe first
2128,1867,180,32,0,safe first
2110,1996,130.2497601,32,0,safe first
2110,1816,180,32,0,safe first
2188,1636,196.1733927,32,0,safe first
2188,1456,180,32,0,safe first
2170,1276,180.8977612,32,0,safe first
2170,1096,180,32,0,safe first
2170,916,180,32,0,safe first
2080,814,136.0294086,32,0,safe first
2026,952,148.1890684,32,0,safe first
1939,1054,134.0634178,32,0,safe first
2044,1084,109.2016483,32,0,safe first
1939,1180,142.2708684,32,0,safe first
1927,1003,177.4063133,32,0,safe first
2038,898,152.7939789,32,0,safe first
1999,739,163.7131638,32,0,safe first
1819,742,180.0249983,32,0,safe first
1639,922,254.5584412,32,0,safe first
1528,1102,211.4734026,32,0,safe first
1528,1282,180,32,0,safe first
1564,1462,183.5647025,32,0,safe first
1705,1642,228.6503881,32,0,safe first
1828,1822,218.0114676,32,0,safe first
1990,2002,242.1652328,32,0,safe first
2074,1948,99.85990186,32,0,safe first
2074,2059,111,32,0,safe first
2074,2239,180,32,0,safe first
2074,2419,180,32,0,safe first
2128,2575,165.0817979,32,0,safe first
2308,2533,184.8350616,32,0,safe first
2488,2353,254.5584412,32,0,safe first
2554,2173,191.7185437,32,0,safe first
2374,1993,254.5584412,32,0,safe first
2326,1813,186.2900964,32,0,safe first
2263,1633,190.7065809,32,0,safe first
2221,1453,184.8350616,32,0,safe first
2221,1273,180,32,0,safe first
2206,1093,180.6239187,32,0,safe first
2206,913,180,32,0,safe first
2101,733,208.3866598,32,0,safe first
2050,853,130.3878829,32,0,safe first
2020,994,144.1561653,32,0,safe first
1906,1015,115.9180745,32,0,safe first
1990,1189,193.2149063,32,0,safe first
1906,1120,108.7060256,32,0,safe first
1960,949,179.3237296,32,0,safe first
2047,862,123.0365799,32,0,safe first
2086,751,117.6520293,32,0,safe first
2161,895,162.3607095,32,0,safe first
2161,1075,180,32,0,safe first
2161,1255,180,32,0,safe first
2161,1435,180,32,0,safe first
2161,1615,180,32,0,safe first
2161,1795,180,32,0,safe first
2107,1975,187.9255172,32,0,safe first
2056,1864,122.1556384,32,0,safe first
2158,1684,206.8912758,32,0,safe first
2158,1504,180,32,0,safe first
2158,1324,180,32,0,safe first
2158,1144,180,32,0,safe first
2158,964,180,32,0,safe first
2104,784,187.9255172,32,0,safe first
2056,877,104.6565813,32,0,safe first
1957,973,137.9021392,32,0,safe first
1966,1135,162.2498074,32,0,safe first
1924,1081,68.41052551,32,0,safe first
2038,934,186.024192,32,0,safe first
2068,796,141.2232276,32,0,safe first
2236,640,229.2596781,32,0,safe first
2416,730,201.246118,32,0,safe first
2596,910,254.5584412,32,0,safe first
2776,1090,254.5584412,32,0,safe first
2956,1099,180.2248596,32,0,safe first
3136,1042,188.8094277,32,0,safe first
3316,892,234.3074903,32,0,safe first
3328,1072,180.3995565,32,0,safe first
3229,1252,205.4288198,32,0,safe first
3049,1408,238.1931989,32,0,safe first
2869,1408,180,32,0,safe first
2689,1408,180,32,0,safe first
2509,1408,180,32,0,safe first
2329,1408,180,32,0,safe first
2149,1519,211.4734026,32,0,safe first
2149,1666,147,32,0,safe first
2149,1846,180,32,0,safe first
2104,2014,173.9223965,32,0,safe first
2284,1930,198.6353443,32,0,safe first
2464,1762,246.2194143,32,0,safe first
2644,1762,180,32,0,safe first
2779,1672,162.2498074,32,0,safe first
2854,1492,195,32,0,safe first
2758,1495,96.04686356,32,0,safe first
2578,1675,254.5584412,32,0,safe first
2398,1855,254.5584412,32,0,safe first
2218,1942,199.922485,32,0,safe first
2182,2044,108.1665383,32,0,safe first
2362,1882,242.1652328,32,0,safe first
2542,1702,254.5584412,32,0,safe first
2722,1621,197.3854098,32,0,safe first
2902,1441,254.5584412,32,0,safe first
2749,1567,198.2044399,32,0,safe first
2569,1747,254.5584412,32,0,safe first
2389,1831,198.6353443,32,0,safe first
2209,2011,254.5584412,32,0,safe first
2230,2092,83.67795409,32,0,safe first
2371,1972,185.1512895,32,0,safe first
2551,1792,254.5584412,32,0,safe first
2731,1612,254.5584412,32,0,safe first
2911,1432,254.5584412,32,0,safe first
2746,1567,213.1900561,32,0,safe first
2566,1747,254.5584412,32,0,safe first
2386,1927,254.5584412,32,0,safe first
2206,2020,202.6055281,32,0,safe first
2125,2047,85.38149682,32,0,safe first
2305,1909,226.8126981,32,0,safe first
2485,1735,250.3517525,32,0,safe first
2665,1645,201.246118,32,0,safe first
2845,1516,221.4520264,32,0,safe first
2800,1540,51,32,0,safe first
2620,1720,254.5584412,32,0,safe first
2440,1900,254.5584412,32,0,safe first
2260,2068,246.2194143,32,0,safe first
2131,2068,129,32,0,safe first
2311,1894,250.3517525,32,0,safe first
2491,1714,254.5584412,32,0,safe first
2671,1618,204,32,0,safe first
2851,1465,236.2392855,32,0,safe first
2842,1534,69.58448103,32,0,safe first
2662,1714,254.5584412,32,0,safe first
2482,1894,254.5584412,32,0,safe first
2302,2008,213.0633709,32,0,safe first
2122,2059,187.0855419,32,0,safe first
2227,1966,140.2640367,32,0,safe first
2407,1786,254.5584412,32,0,safe first
2587,1696,201.246118,32,0,safe first
2767,1516,254.5584412,32,0,safe first
2947,1471,185.5397532,32,0,safe first
2782,1618,220.9841623,32,0,safe first
2602,1798,254.5584412,32,0,safe first
2422,1978,254.5584412,32,0,safe first
2242,2062,198.6353443,32,0,safe first
2164,2059,78.05767099,32,0,safe first
2344,1882,252.4460338,32,0,safe first
2524,1777,208.3866598,32,0,safe first
2704,1597,254.5584412,32,0,safe first
2884,1486,211.4734026,32,0,safe first
2749,1606,180.6239187,32,0,safe first
2569,1786,254.5584412,32,0,safe first
2389,1966,254.5584412,32,0,safe first
2209,2053,199.922485,32,0,safe first
2077,2089,136.821051,32,0,safe first
2257,2068,181.2208597,32,0,safe first
2437,1888,254.5584412,32,0,safe first
2617,1708,254.5584412,32,0,safe first
2797,1528,254.5584412,32,0,safe first
2833,1498,46.86149806,32,0,safe first
2455,2065,180,32,1,safe first
2635,2065,180,32,1,safe first
2716,1972,123.3288287,32,1,safe first
2716,1792,180,32,1,safe first
2716,1612,180,32,1,safe first
2716,1432,180,32,1,safe first
2689,1267,167.1944975,32,1,safe first
2509,1267,180,32,1,safe first
2329,1267,180,32,1,safe first
2179,1213,159.4239631,32,1,safe first
2029,1240,152.4106296,32,1,safe first
2029,1420,180,32,1,safe first
2029,1600,180,32,1,safe first
2029,1780,180,32,1,safe first
2029,1960,180,32,1,safe first
2137,2080,161.4434886,32,1,safe first
2137,2260,180,32,1,safe first
2137,2440,180,32,1,safe first
2137,2620,180,32,1,safe first
2092,2761,148.0067566,32,1,safe first
2071,2794,39.11521443,32,1,safe first
2071,2758,36,32,1,safe first
2071,2578,180,32,1,safe first
2071,2398,180,32,1,safe first
2071,2218,180,32,1,safe first
2071,2038,180,32,1,safe first
2071,1858,180,32,1,safe first
2071,1678,180,32,1,safe first
2086,1498,180.6239187,32,1,safe first
2221,1408,162.2498074,32,1,safe first
2212,1231,177.2286659,32,1,safe first
2179,1156,81.9390017,32,1,safe first
2083,1156,96,32,1,safe first
2158,1156,75,32,1,safe first
2275,1240,144.0312466,32,1,safe first
2275,1420,180,32,1,safe first
2275,1600,180,32,1,safe first
2275,1780,180,32,1,safe first
2275,1960,180,32,1,safe first
2164,2035,133.9626814,32,1,safe first
2083,1984,95.7183368,32,1,safe first
2083,1804,180,32,1,safe first
2083,1624,180,32,1,safe first
2050,1468,159.4521872,32,1,safe first
1900,1423,156.6045976,32,1,safe first
1900,1243,180,32,1,safe first
1900,1063,180,32,1,safe first
2053,1024,157.8923684,32,1,safe first
2233,1024,180,32,1,safe first
2413,1024,180,32,1,safe first
2593,1024,180,32,1,safe first
2662,1150,143.6558387,32,1,safe first
2662,1330,180,32,1,safe first
2662,1510,180,32,1,safe first
2611,1651,149.939988,32,1,safe first
2455,1609,161.5549442,32,1,safe first
2455,1429,180,32,1,safe first
2281,1405,175.647374,32,1,safe first
2101,1405,180,32,1,safe first
2014,1300,136.3598181,32,1,safe first
1975,1300,39,32,1,safe first
1936,1147,157.8923684,32,1,safe first
2038,1051,140.0714104,32,1,safe first
1987,934,127.6322843,32,1,safe first
1807,943,180.2248596,32,1,safe first
1798,1114,171.2366783,32,1,safe first
1798,1267,153,32,1,safe first
1906,1354,138.683092,32,1,safe first
2086,1354,180,32,1,safe first
2263,1336,177.9129,32,1,safe first
2263,1156,180,32,1,safe first
2191,1042,134.8332303,32,1,safe first
2128,1162,135.532284,32,1,safe first
2104,1039,125.3195914,32,1,safe first
1927,1051,177.4063133,32,1,safe first
1927,1231,180,32,1,safe first
1927,1411,180,32,1,safe first
1927,1591,180,32,1,safe first
1927,1771,180,32,1,safe first
1978,1915,152.7645247,32,1,safe first
2047,2056,156.9777054,32,1,safe first
2146,1966,133.7946187,32,1,safe first
2146,1786,180,32,1,safe first
2146,1606,180,32,1,safe first
2245,1513,135.8307771,32,1,safe first
2425,1513,180,32,1,safe first
2605,1504,180.2248596,32,1,safe first
2614,1324,180.2248596,32,1,safe first
2614,1144,180,32,1,safe first
2503,1057,141.0319113,32,1,safe first
2323,1057,180,32,1,safe first
2212,1057,111,32,1,safe first
2167,955,111.4854251,32,1,safe first
1990,988,180.0499931,32,1,safe first
2056,1084,116.498927,32,1,safe first
2119,1126,75.71657678,32,1,safe first
1993,1021,164.0152432,32,1,safe first
1888,1120,144.3121616,32,1,safe first
1888,1300,180,32,1,safe first
1888,1480,180,32,1,safe first
2032,1660,230.5124725,32,1,safe first
1903,1840,221.4520264,32,1,safe first
1999,1942,140.0714104,32,1,safe first
2062,2095,165.4629868,32,1,safe first
1885,2113,177.9129,32,1,safe first
1705,2113,180,32,1,safe first
1657,2065,67.88225099,32,1,safe first
1837,2065,180,32,1,safe first
2017,2065,180,32,1,safe first
2197,2065,180,32,1,safe first
2299,2065,102,32,1,safe first
2458,2065,159,32,1,safe first
2638,2065,180,32,1,safe first
2818,2065,180,32,1,safe first
2998,2065,180,32,1,safe first
3178,2065,180,32,1,safe first
3322,2026,149.1878011,32,1,safe first
3322,1846,180,32,1,safe first
3322,1666,180,32,1,safe first
3322,1486,180,32,1,safe first
3322,1306,180,32,1,safe first
3322,1126,180,32,1,safe first
3322,946,180,32,1,safe first
3220,862,132.1362933,32,1,safe first
3040,862,180,32,1,safe first
2938,967,146.3864748,32,1,safe first
2758,1111,230.5124725,32,1,safe first
2578,1291,254.5584412,32,1,safe first
2398,1294,180.0249983,32,1,safe first
2383,1114,180.6239187,32,1,safe first
2383,934,180,32,1,safe first
2368,757,177.6344561,32,1,safe first
2188,757,180,32,1,safe first
2146,916,164.4536409,32,1,safe first
2113,967,60.74537019,32,1,safe first
2038,1090,144.0624864,32,1,safe first
2134,1207,151.3439791,32,1,safe first
2134,1207,0,32,1,safe first
2134,1207,0,32,1,safe first
2134,1174,33,32,1,safe first
2179,1087,97.9489663,32,1,safe first
2026,1066,154.4344521,32,1,safe first
2128,979,134.0634178,32,1,safe first
2152,799,181.5929514,32,1,safe first
2287,748,144.3121616,32,1,safe first
2287,928,180,32,1,safe first
2287,1108,180,32,1,safe first
2287,1288,180,32,1,safe first
2287,1468,180,32,1,safe first
2287,1648,180,32,1,safe first
2287,1828,180,32,1,safe first
2287,2008,180,32,1,safe first
2131,2044,160.0999688,32,1,safe first
2131,1972,72,32,1,safe first
2131,1792,180,32,1,safe first
2131,1612,180,32,1,safe first
2203,1495,137.3790377,32,1,safe first
2227,1324,172.6759972,32,1,safe first
2323,1195,160.8011194,32,1,safe first
2323,1015,180,32,1,safe first
2323,835,180,32,1,safe first
2200,739,156.0288435,32,1,safe first
2158,883,150,32,1,safe first
2077,994,137.4117899,32,1,safe first
2017,1072,98.4073168,32,1,safe first
2083,1159,109.2016483,32,1,safe first
2017,1027,147.5804865,32,1,safe first
2071,985,68.41052551,32,1,safe first
2146,859,146.6321929,32,1,safe first
2293,823,151.3439791,32,1,safe first
2473,1003,254.5584412,32,1,safe first
2623,1183,234.3074903,32,1,safe first
2596,1345,164.2345883,32,1,safe first
2416,1525,254.5584412,32,1,safe first
2236,1705,254.5584412,32,1,safe first
2083,1885,236.2392855,32,1,safe first
2095,2038,153.4698667,32,1,safe first
2224,2038,129,32,1,safe first
2326,1963,126.6056871,32,1,safe first
2326,1783,180,32,1,safe first
2326,1603,180,32,1,safe first
2326,1423,180,32,1,safe first
2326,1243,180,32,1,safe first
2359,1120,127.3499117,32,1,safe first
2371,1030,90.7964757,32,1,safe first
2371,850,180,32,1,safe first
2254,772,140.6164997,32,1,safe first
2170,874,132.1362933,32,1,safe first
2170,895,21,32,1,safe first
2266,799,135.764502,32,1,safe first
2371,979,208.3866598,32,1,safe first
2371,1078,99,32,1,safe first
2371,1099,21,32,1,safe first
2371,1099,0,32,1,safe first
2371,1099,0,32,1,safe first
2371,1099,0,32,1,safe first
2371,1087,12,32,1,safe first
2371,970,117,32,1,safe first
2302,880,113.406349,32,1,safe first
2242,826,80.72174428,32,1,safe first
2167,805,77.88452991,32,1,safe first
2125,967,167.3559082,32,1,safe first
2041,1087,146.4786674,32,1,safe first
2074,1186,104.3551628,32,1,safe first
2029,1039,153.7335357,32,1,safe first
2161,943,163.2176461,32,1,safe first
2203,778,170.2615635,32,1,safe first
2311,883,150.6286825,32,1,safe first
2311,1063,180,32,1,safe first
2311,1243,180,32,1,safe first
2251,1423,189.7366596,32,1,safe first
2119,1603,223.2129029,32,1,safe first
2119,1783,180,32,1,safe first
2095,1963,181.5929514,32,1,safe first
2095,1894,69,32,1,safe first
2134,1741,157.8923684,32,1,safe first
2314,1582,240.1686907,32,1,safe first
2392,1402,196.1733927,32,1,safe first
2392,1222,180,32,1,safe first
2380,1132,90.7964757,32,1,safe first
2356,1099,40.80441153,32,1,safe first
2356,1081,18,32,1,safe first
2356,1081,0,32,1,safe first
2356,1081,0,32,1,safe first
2356,1081,0,32,1,safe first
2356,1081,0,32,1,safe first
2302,985,110.1453585,32,1,safe first
2251,823,169.8381583,32,1,safe first
2167,772,98.27003612,32,1,safe first
2143,937,166.7363188,32,1,safe first
2035,1045,152.7350647,32,1,safe first
2107,1180,153,32,1,safe first
2017,1078,136.0294086,32,1,safe first
2131,973,154.9870962,32,1,safe first
2182,793,187.0855419,32,1,safe first
2266,895,132.1362933,32,1,safe first
2266,1075,180,32,1,safe first
2266,1255,180,32,1,safe first
2266,1435,180,32,1,safe first
2266,1615,180,32,1,safe first
2266,1795,180,32,1,safe first
2236,1975,182.4828759,32,1,safe first
2236,2026,51,32,1,safe first
2134,2026,102,32,1,safe first
2206,2068,83.35466394,32,1,safe first
2386,1912,238.1931989,32,1,safe first
2566,1732,254.5584412,32,1,safe first
2746,1552,254.5584412,32,1,safe first
2695,1465,100.8464179,32,1,safe first
2515,1285,254.5584412,32,1,safe first
2335,1105,254.5584412,32,1,safe first
2335,1048,57,32,1,safe first
2335,868,180,32,1,safe first
2233,709,188.9047379,32,1,safe first
2164,826,135.8307771,32,1,safe first
2083,955,152.3220273,32,1,safe first
2050,1117,165.3269488,32,1,safe first
2029,1165,52.39274759,32,1,safe first
2014,1015,150.7481343,32,1,safe first
2143,982,133.1540461,32,1,safe first
2143,940,42,32,1,safe first
2176,814,130.2497601,32,1,safe first
2278,907,138.0326048,32,1,safe first
2314,1087,183.5647025,32,1,safe first
2416,1267,206.8912758,32,1,safe first
2416,1447,180,32,1,safe first
2416,1627,180,32,1,safe first
2245,1807,248.276056,32,1,safe first
2143,1987,206.8912758,32,1,safe first
2143,1990,3,32,1,safe first
2143,1810,180,32,1,safe first
2143,1630,180,32,1,safe first
2167,1450,181.5929514,32,1,safe first
2257,1300,174.9285568,32,1,safe first
2332,1120,195,32,1,safe first
2332,940,180,32,1,safe first
2290,760,184.8350616,32,1,safe first
2167,817,135.5654823,32,1,safe first
2095,955,155.6534613,32,1,safe first
2014,1045,121.0826164,32,1,safe first
2053,1129,92.61209424,32,1,safe first
2035,1051,80.04998438,32,1,safe first
2149,946,154.9870962,32,1,safe first
2212,766,190.7065809,32,1,safe first
2332,757,120.3370267,32,1,safe first
2317,2146,162.6,33,0,risky first
2437,2272,174,33,0,risky first
2617,2452,254.5584412,33,0,risky first
2485,2506,142.6183719,33,0,risky first
2305,2506,180,33,0,risky first
2125,2506,180,33,0,risky first
1945,2506,180,33,0,risky first
1765,2362,230.5124725,33,0,risky first
1621,2182,230.5124725,33,0,risky first
1621,2002,180,33,0,risky first
1597,1822,181.5929514,33,0,risky first
1678,1642,197.3854098,33,0,risky first
1795,1462,214.683488,33,0,risky first
1975,1282,254.5584412,33,0,risky first
2011,1291,37.10795063,33,0,risky first
2191,1471,254.5584412,33,0,risky first
2230,1651,184.1765457,33,0,risky first
2266,1831,183.5647025,33,0,risky first
2086,2011,254.5584412,33,0,risky first
2050,1873,142.6183719,33,0,risky first
2023,1693,182.0137357,33,0,risky first
2023,1513,180,33,0,risky first
2101,1333,196.1733927,33,0,risky first
2032,1153,192.7718859,33,0,risky first
2146,1255,152.9705854,33,0,risky first
2158,1435,180.3995565,33,0,risky first
2179,1615,181.2208597,33,0,risky first
2179,1795,180,33,0,risky first
2134,1975,185.5397532,33,0,risky first
2032,1915,118.3384975,33,0,risky first
2032,1735,180,33,0,risky first
1963,1555,192.7718859,33,0,risky first
1912,1375,187.0855419,33,0,risky first
1903,1300,75.53806987,33,0,risky first
1795,1282,109.4897255,33,0,risky first
1828,1102,183,33,0,risky first
1960,1051,141.509717,33,0,risky first
2002,1069,45.69463864,33,0,risky first
2182,1057,180.3995565,33,0,risky first
2212,1237,182.4828759,33,0,risky first
2212,1417,180,33,0,risky first
2221,1597,180.2248596,33,0,risky first
2233,1777,180.3995565,33,0,risky first
2113,1957,216.3330765,33,0,risky first
2233,2056,155.5667059,33,0,risky first
2413,2056,180,33,0,risky first
2593,2056,180,33,0,risky first
2773,2056,180,33,0,risky first
2953,2056,180,33,0,risky first
3133,2056,180,33,0,risky first
3298,2050,165.1090549,33,0,risky first
3298,1870,180,33,0,risky first
3298,1690,180,33,0,risky first
3199,1597,135.8307771,33,0,risky first
3019,1450,232.3983649,33,0,risky first
2839,1558,209.9142682,33,0,risky first
2659,1738,254.5584412,33,0,risky first
2479,1840,206.8912758,33,0,risky first
2299,1990,234.3074903,33,0,risky first
2119,2044,187.9255172,33,0,risky first
2281,1903,214.7673159,33,0,risky first
2461,1783,216.3330765,33,0,risky first
2641,1735,186.2900964,33,0,risky first
2821,1591,230.5124725,33,0,risky first
2884,1489,119.8874472,33,0,risky first
2704,1669,254.5584412,33,0,risky first
2524,1771,206.8912758,33,0,risky first
2344,1951,254.5584412,33,0,risky first
2164,2035,198.6353443,33,0,risky first
2230,1948,109.2016483,33,0,risky first
2410,1855,202.6055281,33,0,risky first
2590,1747,209.9142682,33,0,risky first
2770,1621,219.7180011,33,0,risky first
2920,1459,220.7804339,33,0,risky first
2740,1633,250.3517525,33,0,risky first
2560,1813,254.5584412,33,0,risky first
2380,1846,183,33,0,risky first
2200,1978,223.2129029,33,0,risky first
2188,1918,61.18823416,33,0,risky first
2368,1834,198.6353443,33,0,risky first
2548,1741,202.6055281,33,0,risky first
2728,1654,199.922485,33,0,risky first
2908,1474,254.5584412,33,0,risky first
2797,1603,170.1822552,33,0,risky first
2617,1783,254.5584412,33,0,risky first
2437,1951,246.2194143,33,0,risky first
2257,2011,189.7366596,33,0,risky first
2137,2011,120,33,0,risky first
2317,1912,205.4288198,33,0,risky first
2497,1735,252.4460338,33,0,risky first
2677,1642,202.6055281,33,0,risky first
2827,1480,220.7804339,33,0,risky first
2860,1573,98.68130522,33,0,risky first
2680,1750,252.4460338,33,0,risky first
2500,1798,186.2900964,33,0,risky first
2320,1918,216.3330765,33,0,risky first
2140,2029,211.4734026,33,0,risky first
2281,1930,172.2846482,33,0,risky first
2461,1873,188.8094277,33,0,risky first
2641,1693,254.5584412,33,0,risky first
2821,1576,214.683488,33,0,risky first
2839,1528,51.26402247,33,0,risky first
2659,1708,254.5584412,33,0,risky first
2479,1888,254.5584412,33,0,risky first
2299,2044,238.1931989,33,0,risky first
2134,2044,165,33,0,risky first
2305,1945,197.5904856,33,0,risky first
2485,1765,254.5584412,33,0,risky first
2665,1723,184.8350616,33,0,risky first
2845,1543,254.5584412,33,0,risky first
2830,1525,23.43074903,33,0,risky first
2662,1705,246.2194143,33,0,risky first
2482,1885,254.5584412,33,0,risky first
2302,2065,254.5584412,33,0,risky first
2131,2068,171.0263138,33,0,risky first
2302,1927,221.6348348,33,0,risky first
2482,1831,204,33,0,risky first
2662,1660,248.276056,33,0,risky first
2842,1540,216.3330765,33,0,risky first
2830,1480,61.18823416,33,0,risky first
2650,1660,254.5584412,33,0,risky first
2470,1840,254.5584412,33,0,risky first
2290,1987,232.3983649,33,0,risky first
2113,2053,188.9047379,33,0,risky first
2287,1924,216.6033241,33,0,risky first
2467,1855,192.7718859,33,0,risky first
2647,1684,248.276056,33,0,risky first
2827,1504,254.5584412,33,0,risky first
2791,1507,36.12478374,33,0,risky first
2611,1687,254.5584412,33,0,risky first
2431,1867,254.5584412,33,0,risky first
2251,1996,221.4520264,33,0,risky first
2164,2053,104.0096149,33,0,risky first
2344,1888,244.1823089,33,0,risky first
2524,1747,228.6503881,33,0,risky first
2704,1660,199.922485,33,0,risky first
2884,1525,225,33,0,risky first
2803,1570,92.66067127,33,0,risky first
2623,1750,254.5584412,33,0,risky first
2443,1930,254.5584412,33,0,risky first
2263,2029,205.4288198,33,0,risky first
2137,2029,126,33,0,risky first
2317,1891,226.8126981,33,0,risky first
2497,1792,205.4288198,33,0,risky first
2677,1678,213.0633709,33,0,risky first
2857,1540,226.8126981,33,0,risky first
2845,1519,24.18677324,33,0,risky first
2896,1435,98.27003612,33,0,risky first
2857,1279,160.8011194,33,0,risky first
2929,1099,193.8659331,33,0,risky first
3064,919,225,33,0,risky first
3166,739,206.8912758,33,0,risky first
2986,727,180.3995565,33,0,risky first
2806,778,187.0855419,33,0,risky first
2626,790,180.3995565,33,0,risky first
2446,790,180,33,0,risky first
2266,790,180,33,0,risky first
2086,862,193.8659331,33,0,risky first
1906,1009,232.3983649,33,0,risky first
1942,1096,94.15412896,33,0,risky first
1954,1096,12,33,0,risky first
1789,1117,166.3309953,33,0,risky first
1843,1258,150.9867544,33,0,risky first
1900,1420,171.7352614,33,0,risky first
2080,1600,254.5584412,33,0,risky first
2260,1780,254.5584412,33,0,risky first
2236,1960,181.5929514,33,0,risky first
2056,1975,180.6239187,33,0,risky first
1876,1795,254.5584412,33,0,risky first
1849,1615,182.0137357,33,0,risky first
1795,1435,187.9255172,33,0,risky first
1795,1255,180,33,0,risky first
1795,1075,180,33,0,risky first
1795,895,180,33,0,risky first
1894,715,205.4288198,33,0,risky first
2026,766,141.509717,33,0,risky first
2038,946,180.3995565,33,0,risky first
1933,1033,136.3598181,33,0,risky first
2017,1135,132.1362933,33,0,risky first
1915,1054,130.2497601,33,0,risky first
2044,949,166.3309953,33,0,risky first
2008,778,174.7483906,33,0,risky first
1843,733,171.0263138,33,0,risky first
1744,913,205.4288198,33,0,risky first
1780,1093,183.5647025,33,0,risky first
1780,1273,180,33,0,risky first
1822,1453,184.8350616,33,0,risky first
1996,1633,250.3517525,33,0,risky first
2074,1813,196.1733927,33,0,risky first
2074,1993,180,33,0,risky first
1906,1897,193.494186,33,0,risky first
1726,1888,180.2248596,33,0,risky first
1546,1765,218.0114676,33,0,risky first
1366,1585,254.5584412,33,0,risky first
1387,1405,181.2208597,33,0,risky first
1567,1225,254.5584412,33,0,risky first
1729,1057,233.3838041,33,0,risky first
1771,877,184.8350616,33,0,risky first
1915,727,207.9326814,33,0,risky first
2044,799,147.732867,33,0,risky first
1984,979,189.7366596,33,0,risky first
1942,1069,99.31767214,33,0,risky first
1984,1141,83.35466394,33,0,risky first
1942,1000,147.122398,33,0,risky first
2032,847,177.5077463,33,0,risky first
1918,688,195.6450868,33,0,risky first
1738,823,225,33,0,risky first
1756,1003,180.8977612,33,0,risky first
1789,1183,183,33,0,risky first
1825,1363,183.5647025,33,0,risky first
1930,1543,208.3866598,33,0,risky first
2023,1723,202.6055281,33,0,risky first
2062,1903,184.1765457,33,0,risky first
1990,1987,110.6345335,33,0,risky first
1951,1807,184.1765457,33,0,risky first
2131,1627,254.5584412,33,0,risky first
2185,1447,187.9255172,33,0,risky first
2185,1267,180,33,0,risky first
2158,1087,182.0137357,33,0,risky first
2158,1048,39,33,0,risky first
2146,868,180.3995565,33,0,risky first
2056,865,90.04998612,33,0,risky first
2002,946,97.34988444,33,0,risky first
1942,1033,105.6834897,33,0,risky first
1960,1156,124.3100961,33,0,risky first
1942,1012,145.1206395,33,0,risky first
2041,931,127.9140336,33,0,risky first
2068,814,120.0749766,33,0,risky first
2197,874,142.2708684,33,0,risky first
2179,1054,180.8977612,33,0,risky first
2173,1234,180.0999722,33,0,risky first
2104,1414,192.7718859,33,0,risky first
2062,1594,184.8350616,33,0,risky first
2062,1774,180,33,0,risky first
2062,1954,180,33,0,risky first
2161,1873,127.9140336,33,0,risky first
2161,1693,180,33,0,risky first
2182,1513,181.2208597,33,0,risky first
2182,1333,180,33,0,risky first
2182,1153,180,33,0,risky first
2164,973,180.8977612,33,0,risky first
2128,793,183.5647025,33,0,risky first
2029,874,127.9140336,33,0,risky first
1936,973,135.8307771,33,0,risky first
1963,1138,167.1944975,33,0,risky first
1915,1012,134.8332303,33,0,risky first
2026,916,146.7548977,33,0,risky first
2134,766,184.8350616,33,0,risky first
2158,946,181.5929514,33,0,risky first
2158,1126,180,33,0,risky first
2158,1306,180,33,0,risky first
2086,1486,193.8659331,33,0,risky first
2086,1666,180,33,0,risky first
2086,1846,180,33,0,risky first
2086,2017,171,33,0,risky first
2119,1843,177.1016657,33,0,risky first
2155,1663,183.5647025,33,0,risky first
2188,1483,183,33,0,risky first
2188,1303,180,33,0,risky first
2188,1123,180,33,0,risky first
2161,943,182.0137357,33,0,risky first
2095,778,177.7104386,33,0,risky first
2047,934,163.2176461,33,0,risky first
1939,1030,144.4991349,33,0,risky first
1987,1177,154.6382876,33,0,risky first
1930,1003,183.0983342,33,0,risky first
2068,907,168.1071087,33,0,risky first
2068,802,105,33,0,risky first
2143,880,108.2081328,33,0,risky first
2143,1060,180,33,0,risky first
2143,1240,180,33,0,risky first
2101,1420,184.8350616,33,0,risky first
2062,1600,184.1765457,33,0,risky first
2083,1780,181.2208597,33,0,risky first
2083,1960,180,33,0,risky first
2137,1879,97.34988444,33,0,risky first
2176,1699,184.1765457,33,0,risky first
2200,1519,181.5929514,33,0,risky first
2200,1339,180,33,0,risky first
2173,1159,182.0137357,33,0,risky first
2173,979,180,33,0,risky first
2116,799,188.8094277,33,0,risky first
2044,919,139.9428455,33,0,risky first
1927,1003,144.0312466,33,0,risky first
1978,1171,175.5704987,33,0,risky first
1924,997,182.1867174,33,0,risky first
2032,877,161.4434886,33,0,risky first
2167,814,148.9765082,33,0,risky first
2167,994,180,33,0,risky first
2167,1174,180,33,0,risky first
2167,1354,180,33,0,risky first
2167,1534,180,33,0,risky first
2116,1714,187.0855419,33,0,risky first
2083,1894,183,33,0,risky first
2074,2074,180.2248596,33,0,risky first
1894,2254,254.5584412,33,0,risky first
1738,2323,170.5784277,33,0,risky first
1738,2323,0,33,0,risky first
1738,2323,0,33,0,risky first
1900,2065,180,33,1,risky first
1720,2065,180,33,1,risky first
1549,2146,189.2141644,33,1,risky first
1369,2188,184.8350616,33,1,risky first
1189,2086,206.8912758,33,1,risky first
1009,1906,254.5584412,33,1,risky first
865,1783,189.3805692,33,1,risky first
874,1603,180.2248596,33,1,risky first
1048,1495,204.792578,33,1,risky first
1228,1501,180.0999722,33,1,risky first
1408,1681,254.5584412,33,1,risky first
1588,1774,202.6055281,33,1,risky first
1768,1954,254.5584412,33,1,risky first
1948,2044,201.246118,33,1,risky first
1981,1948,101.5135459,33,1,risky first
2008,1768,182.0137357,33,1,risky first
1939,1588,192.7718859,33,1,risky first
1759,1447,228.6503881,33,1,risky first
1597,1468,163.3554407,33,1,risky first
1777,1411,188.8094277,33,1,risky first
1957,1237,250.3517525,33,1,risky first
2110,1222,153.7335357,33,1,risky first
2014,1402,204,33,1,risky first
1984,1582,182.4828759,33,1,risky first
2020,1762,183.5647025,33,1,risky first
2044,1942,181.5929514,33,1,risky first
2176,1906,136.821051,33,1,risky first
2176,1726,180,33,1,risky first
2176,1546,180,33,1,risky first
2128,1366,186.2900964,33,1,risky first
2104,1210,157.8353573,33,1,risky first
2107,1390,180.0249983,33,1,risky first
2107,1570,180,33,1,risky first
2107,1750,180,33,1,risky first
2107,1792,42,33,1,risky first
2107,1732,60,33,1,risky first
2107,1552,180,33,1,risky first
2107,1372,180,33,1,risky first
2107,1219,153,33,1,risky first
2107,1399,180,33,1,risky first
2086,1579,181.2208597,33,1,risky first
2086,1759,180,33,1,risky first
2077,1939,180.2248596,33,1,risky first
2038,1873,76.66159404,33,1,risky first
2038,1693,180,33,1,risky first
2056,1513,180.8977612,33,1,risky first
2086,1333,182.4828759,33,1,risky first
2125,1252,89.89994438,33,1,risky first
2104,1270,27.65863337,33,1,risky first
2248,1108,216.7487024,33,1,risky first
2230,1108,18,33,1,risky first
2230,1108,0,33,1,risky first
2116,1141,118.6802427,33,1,risky first
1936,1321,254.5584412,33,1,risky first
1936,1501,180,33,1,risky first
1963,1633,134.7330694,33,1,risky first
2047,1723,123.1097072,33,1,risky first
2068,1903,181.2208597,33,1,risky first
2134,2017,131.7269904,33,1,risky first
2248,1906,159.1131673,33,1,risky first
2068,1726,254.5584412,33,1,risky first
2038,1546,182.4828759,33,1,risky first
1954,1459,120.9338662,33,1,risky first
1774,1459,180,33,1,risky first
1594,1459,180,33,1,risky first
1414,1516,188.8094277,33,1,risky first
1234,1609,202.6055281,33,1,risky first
1069,1648,169.5464538,33,1,risky first
946,1513,182.6307751,33,1,risky first
1078,1348,211.3030998,33,1,risky first
1219,1423,159.7059799,33,1,risky first
1330,1471,120.9338662,33,1,risky first
1510,1642,248.276056,33,1,risky first
1582,1822,193.8659331,33,1,risky first
1714,2002,223.2129029,33,1,risky first
1894,2053,187.0855419,33,1,risky first
2050,2086,159.4521872,33,1,risky first
2050,2266,180,33,1,risky first
2050,2446,180,33,1,risky first
2104,2626,187.9255172,33,1,risky first
2065,2806,184.1765457,33,1,risky first
1996,2986,192.7718859,33,1,risky first
2002,3166,180.0999722,33,1,risky first
2059,3328,171.7352614,33,1,risky first
2239,3277,187.0855419,33,1,risky first
2419,3226,187.0855419,33,1,risky first
2599,3256,182.4828759,33,1,risky first
2779,3196,189.7366596,33,1,risky first
2959,3139,188.8094277,33,1,risky first
3139,3013,219.7180011,33,1,risky first
3295,2995,157.0350279,33,1,risky first
3247,2815,186.2900964,33,1,risky first
3202,2635,185.5397532,33,1,risky first
3202,2455,180,33,1,risky first
3250,2275,186.2900964,33,1,risky first
3088,2095,242.1652328,33,1,risky first
3157,1915,192.7718859,33,1,risky first
2977,1975,189.7366596,33,1,risky first
2797,1891,198.6353443,33,1,risky first
2617,1735,238.1931989,33,1,risky first
2437,1723,180.3995565,33,1,risky first
2257,1759,183.5647025,33,1,risky first
2128,1609,197.8408451,33,1,risky first
2128,1429,180,33,1,risky first
2101,1249,182.0137357,33,1,risky first
2014,1363,143.4050208,33,1,risky first
2074,1543,189.7366596,33,1,risky first
2149,1723,195,33,1,risky first
2173,1903,181.5929514,33,1,risky first
2026,2083,232.3983649,33,1,risky first
1897,1969,172.1540008,33,1,risky first
1717,1795,250.3517525,33,1,risky first
1537,1615,254.5584412,33,1,risky first
1372,1435,244.1823089,33,1,risky first
1297,1270,181.2456896,33,1,risky first
1144,1393,196.3109778,33,1,risky first
1054,1276,147.6109752,33,1,risky first
931,1426,193.9819579,33,1,risky first
1012,1606,197.3854098,33,1,risky first
1192,1771,244.1823089,33,1,risky first
1372,1771,180,33,1,risky first
1552,1840,192.7718859,33,1,risky first
1732,1840,180,33,1,risky first
1912,1921,197.3854098,33,1,risky first
2092,1975,187.9255172,33,1,risky first
2233,1795,228.6503881,33,1,risky first
2191,1615,184.8350616,33,1,risky first
2149,1435,184.8350616,33,1,risky first
2104,1255,185.5397532,33,1,risky first
2104,1330,75,33,1,risky first
2071,1510,183,33,1,risky first
2008,1690,190.7065809,33,1,risky first
2044,1870,183.5647025,33,1,risky first
1987,2017,157.6642001,33,1,risky first
1972,1837,180.6239187,33,1,risky first
1972,1657,180,33,1,risky first
2014,1522,141.38246,33,1,risky first
2056,1342,184.8350616,33,1,risky first
2146,1162,201.246118,33,1,risky first
2326,1216,187.9255172,33,1,risky first
2485,1360,214.5157337,33,1,risky first
2533,1540,186.2900964,33,1,risky first
2614,1720,197.3854098,33,1,risky first
2449,1900,244.1823089,33,1,risky first
2269,2005,208.3866598,33,1,risky first
2164,2005,105,33,1,risky first
2164,2005,0,33,1,risky first
2044,2005,120,33,1,risky first
1864,2005,180,33,1,risky first
1684,1903,206.8912758,33,1,risky first
1504,1855,186.2900964,33,1,risky first
1324,1729,219.7180011,33,1,risky first
1144,1696,183,33,1,risky first
964,1585,211.4734026,33,1,risky first
868,1570,97.16480844,33,1,risky first
868,1570,0,33,1,risky first
913,1432,145.1516448,33,1,risky first
1033,1258,211.3669794,33,1,risky first
1180,1384,193.6104336,33,1,risky first
1000,1276,209.9142682,33,1,risky first
847,1456,236.2392855,33,1,risky first
898,1636,187.0855419,33,1,risky first
1033,1780,197.3854098,33,1,risky first
1213,1780,180,33,1,risky first
1393,1780,180,33,1,risky first
1357,1882,108.1665383,33,1,risky first
1537,2059,252.4460338,33,1,risky first
1717,2029,182.4828759,33,1,risky first
1897,2029,180,33,1,risky first
2044,1972,157.6642001,33,1,risky first
2095,1792,187.0855419,33,1,risky first
2095,1612,180,33,1,risky first
2095,1432,180,33,1,risky first
2095,1252,180,33,1,risky first
2263,1303,175.5704987,33,1,risky first
2374,1483,211.4734026,33,1,risky first
2353,1663,181.2208597,33,1,risky first
2173,1843,254.5584412,33,1,risky first
1993,2023,254.5584412,33,1,risky first
1813,2020,180.0249983,33,1,risky first
1633,1840,254.5584412,33,1,risky first
1453,1747,202.6055281,33,1,risky first
1360,1567,202.6055281,33,1,risky first
1360,1387,180,33,1,risky first
1318,1207,184.8350616,33,1,risky first
1279,1027,184.1765457,33,1,risky first
1201,1162,155.9134375,33,1,risky first
1093,1270,152.7350647,33,1,risky first
1093,1252,18,33,1,risky first
1222,1117,186.7243958,33,1,risky first
1378,1024,181.6177304,33,1,risky first
1558,1057,183,33,1,risky first
1738,1057,180,33,1,risky first
1918,1057,180,33,1,risky first
2098,1114,188.8094277,33,1,risky first
2191,1294,202.6055281,33,1,risky first
2098,1474,202.6055281,33,1,risky first
2014,1654,198.6353443,33,1,risky first
2023,1834,180.2248596,33,1,risky first
2020,1996,162.0277754,33,1,risky first
1840,1846,234.3074903,33,1,risky first
1660,1666,254.5584412,33,1,risky first
1480,1486,254.5584412,33,1,risky first
1357,1306,218.0114676,33,1,risky first
1333,1126,181.5929514,33,1,risky first
1195,1012,178.9972067,33,1,risky first
1126,976,77.82673063,33,1,risky first
1189,1015,74.09453421,33,1,risky first
1162,883,134.7330694,33,1,risky first
991,880,171.0263138,33,1,risky first
937,1015,145.3994498,33,1,risky first
1117,955,189.7366596,33,1,risky first
1213,1087,163.2176461,33,1,risky first
1192,1036,55.15432893,33,1,risky first
1192,856,180,33,1,risky first
1372,676,254.5584412,33,1,risky first
1552,676,180,33,1,risky first
1732,799,218.0114676,33,1,risky first
1912,979,254.5584412,33,1,risky first
2092,1021,184.8350616,33,1,risky first
2248,1081,167.1406593,33,1,risky first
2185,1201,135.532284,33,1,risky first
2050,1381,225,33,1,risky first
2179,1561,221.4520264,33,1,risky first
2125,1741,187.9255172,33,1,risky first
2137,1921,180.3995565,33,1,risky first
1957,2065,230.5124725,33,1,risky first
1921,2038,45,33,1,risky first
1876,2155,125.3554945,33,1,risky first
1696,2335,254.5584412,33,1,risky first
1624,2515,193.8659331,33,1,risky first
1528,2695,204,33,1,risky first
1708,2875,254.5584412,33,1,risky first
1888,2749,219.7180011,33,1,risky first
2068,2569,254.5584412,33,1,risky first
2152,2389,198.6353443,33,1,risky first
2131,2209,181.2208597,33,1,risky first
2038,2029,202.6055281,33,1,risky first
2032,1849,180.0999722,33,1,risky first
1990,1669,184.8350616,33,1,risky first
2023,1642,42.63801121,33,1,risky first
2182,1462,240.1686907,33,1,risky first
2143,1282,184.1765457,33,1,risky first
2233,1129,177.5077463,33,1,risky first
2413,1237,209.9142682,33,1,risky first
2497,1417,198.6353443,33,1,risky first
2317,1597,254.5584412,33,1,risky first
2137,1777,254.5584412,33,1,risky first
2077,1957,189.7366596,33,1,risky first
1936,1957,141,33,1,risky first
1939,1777,180.0249983,33,1,risky first
1954,1597,180.6239187,33,1,risky first
1990,1417,183.5647025,33,1,risky first
1837,1330,176.0056817,33,1,risky first
1819,1150,180.8977612,33,1,risky first
1975,1030,196.8146336,33,1,risky first
2155,1003,182.0137357,33,1,risky first
2254,1084,127.9140336,33,1,risky first
2335,1084,81,33,1,risky first
2368,1084,33,33,1,risky first
2305,1177,112.3298714,33,1,risky first
2146,1222,165.2452722,33,1,risky first
2092,1402,187.9255172,33,1,risky first
2092,1582,180,33,1,risky first
2092,1762,180,33,1,risky first
2092,1942,180,33,1,risky first
1966,1918,128.26535,33,1,risky first
1948,1738,180.8977612,33,1,risky first
1984,1558,183.5647025,33,1,risky first
2065,1378,197.3854098,33,1,risky first
2122,1219,168.9082591,33,1,risky first
2095,1213,27.65863337,33,1,risky first
1915,1171,184.8350616,33,1,risky first
2056,991,228.6503881,33,1,risky first
2236,997,180.0999722,33,1,risky first
2335,1096,140.0071427,33,1,risky first
2272,1237,154.4344521,33,1,risky first
2179,1417,202.6055281,33,1,risky first
2020,1597,240.1686907,33,1,risky first
2008,1777,180.3995565,33,1,risky first
1990,1957,180.8977612,33,1,risky first
1963,2002,52.47856705,33,1,risky first
1963,2002,0,33,1,risky first
1963,2002,0,33,1,risky first
1963,2002,0,33,1,risky first
1963,2002,0,33,1,risky first
1963,2002,0,33,1,risky first
2146,1897,170.65,34,0,safe first
2146,1717,180,34,0,safe first
2044,1537,206.8912758,34,0,safe first
1975,1357,192.7718859,34,0,safe first
1975,1210,147,34,0,safe first
1975,1390,180,34,0,safe first
1975,1570,180,34,0,safe first
1975,1750,180,34,0,safe first
2005,1930,182.4828759,34,0,safe first
2050,1930,45,34,0,safe first
2050,1750,180,34,0,safe first
2050,1570,180,34,0,safe first
2089,1390,184.1765457,34,0,safe first
2098,1222,168.2408987,34,0,safe first
1951,1108,186.024192,34,0,safe first
1792,1246,210.5350327,34,0,safe first
1879,1426,199.922485,34,0,safe first
1969,1606,201.246118,34,0,safe first
2035,1786,191.7185437,34,0,safe first
2065,1966,182.4828759,34,0,safe first
2065,1888,78,34,0,safe first
2065,1708,180,34,0,safe first
2065,1528,180,34,0,safe first
1906,1348,240.1686907,34,0,safe first
1852,1300,72.24956747,34,0,safe first
1816,1150,154.2595216,34,0,safe first
1933,1000,190.2340663,34,0,safe first
2008,1138,157.0636814,34,0,safe first
2083,1027,133.9626814,34,0,safe first
2242,1171,214.5157337,34,0,safe first
2194,1351,186.2900964,34,0,safe first
2119,1531,195,34,0,safe first
2047,1711,193.8659331,34,0,safe first
2011,1891,183.5647025,34,0,safe first
2071,1942,78.74642849,34,0,safe first
2098,1762,182.0137357,34,0,safe first
2098,1582,180,34,0,safe first
2161,1402,190.7065809,34,0,safe first
2188,1222,182.0137357,34,0,safe first
2152,1042,183.5647025,34,0,safe first
2017,898,197.3854098,34,0,safe first
1918,1003,144.3121616,34,0,safe first
1966,1162,166.0873264,34,0,safe first
1858,1051,154.870914,34,0,safe first
1837,1222,172.2846482,34,0,safe first
1861,1402,181.5929514,34,0,safe first
1915,1582,187.9255172,34,0,safe first
1990,1762,195,34,0,safe first
2050,1942,189.7366596,34,0,safe first
2050,1906,36,34,0,safe first
1984,1726,191.7185437,34,0,safe first
1915,1546,192.7718859,34,0,safe first
1852,1366,190.7065809,34,0,safe first
1798,1186,187.9255172,34,0,safe first
1798,1006,180,34,0,safe first
1798,826,180,34,0,safe first
1933,658,215.5203007,34,0,safe first
2059,745,153.1176019,34,0,safe first
2038,925,181.2208597,34,0,safe first
1975,994,93.43446901,34,0,safe first
1915,1120,139.5564402,34,0,safe first
1924,1135,17.49285568,34,0,safe first
1966,985,155.7690598,34,0,safe first
2023,850,146.5400969,34,0,safe first
1921,751,142.1442929,34,0,safe first
1741,751,180,34,0,safe first
1561,751,180,34,0,safe first
1381,751,180,34,0,safe first
1201,916,244.1823089,34,0,safe first
1021,1057,228.6503881,34,0,safe first
841,919,226.8126981,34,0,safe first
718,892,125.9285512,34,0,safe first
817,1072,205.4288198,34,0,safe first
997,1252,254.5584412,34,0,safe first
1084,1432,199.922485,34,0,safe first
967,1612,214.683488,34,0,safe first
1147,1792,254.5584412,34,0,safe first
1327,1972,254.5584412,34,0,safe first
1507,2116,230.5124725,34,0,safe first
1687,2248,223.2129029,34,0,safe first
1867,2098,234.3074903,34,0,safe first
2038,1969,214.2008403,34,0,safe first
2101,1789,190.7065809,34,0,safe first
2281,1609,254.5584412,34,0,safe first
2353,1429,193.8659331,34,0,safe first
2299,1249,187.9255172,34,0,safe first
2233,1069,191.7185437,34,0,safe first
2170,889,190.7065809,34,0,safe first
2047,763,176.0823671,34,0,safe first
2032,931,168.6683136,34,0,safe first
1933,1027,137.9021392,34,0,safe first
1960,1177,152.4106296,34,0,safe first
1936,1015,163.7681288,34,0,safe first
1942,946,69.26037828,34,0,safe first
2050,931,109.0366911,34,0,safe first
2068,826,106.5316854,34,0,safe first
2200,838,132.5443322,34,0,safe first
2275,1018,195,34,0,safe first
2275,1198,180,34,0,safe first
2251,1378,181.5929514,34,0,safe first
2251,1558,180,34,0,safe first
2251,1738,180,34,0,safe first
2224,1918,182.0137357,34,0,safe first
2146,2041,145.6468331,34,0,safe first
2110,1894,151.3439791,34,0,safe first
2110,1714,180,34,0,safe first
2137,1534,182.0137357,34,0,safe first
2185,1354,186.2900964,34,0,safe first
2176,1174,180.2248596,34,0,safe first
2185,994,180.2248596,34,0,safe first
2185,814,180,34,0,safe first
2026,793,160.3807969,34,0,safe first
1999,958,167.1944975,34,0,safe first
1942,1087,141.0319113,34,0,safe first
1915,1153,71.30918594,34,0,safe first
1915,1003,150,34,0,safe first
2002,973,92.0271699,34,0,safe first
2044,799,178.9972067,34,0,safe first
2167,841,129.9730741,34,0,safe first
2167,1021,180,34,0,safe first
2167,1201,180,34,0,safe first
2167,1381,180,34,0,safe first
2167,1561,180,34,0,safe first
2167,1741,180,34,0,safe first
2167,1921,180,34,0,safe first
2098,1987,95.48298278,34,0,safe first
2101,1807,180.0249983,34,0,safe first
2119,1627,180.8977612,34,0,safe first
2137,1447,180.8977612,34,0,safe first
2161,1267,181.5929514,34,0,safe first
2161,1087,180,34,0,safe first
2161,907,180,34,0,safe first
2092,751,170.5784277,34,0,safe first
2023,880,146.2942241,34,0,safe first
1945,994,138.1303732,34,0,safe first
1918,1081,91.0933587,34,0,safe first
1933,1132,53.16013544,34,0,safe first
1978,991,148.0067566,34,0,safe first
2029,823,175.5704987,34,0,safe first
2161,772,141.509717,34,0,safe first
2161,952,180,34,0,safe first
2161,1132,180,34,0,safe first
2161,1312,180,34,0,safe first
2137,1492,181.5929514,34,0,safe first
2137,1672,180,34,0,safe first
2137,1852,180,34,0,safe first
2098,2032,184.1765457,34,0,safe first
2098,1993,39,34,0,safe first
2215,1813,214.683488,34,0,safe first
2275,1666,158.7734235,34,0,safe first
2455,1504,242.1652328,34,0,safe first
2635,1324,254.5584412,34,0,safe first
2803,1264,178.392825,34,0,safe first
2869,1444,191.7185437,34,0,safe first
2812,1495,76.4852927,34,0,safe first
2632,1540,185.5397532,34,0,safe first
2452,1609,192.7718859,34,0,safe first
2272,1717,209.9142682,34,0,safe first
2092,1837,216.3330765,34,0,safe first
2122,2005,170.6575518,34,0,safe first
2302,1855,234.3074903,34,0,safe first
2482,1762,202.6055281,34,0,safe first
2662,1714,186.2900964,34,0,safe first
2842,1579,225,34,0,safe first
2947,1561,106.5316854,34,0,safe first
2785,1741,242.1652328,34,0,safe first
2605,1888,232.3983649,34,0,safe first
2425,1933,185.5397532,34,0,safe first
2245,2008,195,34,0,safe first
2209,2023,39,34,0,safe first
2389,1843,254.5584412,34,0,safe first
2569,1756,199.922485,34,0,safe first
2749,1699,188.8094277,34,0,safe first
2929,1519,254.5584412,34,0,safe first
2854,1552,81.9390017,34,0,safe first
2674,1732,254.5584412,34,0,safe first
2494,1807,195,34,0,safe first
2314,1987,254.5584412,34,0,safe first
2134,2065,196.1733927,34,0,safe first
2227,2029,99.72462083,34,0,safe first
2407,1921,209.9142682,34,0,safe first
2587,1831,201.246118,34,0,safe first
2767,1708,218.0114676,34,0,safe first
2947,1528,254.5584412,34,0,safe first
2866,1585,99.04544412,34,0,safe first
2686,1765,254.5584412,34,0,safe first
2506,1945,254.5584412,34,0,safe first
2326,2074,221.4520264,34,0,safe first
2146,2074,180,34,0,safe first
2230,1939,159,34,0,safe first
2410,1759,254.5584412,34,0,safe first
2590,1579,254.5584412,34,0,safe first
2770,1462,214.683488,34,0,safe first
2905,1465,135.0333292,34,0,safe first
2725,1645,254.5584412,34,0,safe first
2545,1825,254.5584412,34,0,safe first
2365,2005,254.5584412,34,0,safe first
2185,2023,180.8977612,34,0,safe first
2239,2002,57.93962375,34,0,safe first
2419,1948,187.9255172,34,0,safe first
2599,1768,254.5584412,34,0,safe first
2779,1588,254.5584412,34,0,safe first
2878,1489,140.0071427,34,0,safe first
2698,1669,254.5584412,34,0,safe first
2518,1849,254.5584412,34,0,safe first
2338,1972,218.0114676,34,0,safe first
2158,1999,182.0137357,34,0,safe first
2182,1993,24.73863375,34,0,safe first
2362,1921,193.8659331,34,0,safe first
2542,1816,208.3866598,34,0,safe first
2722,1636,254.5584412,34,0,safe first
2902,1534,206.8912758,34,0,safe first
2839,1576,75.71657678,34,0,safe first
2659,1756,254.5584412,34,0,safe first
2479,1936,254.5584412,34,0,safe first
2299,2011,195,34,0,safe first
2137,2038,164.2345883,34,0,safe first
2311,1993,179.7247896,34,0,safe first
2491,1924,192.7718859,34,0,safe first
2671,1861,190.7065809,34,0,safe first
2851,1735,219.7180011,34,0,safe first
2950,1555,205.4288198,34,0,safe first
2941,1558,9.486832981,34,0,safe first
2854,1738,199.922485,34,0,safe first
2689,1918,244.1823089,34,0,safe first
2509,1966,186.2900964,34,0,safe first
2329,1966,180,34,0,safe first
2149,2050,198.6353443,34,0,safe first
2251,1990,118.3384975,34,0,safe first
2431,1984,180.0999722,34,0,safe first
2611,1855,221.4520264,34,0,safe first
2791,1675,254.5584412,34,0,safe first
2890,1495,205.4288198,34,0,safe first
2854,1603,113.8419958,34,0,safe first
2791,1783,190.7065809,34,0,safe first
2611,1963,254.5584412,34,0,safe first
2431,2143,254.5584412,34,0,safe first
2251,2197,187.9255172,34,0,safe first
2077,2092,203.2264747,34,0,safe first
2257,1912,254.5584412,34,0,safe first
2437,1747,244.1823089,34,0,safe first
2617,1567,254.5584412,34,0,safe first
2797,1513,187.9255172,34,0,safe first
2911,1456,127.4558747,34,0,safe first
2731,1636,254.5584412,34,0,safe first
2551,1816,254.5584412,34,0,safe first
2371,1996,254.5584412,34,0,safe first
2191,2020,181.5929514,34,0,safe first
2209,1930,91.78235124,34,0,safe first
2389,1750,254.5584412,34,0,safe first
2569,1639,211.4734026,34,0,safe first
2749,1474,244.1823089,34,0,safe first
2917,1480,168.1071087,34,0,safe first
2926,1510,31.32091953,34,0,safe first
2896,1468,51.6139516,34,0,safe first
2947,1468,51,34,0,safe first
2947,1426,42,34,0,safe first
2923,1483,61.84658438,34,0,safe first
2806,1324,197.4082065,34,0,safe first
2626,1264,189.7366596,34,0,safe first
2446,1084,254.5584412,34,0,safe first
2266,904,254.5584412,34,0,safe first
2086,799,208.3866598,34,0,safe first
2041,949,156.6045976,34,0,safe first
1915,1060,167.9196236,34,0,safe first
1933,1126,68.41052551,34,0,safe first
1981,979,154.6382876,34,0,safe first
2068,853,153.1176019,34,0,safe first
2209,883,144.1561653,34,0,safe first
2374,1063,244.1823089,34,0,safe first
2350,1243,181.5929514,34,0,safe first
2350,1423,180,34,0,safe first
2350,1603,180,34,0,safe first
2371,1783,181.2208597,34,0,safe first
2392,1963,181.2208597,34,0,safe first
2212,2095,223.2129029,34,0,safe first
2104,2014,135,34,0,safe first
2080,1834,181.5929514,34,0,safe first
1990,1654,201.246118,34,0,safe first
1924,1474,191.7185437,34,0,safe first
1828,1294,204,34,0,safe first
1828,1114,180,34,0,safe first
1828,934,180,34,0,safe first
1843,802,132.849539,34,0,safe first
1948,733,125.6423495,34,0,safe first
2026,841,133.2216199,34,0,safe first
1975,982,149.939988,34,0,safe first
1939,1129,151.3439791,34,0,safe first
1933,1084,45.39823785,34,0,safe first
2017,964,146.4786674,34,0,safe first
2059,784,184.8350616,34,0,safe first
2146,859,114.8651383,34,0,safe first
2167,1039,181.2208597,34,0,safe first
2188,1219,181.2208597,34,0,safe first
2218,1399,182.4828759,34,0,safe first
2218,1579,180,34,0,safe first
2218,1759,180,34,0,safe first
2206,1939,180.3995565,34,0,safe first
2086,2065,174,34,0,safe first
2266,2065,123,34,1,safe first
2446,2086,181.2208597,34,1,safe first
2626,2134,186.2900964,34,1,safe first
2806,2176,184.8350616,34,1,safe first
2986,2023,236.2392855,34,1,safe first
3067,2083,100.8017857,34,1,safe first
2989,2263,196.1733927,34,1,safe first
2944,2443,185.5397532,34,1,safe first
2854,2623,201.246118,34,1,safe first
2746,2803,209.9142682,34,1,safe first
2596,2983,234.3074903,34,1,safe first
2416,3040,188.8094277,34,1,safe first
2236,3052,180.3995565,34,1,safe first
2056,3121,192.7718859,34,1,safe first
1876,3097,181.5929514,34,1,safe first
1696,2971,219.7180011,34,1,safe first
1516,2938,183,34,1,safe first
1336,2917,181.2208597,34,1,safe first
1156,2842,195,34,1,safe first
976,2710,223.2129029,34,1,safe first
796,2530,254.5584412,34,1,safe first
652,2350,230.5124725,34,1,safe first
679,2170,182.0137357,34,1,safe first
826,1990,232.3983649,34,1,safe first
1006,1810,254.5584412,34,1,safe first
1186,1630,254.5584412,34,1,safe first
1114,1483,163.6856744,34,1,safe first
1213,1465,100.623059,34,1,safe first
1321,1645,209.9142682,34,1,safe first
1501,1825,254.5584412,34,1,safe first
1681,1972,232.3983649,34,1,safe first
1846,1978,165.1090549,34,1,safe first
1951,2056,130.8013761,34,1,safe first
1972,2023,39.11521443,34,1,safe first
1900,1843,193.8659331,34,1,safe first
1759,1663,228.6503881,34,1,safe first
1747,1483,180.3995565,34,1,safe first
1666,1303,197.3854098,34,1,safe first
1498,1123,246.2194143,34,1,safe first
1318,1024,205.4288198,34,1,safe first
1138,1024,180,34,1,safe first
958,1024,180,34,1,safe first
778,973,187.0855419,34,1,safe first
673,1090,157.2068701,34,1,safe first
685,1075,19.20937271,34,1,safe first
727,895,184.8350616,34,1,safe first
892,715,244.1823089,34,1,safe first
1072,772,188.8094277,34,1,safe first
1252,952,254.5584412,34,1,safe first
1432,1132,254.5584412,34,1,safe first
1564,1252,178.392825,34,1,safe first
1384,1354,206.8912758,34,1,safe first
1204,1405,187.0855419,34,1,safe first
1186,1471,68.41052551,34,1,safe first
1366,1471,180,34,1,safe first
1546,1495,181.5929514,34,1,safe first
1726,1495,180,34,1,safe first
1906,1495,180,34,1,safe first
2086,1321,250.3517525,34,1,safe first
2113,1204,120.0749766,34,1,safe first
2269,1186,157.0350279,34,1,safe first
2449,1198,180.3995565,34,1,safe first
2581,1273,151.8189711,34,1,safe first
2401,1168,208.3866598,34,1,safe first
2311,1141,93.96275858,34,1,safe first
2311,1321,180,34,1,safe first
2311,1501,180,34,1,safe first
2428,1681,214.683488,34,1,safe first
2608,1840,240.1686907,34,1,safe first
2788,1762,196.1733927,34,1,safe first
2968,1633,221.4520264,34,1,safe first
3148,1453,254.5584412,34,1,safe first
3265,1303,190.2340663,34,1,safe first
3085,1123,254.5584412,34,1,safe first
3025,943,189.7366596,34,1,safe first
2995,775,170.6575518,34,1,safe first
2815,808,183,34,1,safe first
2635,964,238.1931989,34,1,safe first
2455,1024,189.7366596,34,1,safe first
2275,1099,195,34,1,safe first
2095,1249,234.3074903,34,1,safe first
1915,1429,254.5584412,34,1,safe first
1735,1609,254.5584412,34,1,safe first
1555,1789,254.5584412,34,1,safe first
1492,1948,171.0263138,34,1,safe first
1537,1948,45,34,1,safe first
1357,2038,201.246118,34,1,safe first
1177,2218,254.5584412,34,1,safe first
997,2398,254.5584412,34,1,safe first
982,2566,168.6683136,34,1,safe first
1162,2566,180,34,1,safe first
1342,2566,180,34,1,safe first
1522,2566,180,34,1,safe first
1633,2566,111,34,1,safe first
1633,2566,0,34,1,safe first
1720,2521,97.9489663,34,1,safe first
1900,2656,225,34,1,safe first
2080,2836,254.5584412,34,1,safe first
2038,3016,184.8350616,34,1,safe first
1858,3196,254.5584412,34,1,safe first
1678,3274,196.1733927,34,1,safe first
1498,3235,184.1765457,34,1,safe first
1318,3151,198.6353443,34,1,safe first
1138,3091,189.7366596,34,1,safe first
958,3058,183,34,1,safe first
778,2950,209.9142682,34,1,safe first
832,2770,187.9255172,34,1,safe first
868,2590,183.5647025,34,1,safe first
868,2410,180,34,1,safe first
901,2230,183,34,1,safe first
940,2050,184.1765457,34,1,safe first
940,1870,180,34,1,safe first
979,1690,184.1765457,34,1,safe first
1003,1510,181.5929514,34,1,safe first
1132,1408,164.4536409,34,1,safe first
1312,1429,181.2208597,34,1,safe first
1492,1429,180,34,1,safe first
1672,1429,180,34,1,safe first
1852,1429,180,34,1,safe first
2032,1429,180,34,1,safe first
2212,1429,180,34,1,safe first
2392,1429,180,34,1,safe first
2572,1324,208.3866598,34,1,safe first
2488,1144,198.6353443,34,1,safe first
2473,964,180.6239187,34,1,safe first
2479,784,180.0999722,34,1,safe first
2659,694,201.246118,34,1,safe first
2839,874,254.5584412,34,1,safe first
3019,1051,252.4460338,34,1,safe first
3199,937,213.0633709,34,1,safe first
3292,949,93.77099765,34,1,safe first
3169,1129,218.0114676,34,1,safe first
3016,1309,236.2392855,34,1,safe first
2836,1447,226.8126981,34,1,safe first
2656,1423,181.5929514,34,1,safe first
2476,1531,209.9142682,34,1,safe first
2296,1711,254.5584412,34,1,safe first
2116,1891,254.5584412,34,1,safe first
2017,2014,157.8923684,34,1,safe first
1837,1882,223.2129029,34,1,safe first
1657,1702,254.5584412,34,1,safe first
1477,1522,254.5584412,34,1,safe first
1300,1345,250.3158005,34,1,safe first
1300,1339,6,34,1,safe first
1210,1303,96.93296653,34,1,safe first
1213,1351,48.09365863,34,1,safe first
1393,1411,189.7366596,34,1,safe first
1573,1591,254.5584412,34,1,safe first
1753,1771,254.5584412,34,1,safe first
1933,1951,254.5584412,34,1,safe first
1993,1957,60.29925373,34,1,safe first
1813,1777,254.5584412,34,1,safe first
1633,1660,214.683488,34,1,safe first
1453,1576,198.6353443,34,1,safe first
1300,1423,216.374675,34,1,safe first
1300,1339,84,34,1,safe first
1273,1291,55.07267925,34,1,safe first
1273,1321,30,34,1,safe first
1273,1315,6,34,1,safe first
1168,1189,164.0152432,34,1,safe first
1090,1300,135.6650287,34,1,safe first
1090,1339,39,34,1,safe first
1171,1162,194.6535384,34,1,safe first
1351,1264,206.8912758,34,1,safe first
1531,1444,254.5584412,34,1,safe first
1711,1624,254.5584412,34,1,safe first
1891,1804,254.5584412,34,1,safe first
2071,1984,254.5584412,34,1,safe first
1948,1945,129.034879,34,1,safe first
1768,1765,254.5584412,34,1,safe first
1588,1708,188.8094277,34,1,safe first
1408,1675,183,34,1,safe first
1228,1675,180,34,1,safe first
1099,1594,152.3220273,34,1,safe first
1078,1549,49.65883607,34,1,safe first
1075,1549,3,34,1,safe first
1003,1534,73.54590403,34,1,safe first
1003,1354,180,34,1,safe first
1003,1174,180,34,1,safe first
1042,994,184.1765457,34,1,safe first
1213,1048,179.3237296,34,1,safe first
1213,1171,123,34,1,safe first
1135,1246,108.2081328,34,1,safe first
1078,1306,82.75868534,34,1,safe first
1078,1429,123,34,1,safe first
1075,1276,153.0294089,34,1,safe first
1153,1201,108.2081328,34,1,safe first
1243,1132,113.406349,34,1,safe first
1351,1087,117,34,1,safe first
1531,1267,254.5584412,34,1,safe first
1711,1447,254.5584412,34,1,safe first
1891,1627,254.5584412,34,1,safe first
2023,1807,223.2129029,34,1,safe first
2167,1987,230.5124725,34,1,safe first
2053,2167,213.0633709,34,1,safe first
1873,2089,196.1733927,34,1,safe first
1693,1909,254.5584412,34,1,safe first
1594,1729,205.4288198,34,1,safe first
1531,1549,190.7065809,34,1,safe first
1441,1369,201.246118,34,1,safe first
1381,1189,189.7366596,34,1,safe first
1309,1009,193.8659331,34,1,safe first
1201,1021,108.6646217,34,1,safe first
1171,1201,182.4828759,34,1,safe first
1093,1246,90.04998612,34,1,safe first
1135,1423,181.9148152,34,1,safe first
1096,1312,117.6520293,34,1,safe first
1117,1225,89.49860334,34,1,safe first
1183,1117,126.5701387,34,1,safe first
1324,1069,148.946299,34,1,safe first
1504,1249,254.5584412,34,1,safe first
1612,1357,152.7350647,34,1,safe first
1522,1198,182.7046797,34,1,safe first
1342,1018,254.5584412,34,1,safe first
1219,1081,138.1955137,34,1,safe first
1138,1201,144.7791421,34,1,safe first
1099,1246,59.54829972,34,1,safe first
1120,1402,157.4071155,34,1,safe first
1096,1309,96.04686356,34,1,safe first
1144,1225,96.74709298,34,1,safe first
1192,1081,151.7893277,34,1,safe first
1360,1105,169.7056275,34,1,safe first
1540,1285,254.5584412,34,1,safe first
1720,1465,254.5584412,34,1,safe first
1900,1645,254.5584412,34,1,safe first
2077,1822,250.3158005,34,1,safe first
2071,1765,57.31491952,34,1,safe first
1891,1600,244.1823089,34,1,safe first
1711,1420,254.5584412,34,1,safe first
1531,1360,189.7366596,34,1,safe first
1351,1228,223.2129029,34,1,safe first
1300,1135,106.0660172,34,1,safe first
1213,1087,99.36297097,34,1,safe first
1174,1192,112.0089282,34,1,safe first
1093,1276,116.691902,34,1,safe first
1162,1402,143.6558387,34,1,safe first
1102,1279,136.8539367,34,1,safe first
1183,1201,112.4499889,34,1,safe first
1216,1069,136.0624856,34,1,safe first
1396,1111,184.8350616,34,1,safe first
1426,1192,86.37708029,34,1,safe first
1426,1372,180,34,1,safe first
1582,1552,238.1931989,34,1,safe first
1762,1732,254.5584412,34,1,safe first
1942,1912,254.5584412,34,1,safe first
1993,2029,127.6322843,34,1,safe first
1813,1849,254.5584412,34,1,safe first
1633,1669,254.5584412,34,1,safe first
1453,1489,254.5584412,34,1,safe first
1420,1309,183,34,1,safe first
1345,1129,195,34,1,safe first
1252,973,181.6177304,34,1,safe first
1204,1123,157.492857,34,1,safe first
1123,1237,139.8463442,34,1,safe first
1093,1318,86.37708029,34,1,safe first
1087,1396,78.23042886,34,1,safe first
1117,1231,167.7050983,34,1,safe first
1192,1201,80.77747211,34,1,safe first
1243,1090,122.1556384,34,1,safe first
1402,1066,160.8011194,34,1,safe first
1582,1246,254.5584412,34,1,safe first
1663,1426,197.3854098,34,1,safe first
1549,1396,117.8812962,34,1,safe first
1483,1216,191.7185437,34,1,safe first
1663,1081,225,34,1,safe first
1843,1225,230.5124725,34,1,safe first
1999,1405,238.1931989,34,1,safe first
1999,1585,180,34,1,safe first
1954,1765,185.5397532,34,1,safe first
1978,1945,181.5929514,34,1,safe first
2122,1990,150.8674915,34,1,safe first
2224,1810,206.8912758,34,1,safe first
2191,1630,183,34,1,safe first
2191,1450,180,34,1,safe first
2293,1270,206.8912758,34,1,safe first
2230,1090,190.7065809,34,1,safe first
2101,1126,133.9290857,34,1,safe first
1921,1138,180.3995565,34,1,safe first
1753,1318,246.2194143,34,1,safe first
1861,1498,209.9142682,34,1,safe first
2359,2011,187.92,35,0,risky first
2539,2050,184.1765457,35,0,risky first
2719,2038,180.3995565,35,0,risky first
2899,1897,228.6503881,35,0,risky first
3079,1717,254.5584412,35,0,risky first
3022,1537,188.8094277,35,0,risky first
2944,1483,94.86832981,35,0,risky first
2764,1663,254.5584412,35,0,risky first
2584,1843,254.5584412,35,0,risky first
2404,2008,244.1823089,35,0,risky first
2224,2065,188.8094277,35,0,risky first
2104,1999,136.9525465,35,0,risky first
2104,1819,180,35,0,risky first
2068,1639,183.5647025,35,0,risky first
2089,1459,181.2208597,35,0,risky first
2020,1279,192.7718859,35,0,risky first
1975,1288,45.89117562,35,0,risky first
2014,1468,184.1765457,35,0,risky first
2038,1648,181.5929514,35,0,risky first
2038,1828,180,35,0,risky first
2062,2008,181.5929514,35,0,risky first
1900,2026,162.9969325,35,0,risky first
1720,2026,180,35,0,risky first
1540,1993,183,35,0,risky first
1360,1939,187.9255172,35,0,risky first
1180,1939,180,35,0,risky first
1000,1834,208.3866598,35,0,risky first
877,1660,213.0844903,35,0,risky first
709,1705,173.9223965,35,0,risky first
709,1885,180,35,0,risky first
736,2065,182.0137357,35,0,risky first
787,2245,187.0855419,35,0,risky first
826,2425,184.1765457,35,0,risky first
880,2605,187.9255172,35,0,risky first
1042,2785,242.1652328,35,0,risky first
1222,2923,226.8126981,35,0,risky first
1402,2929,180.0999722,35,0,risky first
1582,2950,181.2208597,35,0,risky first
1762,3124,250.3517525,35,0,risky first
1942,2968,238.1931989,35,0,risky first
2107,2788,244.1823089,35,0,risky first
2146,2608,184.1765457,35,0,risky first
2233,2428,199.922485,35,0,risky first
2293,2248,189.7366596,35,0,risky first
2473,2158,201.246118,35,0,risky first
2653,2047,211.4734026,35,0,risky first
2833,2080,183,35,0,risky first
3013,2089,180.2248596,35,0,risky first
3193,2107,180.8977612,35,0,risky first
3286,2026,123.3288287,35,0,risky first
3223,1846,190.7065809,35,0,risky first
3148,1666,195,35,0,risky first
3112,1486,183.5647025,35,0,risky first
2932,1441,185.5397532,35,0,risky first
2821,1474,115.8015544,35,0,risky first
2641,1603,221.4520264,35,0,risky first
2461,1783,254.5584412,35,0,risky first
2281,1858,195,35,0,risky first
2101,2038,254.5584412,35,0,risky first
2080,2083,49.65883607,35,0,risky first
2080,2263,180,35,0,risky first
2080,2443,180,35,0,risky first
2083,2623,180.0249983,35,0,risky first
2056,2803,182.0137357,35,0,risky first
1990,2983,191.7185437,35,0,risky first
1810,3163,254.5584412,35,0,risky first
1834,3343,181.5929514,35,0,risky first
1750,3436,125.3195914,35,0,risky first
1900,3436,150,35,0,risky first
2080,3403,183,35,0,risky first
2260,3400,180.0249983,35,0,risky first
2440,3400,180,35,0,risky first
2620,3370,182.4828759,35,0,risky first
2800,3379,180.2248596,35,0,risky first
2980,3379,180,35,0,risky first
3160,3346,183,35,0,risky first
3277,3277,135.8307771,35,0,risky first
3250,3097,182.0137357,35,0,risky first
3199,2917,187.0855419,35,0,risky first
3190,2737,180.2248596,35,0,risky first
3178,2557,180.3995565,35,0,risky first
3148,2377,182.4828759,35,0,risky first
3007,2197,228.6503881,35,0,risky first
2827,2182,180.6239187,35,0,risky first
2647,2182,180,35,0,risky first
2467,2149,183,35,0,risky first
2329,2059,164.7543626,35,0,risky first
2509,1897,242.1652328,35,0,risky first
2677,1798,195,35,0,risky first
2803,1618,219.7180011,35,0,risky first
2833,1555,69.7782201,35,0,risky first
2863,1555,30,35,0,risky first
2812,1555,51,35,0,risky first
2746,1417,152.9705854,35,0,risky first
2788,1327,99.31767214,35,0,risky first
2944,1381,165.0817979,35,0,risky first
2893,1414,60.74537019,35,0,risky first
2842,1318,108.7060256,35,0,risky first
2662,1432,213.0633709,35,0,risky first
2482,1612,254.5584412,35,0,risky first
2302,1792,254.5584412,35,0,risky first
2122,1972,254.5584412,35,0,risky first
2158,1936,50.91168825,35,0,risky first
2338,1756,254.5584412,35,0,risky first
2518,1576,254.5584412,35,0,risky first
2698,1480,204,35,0,risky first
2770,1318,177.2794404,35,0,risky first
2866,1384,116.498927,35,0,risky first
2845,1390,21.84032967,35,0,risky first
2776,1318,99.72462083,35,0,risky first
2596,1498,254.5584412,35,0,risky first
2416,1678,254.5584412,35,0,risky first
2365,1858,187.0855419,35,0,risky first
2185,2038,254.5584412,35,0,risky first
2092,1957,123.3288287,35,0,risky first
2272,1777,254.5584412,35,0,risky first
2452,1597,254.5584412,35,0,risky first
2632,1417,254.5584412,35,0,risky first
2695,1381,72.56031973,35,0,risky first
2740,1201,185.5397532,35,0,risky first
2788,1021,186.2900964,35,0,risky first
2887,1024,99.04544412,35,0,risky first
2953,1132,126.5701387,35,0,risky first
2923,1249,120.7849328,35,0,risky first
2869,1327,94.86832981,35,0,risky first
2953,1429,132.1362933,35,0,risky first
3013,1339,108.1665383,35,0,risky first
2905,1330,108.3743512,35,0,risky first
2914,1234,96.42095208,35,0,risky first
2971,1102,143.7810836,35,0,risky first
2944,1045,63.07138812,35,0,risky first
2857,1024,89.49860334,35,0,risky first
2677,1081,188.8094277,35,0,risky first
2497,1261,254.5584412,35,0,risky first
2317,1441,254.5584412,35,0,risky first
2137,1579,226.8126981,35,0,risky first
2071,1720,155.6823689,35,0,risky first
1963,1867,182.4088814,35,0,risky first
2104,1969,174.0258601,35,0,risky first
2074,1960,31.32091953,35,0,risky first
2089,1780,180.6239187,35,0,risky first
2104,1600,180.6239187,35,0,risky first
2053,1420,187.0855419,35,0,risky first
2023,1240,182.4828759,35,0,risky first
2086,1333,112.3298714,35,0,risky first
2092,1513,180.0999722,35,0,risky first
2092,1693,180,35,0,risky first
2062,1873,182.4828759,35,0,risky first
2095,1966,98.68130522,35,0,risky first
2095,1786,180,35,0,risky first
2065,1606,182.4828759,35,0,risky first
2065,1426,180,35,0,risky first
2020,1246,185.5397532,35,0,risky first
2122,1324,128.4056074,35,0,risky first
2116,1504,180.0999722,35,0,risky first
2116,1684,180,35,0,risky first
2086,1864,182.4828759,35,0,risky first
2086,1999,135,35,0,risky first
2086,1819,180,35,0,risky first
2086,1639,180,35,0,risky first
2032,1459,187.9255172,35,0,risky first
2008,1279,181.5929514,35,0,risky first
2077,1270,69.58448103,35,0,risky first
2074,1450,180.0249983,35,0,risky first
2062,1630,180.3995565,35,0,risky first
2053,1810,180.2248596,35,0,risky first
2080,1990,182.0137357,35,0,risky first
2080,1930,60,35,0,risky first
2080,1750,180,35,0,risky first
2065,1570,180.6239187,35,0,risky first
2023,1390,184.8350616,35,0,risky first
1984,1213,181.2456896,35,0,risky first
2137,1363,214.263856,35,0,risky first
2119,1543,180.8977612,35,0,risky first
2119,1723,180,35,0,risky first
2101,1903,180.8977612,35,0,risky first
2101,2026,123,35,0,risky first
2101,1888,138,35,0,risky first
2083,1708,180.8977612,35,0,risky first
2068,1528,180.6239187,35,0,risky first
2020,1348,186.2900964,35,0,risky first
2065,1279,82.37718131,35,0,risky first
2080,1459,180.6239187,35,0,risky first
2080,1639,180,35,0,risky first
2080,1819,180,35,0,risky first
2080,1999,180,35,0,risky first
2023,1957,70.80254233,35,0,risky first
2023,1777,180,35,0,risky first
2023,1597,180,35,0,risky first
2023,1417,180,35,0,risky first
2005,1237,180.8977612,35,0,risky first
2086,1333,125.6065285,35,0,risky first
2086,1513,180,35,0,risky first
2086,1693,180,35,0,risky first
2086,1873,180,35,0,risky first
2086,2029,156,35,0,risky first
2086,1849,180,35,0,risky first
2086,1669,180,35,0,risky first
2086,1489,180,35,0,risky first
2038,1309,186.2900964,35,0,risky first
2056,1297,21.63330765,35,0,risky first
2068,1477,180.3995565,35,0,risky first
2068,1657,180,35,0,risky first
2068,1837,180,35,0,risky first
2068,2017,180,35,0,risky first
2068,1918,99,35,0,risky first
2068,1738,180,35,0,risky first
2047,1558,181.2208597,35,0,risky first
2026,1378,181.2208597,35,0,risky first
1999,1198,182.0137357,35,0,risky first
2023,1363,166.7363188,35,0,risky first
2074,1543,187.0855419,35,0,risky first
2113,1723,184.1765457,35,0,risky first
2113,1903,180,35,0,risky first
2065,2026,132.0340865,35,0,risky first
2047,1846,180.8977612,35,0,risky first
2047,1666,180,35,0,risky first
2047,1486,180,35,0,risky first
2023,1306,181.5929514,35,0,risky first
2089,1276,72.49827584,35,0,risky first
2074,1456,180.6239187,35,0,risky first
2074,1636,180,35,0,risky first
2074,1816,180,35,0,risky first
2074,1996,180,35,0,risky first
2137,1867,143.5618334,35,0,risky first
2110,1687,182.0137357,35,0,risky first
2038,1507,193.8659331,35,0,risky first
2017,1327,181.2208597,35,0,risky first
2056,1252,84.53401682,35,0,risky first
1957,1243,99.40824915,35,0,risky first
2041,1126,144.0312466,35,0,risky first
2221,1171,185.5397532,35,0,risky first
2401,1207,183.5647025,35,0,risky first
2581,1207,180,35,0,risky first
2716,1108,167.4096771,35,0,risky first
2839,976,180.4244994,35,0,risky first
2977,1057,160.0156242,35,0,risky first
2947,1225,170.6575518,35,0,risky first
2875,1345,139.9428455,35,0,risky first
2881,1396,51.35172831,35,0,risky first
2845,1474,85.90692638,35,0,risky first
2845,1336,138,35,0,risky first
2935,1243,129.4179277,35,0,risky first
2968,1090,156.5183695,35,0,risky first
2842,1015,146.6321929,35,0,risky first
2662,1126,211.4734026,35,0,risky first
2482,1306,254.5584412,35,0,risky first
2302,1486,254.5584412,35,0,risky first
2122,1666,254.5584412,35,0,risky first
1942,1846,254.5584412,35,0,risky first
2032,2026,201.246118,35,0,risky first
2212,1918,209.9142682,35,0,risky first
2392,1738,254.5584412,35,0,risky first
2572,1558,254.5584412,35,0,risky first
2722,1489,165.1090549,35,0,risky first
2722,1309,180,35,0,risky first
2755,1129,183,35,0,risky first
2842,994,160.6051058,35,0,risky first
3001,1045,166.9790406,35,0,risky first
3013,1075,32.31098884,35,0,risky first
2977,1207,136.821051,35,0,risky first
2881,1294,129.5569373,35,0,risky first
2944,1417,138.1955137,35,0,risky first
2872,1291,145.1206395,35,0,risky first
2965,1189,138.0326048,35,0,risky first
2944,1021,169.3074127,35,0,risky first
2764,1021,180,35,0,risky first
2584,1189,246.2194143,35,0,risky first
2404,1369,254.5584412,35,0,risky first
2224,1411,184.8350616,35,0,risky first
2152,1549,155.6534613,35,0,risky first
2152,1729,180,35,0,risky first
2122,1909,182.4828759,35,0,risky first
2098,2023,116.498927,35,0,risky first
2248,1843,234.3074903,35,0,risky first
2428,1663,254.5584412,35,0,risky first
2608,1483,254.5584412,35,0,risky first
2692,1303,198.6353443,35,0,risky first
2734,1123,184.8350616,35,0,risky first
2842,994,168.2408987,35,0,risky first
2980,1081,163.1349135,35,0,risky first
2911,1207,143.6558387,35,0,risky first
2869,1357,155.7690598,35,0,risky first
2857,1393,37.94733192,35,0,risky first
2920,1213,190.7065809,35,0,risky first
2986,1111,121.4907404,35,0,risky first
2944,1018,102.0441081,35,0,risky first
2794,985,153.5871088,35,0,risky first
2614,1096,211.4734026,35,0,risky first
2434,1276,254.5584412,35,0,risky first
2254,1456,254.5584412,35,0,risky first
2116,1636,226.8126981,35,0,risky first
2116,1816,180,35,0,risky first
2092,1996,181.5929514,35,0,risky first
2182,2059,109.8590005,35,0,risky first
2194,1960,99.72462083,35,0,risky first
2194,1960,0,35,0,risky first
2194,1960,0,35,0,risky first
2194,1960,0,35,0,risky first
2110,1840,180,35,1,risky first
2143,1660,183,35,1,risky first
2143,1480,180,35,1,risky first
2125,1300,180.8977612,35,1,risky first
1951,1273,176.0823671,35,1,risky first
1972,1093,181.2208597,35,1,risky first
2041,1084,69.58448103,35,1,risky first
2068,1153,74.09453421,35,1,risky first
2092,1333,181.5929514,35,1,risky first
2125,1513,183,35,1,risky first
2125,1693,180,35,1,risky first
2104,1873,181.2208597,35,1,risky first
2074,2026,155.9134375,35,1,risky first
2071,1846,180.0249983,35,1,risky first
2098,1666,182.0137357,35,1,risky first
2098,1486,180,35,1,risky first
2245,1306,232.3983649,35,1,risky first
2131,1204,152.9705854,35,1,risky first
1987,1267,157.1782428,35,1,risky first
2083,1447,204,35,1,risky first
2113,1627,182.4828759,35,1,risky first
2113,1807,180,35,1,risky first
2056,1987,188.8094277,35,1,risky first
2113,1921,87.20665112,35,1,risky first
2113,1741,180,35,1,risky first
2113,1561,180,35,1,risky first
2044,1381,192.7718859,35,1,risky first
1933,1300,137.4117899,35,1,risky first
1900,1144,159.4521872,35,1,risky first
2014,1066,138.1303732,35,1,risky first
2107,1066,93,35,1,risky first
1927,1072,180.0999722,35,1,risky first
1936,1252,180.2248596,35,1,risky first
2047,1432,211.4734026,35,1,risky first
2104,1612,188.8094277,35,1,risky first
2104,1792,180,35,1,risky first
2110,1972,180.0999722,35,1,risky first
2143,1960,35.11409973,35,1,risky first
2158,1780,180.6239187,35,1,risky first
2158,1600,180,35,1,risky first
2152,1420,180.0999722,35,1,risky first
1972,1327,202.6055281,35,1,risky first
1915,1147,188.8094277,35,1,risky first
2005,1048,133.7946187,35,1,risky first
2047,1114,78.23042886,35,1,risky first
1966,1069,92.66067127,35,1,risky first
1903,1162,112.3298714,35,1,risky first
1993,1342,201.246118,35,1,risky first
2173,1522,254.5584412,35,1,risky first
2212,1702,184.1765457,35,1,risky first
2203,1882,180.2248596,35,1,risky first
2329,1930,134.8332303,35,1,risky first
2191,1750,226.8126981,35,1,risky first
2011,1675,195,35,1,risky first
1963,1669,48.37354649,35,1,risky first
1963,1795,126,35,1,risky first
1963,1975,180,35,1,risky first
2050,2044,111.0405331,35,1,risky first
1975,2059,76.4852927,35,1,risky first
1972,1879,180.0249983,35,1,risky first
1972,1699,180,35,1,risky first
1972,1669,30,35,1,risky first
1954,1669,18,35,1,risky first
1954,1576,93,35,1,risky first
1924,1396,182.4828759,35,1,risky first
1924,1216,180,35,1,risky first
1924,1036,180,35,1,risky first
1924,856,180,35,1,risky first
1954,772,89.19641248,35,1,risky first
2101,736,151.3439791,35,1,risky first
2164,916,190.7065809,35,1,risky first
2065,994,126.0357092,35,1,risky first
2014,1018,56.36488268,35,1,risky first
2173,895,201.0223868,35,1,risky first
2053,718,213.8434006,35,1,risky first
1873,766,186.2900964,35,1,risky first
1765,946,209.9142682,35,1,risky first
1765,1126,180,35,1,risky first
1804,1306,184.1765457,35,1,risky first
1963,1486,240.1686907,35,1,risky first
2143,1534,186.2900964,35,1,risky first
2323,1534,180,35,1,risky first
2503,1498,183.5647025,35,1,risky first
2683,1498,180,35,1,risky first
2863,1444,187.9255172,35,1,risky first
3043,1582,226.8126981,35,1,risky first
3223,1459,218.0114676,35,1,risky first
3226,1537,78.05767099,35,1,risky first
3214,1717,180.3995565,35,1,risky first
3166,1897,186.2900964,35,1,risky first
2986,2077,254.5584412,35,1,risky first
2908,2257,196.1733927,35,1,risky first
2983,2437,195,35,1,risky first
3082,2617,205.4288198,35,1,risky first
3253,2797,248.276056,35,1,risky first
3145,2899,148.5530208,35,1,risky first
2965,3079,254.5584412,35,1,risky first
2785,3259,254.5584412,35,1,risky first
2605,3241,180.8977612,35,1,risky first
2425,3172,192.7718859,35,1,risky first
2245,3088,198.6353443,35,1,risky first
2065,2926,242.1652328,35,1,risky first
1885,2926,180,35,1,risky first
1705,2749,252.4460338,35,1,risky first
1627,2569,196.1733927,35,1,risky first
1447,2389,254.5584412,35,1,risky first
1267,2209,254.5584412,35,1,risky first
1087,2029,254.5584412,35,1,risky first
958,1849,221.4520264,35,1,risky first
949,1669,180.2248596,35,1,risky first
1129,1489,254.5584412,35,1,risky first
1027,1309,206.8912758,35,1,risky first
964,1129,190.7065809,35,1,risky first
1144,949,254.5584412,35,1,risky first
1036,769,209.9142682,35,1,risky first
880,919,216.4162656,35,1,risky first
757,1099,218.0114676,35,1,risky first
937,1156,188.8094277,35,1,risky first
1117,1156,180,35,1,risky first
1297,1156,180,35,1,risky first
1477,1156,180,35,1,risky first
1657,1156,180,35,1,risky first
1837,1156,180,35,1,risky first
1942,1240,134.465609,35,1,risky first
2035,1420,202.6055281,35,1,risky first
2095,1600,189.7366596,35,1,risky first
2128,1780,183,35,1,risky first
2101,1960,182.0137357,35,1,risky first
2026,1933,79.71198153,35,1,risky first
2068,1753,184.8350616,35,1,risky first
2017,1573,187.0855419,35,1,risky first
1906,1393,211.4734026,35,1,risky first
1906,1213,180,35,1,risky first
1906,1033,180,35,1,risky first
1906,853,180,35,1,risky first
2002,730,156.0288435,35,1,risky first
1852,817,173.4041522,35,1,risky first
1672,883,191.7185437,35,1,risky first
1492,862,181.2208597,35,1,risky first
1312,886,181.5929514,35,1,risky first
1132,886,180,35,1,risky first
955,1042,235.9343129,35,1,risky first
835,1012,123.6931688,35,1,risky first
757,1192,196.1733927,35,1,risky first
925,1372,246.2194143,35,1,risky first
970,1492,128.1600562,35,1,risky first
1150,1456,183.5647025,35,1,risky first
1330,1516,189.7366596,35,1,risky first
1510,1516,180,35,1,risky first
1690,1516,180,35,1,risky first
1870,1570,187.9255172,35,1,risky first
1972,1750,206.8912758,35,1,risky first
1972,1930,180,35,1,risky first
1999,2047,120.0749766,35,1,risky first
1819,1924,218.0114676,35,1,risky first
1639,1891,183,35,1,risky first
1459,1765,219.7180011,35,1,risky first
1279,1618,232.3983649,35,1,risky first
1189,1465,177.5077463,35,1,risky first
1369,1630,244.1823089,35,1,risky first
1549,1810,254.5584412,35,1,risky first
1729,1897,199.922485,35,1,risky first
1909,1990,202.6055281,35,1,risky first
1984,2032,85.95929269,35,1,risky first
1804,1876,238.1931989,35,1,risky first
1624,1843,183,35,1,risky first
1444,1663,254.5584412,35,1,risky first
1264,1495,246.2194143,35,1,risky first
1315,1546,72.12489168,35,1,risky first
1495,1726,254.5584412,35,1,risky first
1675,1858,223.2129029,35,1,risky first
1855,1876,180.8977612,35,1,risky first
2032,2041,241.979338,35,1,risky first
1873,1945,185.7336803,35,1,risky first
1693,1945,180,35,1,risky first
1513,1786,240.1686907,35,1,risky first
1333,1606,254.5584412,35,1,risky first
1255,1426,196.1733927,35,1,risky first
1165,1423,90.04998612,35,1,risky first
1156,1423,9,35,1,risky first
1270,1603,213.0633709,35,1,risky first
1450,1783,254.5584412,35,1,risky first
1630,1882,205.4288198,35,1,risky first
1810,1978,204,35,1,risky first
1990,2020,184.8350616,35,1,risky first
1972,2020,18,35,1,risky first
1888,1999,86.58521814,35,1,risky first
1783,2011,105.6834897,35,1,risky first
1603,1891,216.3330765,35,1,risky first
1423,1750,228.6503881,35,1,risky first
1243,1570,254.5584412,35,1,risky first
1285,1480,99.31767214,35,1,risky first
1465,1660,254.5584412,35,1,risky first
1567,1840,206.8912758,35,1,risky first
1675,1876,113.8419958,35,1,risky first
1711,1915,53.07541804,35,1,risky first
1582,1900,129.8691649,35,1,risky first
1702,2050,192.0937271,35,1,risky first
1882,2101,187.0855419,35,1,risky first
1978,2062,103.6194962,35,1,risky first
1957,2062,21,35,1,risky first
1957,2062,0,35,1,risky first
1957,2062,0,35,1,risky first
1957,2062,0,35,1,risky first
1777,2059,180.0249983,35,1,risky first
1597,1879,254.5584412,35,1,risky first
1417,1699,254.5584412,35,1,risky first
1237,1519,254.5584412,35,1,risky first
1288,1564,68.01470429,35,1,risky first
1468,1744,254.5584412,35,1,risky first
1591,1867,173.9482682,35,1,risky first
1759,1999,213.6539258,35,1,risky first
1939,2053,187.9255172,35,1,risky first
2005,2053,66,35,1,risky first
1825,1978,195,35,1,risky first
1645,1921,188.8094277,35,1,risky first
1465,1786,225,35,1,risky first
1285,1606,254.5584412,35,1,risky first
1207,1471,155.9134375,35,1,risky first
1249,1612,147.122398,35,1,risky first
1429,1792,254.5584412,35,1,risky first
1609,1882,201.246118,35,1,risky first
1789,1981,205.4288198,35,1,risky first
1969,2050,192.7718859,35,1,risky first
1924,1969,92.66067127,35,1,risky first
1744,1915,187.9255172,35,1,risky first
1564,1876,184.1765457,35,1,risky first
1384,1696,254.5584412,35,1,risky first
1204,1516,254.5584412,35,1,risky first
1273,1570,87.6184912,35,1,risky first
1453,1750,254.5584412,35,1,risky first
1633,1930,254.5584412,35,1,risky first
1813,2017,199.922485,35,1,risky first
1993,2053,183.5647025,35,1,risky first
1903,1990,109.8590005,35,1,risky first
1723,1957,183,35,1,risky first
1543,1822,225,35,1,risky first
1363,1642,254.5584412,35,1,risky first
1201,1480,229.1025971,35,1,risky first
1381,1660,254.5584412,35,1,risky first
1561,1840,254.5584412,35,1,risky first
1690,1915,149.2179614,35,1,risky first
1870,2014,205.4288198,35,1,risky first
1966,2044,100.5783277,35,1,risky first
1894,2044,72,35,1,risky first
1714,1966,196.1733927,35,1,risky first
1573,1897,156.9777054,35,1,risky first
1573,1876,21,35,1,risky first
1573,1876,0,35,1,risky first
1450,1753,173.9482682,35,1,risky first
1270,1573,254.5584412,35,1,risky first
1240,1531,51.6139516,35,1,risky first
1114,1423,165.9518002,35,1,risky first
1294,1567,230.5124725,35,1,risky first
1474,1729,242.1652328,35,1,risky first
1654,1894,244.1823089,35,1,risky first
1834,1984,201.246118,35,1,risky first
1933,1978,99.18165153,35,1,risky first
1963,1888,94.86832981,35,1,risky first
1945,1819,71.30918594,35,1,risky first
1972,1999,182.0137357,35,1,risky first
1792,2026,182.0137357,35,1,risky first
1612,1846,254.5584412,35,1,risky first
1615,1666,180.0249983,35,1,risky first
1558,1486,188.8094277,35,1,risky first
1573,1414,73.54590403,35,1,risky first
1480,1594,202.6055281,35,1,risky first
1498,1774,180.8977612,35,1,risky first
1678,1954,254.5584412,35,1,risky first
1858,2134,254.5584412,35,1,risky first
2038,2299,244.1823089,35,1,risky first
2218,2299,180,35,1,risky first
2398,2467,246.2194143,35,1,risky first
2257,2647,228.6503881,35,1,risky first
2320,2827,190.7065809,35,1,risky first
2470,3007,234.3074903,35,1,risky first
2338,3187,223.2129029,35,1,risky first
2221,3343,195,35,1,risky first
2041,3265,196.1733927,35,1,risky first
1861,3160,208.3866598,35,1,risky first
1681,3178,180.8977612,35,1,risky first
1501,3280,206.8912758,35,1,risky first
1321,3250,182.4828759,35,1,risky first
1141,3259,180.2248596,35,1,risky first
961,3238,181.2208597,35,1,risky first
781,3238,180,35,1,risky first
838,3100,149.3084057,35,1,risky first
1018,2920,254.5584412,35,1,risky first
1198,2740,254.5584412,35,1,risky first
2176,1996,69,36,0,safe first
2176,1816,180,36,0,safe first
2176,1636,180,36,0,safe first
2176,1456,180,36,0,safe first
2050,1276,219.7180011,36,0,safe first
2005,1198,90.04998612,36,0,safe first
2005,1378,180,36,0,safe first
2026,1558,181.2208597,36,0,safe first
2026,1738,180,36,0,safe first
2053,1918,182.0137357,36,0,safe first
2053,1954,36,36,0,safe first
2053,1774,180,36,0,safe first
2053,1594,180,36,0,safe first
2053,1435,159,36,0,safe first
2122,1291,159.6778006,36,0,safe first
2065,1111,188.8094277,36,0,safe first
2035,1156,54.08326913,36,0,safe first
2092,1192,67.41661516,36,0,safe first
2119,1294,105.5130324,36,0,safe first
2113,1474,180.0999722,36,0,safe first
2095,1654,180.8977612,36,0,safe first
2095,1834,180,36,0,safe first
2095,2014,180,36,0,safe first
2095,1861,153,36,0,safe first
2125,1681,182.4828759,36,0,safe first
2125,1501,180,36,0,safe first
2152,1321,182.0137357,36,0,safe first
2152,1141,180,36,0,safe first
2074,1063,110.3086579,36,0,safe first
1993,1153,121.0826164,36,0,safe first
2065,982,185.5397532,36,0,safe first
2215,1084,181.3945975,36,0,safe first
2143,1165,108.3743512,36,0,safe first
2137,1345,180.0999722,36,0,safe first
2095,1525,184.8350616,36,0,safe first
2095,1705,180,36,0,safe first
2095,1885,180,36,0,safe first
2095,2047,162,36,0,safe first
2095,1867,180,36,0,safe first
2152,1687,188.8094277,36,0,safe first
2152,1507,180,36,0,safe first
2152,1327,180,36,0,safe first
2152,1147,180,36,0,safe first
2152,967,180,36,0,safe first
1984,946,169.3074127,36,0,safe first
1936,1018,86.53323061,36,0,safe first
1942,1126,108.1665383,36,0,safe first
1987,1180,70.29224708,36,0,safe first
1909,1099,112.4499889,36,0,safe first
1795,1105,114.1577855,36,0,safe first
1822,1285,182.0137357,36,0,safe first
1885,1465,190.7065809,36,0,safe first
1990,1645,208.3866598,36,0,safe first
2059,1825,192.7718859,36,0,safe first
2059,2005,180,36,0,safe first
2059,1930,75,36,0,safe first
2059,1750,180,36,0,safe first
1993,1570,191.7185437,36,0,safe first
1900,1390,202.6055281,36,0,safe first
1819,1210,197.3854098,36,0,safe first
1819,1030,180,36,0,safe first
1819,850,180,36,0,safe first
1720,751,140.0071427,36,0,safe first
1540,751,180,36,0,safe first
1360,751,180,36,0,safe first
1180,784,183,36,0,safe first
1000,811,182.0137357,36,0,safe first
820,844,183,36,0,safe first
703,865,118.8696765,36,0,safe first
778,922,94.20191081,36,0,safe first
796,1102,180.8977612,36,0,safe first
796,1282,180,36,0,safe first
796,1462,180,36,0,safe first
796,1642,180,36,0,safe first
796,1822,180,36,0,safe first
796,2002,180,36,0,safe first
796,2182,180,36,0,safe first
796,2362,180,36,0,safe first
796,2542,180,36,0,safe first
796,2722,180,36,0,safe first
832,2902,183.5647025,36,0,safe first
796,3082,183.5647025,36,0,safe first
796,3262,180,36,0,safe first
856,3286,64.62197769,36,0,safe first
952,3226,113.2077736,36,0,safe first
1132,3148,196.1733927,36,0,safe first
1312,3124,181.5929514,36,0,safe first
1345,2944,183,36,0,safe first
1345,2764,180,36,0,safe first
1345,2584,180,36,0,safe first
1402,2404,188.8094277,36,0,safe first
1426,2224,181.5929514,36,0,safe first
1426,2044,180,36,0,safe first
1426,1864,180,36,0,safe first
1426,1684,180,36,0,safe first
1426,1504,180,36,0,safe first
1426,1324,180,36,0,safe first
1426,1144,180,36,0,safe first
1426,964,180,36,0,safe first
1426,784,180,36,0,safe first
1585,769,159.7059799,36,0,safe first
1708,769,123,36,0,safe first
1849,745,143.0279693,36,0,safe first
2002,751,153.1176019,36,0,safe first
2029,826,79.71198153,36,0,safe first
2002,937,114.2365966,36,0,safe first
1921,1003,104.4844486,36,0,safe first
1927,1138,135.1332676,36,0,safe first
1927,1138,0,36,0,safe first
1915,1030,108.6646217,36,0,safe first
1990,958,103.9663407,36,0,safe first
2032,895,75.71657678,36,0,safe first
2068,787,113.8419958,36,0,safe first
2167,841,112.7696768,36,0,safe first
2167,1021,180,36,0,safe first
2167,1201,180,36,0,safe first
2137,1381,182.4828759,36,0,safe first
2089,1561,186.2900964,36,0,safe first
2089,1741,180,36,0,safe first
2110,1921,181.2208597,36,0,safe first
2176,2035,131.7269904,36,0,safe first
2356,2035,180,36,0,safe first
2536,2035,180,36,0,safe first
2716,2035,180,36,0,safe first
2896,2035,180,36,0,safe first
3076,2035,180,36,0,safe first
3256,2035,180,36,0,safe first
3292,1873,165.9518002,36,0,safe first
3250,1693,184.8350616,36,0,safe first
3202,1513,186.2900964,36,0,safe first
3076,1405,165.9518002,36,0,safe first
2980,1435,100.5783277,36,0,safe first
2800,1435,180,36,0,safe first
2620,1435,180,36,0,safe first
2440,1435,180,36,0,safe first
2260,1435,180,36,0,safe first
2227,1579,147.732867,36,0,safe first
2227,1711,132,36,0,safe first
2134,1819,142.5236822,36,0,safe first
2134,1999,180,36,0,safe first
2134,1891,108,36,0,safe first
2134,1711,180,36,0,safe first
2152,1531,180.8977612,36,0,safe first
2332,1495,183.5647025,36,0,safe first
2512,1441,187.9255172,36,0,safe first
2692,1411,182.4828759,36,0,safe first
2767,1432,77.88452991,36,0,safe first
2920,1432,153,36,0,safe first
2743,1432,177,36,0,safe first
2563,1432,180,36,0,safe first
2383,1432,180,36,0,safe first
2203,1432,180,36,0,safe first
2185,1597,165.9789143,36,0,safe first
2185,1777,180,36,0,safe first
2116,1957,192.7718859,36,0,safe first
2107,1915,42.95346319,36,0,safe first
2287,1735,254.5584412,36,0,safe first
2467,1660,195,36,0,safe first
2647,1651,180.2248596,36,0,safe first
2827,1564,199.922485,36,0,safe first
2875,1456,118.1862936,36,0,safe first
2695,1618,242.1652328,36,0,safe first
2515,1687,192.7718859,36,0,safe first
2335,1798,211.4734026,36,0,safe first
2155,1951,236.2392855,36,0,safe first
2155,1942,9,36,0,safe first
2335,1762,254.5584412,36,0,safe first
2515,1582,254.5584412,36,0,safe first
2695,1513,192.7718859,36,0,safe first
2875,1450,190.7065809,36,0,safe first
2923,1504,72.24956747,36,0,safe first
2878,1588,95.29428105,36,0,safe first
2698,1759,248.276056,36,0,safe first
2518,1759,180,36,0,safe first
2338,1843,198.6353443,36,0,safe first
2158,2023,254.5584412,36,0,safe first
2212,1960,82.97590012,36,0,safe first
2392,1780,254.5584412,36,0,safe first
2572,1600,254.5584412,36,0,safe first
2752,1510,201.246118,36,0,safe first
2890,1441,154.2886904,36,0,safe first
2860,1501,67.08203932,36,0,safe first
2680,1642,228.6503881,36,0,safe first
2500,1744,206.8912758,36,0,safe first
2320,1924,254.5584412,36,0,safe first
2140,2002,196.1733927,36,0,safe first
2167,2035,42.63801121,36,0,safe first
2347,1867,246.2194143,36,0,safe first
2527,1687,254.5584412,36,0,safe first
2707,1507,254.5584412,36,0,safe first
2845,1471,142.6183719,36,0,safe first
2842,1549,78.05767099,36,0,safe first
2662,1618,192.7718859,36,0,safe first
2482,1714,204,36,0,safe first
2302,1894,254.5584412,36,0,safe first
2122,1999,208.3866598,36,0,safe first
2245,1888,165.6804153,36,0,safe first
2425,1708,254.5584412,36,0,safe first
2605,1528,254.5584412,36,0,safe first
2785,1417,211.4734026,36,0,safe first
2914,1447,132.4424403,36,0,safe first
2734,1603,238.1931989,36,0,safe first
2554,1603,180,36,0,safe first
2374,1783,254.5584412,36,0,safe first
2194,1963,254.5584412,36,0,safe first
2152,2017,68.41052551,36,0,safe first
2332,1837,254.5584412,36,0,safe first
2512,1678,240.1686907,36,0,safe first
2692,1591,199.922485,36,0,safe first
2872,1486,208.3866598,36,0,safe first
2866,1561,75.23961722,36,0,safe first
2686,1741,254.5584412,36,0,safe first
2506,1750,180.2248596,36,0,safe first
2326,1792,184.8350616,36,0,safe first
2146,1972,254.5584412,36,0,safe first
2203,1930,70.80254233,36,0,safe first
2383,1750,254.5584412,36,0,safe first
2563,1570,254.5584412,36,0,safe first
2743,1459,211.4734026,36,0,safe first
2923,1459,180,36,0,safe first
2764,1624,229.1418774,36,0,safe first
2584,1804,254.5584412,36,0,safe first
2404,1984,254.5584412,36,0,safe first
2224,2005,181.2208597,36,0,safe first
2113,2044,117.6520293,36,0,safe first
2293,1864,254.5584412,36,0,safe first
2473,1726,226.8126981,36,0,safe first
2653,1603,218.0114676,36,0,safe first
2833,1480,218.0114676,36,0,safe first
2962,1429,138.7155363,36,0,safe first
2794,1594,235.4761134,36,0,safe first
2614,1774,254.5584412,36,0,safe first
2434,1954,254.5584412,36,0,safe first
2254,2029,195,36,0,safe first
2116,2020,138.2931669,36,0,safe first
2296,1840,254.5584412,36,0,safe first
2476,1660,254.5584412,36,0,safe first
2656,1567,202.6055281,36,0,safe first
2836,1483,198.6353443,36,0,safe first
2959,1471,123.5839795,36,0,safe first
2992,1441,44.59820624,36,0,safe first
2917,1441,75,36,0,safe first
2863,1441,54,36,0,safe first
2998,1441,135,36,0,safe first
2944,1459,56.92099788,36,0,safe first
2836,1375,136.821051,36,0,safe first
2830,1375,6,36,0,safe first
2944,1438,130.2497601,36,0,safe first
2812,1501,146.2634609,36,0,safe first
2632,1435,191.7185437,36,0,safe first
2452,1261,250.3517525,36,0,safe first
2272,1081,254.5584412,36,0,safe first
2221,901,187.0855419,36,0,safe first
2167,748,162.2498074,36,0,safe first
2053,817,133.2553939,36,0,safe first
1999,949,142.6183719,36,0,safe first
1927,1057,129.7998459,36,0,safe first
1987,1168,126.1784451,36,0,safe first
1921,1129,76.66159404,36,0,safe first
1954,985,147.732867,36,0,safe first
2038,877,136.821051,36,0,safe first
2143,793,134.465609,36,0,safe first
2167,973,181.5929514,36,0,safe first
2167,1153,180,36,0,safe first
2164,1333,180.0249983,36,0,safe first
2086,1513,196.1733927,36,0,safe first
2122,1693,183.5647025,36,0,safe first
2095,1873,182.0137357,36,0,safe first
2095,1987,114,36,0,safe first
2095,1807,180,36,0,safe first
2095,1627,180,36,0,safe first
2146,1447,187.0855419,36,0,safe first
2146,1267,180,36,0,safe first
2146,1087,180,36,0,safe first
2146,907,180,36,0,safe first
2101,775,139.4596716,36,0,safe first
2014,892,145.8012346,36,0,safe first
1930,994,132.1362933,36,0,safe first
1960,1174,182.4828759,36,0,safe first
1906,1144,61.77378085,36,0,safe first
1918,967,177.4063133,36,0,safe first
1942,943,33.9411255,36,0,safe first
2038,970,99.72462083,36,0,safe first
2092,790,187.9255172,36,0,safe first
2149,721,89.49860334,36,0,safe first
2149,901,180,36,0,safe first
2149,1081,180,36,0,safe first
2149,1261,180,36,0,safe first
2149,1441,180,36,0,safe first
2089,1621,189.7366596,36,0,safe first
2089,1801,180,36,0,safe first
2089,1981,180,36,0,safe first
2089,1837,144,36,0,safe first
2149,1657,189.7366596,36,0,safe first
2149,1477,180,36,0,safe first
2149,1297,180,36,0,safe first
2149,1117,180,36,0,safe first
2149,937,180,36,0,safe first
2137,802,135.532284,36,0,safe first
2416,2065,180,36,1,safe first
2596,1975,201.246118,36,1,safe first
2776,2086,211.4734026,36,1,safe first
2734,2134,63.78087488,36,1,safe first
2554,2134,180,36,1,safe first
2374,2134,180,36,1,safe first
2194,2134,180,36,1,safe first
2014,2134,180,36,1,safe first
1834,2050,198.6353443,36,1,safe first
1657,1903,230.0825939,36,1,safe first
1657,1828,75,36,1,safe first
1681,1648,181.5929514,36,1,safe first
1807,1552,158.4045454,36,1,safe first
1903,1633,125.6065285,36,1,safe first
1912,1810,177.2286659,36,1,safe first
1912,1990,180,36,1,safe first
1912,2170,180,36,1,safe first
1912,2350,180,36,1,safe first
1912,2530,180,36,1,safe first
2050,2710,226.8126981,36,1,safe first
2083,2890,183,36,1,safe first
2083,3070,180,36,1,safe first
1972,3202,172.4673882,36,1,safe first
1879,3022,202.6055281,36,1,safe first
1699,2842,254.5584412,36,1,safe first
1519,2662,254.5584412,36,1,safe first
1384,2632,138.2931669,36,1,safe first
1489,2728,142.2708684,36,1,safe first
1669,2806,196.1733927,36,1,safe first
1795,2821,126.8897159,36,1,safe first
1795,2815,6,36,1,safe first
1885,2869,104.9571341,36,1,safe first
2065,2797,193.8659331,36,1,safe first
2245,2842,185.5397532,36,1,safe first
2425,2818,181.5929514,36,1,safe first
2605,2818,180,36,1,safe first
2785,2761,188.8094277,36,1,safe first
2965,2746,180.6239187,36,1,safe first
3145,2845,205.4288198,36,1,safe first
3325,3007,242.1652328,36,1,safe first
3445,2890,167.5977327,36,1,safe first
3445,2773,117,36,1,safe first
3379,2593,191.7185437,36,1,safe first
3304,2413,195,36,1,safe first
3283,2386,34.20526275,36,1,safe first
3103,2557,248.276056,36,1,safe first
2980,2428,178.2414093,36,1,safe first
2980,2269,159,36,1,safe first
2980,2089,180,36,1,safe first
2980,1909,180,36,1,safe first
2980,1729,180,36,1,safe first
3022,1549,184.8350616,36,1,safe first
3196,1369,250.3517525,36,1,safe first
3292,1189,204,36,1,safe first
3265,1009,182.0137357,36,1,safe first
3265,829,180,36,1,safe first
3103,718,196.3797342,36,1,safe first
2923,898,254.5584412,36,1,safe first
2743,925,182.0137357,36,1,safe first
2563,844,197.3854098,36,1,safe first
2383,862,180.8977612,36,1,safe first
2353,1042,182.4828759,36,1,safe first
2257,1150,144.4991349,36,1,safe first
2119,1186,142.6183719,36,1,safe first
2119,1351,165,36,1,safe first
2005,1531,213.0633709,36,1,safe first
1912,1711,202.6055281,36,1,safe first
1912,1891,180,36,1,safe first
1984,2071,193.8659331,36,1,safe first
2014,2095,38.41874542,36,1,safe first
2035,2008,89.49860334,36,1,safe first
2005,1828,182.4828759,36,1,safe first
1969,1648,183.5647025,36,1,safe first
1969,1468,180,36,1,safe first
1969,1288,180,36,1,safe first
2047,1111,193.4244038,36,1,safe first
2068,1132,29.69848481,36,1,safe first
1996,1195,95.67131231,36,1,safe first
1996,1375,180,36,1,safe first
2041,1555,185.5397532,36,1,safe first
2095,1735,187.9255172,36,1,safe first
2119,1915,181.5929514,36,1,safe first
2173,2020,118.0720119,36,1,safe first
2074,1987,104.3551628,36,1,safe first
2074,1807,180,36,1,safe first
2074,1627,180,36,1,safe first
2074,1447,180,36,1,safe first
1972,1309,171.6041958,36,1,safe first
2011,1366,69.0651866,36,1,safe first
1948,1417,81.05553652,36,1,safe first
1813,1408,135.2996674,36,1,safe first
1813,1228,180,36,1,safe first
1954,1048,228.6503881,36,1,safe first
2125,889,233.4994647,36,1,safe first
2236,961,132.3064624,36,1,safe first
2299,1081,135.532284,36,1,safe first
2251,1150,84.05355436,36,1,safe first
2104,1150,147,36,1,safe first
2098,1150,6,36,1,safe first
1996,1213,119.8874472,36,1,safe first
1996,1393,180,36,1,safe first
2041,1573,185.5397532,36,1,safe first
2062,1753,181.2208597,36,1,safe first
2032,1915,164.7543626,36,1,safe first
2089,1981,87.20665112,36,1,safe first
2089,1801,180,36,1,safe first
2089,1621,180,36,1,safe first
2089,1441,180,36,1,safe first
2026,1300,154.4344521,36,1,safe first
1921,1252,115.4512884,36,1,safe first
1927,1072,180.0999722,36,1,safe first
2008,907,183.8096842,36,1,safe first
2065,1078,180.2498266,36,1,safe first
2065,1129,51,36,1,safe first
1936,1018,170.1822552,36,1,safe first
1930,1198,180.0999722,36,1,safe first
1972,1378,184.8350616,36,1,safe first
2026,1546,176.465294,36,1,safe first
1927,1399,177.2286659,36,1,safe first
1927,1219,180,36,1,safe first
1957,1093,129.5221989,36,1,safe first
1975,1036,59.77457654,36,1,safe first
2026,1036,51,36,1,safe first
2098,1123,112.9291813,36,1,safe first
2128,1102,36.61966685,36,1,safe first
1978,955,210.0214275,36,1,safe first
1855,1135,218.0114676,36,1,safe first
1945,1315,201.246118,36,1,safe first
1945,1495,180,36,1,safe first
2038,1675,202.6055281,36,1,safe first
2056,1855,180.8977612,36,1,safe first
2062,2035,180.0999722,36,1,safe first
2062,1879,156,36,1,safe first
2062,1699,180,36,1,safe first
2062,1519,180,36,1,safe first
2185,1471,132.0340865,36,1,safe first
2284,1342,162.6099628,36,1,safe first
2284,1162,180,36,1,safe first
2284,1057,105,36,1,safe first
2218,1057,66,36,1,safe first
2212,1069,13.41640786,36,1,safe first
2209,982,87.05170877,36,1,safe first
2053,1006,157.8353573,36,1,safe first
2053,1135,129,36,1,safe first
2098,1156,49.65883607,36,1,safe first
2098,1084,72,36,1,safe first
2050,1075,48.83646179,36,1,safe first
1966,1033,93.91485505,36,1,safe first
1936,1189,158.8584275,36,1,safe first
1978,1369,184.8350616,36,1,safe first
2026,1549,186.2900964,36,1,safe first
2026,1729,180,36,1,safe first
2026,1909,180,36,1,safe first
2026,2041,132,36,1,safe first
2026,1939,102,36,1,safe first
2026,1789,150,36,1,safe first
2026,1639,150,36,1,safe first
2017,1459,180.2248596,36,1,safe first
1897,1279,216.3330765,36,1,safe first
1897,1099,180,36,1,safe first
1897,919,180,36,1,safe first
1918,754,166.3309953,36,1,safe first
2098,754,180,36,1,safe first
2134,844,96.93296653,36,1,safe first
2182,664,186.2900964,36,1,safe first
2362,655,180.2248596,36,1,safe first
2542,727,193.8659331,36,1,safe first
2722,907,254.5584412,36,1,safe first
2641,1000,123.3288287,36,1,safe first
2461,1180,254.5584412,36,1,safe first
2281,1117,190.7065809,36,1,safe first
2272,1057,60.67124525,36,1,safe first
2272,877,180,36,1,safe first
2254,805,74.21590126,36,1,safe first
2254,985,180,36,1,safe first
2254,1069,84,36,1,safe first
2254,1057,12,36,1,safe first
2254,877,180,36,1,safe first
2200,748,139.8463442,36,1,safe first
2167,904,159.4521872,36,1,safe first
2086,994,121.0826164,36,1,safe first
2014,994,72,36,1,safe first
2014,994,0,36,1,safe first
2014,1102,108,36,1,safe first
2059,1153,68.01470429,36,1,safe first
2023,1120,48.83646179,36,1,safe first
2014,1021,99.40824915,36,1,safe first
2053,997,45.79301257,36,1,safe first
2080,955,49.92995093,36,1,safe first
2143,853,119.8874472,36,1,safe first
2269,811,132.8156617,36,1,safe first
2269,991,180,36,1,safe first
2269,1171,180,36,1,safe first
2269,1351,180,36,1,safe first
2269,1531,180,36,1,safe first
2209,1711,189.7366596,36,1,safe first
2149,1891,189.7366596,36,1,safe first
2089,2047,167.1406593,36,1,safe first
2089,1885,162,36,1,safe first
2089,1705,180,36,1,safe first
2089,1525,180,36,1,safe first
2263,1345,250.3517525,36,1,safe first
2269,1165,180.0999722,36,1,safe first
2269,1024,141,36,1,safe first
2269,844,180,36,1,safe first
2167,823,104.1393297,36,1,safe first
2113,934,123.4382437,36,1,safe first
2035,1003,104.1393297,36,1,safe first
2056,1159,157.4071155,36,1,safe first
2053,1087,72.0624729,36,1,safe first
2014,997,98.08669635,36,1,safe first
2167,925,169.0946481,36,1,safe first
2179,811,114.629839,36,1,safe first
2284,763,115.4512884,36,1,safe first
2284,889,126,36,1,safe first
2284,1069,180,36,1,safe first
2284,1249,180,36,1,safe first
2284,1429,180,36,1,safe first
2218,1609,191.7185437,36,1,safe first
2218,1789,180,36,1,safe first
2122,1969,204,36,1,safe first
2122,1912,57,36,1,safe first
2122,1732,180,36,1,safe first
2182,1552,189.7366596,36,1,safe first
2239,1372,188.8094277,36,1,safe first
2266,1192,182.0137357,36,1,safe first
2266,1012,180,36,1,safe first
2266,832,180,36,1,safe first
2152,835,114.0394669,36,1,safe first
2107,994,165.2452722,36,1,safe first
2023,1090,127.5617498,36,1,safe first
2068,1195,114.2365966,36,1,safe first
2026,1015,184.8350616,36,1,safe first
2098,949,97.67292358,36,1,safe first
2161,835,130.2497601,36,1,safe first
2233,820,73.54590403,36,1,safe first
2269,949,133.9290857,36,1,safe first
2269,1129,180,36,1,safe first
2269,1309,180,36,1,safe first
2269,1489,180,36,1,safe first
2269,1669,180,36,1,safe first
2209,1849,189.7366596,36,1,safe first
2104,2029,208.3866598,36,1,safe first
2074,1945,89.19641248,36,1,safe first
2113,1765,184.1765457,36,1,safe first
2206,1585,202.6055281,36,1,safe first
2275,1405,192.7718859,36,1,safe first
2275,1225,180,36,1,safe first
2275,1045,180,36,1,safe first
2275,865,180,36,1,safe first
2275,844,21,36,1,safe first
2161,748,149.0369082,36,1,safe first
2152,925,177.2286659,36,1,safe first
2101,994,85.80209788,36,1,safe first
2029,967,76.89603371,36,1,safe first
2071,994,49.92995093,36,1,safe first
2035,1099,111,36,1,safe first
2119,1168,108.7060256,36,1,safe first
2014,1126,113.0884609,36,1,safe first
2014,985,141,36,1,safe first
2179,955,167.7050983,36,1,safe first
2179,838,117,36,1,safe first
2260,808,86.37708029,36,1,safe first
2260,988,180,36,1,safe first
2260,1168,180,36,1,safe first
2260,1348,180,36,1,safe first
2260,1528,180,36,1,safe first
2143,1657,174.1551033,36,1,safe first
2131,1837,180.3995565,36,1,safe first
2083,1951,123.6931688,36,1,safe first
2083,1849,102,36,1,safe first
2206,1669,218.0114676,36,1,safe first
2308,1564,146.3864748,36,1,safe first
2245,1534,69.7782201,36,1,safe first
2263,1354,180.8977612,36,1,safe first
2272,1174,180.2248596,36,1,safe first
2272,994,180,36,1,safe first
2272,898,96,36,1,safe first
2272,985,87,36,1,safe first
2272,1012,27,36,1,safe first
2272,946,66,36,1,safe first
2272,1000,54,36,1,safe first
2293,2065,117,37,0,risky first
2473,2065,180,37,0,risky first
2602,2065,129,37,0,risky first
2752,2077,150.4792344,37,0,risky first
2752,2257,180,37,0,risky first
2701,2362,116.7304588,37,0,risky first
2521,2362,180,37,0,risky first
2662,2362,141,37,0,risky first
2842,2362,180,37,0,risky first
3022,2362,180,37,0,risky first
3202,2362,180,37,0,risky first
3235,2362,33,37,0,risky first
3151,2440,114.629839,37,0,risky first
3151,2620,180,37,0,risky first
3151,2800,180,37,0,risky first
3073,2917,140.6164997,37,0,risky first
2893,2917,180,37,0,risky first
2713,2917,180,37,0,risky first
2533,2917,180,37,0,risky first
2353,2971,187.9255172,37,0,risky first
2173,3079,209.9142682,37,0,risky first
1993,3103,181.5929514,37,0,risky first
1813,3103,180,37,0,risky first
1633,3103,180,37,0,risky first
1453,3103,180,37,0,risky first
1273,3103,180,37,0,risky first
1093,3103,180,37,0,risky first
913,3103,180,37,0,risky first
733,3103,180,37,0,risky first
703,2950,155.9134375,37,0,risky first
703,2770,180,37,0,risky first
703,2590,180,37,0,risky first
835,2539,141.509717,37,0,risky first
1015,2539,180,37,0,risky first
1195,2371,246.2194143,37,0,risky first
1375,2191,254.5584412,37,0,risky first
1555,2011,254.5584412,37,0,risky first
1735,2005,180.0999722,37,0,risky first
1915,2005,180,37,0,risky first
2008,1882,154.2011673,37,0,risky first
2092,1702,198.6353443,37,0,risky first
2092,1522,180,37,0,risky first
2092,1393,129,37,0,risky first
2092,1393,0,37,0,risky first
1990,1393,102,37,0,risky first
1990,1246,147,37,0,risky first
1990,1336,90,37,0,risky first
1990,1516,180,37,0,risky first
1990,1696,180,37,0,risky first
1990,1876,180,37,0,risky first
2053,2056,190.7065809,37,0,risky first
2053,1951,105,37,0,risky first
2053,1771,180,37,0,risky first
2053,1591,180,37,0,risky first
2047,1411,180.0999722,37,0,risky first
1948,1300,148.7346631,37,0,risky first
1969,1300,21,37,0,risky first
1918,1300,51,37,0,risky first
2035,1300,117,37,0,risky first
2134,1300,99,37,0,risky first
2101,1300,33,37,0,risky first
2098,1201,99.04544412,37,0,risky first
2026,1201,72,37,0,risky first
2155,1291,157.2927207,37,0,risky first
2155,1471,180,37,0,risky first
2155,1651,180,37,0,risky first
2071,1831,198.6353443,37,0,risky first
2071,2011,180,37,0,risky first
2071,2011,0,37,0,risky first
2080,1834,177.2286659,37,0,risky first
2233,1654,236.2392855,37,0,risky first
2233,1474,180,37,0,risky first
2233,1294,180,37,0,risky first
2206,1114,182.0137357,37,0,risky first
2104,973,174.0258601,37,0,risky first
2104,1030,57,37,0,risky first
2062,1057,49.92995093,37,0,risky first
2062,1165,108,37,0,risky first
2020,1165,42,37,0,risky first
2023,1054,111.0405331,37,0,risky first
2203,1006,186.2900964,37,0,risky first
2314,1108,150.7481343,37,0,risky first
2314,1288,180,37,0,risky first
2251,1468,190.7065809,37,0,risky first
2191,1648,189.7366596,37,0,risky first
2173,1828,180.8977612,37,0,risky first
2104,2008,192.7718859,37,0,risky first
2104,1999,9,37,0,risky first
2104,1819,180,37,0,risky first
2104,1639,180,37,0,risky first
2104,1474,165,37,0,risky first
2104,1420,54,37,0,risky first
2179,1240,195,37,0,risky first
2179,1126,114,37,0,risky first
2152,946,182.0137357,37,0,risky first
1999,796,214.263856,37,0,risky first
1954,796,45,37,0,risky first
1897,817,60.74537019,37,0,risky first
1897,967,150,37,0,risky first
1903,1009,42.42640687,37,0,risky first
1942,1009,39,37,0,risky first
1942,1108,99,37,0,risky first
1990,1132,53.66563146,37,0,risky first
1990,1150,18,37,0,risky first
1990,1075,75,37,0,risky first
1924,1075,66,37,0,risky first
1924,1066,9,37,0,risky first
1891,997,76.4852927,37,0,risky first
1855,997,36,37,0,risky first
1822,1006,34.20526275,37,0,risky first
1822,1186,180,37,0,risky first
1855,1366,183,37,0,risky first
1999,1546,230.5124725,37,0,risky first
2080,1726,197.3854098,37,0,risky first
2080,1906,180,37,0,risky first
2080,2050,144,37,0,risky first
2080,1963,87,37,0,risky first
2080,1783,180,37,0,risky first
2080,1603,180,37,0,risky first
2080,1423,180,37,0,risky first
2221,1243,228.6503881,37,0,risky first
2221,1183,60,37,0,risky first
2221,1132,51,37,0,risky first
2176,1120,46.57252409,37,0,risky first
2131,1099,49.65883607,37,0,risky first
2131,1066,33,37,0,risky first
2131,1048,18,37,0,risky first
2098,1048,33,37,0,risky first
2098,1069,21,37,0,risky first
2098,1069,0,37,0,risky first
2098,1048,21,37,0,risky first
2134,1048,36,37,0,risky first
2176,1048,42,37,0,risky first
2176,1159,111,37,0,risky first
2131,1300,148.0067566,37,0,risky first
1951,1300,180,37,0,risky first
1894,1300,57,37,0,risky first
1894,1300,0,37,0,risky first
1912,1300,18,37,0,risky first
1912,1300,0,37,0,risky first
1915,1300,3,37,0,risky first
1891,1300,24,37,0,risky first
1891,1300,0,37,0,risky first
1819,1300,72,37,0,risky first
1819,1144,156,37,0,risky first
1819,964,180,37,0,risky first
1819,784,180,37,0,risky first
1966,736,154.6382876,37,0,risky first
2017,832,108.7060256,37,0,risky first
2002,925,94.20191081,37,0,risky first
1975,994,74.09453421,37,0,risky first
1900,1072,108.2081328,37,0,risky first
1993,1102,97.71898485,37,0,risky first
1993,1165,63,37,0,risky first
2044,1165,51,37,0,risky first
1969,1165,75,37,0,risky first
1900,1138,74.09453421,37,0,risky first
1900,1033,105,37,0,risky first
1900,976,57,37,0,risky first
2038,976,138,37,0,risky first
2038,868,108,37,0,risky first
2107,808,91.43850392,37,0,risky first
2170,904,114.8259553,37,0,risky first
2170,1084,180,37,0,risky first
2170,1264,180,37,0,risky first
2170,1444,180,37,0,risky first
2107,1624,190.7065809,37,0,risky first
2077,1804,182.4828759,37,0,risky first
2077,1984,180,37,0,risky first
2077,2029,45,37,0,risky first
2077,1849,180,37,0,risky first
2077,1669,180,37,0,risky first
2077,1489,180,37,0,risky first
2152,1309,195,37,0,risky first
2215,1129,190.7065809,37,0,risky first
2215,949,180,37,0,risky first
2209,769,180.0999722,37,0,risky first
2098,667,150.7481343,37,0,risky first
2059,667,39,37,0,risky first
2059,820,153,37,0,risky first
2002,901,99.04544412,37,0,risky first
1954,988,99.36297097,37,0,risky first
1912,1018,51.6139516,37,0,risky first
1951,1081,74.09453421,37,0,risky first
1951,1165,84,37,0,risky first
1900,1126,64.20280368,37,0,risky first
1906,1006,120.1499064,37,0,risky first
1942,970,50.91168825,37,0,risky first
2068,919,135.9301291,37,0,risky first
2119,802,127.6322843,37,0,risky first
2194,922,141.509717,37,0,risky first
2194,1102,180,37,0,risky first
2194,1282,180,37,0,risky first
2143,1462,187.0855419,37,0,risky first
2113,1642,182.4828759,37,0,risky first
2086,1822,182.0137357,37,0,risky first
2050,2002,183.5647025,37,0,risky first
2050,1990,12,37,0,risky first
2050,1810,180,37,0,risky first
2134,1630,198.6353443,37,0,risky first
2134,1450,180,37,0,risky first
2134,1270,180,37,0,risky first
2134,1090,180,37,0,risky first
2134,910,180,37,0,risky first
2125,823,87.46427842,37,0,risky first
2026,781,107.54069,37,0,risky first
2014,928,147.4889826,37,0,risky first
1900,1006,138.1303732,37,0,risky first
1942,1084,88.58893836,37,0,risky first
1984,1138,68.41052551,37,0,risky first
1900,1123,85.32877592,37,0,risky first
1912,970,153.4698667,37,0,risky first
2047,907,148.9765082,37,0,risky first
2071,784,125.3195914,37,0,risky first
2251,889,208.3866598,37,0,risky first
2332,1069,197.3854098,37,0,risky first
2245,1249,199.922485,37,0,risky first
2197,1429,186.2900964,37,0,risky first
2197,1609,180,37,0,risky first
2197,1789,180,37,0,risky first
2089,1966,207.3475343,37,0,risky first
2059,1927,49.2036584,37,0,risky first
2059,1747,180,37,0,risky first
2125,1567,191.7185437,37,0,risky first
2158,1399,171.2103969,37,0,risky first
2158,1255,144,37,0,risky first
2158,1075,180,37,0,risky first
2158,895,180,37,0,risky first
2053,793,146.3864748,37,0,risky first
2053,952,159,37,0,risky first
1900,997,159.4804063,37,0,risky first
1978,1120,145.6468331,37,0,risky first
2050,1216,120,37,0,risky first
1984,1147,95.48298278,37,0,risky first
1900,1123,87.36131867,37,0,risky first
1900,997,126,37,0,risky first
2038,955,144.2497834,37,0,risky first
2071,802,156.5183695,37,0,risky first
2185,907,154.9870962,37,0,risky first
2185,1087,180,37,0,risky first
2185,1267,180,37,0,risky first
2080,1447,208.3866598,37,0,risky first
2116,1537,96.93296653,37,0,risky first
1945,1717,248.276056,37,0,risky first
1906,1801,92.61209424,37,0,risky first
1972,1906,124.0201597,37,0,risky first
2077,1906,105,37,0,risky first
2023,1999,107.54069,37,0,risky first
2056,2008,34.20526275,37,0,risky first
2056,1828,180,37,0,risky first
2098,1648,184.8350616,37,0,risky first
2098,1468,180,37,0,risky first
2149,1288,187.0855419,37,0,risky first
2182,1108,183,37,0,risky first
2182,928,180,37,0,risky first
2143,904,45.79301257,37,0,risky first
2143,862,42,37,0,risky first
2110,820,53.41348144,37,0,risky first
2062,802,51.26402247,37,0,risky first
2002,835,68.47627326,37,0,risky first
2044,904,80.77747211,37,0,risky first
2002,946,59.39696962,37,0,risky first
1900,994,112.7297654,37,0,risky first
1933,1141,150.6585544,37,0,risky first
1972,1141,39,37,0,risky first
1900,1048,117.6137747,37,0,risky first
2023,985,138.1955137,37,0,risky first
2068,835,156.6045976,37,0,risky first
2095,736,102.6157883,37,0,risky first
2152,868,143.7810836,37,0,risky first
2182,1048,182.4828759,37,0,risky first
2182,1228,180,37,0,risky first
2182,1408,180,37,0,risky first
2182,1588,180,37,0,risky first
2140,1768,184.8350616,37,0,risky first
2098,1948,184.8350616,37,0,risky first
2098,2023,75,37,0,risky first
2101,1843,180.0249983,37,0,risky first
2137,1663,183.5647025,37,0,risky first
2137,1483,180,37,0,risky first
2137,1303,180,37,0,risky first
2137,1123,180,37,0,risky first
2137,943,180,37,0,risky first
2128,784,159.2545133,37,0,risky first
1999,820,133.9290857,37,0,risky first
1999,820,0,37,0,risky first
2029,916,100.5783277,37,0,risky first
1924,973,119.4738465,37,0,risky first
1912,1105,132.5443322,37,0,risky first
1987,1165,96.04686356,37,0,risky first
1900,1144,89.49860334,37,0,risky first
1906,964,180.0999722,37,0,risky first
2020,889,136.458785,37,0,risky first
2125,772,157.2068701,37,0,risky first
2176,907,144.3121616,37,0,risky first
2176,1087,180,37,0,risky first
2176,1267,180,37,0,risky first
2176,1447,180,37,0,risky first
2176,1627,180,37,0,risky first
2176,2065,0,37,1,risky first
2176,1930,135,37,1,risky first
2176,1750,180,37,1,risky first
2176,1570,180,37,1,risky first
2173,1399,171.0263138,37,1,risky first
2110,1306,112.3298714,37,1,risky first
2110,1258,48,37,1,risky first
2110,1438,180,37,1,risky first
1978,1618,223.2129029,37,1,risky first
1993,1762,144.7791421,37,1,risky first
1993,1942,180,37,1,risky first
2077,2014,110.6345335,37,1,risky first
2077,1891,123,37,1,risky first
2077,1711,180,37,1,risky first
2077,1531,180,37,1,risky first
1981,1351,204,37,1,risky first
2008,1300,57.70615219,37,1,risky first
1945,1270,69.7782201,37,1,risky first
2053,1189,135,37,1,risky first
2221,1189,168,37,1,risky first
2287,1333,158.4045454,37,1,risky first
2287,1513,180,37,1,risky first
2287,1693,180,37,1,risky first
2278,1873,180.2248596,37,1,risky first
2119,1933,169.9441085,37,1,risky first
2065,2065,142.6183719,37,1,risky first
2023,1915,155.7690598,37,1,risky first
2023,1735,180,37,1,risky first
2023,1555,180,37,1,risky first
1921,1438,155.2191998,37,1,risky first
1870,1294,152.7645247,37,1,risky first
1948,1114,196.1733927,37,1,risky first
2050,1024,136.0294086,37,1,risky first
2146,868,183.1720503,37,1,risky first
2104,697,176.0823671,37,1,risky first
1924,697,180,37,1,risky first
1744,748,187.0855419,37,1,risky first
1741,928,180.0249983,37,1,risky first
1741,1108,180,37,1,risky first
1741,1288,180,37,1,risky first
1864,1378,152.4106296,37,1,risky first
2044,1378,180,37,1,risky first
2224,1378,180,37,1,risky first
2404,1231,232.3983649,37,1,risky first
2269,1156,154.4344521,37,1,risky first
2242,1081,79.71198153,37,1,risky first
2242,979,102,37,1,risky first
2287,979,45,37,1,risky first
2287,979,0,37,1,risky first
2287,979,0,37,1,risky first
2287,979,0,37,1,risky first
2263,979,24,37,1,risky first
2263,979,0,37,1,risky first
2146,994,117.9576195,37,1,risky first
2146,1123,129,37,1,risky first
2146,943,180,37,1,risky first
2020,856,153.1176019,37,1,risky first
1840,865,180.2248596,37,1,risky first
1816,1045,181.5929514,37,1,risky first
1816,1066,21,37,1,risky first
1834,1066,18,37,1,risky first
1837,1231,165.0272705,37,1,risky first
1837,1129,102,37,1,risky first
1879,985,150,37,1,risky first
2008,871,172.1540008,37,1,risky first
2008,976,105,37,1,risky first
2089,1087,137.4117899,37,1,risky first
2089,1171,84,37,1,risky first
2089,991,180,37,1,risky first
1918,934,180.2498266,37,1,risky first
1819,1069,167.4096771,37,1,risky first
1864,1249,185.5397532,37,1,risky first
1930,1429,191.7185437,37,1,risky first
2041,1609,211.4734026,37,1,risky first
2041,1789,180,37,1,risky first
2041,1969,180,37,1,risky first
2041,1993,24,37,1,risky first
2041,1813,180,37,1,risky first
2041,1633,180,37,1,risky first
1993,1453,186.2900964,37,1,risky first
1813,1273,254.5584412,37,1,risky first
1813,1093,180,37,1,risky first
1936,916,215.5411794,37,1,risky first
1969,916,33,37,1,risky first
1972,985,69.0651866,37,1,risky first
2005,1006,39.11521443,37,1,risky first
2035,1048,51.6139516,37,1,risky first
2098,1150,119.8874472,37,1,risky first
2098,1111,39,37,1,risky first
2014,1069,93.91485505,37,1,risky first
1918,1057,96.74709298,37,1,risky first
1918,1237,180,37,1,risky first
1918,1417,180,37,1,risky first
1975,1597,188.8094277,37,1,risky first
1996,1777,181.2208597,37,1,risky first
2050,1957,187.9255172,37,1,risky first
2071,1984,34.20526275,37,1,risky first
2071,1804,180,37,1,risky first
2032,1624,184.1765457,37,1,risky first
1924,1450,204.792578,37,1,risky first
1921,1270,180.0249983,37,1,risky first
1921,1090,180,37,1,risky first
1921,910,180,37,1,risky first
1975,730,187.9255172,37,1,risky first
2062,697,93.04837452,37,1,risky first
2140,802,130.8013761,37,1,risky first
2113,952,152.4106296,37,1,risky first
2041,1072,139.9428455,37,1,risky first
2176,1138,150.2697574,37,1,risky first
2065,1180,118.6802427,37,1,risky first
2014,1087,106.0660172,37,1,risky first
2107,967,151.8189711,37,1,risky first
2179,931,80.49844719,37,1,risky first
2149,931,30,37,1,risky first
2149,811,120,37,1,risky first
2263,829,115.4123044,37,1,risky first
2263,1009,180,37,1,risky first
2263,1189,180,37,1,risky first
2263,1369,180,37,1,risky first
2263,1549,180,37,1,risky first
2113,1729,234.3074903,37,1,risky first
2038,1858,149.2179614,37,1,risky first
2089,2005,155.5956298,37,1,risky first
1966,2047,129.9730741,37,1,risky first
1966,2047,0,37,1,risky first
1966,1966,81,37,1,risky first
1966,1786,180,37,1,risky first
1966,1654,132,37,1,risky first
1966,1489,165,37,1,risky first
1831,1309,225,37,1,risky first
1831,1129,180,37,1,risky first
1879,949,186.2900964,37,1,risky first
1918,769,184.1765457,37,1,risky first
2095,634,222.6072775,37,1,risky first
2164,769,151.6113452,37,1,risky first
2164,949,180,37,1,risky first
2089,994,87.46427842,37,1,risky first
2014,994,75,37,1,risky first
2014,850,144,37,1,risky first
2053,850,39,37,1,risky first
2053,961,111,37,1,risky first
2053,976,15,37,1,risky first
2020,976,33,37,1,risky first
2020,1075,99,37,1,risky first
2062,1144,80.77747211,37,1,risky first
2014,1153,48.83646179,37,1,risky first
2014,1114,39,37,1,risky first
2035,934,181.2208597,37,1,risky first
2056,973,44.29446918,37,1,risky first
2179,949,125.3195914,37,1,risky first
2179,787,162,37,1,risky first
2275,895,144.4991349,37,1,risky first
2275,1075,180,37,1,risky first
2275,1255,180,37,1,risky first
2275,1435,180,37,1,risky first
2227,1528,104.6565813,37,1,risky first
2149,1528,78,37,1,risky first
2149,1474,54,37,1,risky first
2179,1300,176.5672676,37,1,risky first
2185,1300,6,37,1,risky first
2203,1357,59.77457654,37,1,risky first
2245,1300,70.80254233,37,1,risky first
2251,1183,117.1537451,37,1,risky first
2251,1003,180,37,1,risky first
2251,823,180,37,1,risky first
2113,853,141.2232276,37,1,risky first
2065,994,148.946299,37,1,risky first
2014,1102,119.4361754,37,1,risky first
2053,1219,123.3288287,37,1,risky first
2092,1219,39,37,1,risky first
2104,1219,12,37,1,risky first
2014,1174,100.623059,37,1,risky first
2014,994,180,37,1,risky first
2152,922,155.6534613,37,1,risky first
2152,742,180,37,1,risky first
2326,778,177.6851147,37,1,risky first
2335,958,180.2248596,37,1,risky first
2335,1057,99,37,1,risky first
2335,1057,0,37,1,risky first
2335,1060,3,37,1,risky first
2335,1240,180,37,1,risky first
2335,1420,180,37,1,risky first
2221,1600,213.0633709,37,1,risky first
2092,1780,221.4520264,37,1,risky first
2056,1894,119.5491531,37,1,risky first
2092,2002,113.8419958,37,1,risky first
2098,2002,6,37,1,risky first
2098,1924,78,37,1,risky first
2098,1744,180,37,1,risky first
2098,1564,180,37,1,risky first
2218,1525,126.1784451,37,1,risky first
2398,1378,232.3983649,37,1,risky first
2287,1288,142.9020644,37,1,risky first
2305,1219,71.30918594,37,1,risky first
2332,1051,170.1558109,37,1,risky first
2332,871,180,37,1,risky first
2206,769,162.111073,37,1,risky first
2113,823,107.54069,37,1,risky first
2182,835,70.03570518,37,1,risky first
2182,949,114,37,1,risky first
2038,994,150.8674915,37,1,risky first
2038,1174,180,37,1,risky first
2122,1207,90.24965374,37,1,risky first
2014,1189,109.4897255,37,1,risky first
2014,1009,180,37,1,risky first
2056,937,83.35466394,37,1,risky first
2116,976,71.56116265,37,1,risky first
2179,901,97.9489663,37,1,risky first
2242,781,135.532284,37,1,risky first
2272,958,179.5243716,37,1,risky first
2272,1138,180,37,1,risky first
2272,1318,180,37,1,risky first
2272,1498,180,37,1,risky first
2272,1678,180,37,1,risky first
2272,1858,180,37,1,risky first
2272,2038,180,37,1,risky first
2125,2089,155.5956298,37,1,risky first
2050,2089,75,37,1,risky first
2050,1987,102,37,1,risky first
2044,1807,180.0999722,37,1,risky first
1864,1627,254.5584412,37,1,risky first
1933,1546,106.4048871,37,1,risky first
1885,1429,126.4634335,37,1,risky first
1885,1249,180,37,1,risky first
1885,1069,180,37,1,risky first
1885,889,180,37,1,risky first
1954,823,95.48298278,37,1,risky first
2050,739,127.5617498,37,1,risky first
2098,739,48,37,1,risky first
2158,784,75,37,1,risky first
2137,946,163.3554407,37,1,risky first
2113,925,31.89043744,37,1,risky first
2113,745,180,37,1,risky first
2281,772,170.1558109,37,1,risky first
2461,952,254.5584412,37,1,risky first
2407,1045,107.54069,37,1,risky first
2347,1084,71.56116265,37,1,risky first
2347,1084,0,37,1,risky first
2347,922,162,37,1,risky first
2197,766,216.4162656,37,1,risky first
2185,820,55.31726674,37,1,risky first
2167,856,40.24922359,37,1,risky first
2161,994,138.1303732,37,1,risky first
2029,1027,136.0624856,37,1,risky first
2059,1180,155.9134375,37,1,risky first
2032,1180,27,37,1,risky first
2014,1048,133.2216199,37,1,risky first
2146,991,143.7810836,37,1,risky first
2179,880,115.8015544,37,1,risky first
2233,745,145.3994498,37,1,risky first
2311,880,155.9134375,37,1,risky first
2311,943,63,37,1,risky first
2311,796,147,37,1,risky first
2224,712,120.9338662,37,1,risky first
2137,808,129.5569373,37,1,risky first
2137,988,180,37,1,risky first
2014,994,123.1462545,37,1,risky first
2023,1174,180.2248596,37,1,risky first
2098,1180,75.23961722,37,1,risky first
2014,1117,105,37,1,risky first
2056,943,178.9972067,37,1,risky first
2056,934,9,37,1,risky first
2104,991,74.51845409,37,1,risky first
2179,940,90.69729875,37,1,risky first
2179,892,48,37,1,risky first
2251,814,106.1508361,37,1,risky first
2251,994,180,37,1,risky first
2251,1174,180,37,1,risky first
2251,1354,180,37,1,risky first
2251,1534,180,37,1,risky first
2152,1714,205.4288198,37,1,risky first
2065,1843,155.5956298,37,1,risky first
2113,1990,154.6382876,37,1,risky first
2113,2038,48,37,1,risky first
2113,2038,0,37,1,risky first
2113,2038,0,37,1,risky first
2071,2008,51.6139516,37,1,risky first
2071,1828,180,37,1,risky first
2146,2065,30,38,0,safe first
2101,2065,45,38,0,safe first
2095,2002,63.28506933,38,0,safe first
1915,1822,254.5584412,38,0,safe first
1735,1786,183.5647025,38,0,safe first
1555,1768,180.8977612,38,0,safe first
1375,1651,214.683488,38,0,safe first
1195,1669,180.8977612,38,0,safe first
1015,1693,181.5929514,38,0,safe first
835,1513,254.5584412,38,0,safe first
808,1333,182.0137357,38,0,safe first
988,1153,254.5584412,38,0,safe first
844,973,230.5124725,38,0,safe first
799,793,185.5397532,38,0,safe first
979,838,185.5397532,38,0,safe first
1159,844,180.0999722,38,0,safe first
1339,844,180,38,0,safe first
1519,844,180,38,0,safe first
1699,829,180.6239187,38,0,safe first
1879,901,193.8659331,38,0,safe first
2059,835,191.7185437,38,0,safe first
2239,877,184.8350616,38,0,safe first
2419,925,186.2900964,38,0,safe first
2599,1051,219.7180011,38,0,safe first
2779,871,254.5584412,38,0,safe first
2959,811,189.7366596,38,0,safe first
3139,811,180,38,0,safe first
3313,847,177.6851147,38,0,safe first
3172,1027,228.6503881,38,0,safe first
3202,1207,182.4828759,38,0,safe first
3112,1387,201.246118,38,0,safe first
2932,1444,188.8094277,38,0,safe first
2752,1624,254.5584412,38,0,safe first
2572,1546,196.1733927,38,0,safe first
2392,1600,187.9255172,38,0,safe first
2374,1780,180.8977612,38,0,safe first
2197,1960,252.4460338,38,0,safe first
2134,1993,71.11961755,38,0,safe first
2314,1813,254.5584412,38,0,safe first
2494,1801,180.3995565,38,0,safe first
2674,1699,206.8912758,38,0,safe first
2782,1549,184.8350616,38,0,safe first
2893,1423,167.9196236,38,0,safe first
2713,1576,236.2392855,38,0,safe first
2533,1756,254.5584412,38,0,safe first
2353,1936,254.5584412,38,0,safe first
2173,2011,195,38,0,safe first
2158,1924,88.28363382,38,0,safe first
2338,1744,254.5584412,38,0,safe first
2518,1564,254.5584412,38,0,safe first
2698,1384,254.5584412,38,0,safe first
2788,1330,104.9571341,38,0,safe first
2815,1255,79.71198153,38,0,safe first
2923,1402,182.4088814,38,0,safe first
2836,1273,155.5956298,38,0,safe first
2656,1420,232.3983649,38,0,safe first
2476,1600,254.5584412,38,0,safe first
2296,1780,254.5584412,38,0,safe first
2116,1960,254.5584412,38,0,safe first
1936,2140,254.5584412,38,0,safe first
1756,2308,246.2194143,38,0,safe first
1576,2257,187.0855419,38,0,safe first
1396,2077,254.5584412,38,0,safe first
1216,2221,230.5124725,38,0,safe first
1036,2401,254.5584412,38,0,safe first
856,2455,187.9255172,38,0,safe first
745,2419,116.691902,38,0,safe first
874,2599,221.4520264,38,0,safe first
874,2779,180,38,0,safe first
811,2959,190.7065809,38,0,safe first
760,3139,187.0855419,38,0,safe first
928,3319,246.2194143,38,0,safe first
1108,3274,185.5397532,38,0,safe first
1288,3274,180,38,0,safe first
1468,3211,190.7065809,38,0,safe first
1648,3229,180.8977612,38,0,safe first
1828,3235,180.0999722,38,0,safe first
2008,3169,191.7185437,38,0,safe first
2188,3277,209.9142682,38,0,safe first
2368,3241,183.5647025,38,0,safe first
2548,3307,191.7185437,38,0,safe first
2728,3178,221.4520264,38,0,safe first
2908,3301,218.0114676,38,0,safe first
3088,3259,184.8350616,38,0,safe first
3268,3289,182.4828759,38,0,safe first
3217,3151,147.122398,38,0,safe first
3037,2971,254.5584412,38,0,safe first
2857,2791,254.5584412,38,0,safe first
2677,2611,254.5584412,38,0,safe first
2824,2536,165.0272705,38,0,safe first
3004,2356,254.5584412,38,0,safe first
3184,2176,254.5584412,38,0,safe first
3253,1996,192.7718859,38,0,safe first
3073,1981,180.6239187,38,0,safe first
2893,2134,236.2392855,38,0,safe first
2713,2314,254.5584412,38,0,safe first
2533,2491,252.4460338,38,0,safe first
2353,2524,183,38,0,safe first
2173,2704,254.5584412,38,0,safe first
1993,2884,254.5584412,38,0,safe first
1819,3064,250.3517525,38,0,safe first
1864,3244,185.5397532,38,0,safe first
1978,3232,114.629839,38,0,safe first
1828,3052,234.3074903,38,0,safe first
1792,2872,183.5647025,38,0,safe first
1768,2692,181.5929514,38,0,safe first
1597,2512,248.276056,38,0,safe first
1615,2332,180.8977612,38,0,safe first
1762,2152,232.3983649,38,0,safe first
1942,2002,234.3074903,38,0,safe first
2122,1912,201.246118,38,0,safe first
2302,1867,185.5397532,38,0,safe first
2482,1867,180,38,0,safe first
2662,1777,201.246118,38,0,safe first
2842,1645,223.2129029,38,0,safe first
3022,1642,180.0249983,38,0,safe first
3124,1462,206.8912758,38,0,safe first
3070,1333,139.8463442,38,0,safe first
3019,1222,122.1556384,38,0,safe first
2887,1297,151.8189711,38,0,safe first
2917,1429,135.3661701,38,0,safe first
2839,1300,150.7481343,38,0,safe first
2659,1450,234.3074903,38,0,safe first
2479,1630,254.5584412,38,0,safe first
2374,1810,208.3866598,38,0,safe first
2194,1990,254.5584412,38,0,safe first
2149,1981,45.89117562,38,0,safe first
2329,1801,254.5584412,38,0,safe first
2509,1621,254.5584412,38,0,safe first
2689,1441,254.5584412,38,0,safe first
2746,1261,188.8094277,38,0,safe first
2746,1081,180,38,0,safe first
2878,964,176.3887752,38,0,safe first
2980,1069,146.3864748,38,0,safe first
2950,1228,161.8054387,38,0,safe first
2884,1345,134.3316791,38,0,safe first
2869,1363,23.43074903,38,0,safe first
2938,1246,135.8307771,38,0,safe first
2974,1069,180.6239187,38,0,safe first
2812,991,179.7998888,38,0,safe first
2632,1153,242.1652328,38,0,safe first
2563,1333,192.7718859,38,0,safe first
2383,1513,254.5584412,38,0,safe first
2203,1693,254.5584412,38,0,safe first
2023,1663,182.4828759,38,0,safe first
2164,1843,228.6503881,38,0,safe first
2092,2023,193.8659331,38,0,safe first
2242,1936,173.4041522,38,0,safe first
2422,1756,254.5584412,38,0,safe first
2602,1576,254.5584412,38,0,safe first
2626,1396,181.5929514,38,0,safe first
2626,1216,180,38,0,safe first
2665,1036,184.1765457,38,0,safe first
2845,961,195,38,0,safe first
2983,1021,150.4792344,38,0,safe first
2965,1201,180.8977612,38,0,safe first
2887,1249,91.58602513,38,0,safe first
2950,1405,168.2408987,38,0,safe first
3013,1330,97.9489663,38,0,safe first
2863,1381,158.4329511,38,0,safe first
2902,1243,143.4050208,38,0,safe first
2986,1105,161.5549442,38,0,safe first
2896,925,201.246118,38,0,safe first
2716,991,191.7185437,38,0,safe first
2536,1171,254.5584412,38,0,safe first
2443,1351,202.6055281,38,0,safe first
2266,1531,252.4460338,38,0,safe first
2086,1498,183,38,0,safe first
1990,1678,204,38,0,safe first
1990,1858,180,38,0,safe first
2062,2038,193.8659331,38,0,safe first
1972,1915,152.4106296,38,0,safe first
1876,1735,204,38,0,safe first
1876,1555,180,38,0,safe first
1876,1375,180,38,0,safe first
2002,1207,210,38,0,safe first
2020,1384,177.9129,38,0,safe first
2020,1564,180,38,0,safe first
2020,1744,180,38,0,safe first
2056,1924,183.5647025,38,0,safe first
2074,2005,82.97590012,38,0,safe first
2023,1825,187.0855419,38,0,safe first
1969,1645,187.9255172,38,0,safe first
1969,1465,180,38,0,safe first
1969,1285,180,38,0,safe first
1969,1300,15,38,0,safe first
2002,1480,183,38,0,safe first
2002,1660,180,38,0,safe first
2002,1840,180,38,0,safe first
2053,2017,184.2009772,38,0,safe first
2053,1870,147,38,0,safe first
2053,1690,180,38,0,safe first
2032,1510,181.2208597,38,0,safe first
2011,1330,181.2208597,38,0,safe first
2011,1279,51,38,0,safe first
2011,1459,180,38,0,safe first
2050,1639,184.1765457,38,0,safe first
2035,1819,180.6239187,38,0,safe first
2062,1999,182.0137357,38,0,safe first
2062,1918,81,38,0,safe first
2062,1738,180,38,0,safe first
2032,1558,182.4828759,38,0,safe first
2032,1378,180,38,0,safe first
2014,1219,160.0156242,38,0,safe first
2014,1399,180,38,0,safe first
2014,1579,180,38,0,safe first
2023,1759,180.2248596,38,0,safe first
2044,1939,181.2208597,38,0,safe first
2044,1957,18,38,0,safe first
2044,1777,180,38,0,safe first
2044,1597,180,38,0,safe first
2044,1417,180,38,0,safe first
2011,1237,183,38,0,safe first
2011,1342,105,38,0,safe first
2011,1522,180,38,0,safe first
2056,1702,185.5397532,38,0,safe first
2047,1882,180.2248596,38,0,safe first
2071,2062,181.5929514,38,0,safe first
2065,1957,105.1712889,38,0,safe first
2065,1777,180,38,0,safe first
2056,1597,180.2248596,38,0,safe first
2032,1417,181.5929514,38,0,safe first
2002,1237,182.4828759,38,0,safe first
2002,1339,102,38,0,safe first
2002,1519,180,38,0,safe first
2002,1699,180,38,0,safe first
2002,1879,180,38,0,safe first
2065,2014,148.9765082,38,0,safe first
2065,1834,180,38,0,safe first
2041,1654,181.5929514,38,0,safe first
2008,1474,183,38,0,safe first
2008,1294,180,38,0,safe first
2008,1288,6,38,0,safe first
2053,1468,185.5397532,38,0,safe first
2053,1648,180,38,0,safe first
2053,1828,180,38,0,safe first
2080,2008,182.0137357,38,0,safe first
2056,1900,110.6345335,38,0,safe first
2056,1720,180,38,0,safe first
2041,1540,180.6239187,38,0,safe first
2017,1360,181.5929514,38,0,safe first
2002,1189,171.656634,38,0,safe first
2002,1366,177,38,0,safe first
2038,1546,183.5647025,38,0,safe first
2092,1726,187.9255172,38,0,safe first
2068,1906,181.5929514,38,0,safe first
2068,2023,117,38,0,safe first
2020,1843,186.2900964,38,0,safe first
2020,1663,180,38,0,safe first
2020,1483,180,38,0,safe first
2002,1303,180.8977612,38,0,safe first
2002,1297,6,38,0,safe first
2044,1477,184.8350616,38,0,safe first
2044,1657,180,38,0,safe first
2044,1837,180,38,0,safe first
2050,2017,180.0999722,38,0,safe first
2053,1954,63.07138812,38,0,safe first
2053,1774,180,38,0,safe first
2023,1594,182.4828759,38,0,safe first
2023,1414,180,38,0,safe first
2014,1234,180.2248596,38,0,safe first
2014,1366,132,38,0,safe first
2062,1546,186.2900964,38,0,safe first
2062,1726,180,38,0,safe first
2077,1906,180.6239187,38,0,safe first
2077,2038,132,38,0,safe first
2077,1858,180,38,0,safe first
2077,1678,180,38,0,safe first
2029,1498,186.2900964,38,0,safe first
2017,1318,180.3995565,38,0,safe first
2017,1279,39,38,0,safe first
2017,1285,6,38,0,safe first
1978,1108,181.2456896,38,0,safe first
2029,1177,85.80209788,38,0,safe first
2155,1144,130.2497601,38,0,safe first
2335,1144,180,38,0,safe first
2515,1126,180.8977612,38,0,safe first
2695,1021,208.3866598,38,0,safe first
2875,1015,180.0999722,38,0,safe first
3004,1120,166.3309953,38,0,safe first
2923,1249,152.3220273,38,0,safe first
2887,1324,83.19254774,38,0,safe first
2944,1408,101.5135459,38,0,safe first
2887,1258,160.4649494,38,0,safe first
2965,1201,96.60745313,38,0,safe first
2992,1021,182.0137357,38,0,safe first
2818,961,184.0543398,38,0,safe first
2638,1135,250.3517525,38,0,safe first
2617,1315,181.2208597,38,0,safe first
2482,1495,225,38,0,safe first
2368,1675,213.0633709,38,0,safe first
2197,1855,248.276056,38,0,safe first
2116,2035,197.3854098,38,0,safe first
2269,1927,187.2778684,38,0,safe first
2449,1747,254.5584412,38,0,safe first
2503,1675,90,38,0,safe first
2503,1657,18,38,0,safe first
2503,1657,0,38,0,safe first
2503,1657,0,38,0,safe first
2068,2122,122.12,38,1,safe first
1981,2137,88.28363382,38,1,safe first
1960,2239,104.1393297,38,1,safe first
1891,2365,143.6558387,38,1,safe first
2071,2281,198.6353443,38,1,safe first
2251,2101,254.5584412,38,1,safe first
2431,1921,254.5584412,38,1,safe first
2611,1891,182.4828759,38,1,safe first
2551,1711,189.7366596,38,1,safe first
2371,1531,254.5584412,38,1,safe first
2191,1456,195,38,1,safe first
2110,1276,197.3854098,38,1,safe first
2002,1255,110.0227249,38,1,safe first
1951,1396,149.939988,38,1,safe first
1951,1576,180,38,1,safe first
1951,1756,180,38,1,safe first
1951,1936,180,38,1,safe first
1975,2116,181.5929514,38,1,safe first
2092,2206,147.6109752,38,1,safe first
2113,2026,181.2208597,38,1,safe first
1981,1846,223.2129029,38,1,safe first
1981,1678,168,38,1,safe first
1963,1651,32.44996148,38,1,safe first
1963,1531,120,38,1,safe first
1963,1351,180,38,1,safe first
2047,1177,193.2149063,38,1,safe first
1978,1060,135.8307771,38,1,safe first
1798,1072,180.3995565,38,1,safe first
1624,1252,250.3517525,38,1,safe first
1624,1432,180,38,1,safe first
1699,1612,195,38,1,safe first
1879,1729,214.683488,38,1,safe first
1957,1906,193.4244038,38,1,safe first
1963,2086,180.0999722,38,1,safe first
2095,2146,144.9965517,38,1,safe first
2263,2173,170.1558109,38,1,safe first
2443,2065,209.9142682,38,1,safe first
2623,2005,189.7366596,38,1,safe first
2803,2005,180,38,1,safe first
2932,2065,142.2708684,38,1,safe first
2932,2245,180,38,1,safe first
2932,2407,162,38,1,safe first
2977,2455,65.7951366,38,1,safe first
2797,2632,252.4460338,38,1,safe first
2617,2659,182.0137357,38,1,safe first
2437,2701,184.8350616,38,1,safe first
2257,2701,180,38,1,safe first
2077,2701,180,38,1,safe first
1897,2824,218.0114676,38,1,safe first
1717,2830,180.0999722,38,1,safe first
1537,2650,254.5584412,38,1,safe first
1357,2647,180.0249983,38,1,safe first
1177,2827,254.5584412,38,1,safe first
997,2806,181.2208597,38,1,safe first
901,2626,204,38,1,safe first
961,2446,189.7366596,38,1,safe first
979,2266,180.8977612,38,1,safe first
1063,2086,198.6353443,38,1,safe first
1069,1906,180.0999722,38,1,safe first
949,1726,216.3330765,38,1,safe first
1069,1546,216.3330765,38,1,safe first
1072,1366,180.0249983,38,1,safe first
1159,1186,199.922485,38,1,safe first
1069,1024,185.3213425,38,1,safe first
1045,979,51,38,1,safe first
1045,979,0,38,1,safe first
1045,919,60,38,1,safe first
961,1018,129.8345101,38,1,safe first
904,1198,188.8094277,38,1,safe first
1015,1378,211.4734026,38,1,safe first
1195,1438,189.7366596,38,1,safe first
1351,1615,235.9343129,38,1,safe first
1378,1795,182.0137357,38,1,safe first
1363,1975,180.6239187,38,1,safe first
1183,2155,254.5584412,38,1,safe first
1132,2335,187.0855419,38,1,safe first
1312,2509,250.3517525,38,1,safe first
1492,2509,180,38,1,safe first
1672,2578,192.7718859,38,1,safe first
1768,2758,204,38,1,safe first
1882,2890,174.4133022,38,1,safe first
2062,2890,180,38,1,safe first
2236,2986,198.7259419,38,1,safe first
2092,3166,230.5124725,38,1,safe first
1912,3232,191.7185437,38,1,safe first
1732,3298,191.7185437,38,1,safe first
1552,3118,254.5584412,38,1,safe first
1372,2938,254.5584412,38,1,safe first
1234,2758,226.8126981,38,1,safe first
1111,2590,208.2138324,38,1,safe first
988,2410,218.0114676,38,1,safe first
1021,2230,183,38,1,safe first
1135,2050,213.0633709,38,1,safe first
1246,1870,211.4734026,38,1,safe first
1426,1843,182.0137357,38,1,safe first
1606,1843,180,38,1,safe first
1786,1843,180,38,1,safe first
1966,1930,199.922485,38,1,safe first
2095,2053,178.2414093,38,1,safe first
2152,1984,89.49860334,38,1,safe first
2200,2149,171.8400419,38,1,safe first
2083,2005,185.5397532,38,1,safe first
1987,1897,144.4991349,38,1,safe first
1987,1717,180,38,1,safe first
1915,1537,193.8659331,38,1,safe first
1885,1357,182.4828759,38,1,safe first
1822,1447,109.8590005,38,1,safe first
1891,1627,192.7718859,38,1,safe first
2071,1729,206.8912758,38,1,safe first
2251,1654,195,38,1,safe first
2293,1474,184.8350616,38,1,safe first
2323,1294,182.4828759,38,1,safe first
2251,1114,193.8659331,38,1,safe first
2113,1090,140.0714104,38,1,safe first
2113,1009,81,38,1,safe first
2113,829,180,38,1,safe first
2011,820,102.396289,38,1,safe first
1831,820,180,38,1,safe first
1651,820,180,38,1,safe first
1471,928,209.9142682,38,1,safe first
1423,1108,186.2900964,38,1,safe first
1423,1288,180,38,1,safe first
1261,1438,220.7804339,38,1,safe first
1360,1618,205.4288198,38,1,safe first
1540,1798,254.5584412,38,1,safe first
1720,1861,190.7065809,38,1,safe first
1900,1912,187.0855419,38,1,safe first
2041,2065,208.0624906,38,1,safe first
1861,1906,240.1686907,38,1,safe first
1681,1726,254.5584412,38,1,safe first
1501,1654,193.8659331,38,1,safe first
1321,1480,250.3517525,38,1,safe first
1141,1447,183,38,1,safe first
1204,1627,190.7065809,38,1,safe first
1375,1807,248.276056,38,1,safe first
1555,1864,188.8094277,38,1,safe first
1735,1903,184.1765457,38,1,safe first
1915,2038,225,38,1,safe first
2011,2089,108.7060256,38,1,safe first
1831,2092,180.0249983,38,1,safe first
1651,1954,226.8126981,38,1,safe first
1471,1774,254.5584412,38,1,safe first
1291,1594,254.5584412,38,1,safe first
1111,1492,206.8912758,38,1,safe first
1066,1657,171.0263138,38,1,safe first
886,1681,181.5929514,38,1,safe first
886,1693,12,38,1,safe first
931,1846,159.4804063,38,1,safe first
1111,2026,254.5584412,38,1,safe first
1291,2125,205.4288198,38,1,safe first
1471,2125,180,38,1,safe first
1651,2125,180,38,1,safe first
1831,2125,180,38,1,safe first
2011,2125,180,38,1,safe first
2191,2131,180.0999722,38,1,safe first
2347,2152,157.4071155,38,1,safe first
2527,2152,180,38,1,safe first
2707,2152,180,38,1,safe first
2887,2152,180,38,1,safe first
3067,2329,252.4460338,38,1,safe first
3247,2368,184.1765457,38,1,safe first
3310,2227,154.4344521,38,1,safe first
3229,2047,197.3854098,38,1,safe first
3229,1867,180,38,1,safe first
3133,1687,204,38,1,safe first
3172,1507,184.1765457,38,1,safe first
3235,1327,190.7065809,38,1,safe first
3277,1147,184.8350616,38,1,safe first
3241,967,183.5647025,38,1,safe first
3184,787,188.8094277,38,1,safe first
3004,841,187.9255172,38,1,safe first
2824,1021,254.5584412,38,1,safe first
2644,1138,214.683488,38,1,safe first
2464,1219,197.3854098,38,1,safe first
2329,1117,169.2010638,38,1,safe first
2179,937,234.3074903,38,1,safe first
2053,1009,145.1206395,38,1,safe first
2116,1168,171.0263138,38,1,safe first
2014,1087,130.2497601,38,1,safe first
1933,1021,104.4844486,38,1,safe first
1855,1201,196.1733927,38,1,safe first
1942,1381,199.922485,38,1,safe first
2107,1561,244.1823089,38,1,safe first
2224,1741,214.683488,38,1,safe first
2188,1921,183.5647025,38,1,safe first
2008,2101,254.5584412,38,1,safe first
1828,2197,204,38,1,safe first
1648,2020,252.4460338,38,1,safe first
1570,1906,138.1303732,38,1,safe first
1474,1726,204,38,1,safe first
1294,1546,254.5584412,38,1,safe first
1168,1417,180.3247071,38,1,safe first
1000,1519,196.5400722,38,1,safe first
1030,1699,182.4828759,38,1,safe first
1210,1879,254.5584412,38,1,safe first
1390,1996,214.683488,38,1,safe first
1570,1996,180,38,1,safe first
1750,1996,180,38,1,safe first
1930,2014,180.8977612,38,1,safe first
2008,2104,119.0965994,38,1,safe first
1828,2056,186.2900964,38,1,safe first
1648,2104,186.2900964,38,1,safe first
1468,2104,180,38,1,safe first
1288,1933,248.276056,38,1,safe first
1108,1753,254.5584412,38,1,safe first
1120,1573,180.3995565,38,1,safe first
1195,1393,195,38,1,safe first
1351,1213,238.1931989,38,1,safe first
1213,1174,143.4050208,38,1,safe first
1033,1354,254.5584412,38,1,safe first
868,1534,244.1823089,38,1,safe first
868,1555,21,38,1,safe first
925,1714,168.9082591,38,1,safe first
1105,1894,254.5584412,38,1,safe first
1285,2044,234.3074903,38,1,safe first
1465,2044,180,38,1,safe first
1645,2005,184.1765457,38,1,safe first
1825,1924,197.3854098,38,1,safe first
2005,2050,219.7180011,38,1,safe first
2005,1966,84,38,1,safe first
1825,1786,254.5584412,38,1,safe first
1645,1606,254.5584412,38,1,safe first
1465,1495,211.4734026,38,1,safe first
1285,1495,180,38,1,safe first
1105,1540,185.5397532,38,1,safe first
946,1564,160.8011194,38,1,safe first
955,1606,42.95346319,38,1,safe first
865,1573,95.85927185,38,1,safe first
865,1558,15,38,1,safe first
865,1558,0,38,1,safe first
808,1624,87.20665112,38,1,safe first
826,1777,154.0551849,38,1,safe first
1006,1894,214.683488,38,1,safe first
1186,1768,219.7180011,38,1,safe first
1366,1588,254.5584412,38,1,safe first
1534,1660,182.7785545,38,1,safe first
1528,1762,102.1763182,38,1,safe first
1480,1882,129.2439554,38,1,safe first
1660,1810,193.8659331,38,1,safe first
1840,1630,254.5584412,38,1,safe first
1840,1450,180,38,1,safe first
1864,1270,181.5929514,38,1,safe first
1903,1090,184.1765457,38,1,safe first
1903,910,180,38,1,safe first
1981,733,193.4244038,38,1,safe first
2122,784,149.939988,38,1,safe first
2116,949,165.1090549,38,1,safe first
2215,787,189.855208,38,1,safe first
2056,712,175.8010239,38,1,safe first
1897,727,159.7059799,38,1,safe first
1717,853,219.7180011,38,1,safe first
1537,1033,254.5584412,38,1,safe first
1357,1213,254.5584412,38,1,safe first
1177,1393,254.5584412,38,1,safe first
1312,1573,225,38,1,safe first
1492,1708,225,38,1,safe first
1672,1837,221.4520264,38,1,safe first
1852,1837,180,38,1,safe first
2032,2005,246.2194143,38,1,safe first
1948,1987,85.90692638,38,1,safe first
1768,1807,254.5584412,38,1,safe first
1588,1654,236.2392855,38,1,safe first
1432,1588,169.3871306,38,1,safe first
1333,1426,189.855208,38,1,safe first
1153,1426,180,38,1,safe first
1234,1273,173.1184566,38,1,safe first
1414,1273,180,38,1,safe first
1594,1378,208.3866598,38,1,safe first
1696,1558,206.8912758,38,1,safe first
1795,1738,205.4288198,38,1,safe first
1903,1918,209.9142682,38,1,safe first
2002,2074,184.7620091,38,1,safe first
1822,2008,191.7185437,38,1,safe first
1642,1828,254.5584412,38,1,safe first
1462,1648,254.5584412,38,1,safe first
1282,1468,254.5584412,38,1,safe first
1102,1498,182.4828759,38,1,safe first
979,1678,218.0114676,38,1,safe first
1159,1858,254.5584412,38,1,safe first
1339,1948,201.246118,38,1,safe first
1519,1948,180,38,1,safe first
1699,1948,180,38,1,safe first
1879,1948,180,38,1,safe first
2038,2098,218.5886548,38,1,safe first
1858,1921,252.4460338,38,1,safe first
1678,1741,254.5584412,38,1,safe first
1498,1627,213.0633709,38,1,safe first
1318,1687,189.7366596,38,1,safe first
1138,1666,181.2208597,38,1,safe first
1123,1486,180.6239187,38,1,safe first
973,1480,150.119952,38,1,safe first
895,1660,196.1733927,38,1,safe first
1075,1831,248.276056,38,1,safe first
1255,1831,180,38,1,safe first
1435,1831,180,38,1,safe first
1615,1831,180,38,1,safe first
1795,1831,180,38,1,safe first
1975,1966,225,38,1,safe first
2011,2131,168.8816153,38,1,safe first
